cEE,cH2,cNG,cCO2,cBioCH4,cBiomass,configuration,,,,,,,,,,,,,,,,,,,,,,,
0.01,0.01,0.01,0.075,0.03,0.018,Plasma,,,,,,,,,,,,,,,,,,,,,,,
0.01,0.01,0.01,0.075,0.03,0.03,Plasma,,,,,,,,,,,,,,,,,,,,,,,
0.01,0.01,0.01,0.075,0.05,0.018,Plasma,,,,,,,,,,,,,,,,,,,,,,,
0.01,0.01,0.01,0.075,0.05,0.03,Plasma,,,,,,,,,,,tech no.,,,fuel,,,CC,,,EI,,,EL_demand
0.01,0.01,0.01,0.075,0.07,0.018,Plasma,,,,,,,,,,NG_ORC,1,,NG_ORC,5.34,,NG_ORC,3,,NG_ORC,0.61,,NG_ORC,0.58
0.01,0.01,0.01,0.075,0.07,0.03,Plasma,,,,,,,,,,NG_CC,1,,NG_CC,6.27,,NG_CC,2,,NG_CC,0.22,,NG_CC,1.07
0.01,0.01,0.01,0.1,0.03,0.018,PlasmaOxy_CC,,,,,,,,,,NGOxy_ORC,2,,NGOxy_ORC,4.23,,NGOxy_ORC,3,,NGOxy_ORC,0.54,,NGOxy_ORC,0.86
0.01,0.01,0.01,0.1,0.03,0.03,PlasmaOxy_CC,,,,,,,,,,NGOxy_ORC_CC,2,,NGOxy_ORC_CC,4.23,,NGOxy_ORC_CC,2,,NGOxy_ORC_CC,0.14,,NGOxy_ORC_CC,1.37
0.01,0.01,0.01,0.1,0.05,0.018,PlasmaOxy_CC,,,,,,,,,,Hyb_ORC,3,,Hyb_ORC,1.92,,Hyb_ORC,3,,Hyb_ORC,0.41,,Hyb_ORC,2.01
0.01,0.01,0.01,0.1,0.05,0.03,PlasmaOxy_CC,,,,,,,,,,Hyb_ORC_CC,3,,Hyb_ORC_CC,1.92,,Hyb_ORC_CC,2,,Hyb_ORC_CC,0.14,,Hyb_ORC_CC,2.37
0.01,0.01,0.01,0.1,0.07,0.018,PlasmaOxy_CC,,,,,,,,,,Elec,4,,Elec,0,,Elec,3,,Elec,0.36,,Elec,4.19
0.01,0.01,0.01,0.1,0.07,0.03,PlasmaOxy_CC,,,,,,,,,,Elec_CC,4,,Elec_CC,0,,Elec_CC,2,,Elec_CC,0.18,,Elec_CC,4.41
0.01,0.01,0.01,0.2,0.03,0.018,PlasmaOxy_CC,,,,,,,,,,H2_ORC,5,,H2_ORC,5.59,,H2_ORC,3,,H2_ORC,0.31,,H2_ORC,0.58
0.01,0.01,0.01,0.2,0.03,0.03,PlasmaOxy_CC,,,,,,,,,,H2_CC,5,,H2_CC,5.59,,H2_CC,2,,H2_CC,0.15,,H2_CC,0.9
0.01,0.01,0.01,0.2,0.05,0.018,PlasmaOxy_CC,,,,,,,,,,,,,,,,,,,,,,,
0.01,0.01,0.01,0.2,0.05,0.03,PlasmaOxy_CC,,,,,,,,,,,,,,,,,,,,,,,
0.01,0.01,0.01,0.2,0.07,0.018,PlasmaOxy_CC,,,,,,,,,,,,,,,,,,,,,,,
0.01,0.01,0.01,0.2,0.07,0.03,PlasmaOxy_CC,,,,,,,,,,,,,,,,,,,,,,,
0.01,0.01,0.01,0.25,0.03,0.018,PlasmaOxy_CC,,,,,,,,,,,,,,,,,,,,,,,
0.01,0.01,0.01,0.25,0.03,0.03,PlasmaOxy_CC,,,,,,,,,,,,,,,,,,,,,,,
0.01,0.01,0.01,0.25,0.05,0.018,PlasmaOxy_CC,,,,,,,,,,,,,,,,,,,,,,,
0.01,0.01,0.01,0.25,0.05,0.03,PlasmaOxy_CC,,,,,,,,,,,,,,,,,,,,,,,
0.01,0.01,0.01,0.25,0.07,0.018,PlasmaOxy_CC,,,,,,,,,,,,,,,,,,,,,,,
0.01,0.01,0.01,0.25,0.07,0.03,PlasmaOxy_CC,,,,,,,,,,,,,,,,,,,,,,,
0.01,0.01,0.035,0.075,0.03,0.018,Plasma,,,,,,,,,,,,,,,,,,,,,,,
0.01,0.01,0.035,0.075,0.03,0.03,Plasma,,,,,,,,,,,,,,,,,,,,,,,
0.01,0.01,0.035,0.075,0.05,0.018,Plasma,,,,,,,,,,,,,,,,,,,,,,,
0.01,0.01,0.035,0.075,0.05,0.03,Plasma,,,,,,,,,,,,,,,,,,,,,,,
0.01,0.01,0.035,0.075,0.07,0.018,Plasma,,,,,,,,,,,,,,,,,,,,,,,
0.01,0.01,0.035,0.075,0.07,0.03,Plasma,,,,,,,,,,,,,,,,,,,,,,,
0.01,0.01,0.035,0.1,0.03,0.018,PlasmaOxy_CC,,,,,,,,,,,,,,,,,,,,,,,
0.01,0.01,0.035,0.1,0.03,0.03,PlasmaOxy_CC,,,,,,,,,,,,,,,,,,,,,,,
0.01,0.01,0.035,0.1,0.05,0.018,PlasmaOxy_CC,,,,,,,,,,,,,,,,,,,,,,,
0.01,0.01,0.035,0.1,0.05,0.03,PlasmaOxy_CC,,,,,,,,,,,,,,,,,,,,,,,
0.01,0.01,0.035,0.1,0.07,0.018,PlasmaOxy_CC,,,,,,,,,,,,,,,,,,,,,,,
0.01,0.01,0.035,0.1,0.07,0.03,PlasmaOxy_CC,,,,,,,,,,,,,,,,,,,,,,,
0.01,0.01,0.035,0.2,0.03,0.018,PlasmaOxy_CC,,,,,,,,,,,,,,,,,,,,,,,
0.01,0.01,0.035,0.2,0.03,0.03,PlasmaOxy_CC,,,,,,,,,,,,,,,,,,,,,,,
0.01,0.01,0.035,0.2,0.05,0.018,PlasmaOxy_CC,,,,,,,,,,,,,,,,,,,,,,,
0.01,0.01,0.035,0.2,0.05,0.03,PlasmaOxy_CC,,,,,,,,,,,,,,,,,,,,,,,
0.01,0.01,0.035,0.2,0.07,0.018,PlasmaOxy_CC,,,,,,,,,,,,,,,,,,,,,,,
0.01,0.01,0.035,0.2,0.07,0.03,PlasmaOxy_CC,,,,,,,,,,,,,,,,,,,,,,,
0.01,0.01,0.035,0.25,0.03,0.018,PlasmaOxy_CC,,,,,,,,,,,,,,,,,,,,,,,
0.01,0.01,0.035,0.25,0.03,0.03,PlasmaOxy_CC,,,,,,,,,,,,,,,,,,,,,,,
0.01,0.01,0.035,0.25,0.05,0.018,PlasmaOxy_CC,,,,,,,,,,,,,,,,,,,,,,,
0.01,0.01,0.035,0.25,0.05,0.03,PlasmaOxy_CC,,,,,,,,,,,,,,,,,,,,,,,
0.01,0.01,0.035,0.25,0.07,0.018,PlasmaOxy_CC,,,,,,,,,,,,,,,,,,,,,,,
0.01,0.01,0.035,0.25,0.07,0.03,PlasmaOxy_CC,,,,,,,,,,,,,,,,,,,,,,,
0.01,0.01,0.055,0.075,0.03,0.018,Plasma,,,,,,,,,,,,,,,,,,,,,,,
0.01,0.01,0.055,0.075,0.03,0.03,Plasma,,,,,,,,,,,,,,,,,,,,,,,
0.01,0.01,0.055,0.075,0.05,0.018,Plasma,,,,,,,,,,,,,,,,,,,,,,,
0.01,0.01,0.055,0.075,0.05,0.03,Plasma,,,,,,,,,,,,,,,,,,,,,,,
0.01,0.01,0.055,0.075,0.07,0.018,Plasma,,,,,,,,,,,,,,,,,,,,,,,
0.01,0.01,0.055,0.075,0.07,0.03,Plasma,,,,,,,,,,,,,,,,,,,,,,,
0.01,0.01,0.055,0.1,0.03,0.018,PlasmaOxy_CC,,,,,,,,,,,,,,,,,,,,,,,
0.01,0.01,0.055,0.1,0.03,0.03,PlasmaOxy_CC,,,,,,,,,,,,,,,,,,,,,,,
0.01,0.01,0.055,0.1,0.05,0.018,PlasmaOxy_CC,,,,,,,,,,,,,,,,,,,,,,,
0.01,0.01,0.055,0.1,0.05,0.03,PlasmaOxy_CC,,,,,,,,,,,,,,,,,,,,,,,
0.01,0.01,0.055,0.1,0.07,0.018,PlasmaOxy_CC,,,,,,,,,,,,,,,,,,,,,,,
0.01,0.01,0.055,0.1,0.07,0.03,PlasmaOxy_CC,,,,,,,,,,,,,,,,,,,,,,,
0.01,0.01,0.055,0.2,0.03,0.018,PlasmaOxy_CC,,,,,,,,,,,,,,,,,,,,,,,
0.01,0.01,0.055,0.2,0.03,0.03,PlasmaOxy_CC,,,,,,,,,,,,,,,,,,,,,,,
0.01,0.01,0.055,0.2,0.05,0.018,PlasmaOxy_CC,,,,,,,,,,,,,,,,,,,,,,,
0.01,0.01,0.055,0.2,0.05,0.03,PlasmaOxy_CC,,,,,,,,,,,,,,,,,,,,,,,
0.01,0.01,0.055,0.2,0.07,0.018,PlasmaOxy_CC,,,,,,,,,,,,,,,,,,,,,,,
0.01,0.01,0.055,0.2,0.07,0.03,PlasmaOxy_CC,,,,,,,,,,,,,,,,,,,,,,,
0.01,0.01,0.055,0.25,0.03,0.018,PlasmaOxy_CC,,,,,,,,,,,,,,,,,,,,,,,
0.01,0.01,0.055,0.25,0.03,0.03,PlasmaOxy_CC,,,,,,,,,,,,,,,,,,,,,,,
0.01,0.01,0.055,0.25,0.05,0.018,PlasmaOxy_CC,,,,,,,,,,,,,,,,,,,,,,,
0.01,0.01,0.055,0.25,0.05,0.03,PlasmaOxy_CC,,,,,,,,,,,,,,,,,,,,,,,
0.01,0.01,0.055,0.25,0.07,0.018,PlasmaOxy_CC,,,,,,,,,,,,,,,,,,,,,,,
0.01,0.01,0.055,0.25,0.07,0.03,PlasmaOxy_CC,,,,,,,,,,,,,,,,,,,,,,,
0.01,0.01,0.075,0.075,0.03,0.018,Plasma,,,,,,,,,,,,,,,,,,,,,,,
0.01,0.01,0.075,0.075,0.03,0.03,Plasma,,,,,,,,,,,,,,,,,,,,,,,
0.01,0.01,0.075,0.075,0.05,0.018,Plasma,,,,,,,,,,,,,,,,,,,,,,,
0.01,0.01,0.075,0.075,0.05,0.03,Plasma,,,,,,,,,,,,,,,,,,,,,,,
0.01,0.01,0.075,0.075,0.07,0.018,Plasma,,,,,,,,,,,,,,,,,,,,,,,
0.01,0.01,0.075,0.075,0.07,0.03,Plasma,,,,,,,,,,,,,,,,,,,,,,,
0.01,0.01,0.075,0.1,0.03,0.018,PlasmaOxy_CC,,,,,,,,,,,,,,,,,,,,,,,
0.01,0.01,0.075,0.1,0.03,0.03,PlasmaOxy_CC,,,,,,,,,,,,,,,,,,,,,,,
0.01,0.01,0.075,0.1,0.05,0.018,PlasmaOxy_CC,,,,,,,,,,,,,,,,,,,,,,,
0.01,0.01,0.075,0.1,0.05,0.03,PlasmaOxy_CC,,,,,,,,,,,,,,,,,,,,,,,
0.01,0.01,0.075,0.1,0.07,0.018,PlasmaOxy_CC,,,,,,,,,,,,,,,,,,,,,,,
0.01,0.01,0.075,0.1,0.07,0.03,PlasmaOxy_CC,,,,,,,,,,,,,,,,,,,,,,,
0.01,0.01,0.075,0.2,0.03,0.018,PlasmaOxy_CC,,,,,,,,,,,,,,,,,,,,,,,
0.01,0.01,0.075,0.2,0.03,0.03,PlasmaOxy_CC,,,,,,,,,,,,,,,,,,,,,,,
0.01,0.01,0.075,0.2,0.05,0.018,PlasmaOxy_CC,,,,,,,,,,,,,,,,,,,,,,,
0.01,0.01,0.075,0.2,0.05,0.03,PlasmaOxy_CC,,,,,,,,,,,,,,,,,,,,,,,
0.01,0.01,0.075,0.2,0.07,0.018,PlasmaOxy_CC,,,,,,,,,,,,,,,,,,,,,,,
0.01,0.01,0.075,0.2,0.07,0.03,PlasmaOxy_CC,,,,,,,,,,,,,,,,,,,,,,,
0.01,0.01,0.075,0.25,0.03,0.018,PlasmaOxy_CC,,,,,,,,,,,,,,,,,,,,,,,
0.01,0.01,0.075,0.25,0.03,0.03,PlasmaOxy_CC,,,,,,,,,,,,,,,,,,,,,,,
0.01,0.01,0.075,0.25,0.05,0.018,PlasmaOxy_CC,,,,,,,,,,,,,,,,,,,,,,,
0.01,0.01,0.075,0.25,0.05,0.03,PlasmaOxy_CC,,,,,,,,,,,,,,,,,,,,,,,
0.01,0.01,0.075,0.25,0.07,0.018,PlasmaOxy_CC,,,,,,,,,,,,,,,,,,,,,,,
0.01,0.01,0.075,0.25,0.07,0.03,PlasmaOxy_CC,,,,,,,,,,,,,,,,,,,,,,,
0.01,0.01,0.1,0.075,0.03,0.018,Plasma,,,,,,,,,,,,,,,,,,,,,,,
0.01,0.01,0.1,0.075,0.03,0.03,Plasma,,,,,,,,,,,,,,,,,,,,,,,
0.01,0.01,0.1,0.075,0.05,0.018,Plasma,,,,,,,,,,,,,,,,,,,,,,,
0.01,0.01,0.1,0.075,0.05,0.03,Plasma,,,,,,,,,,,,,,,,,,,,,,,
0.01,0.01,0.1,0.075,0.07,0.018,Plasma,,,,,,,,,,,,,,,,,,,,,,,
0.01,0.01,0.1,0.075,0.07,0.03,Plasma,,,,,,,,,,,,,,,,,,,,,,,
0.01,0.01,0.1,0.1,0.03,0.018,PlasmaOxy_CC,,,,,,,,,,,,,,,,,,,,,,,
0.01,0.01,0.1,0.1,0.03,0.03,PlasmaOxy_CC,,,,,,,,,,,,,,,,,,,,,,,
0.01,0.01,0.1,0.1,0.05,0.018,PlasmaOxy_CC,,,,,,,,,,,,,,,,,,,,,,,
0.01,0.01,0.1,0.1,0.05,0.03,PlasmaOxy_CC,,,,,,,,,,,,,,,,,,,,,,,
0.01,0.01,0.1,0.1,0.07,0.018,PlasmaOxy_CC,,,,,,,,,,,,,,,,,,,,,,,
0.01,0.01,0.1,0.1,0.07,0.03,PlasmaOxy_CC,,,,,,,,,,,,,,,,,,,,,,,
0.01,0.01,0.1,0.2,0.03,0.018,PlasmaOxy_CC,,,,,,,,,,,,,,,,,,,,,,,
0.01,0.01,0.1,0.2,0.03,0.03,PlasmaOxy_CC,,,,,,,,,,,,,,,,,,,,,,,
0.01,0.01,0.1,0.2,0.05,0.018,PlasmaOxy_CC,,,,,,,,,,,,,,,,,,,,,,,
0.01,0.01,0.1,0.2,0.05,0.03,PlasmaOxy_CC,,,,,,,,,,,,,,,,,,,,,,,
0.01,0.01,0.1,0.2,0.07,0.018,PlasmaOxy_CC,,,,,,,,,,,,,,,,,,,,,,,
0.01,0.01,0.1,0.2,0.07,0.03,PlasmaOxy_CC,,,,,,,,,,,,,,,,,,,,,,,
0.01,0.01,0.1,0.25,0.03,0.018,PlasmaOxy_CC,,,,,,,,,,,,,,,,,,,,,,,
0.01,0.01,0.1,0.25,0.03,0.03,PlasmaOxy_CC,,,,,,,,,,,,,,,,,,,,,,,
0.01,0.01,0.1,0.25,0.05,0.018,PlasmaOxy_CC,,,,,,,,,,,,,,,,,,,,,,,
0.01,0.01,0.1,0.25,0.05,0.03,PlasmaOxy_CC,,,,,,,,,,,,,,,,,,,,,,,
0.01,0.01,0.1,0.25,0.07,0.018,PlasmaOxy_CC,,,,,,,,,,,,,,,,,,,,,,,
0.01,0.01,0.1,0.25,0.07,0.03,PlasmaOxy_CC,,,,,,,,,,,,,,,,,,,,,,,
0.01,0.025,0.01,0.075,0.03,0.018,Plasma,,,,,,,,,,,,,,,,,,,,,,,
0.01,0.025,0.01,0.075,0.03,0.03,Plasma,,,,,,,,,,,,,,,,,,,,,,,
0.01,0.025,0.01,0.075,0.05,0.018,Plasma,,,,,,,,,,,,,,,,,,,,,,,
0.01,0.025,0.01,0.075,0.05,0.03,Plasma,,,,,,,,,,,,,,,,,,,,,,,
0.01,0.025,0.01,0.075,0.07,0.018,Plasma,,,,,,,,,,,,,,,,,,,,,,,
0.01,0.025,0.01,0.075,0.07,0.03,Plasma,,,,,,,,,,,,,,,,,,,,,,,
0.01,0.025,0.01,0.1,0.03,0.018,PlasmaOxy_CC,,,,,,,,,,,,,,,,,,,,,,,
0.01,0.025,0.01,0.1,0.03,0.03,PlasmaOxy_CC,,,,,,,,,,,,,,,,,,,,,,,
0.01,0.025,0.01,0.1,0.05,0.018,PlasmaOxy_CC,,,,,,,,,,,,,,,,,,,,,,,
0.01,0.025,0.01,0.1,0.05,0.03,PlasmaOxy_CC,,,,,,,,,,,,,,,,,,,,,,,
0.01,0.025,0.01,0.1,0.07,0.018,PlasmaOxy_CC,,,,,,,,,,,,,,,,,,,,,,,
0.01,0.025,0.01,0.1,0.07,0.03,PlasmaOxy_CC,,,,,,,,,,,,,,,,,,,,,,,
0.01,0.025,0.01,0.2,0.03,0.018,PlasmaOxy_CC,,,,,,,,,,,,,,,,,,,,,,,
0.01,0.025,0.01,0.2,0.03,0.03,PlasmaOxy_CC,,,,,,,,,,,,,,,,,,,,,,,
0.01,0.025,0.01,0.2,0.05,0.018,PlasmaOxy_CC,,,,,,,,,,,,,,,,,,,,,,,
0.01,0.025,0.01,0.2,0.05,0.03,PlasmaOxy_CC,,,,,,,,,,,,,,,,,,,,,,,
0.01,0.025,0.01,0.2,0.07,0.018,PlasmaOxy_CC,,,,,,,,,,,,,,,,,,,,,,,
0.01,0.025,0.01,0.2,0.07,0.03,PlasmaOxy_CC,,,,,,,,,,,,,,,,,,,,,,,
0.01,0.025,0.01,0.25,0.03,0.018,PlasmaOxy_CC,,,,,,,,,,,,,,,,,,,,,,,
0.01,0.025,0.01,0.25,0.03,0.03,PlasmaOxy_CC,,,,,,,,,,,,,,,,,,,,,,,
0.01,0.025,0.01,0.25,0.05,0.018,PlasmaOxy_CC,,,,,,,,,,,,,,,,,,,,,,,
0.01,0.025,0.01,0.25,0.05,0.03,PlasmaOxy_CC,,,,,,,,,,,,,,,,,,,,,,,
0.01,0.025,0.01,0.25,0.07,0.018,PlasmaOxy_CC,,,,,,,,,,,,,,,,,,,,,,,
0.01,0.025,0.01,0.25,0.07,0.03,PlasmaOxy_CC,,,,,,,,,,,,,,,,,,,,,,,
0.01,0.025,0.035,0.075,0.03,0.018,Plasma,,,,,,,,,,,,,,,,,,,,,,,
0.01,0.025,0.035,0.075,0.03,0.03,Plasma,,,,,,,,,,,,,,,,,,,,,,,
0.01,0.025,0.035,0.075,0.05,0.018,Plasma,,,,,,,,,,,,,,,,,,,,,,,
0.01,0.025,0.035,0.075,0.05,0.03,Plasma,,,,,,,,,,,,,,,,,,,,,,,
0.01,0.025,0.035,0.075,0.07,0.018,Plasma,,,,,,,,,,,,,,,,,,,,,,,
0.01,0.025,0.035,0.075,0.07,0.03,Plasma,,,,,,,,,,,,,,,,,,,,,,,
0.01,0.025,0.035,0.1,0.03,0.018,PlasmaOxy_CC,,,,,,,,,,,,,,,,,,,,,,,
0.01,0.025,0.035,0.1,0.03,0.03,PlasmaOxy_CC,,,,,,,,,,,,,,,,,,,,,,,
0.01,0.025,0.035,0.1,0.05,0.018,PlasmaOxy_CC,,,,,,,,,,,,,,,,,,,,,,,
0.01,0.025,0.035,0.1,0.05,0.03,PlasmaOxy_CC,,,,,,,,,,,,,,,,,,,,,,,
0.01,0.025,0.035,0.1,0.07,0.018,PlasmaOxy_CC,,,,,,,,,,,,,,,,,,,,,,,
0.01,0.025,0.035,0.1,0.07,0.03,PlasmaOxy_CC,,,,,,,,,,,,,,,,,,,,,,,
0.01,0.025,0.035,0.2,0.03,0.018,PlasmaOxy_CC,,,,,,,,,,,,,,,,,,,,,,,
0.01,0.025,0.035,0.2,0.03,0.03,PlasmaOxy_CC,,,,,,,,,,,,,,,,,,,,,,,
0.01,0.025,0.035,0.2,0.05,0.018,PlasmaOxy_CC,,,,,,,,,,,,,,,,,,,,,,,
0.01,0.025,0.035,0.2,0.05,0.03,PlasmaOxy_CC,,,,,,,,,,,,,,,,,,,,,,,
0.01,0.025,0.035,0.2,0.07,0.018,PlasmaOxy_CC,,,,,,,,,,,,,,,,,,,,,,,
0.01,0.025,0.035,0.2,0.07,0.03,PlasmaOxy_CC,,,,,,,,,,,,,,,,,,,,,,,
0.01,0.025,0.035,0.25,0.03,0.018,PlasmaOxy_CC,,,,,,,,,,,,,,,,,,,,,,,
0.01,0.025,0.035,0.25,0.03,0.03,PlasmaOxy_CC,,,,,,,,,,,,,,,,,,,,,,,
0.01,0.025,0.035,0.25,0.05,0.018,PlasmaOxy_CC,,,,,,,,,,,,,,,,,,,,,,,
0.01,0.025,0.035,0.25,0.05,0.03,PlasmaOxy_CC,,,,,,,,,,,,,,,,,,,,,,,
0.01,0.025,0.035,0.25,0.07,0.018,PlasmaOxy_CC,,,,,,,,,,,,,,,,,,,,,,,
0.01,0.025,0.035,0.25,0.07,0.03,PlasmaOxy_CC,,,,,,,,,,,,,,,,,,,,,,,
0.01,0.025,0.055,0.075,0.03,0.018,Plasma,,,,,,,,,,,,,,,,,,,,,,,
0.01,0.025,0.055,0.075,0.03,0.03,Plasma,,,,,,,,,,,,,,,,,,,,,,,
0.01,0.025,0.055,0.075,0.05,0.018,Plasma,,,,,,,,,,,,,,,,,,,,,,,
0.01,0.025,0.055,0.075,0.05,0.03,Plasma,,,,,,,,,,,,,,,,,,,,,,,
0.01,0.025,0.055,0.075,0.07,0.018,Plasma,,,,,,,,,,,,,,,,,,,,,,,
0.01,0.025,0.055,0.075,0.07,0.03,Plasma,,,,,,,,,,,,,,,,,,,,,,,
0.01,0.025,0.055,0.1,0.03,0.018,PlasmaOxy_CC,,,,,,,,,,,,,,,,,,,,,,,
0.01,0.025,0.055,0.1,0.03,0.03,PlasmaOxy_CC,,,,,,,,,,,,,,,,,,,,,,,
0.01,0.025,0.055,0.1,0.05,0.018,PlasmaOxy_CC,,,,,,,,,,,,,,,,,,,,,,,
0.01,0.025,0.055,0.1,0.05,0.03,PlasmaOxy_CC,,,,,,,,,,,,,,,,,,,,,,,
0.01,0.025,0.055,0.1,0.07,0.018,PlasmaOxy_CC,,,,,,,,,,,,,,,,,,,,,,,
0.01,0.025,0.055,0.1,0.07,0.03,PlasmaOxy_CC,,,,,,,,,,,,,,,,,,,,,,,
0.01,0.025,0.055,0.2,0.03,0.018,PlasmaOxy_CC,,,,,,,,,,,,,,,,,,,,,,,
0.01,0.025,0.055,0.2,0.03,0.03,PlasmaOxy_CC,,,,,,,,,,,,,,,,,,,,,,,
0.01,0.025,0.055,0.2,0.05,0.018,PlasmaOxy_CC,,,,,,,,,,,,,,,,,,,,,,,
0.01,0.025,0.055,0.2,0.05,0.03,PlasmaOxy_CC,,,,,,,,,,,,,,,,,,,,,,,
0.01,0.025,0.055,0.2,0.07,0.018,PlasmaOxy_CC,,,,,,,,,,,,,,,,,,,,,,,
0.01,0.025,0.055,0.2,0.07,0.03,PlasmaOxy_CC,,,,,,,,,,,,,,,,,,,,,,,
0.01,0.025,0.055,0.25,0.03,0.018,PlasmaOxy_CC,,,,,,,,,,,,,,,,,,,,,,,
0.01,0.025,0.055,0.25,0.03,0.03,PlasmaOxy_CC,,,,,,,,,,,,,,,,,,,,,,,
0.01,0.025,0.055,0.25,0.05,0.018,PlasmaOxy_CC,,,,,,,,,,,,,,,,,,,,,,,
0.01,0.025,0.055,0.25,0.05,0.03,PlasmaOxy_CC,,,,,,,,,,,,,,,,,,,,,,,
0.01,0.025,0.055,0.25,0.07,0.018,PlasmaOxy_CC,,,,,,,,,,,,,,,,,,,,,,,
0.01,0.025,0.055,0.25,0.07,0.03,PlasmaOxy_CC,,,,,,,,,,,,,,,,,,,,,,,
0.01,0.025,0.075,0.075,0.03,0.018,Plasma,,,,,,,,,,,,,,,,,,,,,,,
0.01,0.025,0.075,0.075,0.03,0.03,Plasma,,,,,,,,,,,,,,,,,,,,,,,
0.01,0.025,0.075,0.075,0.05,0.018,Plasma,,,,,,,,,,,,,,,,,,,,,,,
0.01,0.025,0.075,0.075,0.05,0.03,Plasma,,,,,,,,,,,,,,,,,,,,,,,
0.01,0.025,0.075,0.075,0.07,0.018,Plasma,,,,,,,,,,,,,,,,,,,,,,,
0.01,0.025,0.075,0.075,0.07,0.03,Plasma,,,,,,,,,,,,,,,,,,,,,,,
0.01,0.025,0.075,0.1,0.03,0.018,PlasmaOxy_CC,,,,,,,,,,,,,,,,,,,,,,,
0.01,0.025,0.075,0.1,0.03,0.03,PlasmaOxy_CC,,,,,,,,,,,,,,,,,,,,,,,
0.01,0.025,0.075,0.1,0.05,0.018,PlasmaOxy_CC,,,,,,,,,,,,,,,,,,,,,,,
0.01,0.025,0.075,0.1,0.05,0.03,PlasmaOxy_CC,,,,,,,,,,,,,,,,,,,,,,,
0.01,0.025,0.075,0.1,0.07,0.018,PlasmaOxy_CC,,,,,,,,,,,,,,,,,,,,,,,
0.01,0.025,0.075,0.1,0.07,0.03,PlasmaOxy_CC,,,,,,,,,,,,,,,,,,,,,,,
0.01,0.025,0.075,0.2,0.03,0.018,PlasmaOxy_CC,,,,,,,,,,,,,,,,,,,,,,,
0.01,0.025,0.075,0.2,0.03,0.03,PlasmaOxy_CC,,,,,,,,,,,,,,,,,,,,,,,
0.01,0.025,0.075,0.2,0.05,0.018,PlasmaOxy_CC,,,,,,,,,,,,,,,,,,,,,,,
0.01,0.025,0.075,0.2,0.05,0.03,PlasmaOxy_CC,,,,,,,,,,,,,,,,,,,,,,,
0.01,0.025,0.075,0.2,0.07,0.018,PlasmaOxy_CC,,,,,,,,,,,,,,,,,,,,,,,
0.01,0.025,0.075,0.2,0.07,0.03,PlasmaOxy_CC,,,,,,,,,,,,,,,,,,,,,,,
0.01,0.025,0.075,0.25,0.03,0.018,PlasmaOxy_CC,,,,,,,,,,,,,,,,,,,,,,,
0.01,0.025,0.075,0.25,0.03,0.03,PlasmaOxy_CC,,,,,,,,,,,,,,,,,,,,,,,
0.01,0.025,0.075,0.25,0.05,0.018,PlasmaOxy_CC,,,,,,,,,,,,,,,,,,,,,,,
0.01,0.025,0.075,0.25,0.05,0.03,PlasmaOxy_CC,,,,,,,,,,,,,,,,,,,,,,,
0.01,0.025,0.075,0.25,0.07,0.018,PlasmaOxy_CC,,,,,,,,,,,,,,,,,,,,,,,
0.01,0.025,0.075,0.25,0.07,0.03,PlasmaOxy_CC,,,,,,,,,,,,,,,,,,,,,,,
0.01,0.025,0.1,0.075,0.03,0.018,Plasma,,,,,,,,,,,,,,,,,,,,,,,
0.01,0.025,0.1,0.075,0.03,0.03,Plasma,,,,,,,,,,,,,,,,,,,,,,,
0.01,0.025,0.1,0.075,0.05,0.018,Plasma,,,,,,,,,,,,,,,,,,,,,,,
0.01,0.025,0.1,0.075,0.05,0.03,Plasma,,,,,,,,,,,,,,,,,,,,,,,
0.01,0.025,0.1,0.075,0.07,0.018,Plasma,,,,,,,,,,,,,,,,,,,,,,,
0.01,0.025,0.1,0.075,0.07,0.03,Plasma,,,,,,,,,,,,,,,,,,,,,,,
0.01,0.025,0.1,0.1,0.03,0.018,PlasmaOxy_CC,,,,,,,,,,,,,,,,,,,,,,,
0.01,0.025,0.1,0.1,0.03,0.03,PlasmaOxy_CC,,,,,,,,,,,,,,,,,,,,,,,
0.01,0.025,0.1,0.1,0.05,0.018,PlasmaOxy_CC,,,,,,,,,,,,,,,,,,,,,,,
0.01,0.025,0.1,0.1,0.05,0.03,PlasmaOxy_CC,,,,,,,,,,,,,,,,,,,,,,,
0.01,0.025,0.1,0.1,0.07,0.018,PlasmaOxy_CC,,,,,,,,,,,,,,,,,,,,,,,
0.01,0.025,0.1,0.1,0.07,0.03,PlasmaOxy_CC,,,,,,,,,,,,,,,,,,,,,,,
0.01,0.025,0.1,0.2,0.03,0.018,PlasmaOxy_CC,,,,,,,,,,,,,,,,,,,,,,,
0.01,0.025,0.1,0.2,0.03,0.03,PlasmaOxy_CC,,,,,,,,,,,,,,,,,,,,,,,
0.01,0.025,0.1,0.2,0.05,0.018,PlasmaOxy_CC,,,,,,,,,,,,,,,,,,,,,,,
0.01,0.025,0.1,0.2,0.05,0.03,PlasmaOxy_CC,,,,,,,,,,,,,,,,,,,,,,,
0.01,0.025,0.1,0.2,0.07,0.018,PlasmaOxy_CC,,,,,,,,,,,,,,,,,,,,,,,
0.01,0.025,0.1,0.2,0.07,0.03,PlasmaOxy_CC,,,,,,,,,,,,,,,,,,,,,,,
0.01,0.025,0.1,0.25,0.03,0.018,PlasmaOxy_CC,,,,,,,,,,,,,,,,,,,,,,,
0.01,0.025,0.1,0.25,0.03,0.03,PlasmaOxy_CC,,,,,,,,,,,,,,,,,,,,,,,
0.01,0.025,0.1,0.25,0.05,0.018,PlasmaOxy_CC,,,,,,,,,,,,,,,,,,,,,,,
0.01,0.025,0.1,0.25,0.05,0.03,PlasmaOxy_CC,,,,,,,,,,,,,,,,,,,,,,,
0.01,0.025,0.1,0.25,0.07,0.018,PlasmaOxy_CC,,,,,,,,,,,,,,,,,,,,,,,
0.01,0.025,0.1,0.25,0.07,0.03,PlasmaOxy_CC,,,,,,,,,,,,,,,,,,,,,,,
0.01,0.05,0.01,0.075,0.03,0.018,Plasma,,,,,,,,,,,,,,,,,,,,,,,
0.01,0.05,0.01,0.075,0.03,0.03,Plasma,,,,,,,,,,,,,,,,,,,,,,,
0.01,0.05,0.01,0.075,0.05,0.018,Plasma,,,,,,,,,,,,,,,,,,,,,,,
0.01,0.05,0.01,0.075,0.05,0.03,Plasma,,,,,,,,,,,,,,,,,,,,,,,
0.01,0.05,0.01,0.075,0.07,0.018,Plasma,,,,,,,,,,,,,,,,,,,,,,,
0.01,0.05,0.01,0.075,0.07,0.03,Plasma,,,,,,,,,,,,,,,,,,,,,,,
0.01,0.05,0.01,0.1,0.03,0.018,PlasmaOxy_CC,,,,,,,,,,,,,,,,,,,,,,,
0.01,0.05,0.01,0.1,0.03,0.03,PlasmaOxy_CC,,,,,,,,,,,,,,,,,,,,,,,
0.01,0.05,0.01,0.1,0.05,0.018,PlasmaOxy_CC,,,,,,,,,,,,,,,,,,,,,,,
0.01,0.05,0.01,0.1,0.05,0.03,PlasmaOxy_CC,,,,,,,,,,,,,,,,,,,,,,,
0.01,0.05,0.01,0.1,0.07,0.018,PlasmaOxy_CC,,,,,,,,,,,,,,,,,,,,,,,
0.01,0.05,0.01,0.1,0.07,0.03,PlasmaOxy_CC,,,,,,,,,,,,,,,,,,,,,,,
0.01,0.05,0.01,0.2,0.03,0.018,PlasmaOxy_CC,,,,,,,,,,,,,,,,,,,,,,,
0.01,0.05,0.01,0.2,0.03,0.03,PlasmaOxy_CC,,,,,,,,,,,,,,,,,,,,,,,
0.01,0.05,0.01,0.2,0.05,0.018,PlasmaOxy_CC,,,,,,,,,,,,,,,,,,,,,,,
0.01,0.05,0.01,0.2,0.05,0.03,PlasmaOxy_CC,,,,,,,,,,,,,,,,,,,,,,,
0.01,0.05,0.01,0.2,0.07,0.018,PlasmaOxy_CC,,,,,,,,,,,,,,,,,,,,,,,
0.01,0.05,0.01,0.2,0.07,0.03,PlasmaOxy_CC,,,,,,,,,,,,,,,,,,,,,,,
0.01,0.05,0.01,0.25,0.03,0.018,PlasmaOxy_CC,,,,,,,,,,,,,,,,,,,,,,,
0.01,0.05,0.01,0.25,0.03,0.03,PlasmaOxy_CC,,,,,,,,,,,,,,,,,,,,,,,
0.01,0.05,0.01,0.25,0.05,0.018,PlasmaOxy_CC,,,,,,,,,,,,,,,,,,,,,,,
0.01,0.05,0.01,0.25,0.05,0.03,PlasmaOxy_CC,,,,,,,,,,,,,,,,,,,,,,,
0.01,0.05,0.01,0.25,0.07,0.018,PlasmaOxy_CC,,,,,,,,,,,,,,,,,,,,,,,
0.01,0.05,0.01,0.25,0.07,0.03,PlasmaOxy_CC,,,,,,,,,,,,,,,,,,,,,,,
0.01,0.05,0.035,0.075,0.03,0.018,Plasma,,,,,,,,,,,,,,,,,,,,,,,
0.01,0.05,0.035,0.075,0.03,0.03,Plasma,,,,,,,,,,,,,,,,,,,,,,,
0.01,0.05,0.035,0.075,0.05,0.018,Plasma,,,,,,,,,,,,,,,,,,,,,,,
0.01,0.05,0.035,0.075,0.05,0.03,Plasma,,,,,,,,,,,,,,,,,,,,,,,
0.01,0.05,0.035,0.075,0.07,0.018,Plasma,,,,,,,,,,,,,,,,,,,,,,,
0.01,0.05,0.035,0.075,0.07,0.03,Plasma,,,,,,,,,,,,,,,,,,,,,,,
0.01,0.05,0.035,0.1,0.03,0.018,PlasmaOxy_CC,,,,,,,,,,,,,,,,,,,,,,,
0.01,0.05,0.035,0.1,0.03,0.03,PlasmaOxy_CC,,,,,,,,,,,,,,,,,,,,,,,
0.01,0.05,0.035,0.1,0.05,0.018,PlasmaOxy_CC,,,,,,,,,,,,,,,,,,,,,,,
0.01,0.05,0.035,0.1,0.05,0.03,PlasmaOxy_CC,,,,,,,,,,,,,,,,,,,,,,,
0.01,0.05,0.035,0.1,0.07,0.018,PlasmaOxy_CC,,,,,,,,,,,,,,,,,,,,,,,
0.01,0.05,0.035,0.1,0.07,0.03,PlasmaOxy_CC,,,,,,,,,,,,,,,,,,,,,,,
0.01,0.05,0.035,0.2,0.03,0.018,PlasmaOxy_CC,,,,,,,,,,,,,,,,,,,,,,,
0.01,0.05,0.035,0.2,0.03,0.03,PlasmaOxy_CC,,,,,,,,,,,,,,,,,,,,,,,
0.01,0.05,0.035,0.2,0.05,0.018,PlasmaOxy_CC,,,,,,,,,,,,,,,,,,,,,,,
0.01,0.05,0.035,0.2,0.05,0.03,PlasmaOxy_CC,,,,,,,,,,,,,,,,,,,,,,,
0.01,0.05,0.035,0.2,0.07,0.018,PlasmaOxy_CC,,,,,,,,,,,,,,,,,,,,,,,
0.01,0.05,0.035,0.2,0.07,0.03,PlasmaOxy_CC,,,,,,,,,,,,,,,,,,,,,,,
0.01,0.05,0.035,0.25,0.03,0.018,PlasmaOxy_CC,,,,,,,,,,,,,,,,,,,,,,,
0.01,0.05,0.035,0.25,0.03,0.03,PlasmaOxy_CC,,,,,,,,,,,,,,,,,,,,,,,
0.01,0.05,0.035,0.25,0.05,0.018,PlasmaOxy_CC,,,,,,,,,,,,,,,,,,,,,,,
0.01,0.05,0.035,0.25,0.05,0.03,PlasmaOxy_CC,,,,,,,,,,,,,,,,,,,,,,,
0.01,0.05,0.035,0.25,0.07,0.018,PlasmaOxy_CC,,,,,,,,,,,,,,,,,,,,,,,
0.01,0.05,0.035,0.25,0.07,0.03,PlasmaOxy_CC,,,,,,,,,,,,,,,,,,,,,,,
0.01,0.05,0.055,0.075,0.03,0.018,Plasma,,,,,,,,,,,,,,,,,,,,,,,
0.01,0.05,0.055,0.075,0.03,0.03,Plasma,,,,,,,,,,,,,,,,,,,,,,,
0.01,0.05,0.055,0.075,0.05,0.018,Plasma,,,,,,,,,,,,,,,,,,,,,,,
0.01,0.05,0.055,0.075,0.05,0.03,Plasma,,,,,,,,,,,,,,,,,,,,,,,
0.01,0.05,0.055,0.075,0.07,0.018,Plasma,,,,,,,,,,,,,,,,,,,,,,,
0.01,0.05,0.055,0.075,0.07,0.03,Plasma,,,,,,,,,,,,,,,,,,,,,,,
0.01,0.05,0.055,0.1,0.03,0.018,PlasmaOxy_CC,,,,,,,,,,,,,,,,,,,,,,,
0.01,0.05,0.055,0.1,0.03,0.03,PlasmaOxy_CC,,,,,,,,,,,,,,,,,,,,,,,
0.01,0.05,0.055,0.1,0.05,0.018,PlasmaOxy_CC,,,,,,,,,,,,,,,,,,,,,,,
0.01,0.05,0.055,0.1,0.05,0.03,PlasmaOxy_CC,,,,,,,,,,,,,,,,,,,,,,,
0.01,0.05,0.055,0.1,0.07,0.018,PlasmaOxy_CC,,,,,,,,,,,,,,,,,,,,,,,
0.01,0.05,0.055,0.1,0.07,0.03,PlasmaOxy_CC,,,,,,,,,,,,,,,,,,,,,,,
0.01,0.05,0.055,0.2,0.03,0.018,PlasmaOxy_CC,,,,,,,,,,,,,,,,,,,,,,,
0.01,0.05,0.055,0.2,0.03,0.03,PlasmaOxy_CC,,,,,,,,,,,,,,,,,,,,,,,
0.01,0.05,0.055,0.2,0.05,0.018,PlasmaOxy_CC,,,,,,,,,,,,,,,,,,,,,,,
0.01,0.05,0.055,0.2,0.05,0.03,PlasmaOxy_CC,,,,,,,,,,,,,,,,,,,,,,,
0.01,0.05,0.055,0.2,0.07,0.018,PlasmaOxy_CC,,,,,,,,,,,,,,,,,,,,,,,
0.01,0.05,0.055,0.2,0.07,0.03,PlasmaOxy_CC,,,,,,,,,,,,,,,,,,,,,,,
0.01,0.05,0.055,0.25,0.03,0.018,PlasmaOxy_CC,,,,,,,,,,,,,,,,,,,,,,,
0.01,0.05,0.055,0.25,0.03,0.03,PlasmaOxy_CC,,,,,,,,,,,,,,,,,,,,,,,
0.01,0.05,0.055,0.25,0.05,0.018,PlasmaOxy_CC,,,,,,,,,,,,,,,,,,,,,,,
0.01,0.05,0.055,0.25,0.05,0.03,PlasmaOxy_CC,,,,,,,,,,,,,,,,,,,,,,,
0.01,0.05,0.055,0.25,0.07,0.018,PlasmaOxy_CC,,,,,,,,,,,,,,,,,,,,,,,
0.01,0.05,0.055,0.25,0.07,0.03,PlasmaOxy_CC,,,,,,,,,,,,,,,,,,,,,,,
0.01,0.05,0.075,0.075,0.03,0.018,Plasma,,,,,,,,,,,,,,,,,,,,,,,
0.01,0.05,0.075,0.075,0.03,0.03,Plasma,,,,,,,,,,,,,,,,,,,,,,,
0.01,0.05,0.075,0.075,0.05,0.018,Plasma,,,,,,,,,,,,,,,,,,,,,,,
0.01,0.05,0.075,0.075,0.05,0.03,Plasma,,,,,,,,,,,,,,,,,,,,,,,
0.01,0.05,0.075,0.075,0.07,0.018,Plasma,,,,,,,,,,,,,,,,,,,,,,,
0.01,0.05,0.075,0.075,0.07,0.03,Plasma,,,,,,,,,,,,,,,,,,,,,,,
0.01,0.05,0.075,0.1,0.03,0.018,PlasmaOxy_CC,,,,,,,,,,,,,,,,,,,,,,,
0.01,0.05,0.075,0.1,0.03,0.03,PlasmaOxy_CC,,,,,,,,,,,,,,,,,,,,,,,
0.01,0.05,0.075,0.1,0.05,0.018,PlasmaOxy_CC,,,,,,,,,,,,,,,,,,,,,,,
0.01,0.05,0.075,0.1,0.05,0.03,PlasmaOxy_CC,,,,,,,,,,,,,,,,,,,,,,,
0.01,0.05,0.075,0.1,0.07,0.018,PlasmaOxy_CC,,,,,,,,,,,,,,,,,,,,,,,
0.01,0.05,0.075,0.1,0.07,0.03,PlasmaOxy_CC,,,,,,,,,,,,,,,,,,,,,,,
0.01,0.05,0.075,0.2,0.03,0.018,PlasmaOxy_CC,,,,,,,,,,,,,,,,,,,,,,,
0.01,0.05,0.075,0.2,0.03,0.03,PlasmaOxy_CC,,,,,,,,,,,,,,,,,,,,,,,
0.01,0.05,0.075,0.2,0.05,0.018,PlasmaOxy_CC,,,,,,,,,,,,,,,,,,,,,,,
0.01,0.05,0.075,0.2,0.05,0.03,PlasmaOxy_CC,,,,,,,,,,,,,,,,,,,,,,,
0.01,0.05,0.075,0.2,0.07,0.018,PlasmaOxy_CC,,,,,,,,,,,,,,,,,,,,,,,
0.01,0.05,0.075,0.2,0.07,0.03,PlasmaOxy_CC,,,,,,,,,,,,,,,,,,,,,,,
0.01,0.05,0.075,0.25,0.03,0.018,PlasmaOxy_CC,,,,,,,,,,,,,,,,,,,,,,,
0.01,0.05,0.075,0.25,0.03,0.03,PlasmaOxy_CC,,,,,,,,,,,,,,,,,,,,,,,
0.01,0.05,0.075,0.25,0.05,0.018,PlasmaOxy_CC,,,,,,,,,,,,,,,,,,,,,,,
0.01,0.05,0.075,0.25,0.05,0.03,PlasmaOxy_CC,,,,,,,,,,,,,,,,,,,,,,,
0.01,0.05,0.075,0.25,0.07,0.018,PlasmaOxy_CC,,,,,,,,,,,,,,,,,,,,,,,
0.01,0.05,0.075,0.25,0.07,0.03,PlasmaOxy_CC,,,,,,,,,,,,,,,,,,,,,,,
0.01,0.05,0.1,0.075,0.03,0.018,Plasma,,,,,,,,,,,,,,,,,,,,,,,
0.01,0.05,0.1,0.075,0.03,0.03,Plasma,,,,,,,,,,,,,,,,,,,,,,,
0.01,0.05,0.1,0.075,0.05,0.018,Plasma,,,,,,,,,,,,,,,,,,,,,,,
0.01,0.05,0.1,0.075,0.05,0.03,Plasma,,,,,,,,,,,,,,,,,,,,,,,
0.01,0.05,0.1,0.075,0.07,0.018,Plasma,,,,,,,,,,,,,,,,,,,,,,,
0.01,0.05,0.1,0.075,0.07,0.03,Plasma,,,,,,,,,,,,,,,,,,,,,,,
0.01,0.05,0.1,0.1,0.03,0.018,PlasmaOxy_CC,,,,,,,,,,,,,,,,,,,,,,,
0.01,0.05,0.1,0.1,0.03,0.03,PlasmaOxy_CC,,,,,,,,,,,,,,,,,,,,,,,
0.01,0.05,0.1,0.1,0.05,0.018,PlasmaOxy_CC,,,,,,,,,,,,,,,,,,,,,,,
0.01,0.05,0.1,0.1,0.05,0.03,PlasmaOxy_CC,,,,,,,,,,,,,,,,,,,,,,,
0.01,0.05,0.1,0.1,0.07,0.018,PlasmaOxy_CC,,,,,,,,,,,,,,,,,,,,,,,
0.01,0.05,0.1,0.1,0.07,0.03,PlasmaOxy_CC,,,,,,,,,,,,,,,,,,,,,,,
0.01,0.05,0.1,0.2,0.03,0.018,PlasmaOxy_CC,,,,,,,,,,,,,,,,,,,,,,,
0.01,0.05,0.1,0.2,0.03,0.03,PlasmaOxy_CC,,,,,,,,,,,,,,,,,,,,,,,
0.01,0.05,0.1,0.2,0.05,0.018,PlasmaOxy_CC,,,,,,,,,,,,,,,,,,,,,,,
0.01,0.05,0.1,0.2,0.05,0.03,PlasmaOxy_CC,,,,,,,,,,,,,,,,,,,,,,,
0.01,0.05,0.1,0.2,0.07,0.018,PlasmaOxy_CC,,,,,,,,,,,,,,,,,,,,,,,
0.01,0.05,0.1,0.2,0.07,0.03,PlasmaOxy_CC,,,,,,,,,,,,,,,,,,,,,,,
0.01,0.05,0.1,0.25,0.03,0.018,PlasmaOxy_CC,,,,,,,,,,,,,,,,,,,,,,,
0.01,0.05,0.1,0.25,0.03,0.03,PlasmaOxy_CC,,,,,,,,,,,,,,,,,,,,,,,
0.01,0.05,0.1,0.25,0.05,0.018,PlasmaOxy_CC,,,,,,,,,,,,,,,,,,,,,,,
0.01,0.05,0.1,0.25,0.05,0.03,PlasmaOxy_CC,,,,,,,,,,,,,,,,,,,,,,,
0.01,0.05,0.1,0.25,0.07,0.018,PlasmaOxy_CC,,,,,,,,,,,,,,,,,,,,,,,
0.01,0.05,0.1,0.25,0.07,0.03,PlasmaOxy_CC,,,,,,,,,,,,,,,,,,,,,,,
0.01,0.075,0.01,0.075,0.03,0.018,Plasma,,,,,,,,,,,,,,,,,,,,,,,
0.01,0.075,0.01,0.075,0.03,0.03,Plasma,,,,,,,,,,,,,,,,,,,,,,,
0.01,0.075,0.01,0.075,0.05,0.018,Plasma,,,,,,,,,,,,,,,,,,,,,,,
0.01,0.075,0.01,0.075,0.05,0.03,Plasma,,,,,,,,,,,,,,,,,,,,,,,
0.01,0.075,0.01,0.075,0.07,0.018,Plasma,,,,,,,,,,,,,,,,,,,,,,,
0.01,0.075,0.01,0.075,0.07,0.03,Plasma,,,,,,,,,,,,,,,,,,,,,,,
0.01,0.075,0.01,0.1,0.03,0.018,PlasmaOxy_CC,,,,,,,,,,,,,,,,,,,,,,,
0.01,0.075,0.01,0.1,0.03,0.03,PlasmaOxy_CC,,,,,,,,,,,,,,,,,,,,,,,
0.01,0.075,0.01,0.1,0.05,0.018,PlasmaOxy_CC,,,,,,,,,,,,,,,,,,,,,,,
0.01,0.075,0.01,0.1,0.05,0.03,PlasmaOxy_CC,,,,,,,,,,,,,,,,,,,,,,,
0.01,0.075,0.01,0.1,0.07,0.018,PlasmaOxy_CC,,,,,,,,,,,,,,,,,,,,,,,
0.01,0.075,0.01,0.1,0.07,0.03,PlasmaOxy_CC,,,,,,,,,,,,,,,,,,,,,,,
0.01,0.075,0.01,0.2,0.03,0.018,PlasmaOxy_CC,,,,,,,,,,,,,,,,,,,,,,,
0.01,0.075,0.01,0.2,0.03,0.03,PlasmaOxy_CC,,,,,,,,,,,,,,,,,,,,,,,
0.01,0.075,0.01,0.2,0.05,0.018,PlasmaOxy_CC,,,,,,,,,,,,,,,,,,,,,,,
0.01,0.075,0.01,0.2,0.05,0.03,PlasmaOxy_CC,,,,,,,,,,,,,,,,,,,,,,,
0.01,0.075,0.01,0.2,0.07,0.018,PlasmaOxy_CC,,,,,,,,,,,,,,,,,,,,,,,
0.01,0.075,0.01,0.2,0.07,0.03,PlasmaOxy_CC,,,,,,,,,,,,,,,,,,,,,,,
0.01,0.075,0.01,0.25,0.03,0.018,PlasmaOxy_CC,,,,,,,,,,,,,,,,,,,,,,,
0.01,0.075,0.01,0.25,0.03,0.03,PlasmaOxy_CC,,,,,,,,,,,,,,,,,,,,,,,
0.01,0.075,0.01,0.25,0.05,0.018,PlasmaOxy_CC,,,,,,,,,,,,,,,,,,,,,,,
0.01,0.075,0.01,0.25,0.05,0.03,PlasmaOxy_CC,,,,,,,,,,,,,,,,,,,,,,,
0.01,0.075,0.01,0.25,0.07,0.018,PlasmaOxy_CC,,,,,,,,,,,,,,,,,,,,,,,
0.01,0.075,0.01,0.25,0.07,0.03,PlasmaOxy_CC,,,,,,,,,,,,,,,,,,,,,,,
0.01,0.075,0.035,0.075,0.03,0.018,Plasma,,,,,,,,,,,,,,,,,,,,,,,
0.01,0.075,0.035,0.075,0.03,0.03,Plasma,,,,,,,,,,,,,,,,,,,,,,,
0.01,0.075,0.035,0.075,0.05,0.018,Plasma,,,,,,,,,,,,,,,,,,,,,,,
0.01,0.075,0.035,0.075,0.05,0.03,Plasma,,,,,,,,,,,,,,,,,,,,,,,
0.01,0.075,0.035,0.075,0.07,0.018,Plasma,,,,,,,,,,,,,,,,,,,,,,,
0.01,0.075,0.035,0.075,0.07,0.03,Plasma,,,,,,,,,,,,,,,,,,,,,,,
0.01,0.075,0.035,0.1,0.03,0.018,PlasmaOxy_CC,,,,,,,,,,,,,,,,,,,,,,,
0.01,0.075,0.035,0.1,0.03,0.03,PlasmaOxy_CC,,,,,,,,,,,,,,,,,,,,,,,
0.01,0.075,0.035,0.1,0.05,0.018,PlasmaOxy_CC,,,,,,,,,,,,,,,,,,,,,,,
0.01,0.075,0.035,0.1,0.05,0.03,PlasmaOxy_CC,,,,,,,,,,,,,,,,,,,,,,,
0.01,0.075,0.035,0.1,0.07,0.018,PlasmaOxy_CC,,,,,,,,,,,,,,,,,,,,,,,
0.01,0.075,0.035,0.1,0.07,0.03,PlasmaOxy_CC,,,,,,,,,,,,,,,,,,,,,,,
0.01,0.075,0.035,0.2,0.03,0.018,PlasmaOxy_CC,,,,,,,,,,,,,,,,,,,,,,,
0.01,0.075,0.035,0.2,0.03,0.03,PlasmaOxy_CC,,,,,,,,,,,,,,,,,,,,,,,
0.01,0.075,0.035,0.2,0.05,0.018,PlasmaOxy_CC,,,,,,,,,,,,,,,,,,,,,,,
0.01,0.075,0.035,0.2,0.05,0.03,PlasmaOxy_CC,,,,,,,,,,,,,,,,,,,,,,,
0.01,0.075,0.035,0.2,0.07,0.018,PlasmaOxy_CC,,,,,,,,,,,,,,,,,,,,,,,
0.01,0.075,0.035,0.2,0.07,0.03,PlasmaOxy_CC,,,,,,,,,,,,,,,,,,,,,,,
0.01,0.075,0.035,0.25,0.03,0.018,PlasmaOxy_CC,,,,,,,,,,,,,,,,,,,,,,,
0.01,0.075,0.035,0.25,0.03,0.03,PlasmaOxy_CC,,,,,,,,,,,,,,,,,,,,,,,
0.01,0.075,0.035,0.25,0.05,0.018,PlasmaOxy_CC,,,,,,,,,,,,,,,,,,,,,,,
0.01,0.075,0.035,0.25,0.05,0.03,PlasmaOxy_CC,,,,,,,,,,,,,,,,,,,,,,,
0.01,0.075,0.035,0.25,0.07,0.018,PlasmaOxy_CC,,,,,,,,,,,,,,,,,,,,,,,
0.01,0.075,0.035,0.25,0.07,0.03,PlasmaOxy_CC,,,,,,,,,,,,,,,,,,,,,,,
0.01,0.075,0.055,0.075,0.03,0.018,Plasma,,,,,,,,,,,,,,,,,,,,,,,
0.01,0.075,0.055,0.075,0.03,0.03,Plasma,,,,,,,,,,,,,,,,,,,,,,,
0.01,0.075,0.055,0.075,0.05,0.018,Plasma,,,,,,,,,,,,,,,,,,,,,,,
0.01,0.075,0.055,0.075,0.05,0.03,Plasma,,,,,,,,,,,,,,,,,,,,,,,
0.01,0.075,0.055,0.075,0.07,0.018,Plasma,,,,,,,,,,,,,,,,,,,,,,,
0.01,0.075,0.055,0.075,0.07,0.03,Plasma,,,,,,,,,,,,,,,,,,,,,,,
0.01,0.075,0.055,0.1,0.03,0.018,PlasmaOxy_CC,,,,,,,,,,,,,,,,,,,,,,,
0.01,0.075,0.055,0.1,0.03,0.03,PlasmaOxy_CC,,,,,,,,,,,,,,,,,,,,,,,
0.01,0.075,0.055,0.1,0.05,0.018,PlasmaOxy_CC,,,,,,,,,,,,,,,,,,,,,,,
0.01,0.075,0.055,0.1,0.05,0.03,PlasmaOxy_CC,,,,,,,,,,,,,,,,,,,,,,,
0.01,0.075,0.055,0.1,0.07,0.018,PlasmaOxy_CC,,,,,,,,,,,,,,,,,,,,,,,
0.01,0.075,0.055,0.1,0.07,0.03,PlasmaOxy_CC,,,,,,,,,,,,,,,,,,,,,,,
0.01,0.075,0.055,0.2,0.03,0.018,PlasmaOxy_CC,,,,,,,,,,,,,,,,,,,,,,,
0.01,0.075,0.055,0.2,0.03,0.03,PlasmaOxy_CC,,,,,,,,,,,,,,,,,,,,,,,
0.01,0.075,0.055,0.2,0.05,0.018,PlasmaOxy_CC,,,,,,,,,,,,,,,,,,,,,,,
0.01,0.075,0.055,0.2,0.05,0.03,PlasmaOxy_CC,,,,,,,,,,,,,,,,,,,,,,,
0.01,0.075,0.055,0.2,0.07,0.018,PlasmaOxy_CC,,,,,,,,,,,,,,,,,,,,,,,
0.01,0.075,0.055,0.2,0.07,0.03,PlasmaOxy_CC,,,,,,,,,,,,,,,,,,,,,,,
0.01,0.075,0.055,0.25,0.03,0.018,PlasmaOxy_CC,,,,,,,,,,,,,,,,,,,,,,,
0.01,0.075,0.055,0.25,0.03,0.03,PlasmaOxy_CC,,,,,,,,,,,,,,,,,,,,,,,
0.01,0.075,0.055,0.25,0.05,0.018,PlasmaOxy_CC,,,,,,,,,,,,,,,,,,,,,,,
0.01,0.075,0.055,0.25,0.05,0.03,PlasmaOxy_CC,,,,,,,,,,,,,,,,,,,,,,,
0.01,0.075,0.055,0.25,0.07,0.018,PlasmaOxy_CC,,,,,,,,,,,,,,,,,,,,,,,
0.01,0.075,0.055,0.25,0.07,0.03,PlasmaOxy_CC,,,,,,,,,,,,,,,,,,,,,,,
0.01,0.075,0.075,0.075,0.03,0.018,Plasma,,,,,,,,,,,,,,,,,,,,,,,
0.01,0.075,0.075,0.075,0.03,0.03,Plasma,,,,,,,,,,,,,,,,,,,,,,,
0.01,0.075,0.075,0.075,0.05,0.018,Plasma,,,,,,,,,,,,,,,,,,,,,,,
0.01,0.075,0.075,0.075,0.05,0.03,Plasma,,,,,,,,,,,,,,,,,,,,,,,
0.01,0.075,0.075,0.075,0.07,0.018,Plasma,,,,,,,,,,,,,,,,,,,,,,,
0.01,0.075,0.075,0.075,0.07,0.03,Plasma,,,,,,,,,,,,,,,,,,,,,,,
0.01,0.075,0.075,0.1,0.03,0.018,PlasmaOxy_CC,,,,,,,,,,,,,,,,,,,,,,,
0.01,0.075,0.075,0.1,0.03,0.03,PlasmaOxy_CC,,,,,,,,,,,,,,,,,,,,,,,
0.01,0.075,0.075,0.1,0.05,0.018,PlasmaOxy_CC,,,,,,,,,,,,,,,,,,,,,,,
0.01,0.075,0.075,0.1,0.05,0.03,PlasmaOxy_CC,,,,,,,,,,,,,,,,,,,,,,,
0.01,0.075,0.075,0.1,0.07,0.018,PlasmaOxy_CC,,,,,,,,,,,,,,,,,,,,,,,
0.01,0.075,0.075,0.1,0.07,0.03,PlasmaOxy_CC,,,,,,,,,,,,,,,,,,,,,,,
0.01,0.075,0.075,0.2,0.03,0.018,PlasmaOxy_CC,,,,,,,,,,,,,,,,,,,,,,,
0.01,0.075,0.075,0.2,0.03,0.03,PlasmaOxy_CC,,,,,,,,,,,,,,,,,,,,,,,
0.01,0.075,0.075,0.2,0.05,0.018,PlasmaOxy_CC,,,,,,,,,,,,,,,,,,,,,,,
0.01,0.075,0.075,0.2,0.05,0.03,PlasmaOxy_CC,,,,,,,,,,,,,,,,,,,,,,,
0.01,0.075,0.075,0.2,0.07,0.018,PlasmaOxy_CC,,,,,,,,,,,,,,,,,,,,,,,
0.01,0.075,0.075,0.2,0.07,0.03,PlasmaOxy_CC,,,,,,,,,,,,,,,,,,,,,,,
0.01,0.075,0.075,0.25,0.03,0.018,PlasmaOxy_CC,,,,,,,,,,,,,,,,,,,,,,,
0.01,0.075,0.075,0.25,0.03,0.03,PlasmaOxy_CC,,,,,,,,,,,,,,,,,,,,,,,
0.01,0.075,0.075,0.25,0.05,0.018,PlasmaOxy_CC,,,,,,,,,,,,,,,,,,,,,,,
0.01,0.075,0.075,0.25,0.05,0.03,PlasmaOxy_CC,,,,,,,,,,,,,,,,,,,,,,,
0.01,0.075,0.075,0.25,0.07,0.018,PlasmaOxy_CC,,,,,,,,,,,,,,,,,,,,,,,
0.01,0.075,0.075,0.25,0.07,0.03,PlasmaOxy_CC,,,,,,,,,,,,,,,,,,,,,,,
0.01,0.075,0.1,0.075,0.03,0.018,Plasma,,,,,,,,,,,,,,,,,,,,,,,
0.01,0.075,0.1,0.075,0.03,0.03,Plasma,,,,,,,,,,,,,,,,,,,,,,,
0.01,0.075,0.1,0.075,0.05,0.018,Plasma,,,,,,,,,,,,,,,,,,,,,,,
0.01,0.075,0.1,0.075,0.05,0.03,Plasma,,,,,,,,,,,,,,,,,,,,,,,
0.01,0.075,0.1,0.075,0.07,0.018,Plasma,,,,,,,,,,,,,,,,,,,,,,,
0.01,0.075,0.1,0.075,0.07,0.03,Plasma,,,,,,,,,,,,,,,,,,,,,,,
0.01,0.075,0.1,0.1,0.03,0.018,PlasmaOxy_CC,,,,,,,,,,,,,,,,,,,,,,,
0.01,0.075,0.1,0.1,0.03,0.03,PlasmaOxy_CC,,,,,,,,,,,,,,,,,,,,,,,
0.01,0.075,0.1,0.1,0.05,0.018,PlasmaOxy_CC,,,,,,,,,,,,,,,,,,,,,,,
0.01,0.075,0.1,0.1,0.05,0.03,PlasmaOxy_CC,,,,,,,,,,,,,,,,,,,,,,,
0.01,0.075,0.1,0.1,0.07,0.018,PlasmaOxy_CC,,,,,,,,,,,,,,,,,,,,,,,
0.01,0.075,0.1,0.1,0.07,0.03,PlasmaOxy_CC,,,,,,,,,,,,,,,,,,,,,,,
0.01,0.075,0.1,0.2,0.03,0.018,PlasmaOxy_CC,,,,,,,,,,,,,,,,,,,,,,,
0.01,0.075,0.1,0.2,0.03,0.03,PlasmaOxy_CC,,,,,,,,,,,,,,,,,,,,,,,
0.01,0.075,0.1,0.2,0.05,0.018,PlasmaOxy_CC,,,,,,,,,,,,,,,,,,,,,,,
0.01,0.075,0.1,0.2,0.05,0.03,PlasmaOxy_CC,,,,,,,,,,,,,,,,,,,,,,,
0.01,0.075,0.1,0.2,0.07,0.018,PlasmaOxy_CC,,,,,,,,,,,,,,,,,,,,,,,
0.01,0.075,0.1,0.2,0.07,0.03,PlasmaOxy_CC,,,,,,,,,,,,,,,,,,,,,,,
0.01,0.075,0.1,0.25,0.03,0.018,PlasmaOxy_CC,,,,,,,,,,,,,,,,,,,,,,,
0.01,0.075,0.1,0.25,0.03,0.03,PlasmaOxy_CC,,,,,,,,,,,,,,,,,,,,,,,
0.01,0.075,0.1,0.25,0.05,0.018,PlasmaOxy_CC,,,,,,,,,,,,,,,,,,,,,,,
0.01,0.075,0.1,0.25,0.05,0.03,PlasmaOxy_CC,,,,,,,,,,,,,,,,,,,,,,,
0.01,0.075,0.1,0.25,0.07,0.018,PlasmaOxy_CC,,,,,,,,,,,,,,,,,,,,,,,
0.01,0.075,0.1,0.25,0.07,0.03,PlasmaOxy_CC,,,,,,,,,,,,,,,,,,,,,,,
0.01,0.1,0.01,0.075,0.03,0.018,Plasma,,,,,,,,,,,,,,,,,,,,,,,
0.01,0.1,0.01,0.075,0.03,0.03,Plasma,,,,,,,,,,,,,,,,,,,,,,,
0.01,0.1,0.01,0.075,0.05,0.018,Plasma,,,,,,,,,,,,,,,,,,,,,,,
0.01,0.1,0.01,0.075,0.05,0.03,Plasma,,,,,,,,,,,,,,,,,,,,,,,
0.01,0.1,0.01,0.075,0.07,0.018,Plasma,,,,,,,,,,,,,,,,,,,,,,,
0.01,0.1,0.01,0.075,0.07,0.03,Plasma,,,,,,,,,,,,,,,,,,,,,,,
0.01,0.1,0.01,0.1,0.03,0.018,PlasmaOxy_CC,,,,,,,,,,,,,,,,,,,,,,,
0.01,0.1,0.01,0.1,0.03,0.03,PlasmaOxy_CC,,,,,,,,,,,,,,,,,,,,,,,
0.01,0.1,0.01,0.1,0.05,0.018,PlasmaOxy_CC,,,,,,,,,,,,,,,,,,,,,,,
0.01,0.1,0.01,0.1,0.05,0.03,PlasmaOxy_CC,,,,,,,,,,,,,,,,,,,,,,,
0.01,0.1,0.01,0.1,0.07,0.018,PlasmaOxy_CC,,,,,,,,,,,,,,,,,,,,,,,
0.01,0.1,0.01,0.1,0.07,0.03,PlasmaOxy_CC,,,,,,,,,,,,,,,,,,,,,,,
0.01,0.1,0.01,0.2,0.03,0.018,PlasmaOxy_CC,,,,,,,,,,,,,,,,,,,,,,,
0.01,0.1,0.01,0.2,0.03,0.03,PlasmaOxy_CC,,,,,,,,,,,,,,,,,,,,,,,
0.01,0.1,0.01,0.2,0.05,0.018,PlasmaOxy_CC,,,,,,,,,,,,,,,,,,,,,,,
0.01,0.1,0.01,0.2,0.05,0.03,PlasmaOxy_CC,,,,,,,,,,,,,,,,,,,,,,,
0.01,0.1,0.01,0.2,0.07,0.018,PlasmaOxy_CC,,,,,,,,,,,,,,,,,,,,,,,
0.01,0.1,0.01,0.2,0.07,0.03,PlasmaOxy_CC,,,,,,,,,,,,,,,,,,,,,,,
0.01,0.1,0.01,0.25,0.03,0.018,PlasmaOxy_CC,,,,,,,,,,,,,,,,,,,,,,,
0.01,0.1,0.01,0.25,0.03,0.03,PlasmaOxy_CC,,,,,,,,,,,,,,,,,,,,,,,
0.01,0.1,0.01,0.25,0.05,0.018,PlasmaOxy_CC,,,,,,,,,,,,,,,,,,,,,,,
0.01,0.1,0.01,0.25,0.05,0.03,PlasmaOxy_CC,,,,,,,,,,,,,,,,,,,,,,,
0.01,0.1,0.01,0.25,0.07,0.018,PlasmaOxy_CC,,,,,,,,,,,,,,,,,,,,,,,
0.01,0.1,0.01,0.25,0.07,0.03,PlasmaOxy_CC,,,,,,,,,,,,,,,,,,,,,,,
0.01,0.1,0.035,0.075,0.03,0.018,Plasma,,,,,,,,,,,,,,,,,,,,,,,
0.01,0.1,0.035,0.075,0.03,0.03,Plasma,,,,,,,,,,,,,,,,,,,,,,,
0.01,0.1,0.035,0.075,0.05,0.018,Plasma,,,,,,,,,,,,,,,,,,,,,,,
0.01,0.1,0.035,0.075,0.05,0.03,Plasma,,,,,,,,,,,,,,,,,,,,,,,
0.01,0.1,0.035,0.075,0.07,0.018,Plasma,,,,,,,,,,,,,,,,,,,,,,,
0.01,0.1,0.035,0.075,0.07,0.03,Plasma,,,,,,,,,,,,,,,,,,,,,,,
0.01,0.1,0.035,0.1,0.03,0.018,PlasmaOxy_CC,,,,,,,,,,,,,,,,,,,,,,,
0.01,0.1,0.035,0.1,0.03,0.03,PlasmaOxy_CC,,,,,,,,,,,,,,,,,,,,,,,
0.01,0.1,0.035,0.1,0.05,0.018,PlasmaOxy_CC,,,,,,,,,,,,,,,,,,,,,,,
0.01,0.1,0.035,0.1,0.05,0.03,PlasmaOxy_CC,,,,,,,,,,,,,,,,,,,,,,,
0.01,0.1,0.035,0.1,0.07,0.018,PlasmaOxy_CC,,,,,,,,,,,,,,,,,,,,,,,
0.01,0.1,0.035,0.1,0.07,0.03,PlasmaOxy_CC,,,,,,,,,,,,,,,,,,,,,,,
0.01,0.1,0.035,0.2,0.03,0.018,PlasmaOxy_CC,,,,,,,,,,,,,,,,,,,,,,,
0.01,0.1,0.035,0.2,0.03,0.03,PlasmaOxy_CC,,,,,,,,,,,,,,,,,,,,,,,
0.01,0.1,0.035,0.2,0.05,0.018,PlasmaOxy_CC,,,,,,,,,,,,,,,,,,,,,,,
0.01,0.1,0.035,0.2,0.05,0.03,PlasmaOxy_CC,,,,,,,,,,,,,,,,,,,,,,,
0.01,0.1,0.035,0.2,0.07,0.018,PlasmaOxy_CC,,,,,,,,,,,,,,,,,,,,,,,
0.01,0.1,0.035,0.2,0.07,0.03,PlasmaOxy_CC,,,,,,,,,,,,,,,,,,,,,,,
0.01,0.1,0.035,0.25,0.03,0.018,PlasmaOxy_CC,,,,,,,,,,,,,,,,,,,,,,,
0.01,0.1,0.035,0.25,0.03,0.03,PlasmaOxy_CC,,,,,,,,,,,,,,,,,,,,,,,
0.01,0.1,0.035,0.25,0.05,0.018,PlasmaOxy_CC,,,,,,,,,,,,,,,,,,,,,,,
0.01,0.1,0.035,0.25,0.05,0.03,PlasmaOxy_CC,,,,,,,,,,,,,,,,,,,,,,,
0.01,0.1,0.035,0.25,0.07,0.018,PlasmaOxy_CC,,,,,,,,,,,,,,,,,,,,,,,
0.01,0.1,0.035,0.25,0.07,0.03,PlasmaOxy_CC,,,,,,,,,,,,,,,,,,,,,,,
0.01,0.1,0.055,0.075,0.03,0.018,Plasma,,,,,,,,,,,,,,,,,,,,,,,
0.01,0.1,0.055,0.075,0.03,0.03,Plasma,,,,,,,,,,,,,,,,,,,,,,,
0.01,0.1,0.055,0.075,0.05,0.018,Plasma,,,,,,,,,,,,,,,,,,,,,,,
0.01,0.1,0.055,0.075,0.05,0.03,Plasma,,,,,,,,,,,,,,,,,,,,,,,
0.01,0.1,0.055,0.075,0.07,0.018,Plasma,,,,,,,,,,,,,,,,,,,,,,,
0.01,0.1,0.055,0.075,0.07,0.03,Plasma,,,,,,,,,,,,,,,,,,,,,,,
0.01,0.1,0.055,0.1,0.03,0.018,PlasmaOxy_CC,,,,,,,,,,,,,,,,,,,,,,,
0.01,0.1,0.055,0.1,0.03,0.03,PlasmaOxy_CC,,,,,,,,,,,,,,,,,,,,,,,
0.01,0.1,0.055,0.1,0.05,0.018,PlasmaOxy_CC,,,,,,,,,,,,,,,,,,,,,,,
0.01,0.1,0.055,0.1,0.05,0.03,PlasmaOxy_CC,,,,,,,,,,,,,,,,,,,,,,,
0.01,0.1,0.055,0.1,0.07,0.018,PlasmaOxy_CC,,,,,,,,,,,,,,,,,,,,,,,
0.01,0.1,0.055,0.1,0.07,0.03,PlasmaOxy_CC,,,,,,,,,,,,,,,,,,,,,,,
0.01,0.1,0.055,0.2,0.03,0.018,PlasmaOxy_CC,,,,,,,,,,,,,,,,,,,,,,,
0.01,0.1,0.055,0.2,0.03,0.03,PlasmaOxy_CC,,,,,,,,,,,,,,,,,,,,,,,
0.01,0.1,0.055,0.2,0.05,0.018,PlasmaOxy_CC,,,,,,,,,,,,,,,,,,,,,,,
0.01,0.1,0.055,0.2,0.05,0.03,PlasmaOxy_CC,,,,,,,,,,,,,,,,,,,,,,,
0.01,0.1,0.055,0.2,0.07,0.018,PlasmaOxy_CC,,,,,,,,,,,,,,,,,,,,,,,
0.01,0.1,0.055,0.2,0.07,0.03,PlasmaOxy_CC,,,,,,,,,,,,,,,,,,,,,,,
0.01,0.1,0.055,0.25,0.03,0.018,PlasmaOxy_CC,,,,,,,,,,,,,,,,,,,,,,,
0.01,0.1,0.055,0.25,0.03,0.03,PlasmaOxy_CC,,,,,,,,,,,,,,,,,,,,,,,
0.01,0.1,0.055,0.25,0.05,0.018,PlasmaOxy_CC,,,,,,,,,,,,,,,,,,,,,,,
0.01,0.1,0.055,0.25,0.05,0.03,PlasmaOxy_CC,,,,,,,,,,,,,,,,,,,,,,,
0.01,0.1,0.055,0.25,0.07,0.018,PlasmaOxy_CC,,,,,,,,,,,,,,,,,,,,,,,
0.01,0.1,0.055,0.25,0.07,0.03,PlasmaOxy_CC,,,,,,,,,,,,,,,,,,,,,,,
0.01,0.1,0.075,0.075,0.03,0.018,Plasma,,,,,,,,,,,,,,,,,,,,,,,
0.01,0.1,0.075,0.075,0.03,0.03,Plasma,,,,,,,,,,,,,,,,,,,,,,,
0.01,0.1,0.075,0.075,0.05,0.018,Plasma,,,,,,,,,,,,,,,,,,,,,,,
0.01,0.1,0.075,0.075,0.05,0.03,Plasma,,,,,,,,,,,,,,,,,,,,,,,
0.01,0.1,0.075,0.075,0.07,0.018,Plasma,,,,,,,,,,,,,,,,,,,,,,,
0.01,0.1,0.075,0.075,0.07,0.03,Plasma,,,,,,,,,,,,,,,,,,,,,,,
0.01,0.1,0.075,0.1,0.03,0.018,PlasmaOxy_CC,,,,,,,,,,,,,,,,,,,,,,,
0.01,0.1,0.075,0.1,0.03,0.03,PlasmaOxy_CC,,,,,,,,,,,,,,,,,,,,,,,
0.01,0.1,0.075,0.1,0.05,0.018,PlasmaOxy_CC,,,,,,,,,,,,,,,,,,,,,,,
0.01,0.1,0.075,0.1,0.05,0.03,PlasmaOxy_CC,,,,,,,,,,,,,,,,,,,,,,,
0.01,0.1,0.075,0.1,0.07,0.018,PlasmaOxy_CC,,,,,,,,,,,,,,,,,,,,,,,
0.01,0.1,0.075,0.1,0.07,0.03,PlasmaOxy_CC,,,,,,,,,,,,,,,,,,,,,,,
0.01,0.1,0.075,0.2,0.03,0.018,PlasmaOxy_CC,,,,,,,,,,,,,,,,,,,,,,,
0.01,0.1,0.075,0.2,0.03,0.03,PlasmaOxy_CC,,,,,,,,,,,,,,,,,,,,,,,
0.01,0.1,0.075,0.2,0.05,0.018,PlasmaOxy_CC,,,,,,,,,,,,,,,,,,,,,,,
0.01,0.1,0.075,0.2,0.05,0.03,PlasmaOxy_CC,,,,,,,,,,,,,,,,,,,,,,,
0.01,0.1,0.075,0.2,0.07,0.018,PlasmaOxy_CC,,,,,,,,,,,,,,,,,,,,,,,
0.01,0.1,0.075,0.2,0.07,0.03,PlasmaOxy_CC,,,,,,,,,,,,,,,,,,,,,,,
0.01,0.1,0.075,0.25,0.03,0.018,PlasmaOxy_CC,,,,,,,,,,,,,,,,,,,,,,,
0.01,0.1,0.075,0.25,0.03,0.03,PlasmaOxy_CC,,,,,,,,,,,,,,,,,,,,,,,
0.01,0.1,0.075,0.25,0.05,0.018,PlasmaOxy_CC,,,,,,,,,,,,,,,,,,,,,,,
0.01,0.1,0.075,0.25,0.05,0.03,PlasmaOxy_CC,,,,,,,,,,,,,,,,,,,,,,,
0.01,0.1,0.075,0.25,0.07,0.018,PlasmaOxy_CC,,,,,,,,,,,,,,,,,,,,,,,
0.01,0.1,0.075,0.25,0.07,0.03,PlasmaOxy_CC,,,,,,,,,,,,,,,,,,,,,,,
0.01,0.1,0.1,0.075,0.03,0.018,Plasma,,,,,,,,,,,,,,,,,,,,,,,
0.01,0.1,0.1,0.075,0.03,0.03,Plasma,,,,,,,,,,,,,,,,,,,,,,,
0.01,0.1,0.1,0.075,0.05,0.018,Plasma,,,,,,,,,,,,,,,,,,,,,,,
0.01,0.1,0.1,0.075,0.05,0.03,Plasma,,,,,,,,,,,,,,,,,,,,,,,
0.01,0.1,0.1,0.075,0.07,0.018,Plasma,,,,,,,,,,,,,,,,,,,,,,,
0.01,0.1,0.1,0.075,0.07,0.03,Plasma,,,,,,,,,,,,,,,,,,,,,,,
0.01,0.1,0.1,0.1,0.03,0.018,PlasmaOxy_CC,,,,,,,,,,,,,,,,,,,,,,,
0.01,0.1,0.1,0.1,0.03,0.03,PlasmaOxy_CC,,,,,,,,,,,,,,,,,,,,,,,
0.01,0.1,0.1,0.1,0.05,0.018,PlasmaOxy_CC,,,,,,,,,,,,,,,,,,,,,,,
0.01,0.1,0.1,0.1,0.05,0.03,PlasmaOxy_CC,,,,,,,,,,,,,,,,,,,,,,,
0.01,0.1,0.1,0.1,0.07,0.018,PlasmaOxy_CC,,,,,,,,,,,,,,,,,,,,,,,
0.01,0.1,0.1,0.1,0.07,0.03,PlasmaOxy_CC,,,,,,,,,,,,,,,,,,,,,,,
0.01,0.1,0.1,0.2,0.03,0.018,PlasmaOxy_CC,,,,,,,,,,,,,,,,,,,,,,,
0.01,0.1,0.1,0.2,0.03,0.03,PlasmaOxy_CC,,,,,,,,,,,,,,,,,,,,,,,
0.01,0.1,0.1,0.2,0.05,0.018,PlasmaOxy_CC,,,,,,,,,,,,,,,,,,,,,,,
0.01,0.1,0.1,0.2,0.05,0.03,PlasmaOxy_CC,,,,,,,,,,,,,,,,,,,,,,,
0.01,0.1,0.1,0.2,0.07,0.018,PlasmaOxy_CC,,,,,,,,,,,,,,,,,,,,,,,
0.01,0.1,0.1,0.2,0.07,0.03,PlasmaOxy_CC,,,,,,,,,,,,,,,,,,,,,,,
0.01,0.1,0.1,0.25,0.03,0.018,PlasmaOxy_CC,,,,,,,,,,,,,,,,,,,,,,,
0.01,0.1,0.1,0.25,0.03,0.03,PlasmaOxy_CC,,,,,,,,,,,,,,,,,,,,,,,
0.01,0.1,0.1,0.25,0.05,0.018,PlasmaOxy_CC,,,,,,,,,,,,,,,,,,,,,,,
0.01,0.1,0.1,0.25,0.05,0.03,PlasmaOxy_CC,,,,,,,,,,,,,,,,,,,,,,,
0.01,0.1,0.1,0.25,0.07,0.018,PlasmaOxy_CC,,,,,,,,,,,,,,,,,,,,,,,
0.01,0.1,0.1,0.25,0.07,0.03,PlasmaOxy_CC,,,,,,,,,,,,,,,,,,,,,,,
0.01,0.15,0.01,0.075,0.03,0.018,Plasma,,,,,,,,,,,,,,,,,,,,,,,
0.01,0.15,0.01,0.075,0.03,0.03,Plasma,,,,,,,,,,,,,,,,,,,,,,,
0.01,0.15,0.01,0.075,0.05,0.018,Plasma,,,,,,,,,,,,,,,,,,,,,,,
0.01,0.15,0.01,0.075,0.05,0.03,Plasma,,,,,,,,,,,,,,,,,,,,,,,
0.01,0.15,0.01,0.075,0.07,0.018,Plasma,,,,,,,,,,,,,,,,,,,,,,,
0.01,0.15,0.01,0.075,0.07,0.03,Plasma,,,,,,,,,,,,,,,,,,,,,,,
0.01,0.15,0.01,0.1,0.03,0.018,PlasmaOxy_CC,,,,,,,,,,,,,,,,,,,,,,,
0.01,0.15,0.01,0.1,0.03,0.03,PlasmaOxy_CC,,,,,,,,,,,,,,,,,,,,,,,
0.01,0.15,0.01,0.1,0.05,0.018,PlasmaOxy_CC,,,,,,,,,,,,,,,,,,,,,,,
0.01,0.15,0.01,0.1,0.05,0.03,PlasmaOxy_CC,,,,,,,,,,,,,,,,,,,,,,,
0.01,0.15,0.01,0.1,0.07,0.018,PlasmaOxy_CC,,,,,,,,,,,,,,,,,,,,,,,
0.01,0.15,0.01,0.1,0.07,0.03,PlasmaOxy_CC,,,,,,,,,,,,,,,,,,,,,,,
0.01,0.15,0.01,0.2,0.03,0.018,PlasmaOxy_CC,,,,,,,,,,,,,,,,,,,,,,,
0.01,0.15,0.01,0.2,0.03,0.03,PlasmaOxy_CC,,,,,,,,,,,,,,,,,,,,,,,
0.01,0.15,0.01,0.2,0.05,0.018,PlasmaOxy_CC,,,,,,,,,,,,,,,,,,,,,,,
0.01,0.15,0.01,0.2,0.05,0.03,PlasmaOxy_CC,,,,,,,,,,,,,,,,,,,,,,,
0.01,0.15,0.01,0.2,0.07,0.018,PlasmaOxy_CC,,,,,,,,,,,,,,,,,,,,,,,
0.01,0.15,0.01,0.2,0.07,0.03,PlasmaOxy_CC,,,,,,,,,,,,,,,,,,,,,,,
0.01,0.15,0.01,0.25,0.03,0.018,PlasmaOxy_CC,,,,,,,,,,,,,,,,,,,,,,,
0.01,0.15,0.01,0.25,0.03,0.03,PlasmaOxy_CC,,,,,,,,,,,,,,,,,,,,,,,
0.01,0.15,0.01,0.25,0.05,0.018,PlasmaOxy_CC,,,,,,,,,,,,,,,,,,,,,,,
0.01,0.15,0.01,0.25,0.05,0.03,PlasmaOxy_CC,,,,,,,,,,,,,,,,,,,,,,,
0.01,0.15,0.01,0.25,0.07,0.018,PlasmaOxy_CC,,,,,,,,,,,,,,,,,,,,,,,
0.01,0.15,0.01,0.25,0.07,0.03,PlasmaOxy_CC,,,,,,,,,,,,,,,,,,,,,,,
0.01,0.15,0.035,0.075,0.03,0.018,Plasma,,,,,,,,,,,,,,,,,,,,,,,
0.01,0.15,0.035,0.075,0.03,0.03,Plasma,,,,,,,,,,,,,,,,,,,,,,,
0.01,0.15,0.035,0.075,0.05,0.018,Plasma,,,,,,,,,,,,,,,,,,,,,,,
0.01,0.15,0.035,0.075,0.05,0.03,Plasma,,,,,,,,,,,,,,,,,,,,,,,
0.01,0.15,0.035,0.075,0.07,0.018,Plasma,,,,,,,,,,,,,,,,,,,,,,,
0.01,0.15,0.035,0.075,0.07,0.03,Plasma,,,,,,,,,,,,,,,,,,,,,,,
0.01,0.15,0.035,0.1,0.03,0.018,PlasmaOxy_CC,,,,,,,,,,,,,,,,,,,,,,,
0.01,0.15,0.035,0.1,0.03,0.03,PlasmaOxy_CC,,,,,,,,,,,,,,,,,,,,,,,
0.01,0.15,0.035,0.1,0.05,0.018,PlasmaOxy_CC,,,,,,,,,,,,,,,,,,,,,,,
0.01,0.15,0.035,0.1,0.05,0.03,PlasmaOxy_CC,,,,,,,,,,,,,,,,,,,,,,,
0.01,0.15,0.035,0.1,0.07,0.018,PlasmaOxy_CC,,,,,,,,,,,,,,,,,,,,,,,
0.01,0.15,0.035,0.1,0.07,0.03,PlasmaOxy_CC,,,,,,,,,,,,,,,,,,,,,,,
0.01,0.15,0.035,0.2,0.03,0.018,PlasmaOxy_CC,,,,,,,,,,,,,,,,,,,,,,,
0.01,0.15,0.035,0.2,0.03,0.03,PlasmaOxy_CC,,,,,,,,,,,,,,,,,,,,,,,
0.01,0.15,0.035,0.2,0.05,0.018,PlasmaOxy_CC,,,,,,,,,,,,,,,,,,,,,,,
0.01,0.15,0.035,0.2,0.05,0.03,PlasmaOxy_CC,,,,,,,,,,,,,,,,,,,,,,,
0.01,0.15,0.035,0.2,0.07,0.018,PlasmaOxy_CC,,,,,,,,,,,,,,,,,,,,,,,
0.01,0.15,0.035,0.2,0.07,0.03,PlasmaOxy_CC,,,,,,,,,,,,,,,,,,,,,,,
0.01,0.15,0.035,0.25,0.03,0.018,PlasmaOxy_CC,,,,,,,,,,,,,,,,,,,,,,,
0.01,0.15,0.035,0.25,0.03,0.03,PlasmaOxy_CC,,,,,,,,,,,,,,,,,,,,,,,
0.01,0.15,0.035,0.25,0.05,0.018,PlasmaOxy_CC,,,,,,,,,,,,,,,,,,,,,,,
0.01,0.15,0.035,0.25,0.05,0.03,PlasmaOxy_CC,,,,,,,,,,,,,,,,,,,,,,,
0.01,0.15,0.035,0.25,0.07,0.018,PlasmaOxy_CC,,,,,,,,,,,,,,,,,,,,,,,
0.01,0.15,0.035,0.25,0.07,0.03,PlasmaOxy_CC,,,,,,,,,,,,,,,,,,,,,,,
0.01,0.15,0.055,0.075,0.03,0.018,Plasma,,,,,,,,,,,,,,,,,,,,,,,
0.01,0.15,0.055,0.075,0.03,0.03,Plasma,,,,,,,,,,,,,,,,,,,,,,,
0.01,0.15,0.055,0.075,0.05,0.018,Plasma,,,,,,,,,,,,,,,,,,,,,,,
0.01,0.15,0.055,0.075,0.05,0.03,Plasma,,,,,,,,,,,,,,,,,,,,,,,
0.01,0.15,0.055,0.075,0.07,0.018,Plasma,,,,,,,,,,,,,,,,,,,,,,,
0.01,0.15,0.055,0.075,0.07,0.03,Plasma,,,,,,,,,,,,,,,,,,,,,,,
0.01,0.15,0.055,0.1,0.03,0.018,PlasmaOxy_CC,,,,,,,,,,,,,,,,,,,,,,,
0.01,0.15,0.055,0.1,0.03,0.03,PlasmaOxy_CC,,,,,,,,,,,,,,,,,,,,,,,
0.01,0.15,0.055,0.1,0.05,0.018,PlasmaOxy_CC,,,,,,,,,,,,,,,,,,,,,,,
0.01,0.15,0.055,0.1,0.05,0.03,PlasmaOxy_CC,,,,,,,,,,,,,,,,,,,,,,,
0.01,0.15,0.055,0.1,0.07,0.018,PlasmaOxy_CC,,,,,,,,,,,,,,,,,,,,,,,
0.01,0.15,0.055,0.1,0.07,0.03,PlasmaOxy_CC,,,,,,,,,,,,,,,,,,,,,,,
0.01,0.15,0.055,0.2,0.03,0.018,PlasmaOxy_CC,,,,,,,,,,,,,,,,,,,,,,,
0.01,0.15,0.055,0.2,0.03,0.03,PlasmaOxy_CC,,,,,,,,,,,,,,,,,,,,,,,
0.01,0.15,0.055,0.2,0.05,0.018,PlasmaOxy_CC,,,,,,,,,,,,,,,,,,,,,,,
0.01,0.15,0.055,0.2,0.05,0.03,PlasmaOxy_CC,,,,,,,,,,,,,,,,,,,,,,,
0.01,0.15,0.055,0.2,0.07,0.018,PlasmaOxy_CC,,,,,,,,,,,,,,,,,,,,,,,
0.01,0.15,0.055,0.2,0.07,0.03,PlasmaOxy_CC,,,,,,,,,,,,,,,,,,,,,,,
0.01,0.15,0.055,0.25,0.03,0.018,PlasmaOxy_CC,,,,,,,,,,,,,,,,,,,,,,,
0.01,0.15,0.055,0.25,0.03,0.03,PlasmaOxy_CC,,,,,,,,,,,,,,,,,,,,,,,
0.01,0.15,0.055,0.25,0.05,0.018,PlasmaOxy_CC,,,,,,,,,,,,,,,,,,,,,,,
0.01,0.15,0.055,0.25,0.05,0.03,PlasmaOxy_CC,,,,,,,,,,,,,,,,,,,,,,,
0.01,0.15,0.055,0.25,0.07,0.018,PlasmaOxy_CC,,,,,,,,,,,,,,,,,,,,,,,
0.01,0.15,0.055,0.25,0.07,0.03,PlasmaOxy_CC,,,,,,,,,,,,,,,,,,,,,,,
0.01,0.15,0.075,0.075,0.03,0.018,Plasma,,,,,,,,,,,,,,,,,,,,,,,
0.01,0.15,0.075,0.075,0.03,0.03,Plasma,,,,,,,,,,,,,,,,,,,,,,,
0.01,0.15,0.075,0.075,0.05,0.018,Plasma,,,,,,,,,,,,,,,,,,,,,,,
0.01,0.15,0.075,0.075,0.05,0.03,Plasma,,,,,,,,,,,,,,,,,,,,,,,
0.01,0.15,0.075,0.075,0.07,0.018,Plasma,,,,,,,,,,,,,,,,,,,,,,,
0.01,0.15,0.075,0.075,0.07,0.03,Plasma,,,,,,,,,,,,,,,,,,,,,,,
0.01,0.15,0.075,0.1,0.03,0.018,PlasmaOxy_CC,,,,,,,,,,,,,,,,,,,,,,,
0.01,0.15,0.075,0.1,0.03,0.03,PlasmaOxy_CC,,,,,,,,,,,,,,,,,,,,,,,
0.01,0.15,0.075,0.1,0.05,0.018,PlasmaOxy_CC,,,,,,,,,,,,,,,,,,,,,,,
0.01,0.15,0.075,0.1,0.05,0.03,PlasmaOxy_CC,,,,,,,,,,,,,,,,,,,,,,,
0.01,0.15,0.075,0.1,0.07,0.018,PlasmaOxy_CC,,,,,,,,,,,,,,,,,,,,,,,
0.01,0.15,0.075,0.1,0.07,0.03,PlasmaOxy_CC,,,,,,,,,,,,,,,,,,,,,,,
0.01,0.15,0.075,0.2,0.03,0.018,PlasmaOxy_CC,,,,,,,,,,,,,,,,,,,,,,,
0.01,0.15,0.075,0.2,0.03,0.03,PlasmaOxy_CC,,,,,,,,,,,,,,,,,,,,,,,
0.01,0.15,0.075,0.2,0.05,0.018,PlasmaOxy_CC,,,,,,,,,,,,,,,,,,,,,,,
0.01,0.15,0.075,0.2,0.05,0.03,PlasmaOxy_CC,,,,,,,,,,,,,,,,,,,,,,,
0.01,0.15,0.075,0.2,0.07,0.018,PlasmaOxy_CC,,,,,,,,,,,,,,,,,,,,,,,
0.01,0.15,0.075,0.2,0.07,0.03,PlasmaOxy_CC,,,,,,,,,,,,,,,,,,,,,,,
0.01,0.15,0.075,0.25,0.03,0.018,PlasmaOxy_CC,,,,,,,,,,,,,,,,,,,,,,,
0.01,0.15,0.075,0.25,0.03,0.03,PlasmaOxy_CC,,,,,,,,,,,,,,,,,,,,,,,
0.01,0.15,0.075,0.25,0.05,0.018,PlasmaOxy_CC,,,,,,,,,,,,,,,,,,,,,,,
0.01,0.15,0.075,0.25,0.05,0.03,PlasmaOxy_CC,,,,,,,,,,,,,,,,,,,,,,,
0.01,0.15,0.075,0.25,0.07,0.018,PlasmaOxy_CC,,,,,,,,,,,,,,,,,,,,,,,
0.01,0.15,0.075,0.25,0.07,0.03,PlasmaOxy_CC,,,,,,,,,,,,,,,,,,,,,,,
0.01,0.15,0.1,0.075,0.03,0.018,Plasma,,,,,,,,,,,,,,,,,,,,,,,
0.01,0.15,0.1,0.075,0.03,0.03,Plasma,,,,,,,,,,,,,,,,,,,,,,,
0.01,0.15,0.1,0.075,0.05,0.018,Plasma,,,,,,,,,,,,,,,,,,,,,,,
0.01,0.15,0.1,0.075,0.05,0.03,Plasma,,,,,,,,,,,,,,,,,,,,,,,
0.01,0.15,0.1,0.075,0.07,0.018,Plasma,,,,,,,,,,,,,,,,,,,,,,,
0.01,0.15,0.1,0.075,0.07,0.03,Plasma,,,,,,,,,,,,,,,,,,,,,,,
0.01,0.15,0.1,0.1,0.03,0.018,PlasmaOxy_CC,,,,,,,,,,,,,,,,,,,,,,,
0.01,0.15,0.1,0.1,0.03,0.03,PlasmaOxy_CC,,,,,,,,,,,,,,,,,,,,,,,
0.01,0.15,0.1,0.1,0.05,0.018,PlasmaOxy_CC,,,,,,,,,,,,,,,,,,,,,,,
0.01,0.15,0.1,0.1,0.05,0.03,PlasmaOxy_CC,,,,,,,,,,,,,,,,,,,,,,,
0.01,0.15,0.1,0.1,0.07,0.018,PlasmaOxy_CC,,,,,,,,,,,,,,,,,,,,,,,
0.01,0.15,0.1,0.1,0.07,0.03,PlasmaOxy_CC,,,,,,,,,,,,,,,,,,,,,,,
0.01,0.15,0.1,0.2,0.03,0.018,PlasmaOxy_CC,,,,,,,,,,,,,,,,,,,,,,,
0.01,0.15,0.1,0.2,0.03,0.03,PlasmaOxy_CC,,,,,,,,,,,,,,,,,,,,,,,
0.01,0.15,0.1,0.2,0.05,0.018,PlasmaOxy_CC,,,,,,,,,,,,,,,,,,,,,,,
0.01,0.15,0.1,0.2,0.05,0.03,PlasmaOxy_CC,,,,,,,,,,,,,,,,,,,,,,,
0.01,0.15,0.1,0.2,0.07,0.018,PlasmaOxy_CC,,,,,,,,,,,,,,,,,,,,,,,
0.01,0.15,0.1,0.2,0.07,0.03,PlasmaOxy_CC,,,,,,,,,,,,,,,,,,,,,,,
0.01,0.15,0.1,0.25,0.03,0.018,PlasmaOxy_CC,,,,,,,,,,,,,,,,,,,,,,,
0.01,0.15,0.1,0.25,0.03,0.03,PlasmaOxy_CC,,,,,,,,,,,,,,,,,,,,,,,
0.01,0.15,0.1,0.25,0.05,0.018,PlasmaOxy_CC,,,,,,,,,,,,,,,,,,,,,,,
0.01,0.15,0.1,0.25,0.05,0.03,PlasmaOxy_CC,,,,,,,,,,,,,,,,,,,,,,,
0.01,0.15,0.1,0.25,0.07,0.018,PlasmaOxy_CC,,,,,,,,,,,,,,,,,,,,,,,
0.01,0.15,0.1,0.25,0.07,0.03,PlasmaOxy_CC,,,,,,,,,,,,,,,,,,,,,,,
0.01,0.2,0.01,0.075,0.03,0.018,Plasma,,,,,,,,,,,,,,,,,,,,,,,
0.01,0.2,0.01,0.075,0.03,0.03,Plasma,,,,,,,,,,,,,,,,,,,,,,,
0.01,0.2,0.01,0.075,0.05,0.018,Plasma,,,,,,,,,,,,,,,,,,,,,,,
0.01,0.2,0.01,0.075,0.05,0.03,Plasma,,,,,,,,,,,,,,,,,,,,,,,
0.01,0.2,0.01,0.075,0.07,0.018,Plasma,,,,,,,,,,,,,,,,,,,,,,,
0.01,0.2,0.01,0.075,0.07,0.03,Plasma,,,,,,,,,,,,,,,,,,,,,,,
0.01,0.2,0.01,0.1,0.03,0.018,PlasmaOxy_CC,,,,,,,,,,,,,,,,,,,,,,,
0.01,0.2,0.01,0.1,0.03,0.03,PlasmaOxy_CC,,,,,,,,,,,,,,,,,,,,,,,
0.01,0.2,0.01,0.1,0.05,0.018,PlasmaOxy_CC,,,,,,,,,,,,,,,,,,,,,,,
0.01,0.2,0.01,0.1,0.05,0.03,PlasmaOxy_CC,,,,,,,,,,,,,,,,,,,,,,,
0.01,0.2,0.01,0.1,0.07,0.018,PlasmaOxy_CC,,,,,,,,,,,,,,,,,,,,,,,
0.01,0.2,0.01,0.1,0.07,0.03,PlasmaOxy_CC,,,,,,,,,,,,,,,,,,,,,,,
0.01,0.2,0.01,0.2,0.03,0.018,PlasmaOxy_CC,,,,,,,,,,,,,,,,,,,,,,,
0.01,0.2,0.01,0.2,0.03,0.03,PlasmaOxy_CC,,,,,,,,,,,,,,,,,,,,,,,
0.01,0.2,0.01,0.2,0.05,0.018,PlasmaOxy_CC,,,,,,,,,,,,,,,,,,,,,,,
0.01,0.2,0.01,0.2,0.05,0.03,PlasmaOxy_CC,,,,,,,,,,,,,,,,,,,,,,,
0.01,0.2,0.01,0.2,0.07,0.018,PlasmaOxy_CC,,,,,,,,,,,,,,,,,,,,,,,
0.01,0.2,0.01,0.2,0.07,0.03,PlasmaOxy_CC,,,,,,,,,,,,,,,,,,,,,,,
0.01,0.2,0.01,0.25,0.03,0.018,PlasmaOxy_CC,,,,,,,,,,,,,,,,,,,,,,,
0.01,0.2,0.01,0.25,0.03,0.03,PlasmaOxy_CC,,,,,,,,,,,,,,,,,,,,,,,
0.01,0.2,0.01,0.25,0.05,0.018,PlasmaOxy_CC,,,,,,,,,,,,,,,,,,,,,,,
0.01,0.2,0.01,0.25,0.05,0.03,PlasmaOxy_CC,,,,,,,,,,,,,,,,,,,,,,,
0.01,0.2,0.01,0.25,0.07,0.018,PlasmaOxy_CC,,,,,,,,,,,,,,,,,,,,,,,
0.01,0.2,0.01,0.25,0.07,0.03,PlasmaOxy_CC,,,,,,,,,,,,,,,,,,,,,,,
0.01,0.2,0.035,0.075,0.03,0.018,Plasma,,,,,,,,,,,,,,,,,,,,,,,
0.01,0.2,0.035,0.075,0.03,0.03,Plasma,,,,,,,,,,,,,,,,,,,,,,,
0.01,0.2,0.035,0.075,0.05,0.018,Plasma,,,,,,,,,,,,,,,,,,,,,,,
0.01,0.2,0.035,0.075,0.05,0.03,Plasma,,,,,,,,,,,,,,,,,,,,,,,
0.01,0.2,0.035,0.075,0.07,0.018,Plasma,,,,,,,,,,,,,,,,,,,,,,,
0.01,0.2,0.035,0.075,0.07,0.03,Plasma,,,,,,,,,,,,,,,,,,,,,,,
0.01,0.2,0.035,0.1,0.03,0.018,PlasmaOxy_CC,,,,,,,,,,,,,,,,,,,,,,,
0.01,0.2,0.035,0.1,0.03,0.03,PlasmaOxy_CC,,,,,,,,,,,,,,,,,,,,,,,
0.01,0.2,0.035,0.1,0.05,0.018,PlasmaOxy_CC,,,,,,,,,,,,,,,,,,,,,,,
0.01,0.2,0.035,0.1,0.05,0.03,PlasmaOxy_CC,,,,,,,,,,,,,,,,,,,,,,,
0.01,0.2,0.035,0.1,0.07,0.018,PlasmaOxy_CC,,,,,,,,,,,,,,,,,,,,,,,
0.01,0.2,0.035,0.1,0.07,0.03,PlasmaOxy_CC,,,,,,,,,,,,,,,,,,,,,,,
0.01,0.2,0.035,0.2,0.03,0.018,PlasmaOxy_CC,,,,,,,,,,,,,,,,,,,,,,,
0.01,0.2,0.035,0.2,0.03,0.03,PlasmaOxy_CC,,,,,,,,,,,,,,,,,,,,,,,
0.01,0.2,0.035,0.2,0.05,0.018,PlasmaOxy_CC,,,,,,,,,,,,,,,,,,,,,,,
0.01,0.2,0.035,0.2,0.05,0.03,PlasmaOxy_CC,,,,,,,,,,,,,,,,,,,,,,,
0.01,0.2,0.035,0.2,0.07,0.018,PlasmaOxy_CC,,,,,,,,,,,,,,,,,,,,,,,
0.01,0.2,0.035,0.2,0.07,0.03,PlasmaOxy_CC,,,,,,,,,,,,,,,,,,,,,,,
0.01,0.2,0.035,0.25,0.03,0.018,PlasmaOxy_CC,,,,,,,,,,,,,,,,,,,,,,,
0.01,0.2,0.035,0.25,0.03,0.03,PlasmaOxy_CC,,,,,,,,,,,,,,,,,,,,,,,
0.01,0.2,0.035,0.25,0.05,0.018,PlasmaOxy_CC,,,,,,,,,,,,,,,,,,,,,,,
0.01,0.2,0.035,0.25,0.05,0.03,PlasmaOxy_CC,,,,,,,,,,,,,,,,,,,,,,,
0.01,0.2,0.035,0.25,0.07,0.018,PlasmaOxy_CC,,,,,,,,,,,,,,,,,,,,,,,
0.01,0.2,0.035,0.25,0.07,0.03,PlasmaOxy_CC,,,,,,,,,,,,,,,,,,,,,,,
0.01,0.2,0.055,0.075,0.03,0.018,Plasma,,,,,,,,,,,,,,,,,,,,,,,
0.01,0.2,0.055,0.075,0.03,0.03,Plasma,,,,,,,,,,,,,,,,,,,,,,,
0.01,0.2,0.055,0.075,0.05,0.018,Plasma,,,,,,,,,,,,,,,,,,,,,,,
0.01,0.2,0.055,0.075,0.05,0.03,Plasma,,,,,,,,,,,,,,,,,,,,,,,
0.01,0.2,0.055,0.075,0.07,0.018,Plasma,,,,,,,,,,,,,,,,,,,,,,,
0.01,0.2,0.055,0.075,0.07,0.03,Plasma,,,,,,,,,,,,,,,,,,,,,,,
0.01,0.2,0.055,0.1,0.03,0.018,PlasmaOxy_CC,,,,,,,,,,,,,,,,,,,,,,,
0.01,0.2,0.055,0.1,0.03,0.03,PlasmaOxy_CC,,,,,,,,,,,,,,,,,,,,,,,
0.01,0.2,0.055,0.1,0.05,0.018,PlasmaOxy_CC,,,,,,,,,,,,,,,,,,,,,,,
0.01,0.2,0.055,0.1,0.05,0.03,PlasmaOxy_CC,,,,,,,,,,,,,,,,,,,,,,,
0.01,0.2,0.055,0.1,0.07,0.018,PlasmaOxy_CC,,,,,,,,,,,,,,,,,,,,,,,
0.01,0.2,0.055,0.1,0.07,0.03,PlasmaOxy_CC,,,,,,,,,,,,,,,,,,,,,,,
0.01,0.2,0.055,0.2,0.03,0.018,PlasmaOxy_CC,,,,,,,,,,,,,,,,,,,,,,,
0.01,0.2,0.055,0.2,0.03,0.03,PlasmaOxy_CC,,,,,,,,,,,,,,,,,,,,,,,
0.01,0.2,0.055,0.2,0.05,0.018,PlasmaOxy_CC,,,,,,,,,,,,,,,,,,,,,,,
0.01,0.2,0.055,0.2,0.05,0.03,PlasmaOxy_CC,,,,,,,,,,,,,,,,,,,,,,,
0.01,0.2,0.055,0.2,0.07,0.018,PlasmaOxy_CC,,,,,,,,,,,,,,,,,,,,,,,
0.01,0.2,0.055,0.2,0.07,0.03,PlasmaOxy_CC,,,,,,,,,,,,,,,,,,,,,,,
0.01,0.2,0.055,0.25,0.03,0.018,PlasmaOxy_CC,,,,,,,,,,,,,,,,,,,,,,,
0.01,0.2,0.055,0.25,0.03,0.03,PlasmaOxy_CC,,,,,,,,,,,,,,,,,,,,,,,
0.01,0.2,0.055,0.25,0.05,0.018,PlasmaOxy_CC,,,,,,,,,,,,,,,,,,,,,,,
0.01,0.2,0.055,0.25,0.05,0.03,PlasmaOxy_CC,,,,,,,,,,,,,,,,,,,,,,,
0.01,0.2,0.055,0.25,0.07,0.018,PlasmaOxy_CC,,,,,,,,,,,,,,,,,,,,,,,
0.01,0.2,0.055,0.25,0.07,0.03,PlasmaOxy_CC,,,,,,,,,,,,,,,,,,,,,,,
0.01,0.2,0.075,0.075,0.03,0.018,Plasma,,,,,,,,,,,,,,,,,,,,,,,
0.01,0.2,0.075,0.075,0.03,0.03,Plasma,,,,,,,,,,,,,,,,,,,,,,,
0.01,0.2,0.075,0.075,0.05,0.018,Plasma,,,,,,,,,,,,,,,,,,,,,,,
0.01,0.2,0.075,0.075,0.05,0.03,Plasma,,,,,,,,,,,,,,,,,,,,,,,
0.01,0.2,0.075,0.075,0.07,0.018,Plasma,,,,,,,,,,,,,,,,,,,,,,,
0.01,0.2,0.075,0.075,0.07,0.03,Plasma,,,,,,,,,,,,,,,,,,,,,,,
0.01,0.2,0.075,0.1,0.03,0.018,PlasmaOxy_CC,,,,,,,,,,,,,,,,,,,,,,,
0.01,0.2,0.075,0.1,0.03,0.03,PlasmaOxy_CC,,,,,,,,,,,,,,,,,,,,,,,
0.01,0.2,0.075,0.1,0.05,0.018,PlasmaOxy_CC,,,,,,,,,,,,,,,,,,,,,,,
0.01,0.2,0.075,0.1,0.05,0.03,PlasmaOxy_CC,,,,,,,,,,,,,,,,,,,,,,,
0.01,0.2,0.075,0.1,0.07,0.018,PlasmaOxy_CC,,,,,,,,,,,,,,,,,,,,,,,
0.01,0.2,0.075,0.1,0.07,0.03,PlasmaOxy_CC,,,,,,,,,,,,,,,,,,,,,,,
0.01,0.2,0.075,0.2,0.03,0.018,PlasmaOxy_CC,,,,,,,,,,,,,,,,,,,,,,,
0.01,0.2,0.075,0.2,0.03,0.03,PlasmaOxy_CC,,,,,,,,,,,,,,,,,,,,,,,
0.01,0.2,0.075,0.2,0.05,0.018,PlasmaOxy_CC,,,,,,,,,,,,,,,,,,,,,,,
0.01,0.2,0.075,0.2,0.05,0.03,PlasmaOxy_CC,,,,,,,,,,,,,,,,,,,,,,,
0.01,0.2,0.075,0.2,0.07,0.018,PlasmaOxy_CC,,,,,,,,,,,,,,,,,,,,,,,
0.01,0.2,0.075,0.2,0.07,0.03,PlasmaOxy_CC,,,,,,,,,,,,,,,,,,,,,,,
0.01,0.2,0.075,0.25,0.03,0.018,PlasmaOxy_CC,,,,,,,,,,,,,,,,,,,,,,,
0.01,0.2,0.075,0.25,0.03,0.03,PlasmaOxy_CC,,,,,,,,,,,,,,,,,,,,,,,
0.01,0.2,0.075,0.25,0.05,0.018,PlasmaOxy_CC,,,,,,,,,,,,,,,,,,,,,,,
0.01,0.2,0.075,0.25,0.05,0.03,PlasmaOxy_CC,,,,,,,,,,,,,,,,,,,,,,,
0.01,0.2,0.075,0.25,0.07,0.018,PlasmaOxy_CC,,,,,,,,,,,,,,,,,,,,,,,
0.01,0.2,0.075,0.25,0.07,0.03,PlasmaOxy_CC,,,,,,,,,,,,,,,,,,,,,,,
0.01,0.2,0.1,0.075,0.03,0.018,Plasma,,,,,,,,,,,,,,,,,,,,,,,
0.01,0.2,0.1,0.075,0.03,0.03,Plasma,,,,,,,,,,,,,,,,,,,,,,,
0.01,0.2,0.1,0.075,0.05,0.018,Plasma,,,,,,,,,,,,,,,,,,,,,,,
0.01,0.2,0.1,0.075,0.05,0.03,Plasma,,,,,,,,,,,,,,,,,,,,,,,
0.01,0.2,0.1,0.075,0.07,0.018,Plasma,,,,,,,,,,,,,,,,,,,,,,,
0.01,0.2,0.1,0.075,0.07,0.03,Plasma,,,,,,,,,,,,,,,,,,,,,,,
0.01,0.2,0.1,0.1,0.03,0.018,PlasmaOxy_CC,,,,,,,,,,,,,,,,,,,,,,,
0.01,0.2,0.1,0.1,0.03,0.03,PlasmaOxy_CC,,,,,,,,,,,,,,,,,,,,,,,
0.01,0.2,0.1,0.1,0.05,0.018,PlasmaOxy_CC,,,,,,,,,,,,,,,,,,,,,,,
0.01,0.2,0.1,0.1,0.05,0.03,PlasmaOxy_CC,,,,,,,,,,,,,,,,,,,,,,,
0.01,0.2,0.1,0.1,0.07,0.018,PlasmaOxy_CC,,,,,,,,,,,,,,,,,,,,,,,
0.01,0.2,0.1,0.1,0.07,0.03,PlasmaOxy_CC,,,,,,,,,,,,,,,,,,,,,,,
0.01,0.2,0.1,0.2,0.03,0.018,PlasmaOxy_CC,,,,,,,,,,,,,,,,,,,,,,,
0.01,0.2,0.1,0.2,0.03,0.03,PlasmaOxy_CC,,,,,,,,,,,,,,,,,,,,,,,
0.01,0.2,0.1,0.2,0.05,0.018,PlasmaOxy_CC,,,,,,,,,,,,,,,,,,,,,,,
0.01,0.2,0.1,0.2,0.05,0.03,PlasmaOxy_CC,,,,,,,,,,,,,,,,,,,,,,,
0.01,0.2,0.1,0.2,0.07,0.018,PlasmaOxy_CC,,,,,,,,,,,,,,,,,,,,,,,
0.01,0.2,0.1,0.2,0.07,0.03,PlasmaOxy_CC,,,,,,,,,,,,,,,,,,,,,,,
0.01,0.2,0.1,0.25,0.03,0.018,PlasmaOxy_CC,,,,,,,,,,,,,,,,,,,,,,,
0.01,0.2,0.1,0.25,0.03,0.03,PlasmaOxy_CC,,,,,,,,,,,,,,,,,,,,,,,
0.01,0.2,0.1,0.25,0.05,0.018,PlasmaOxy_CC,,,,,,,,,,,,,,,,,,,,,,,
0.01,0.2,0.1,0.25,0.05,0.03,PlasmaOxy_CC,,,,,,,,,,,,,,,,,,,,,,,
0.01,0.2,0.1,0.25,0.07,0.018,PlasmaOxy_CC,,,,,,,,,,,,,,,,,,,,,,,
0.01,0.2,0.1,0.25,0.07,0.03,PlasmaOxy_CC,,,,,,,,,,,,,,,,,,,,,,,
0.025,0.01,0.01,0.075,0.03,0.018,Biomass,,,,,,,,,,,,,,,,,,,,,,,
0.025,0.01,0.01,0.075,0.03,0.03,NG,,,,,,,,,,,,,,,,,,,,,,,
0.025,0.01,0.01,0.075,0.05,0.018,Biomass,,,,,,,,,,,,,,,,,,,,,,,
0.025,0.01,0.01,0.075,0.05,0.03,NG,,,,,,,,,,,,,,,,,,,,,,,
0.025,0.01,0.01,0.075,0.07,0.018,Biomass,,,,,,,,,,,,,,,,,,,,,,,
0.025,0.01,0.01,0.075,0.07,0.03,NG,,,,,,,,,,,,,,,,,,,,,,,
0.025,0.01,0.01,0.1,0.03,0.018,PlasmaOxy_CC,,,,,,,,,,,,,,,,,,,,,,,
0.025,0.01,0.01,0.1,0.03,0.03,PlasmaOxy_CC,,,,,,,,,,,,,,,,,,,,,,,
0.025,0.01,0.01,0.1,0.05,0.018,PlasmaOxy_CC,,,,,,,,,,,,,,,,,,,,,,,
0.025,0.01,0.01,0.1,0.05,0.03,PlasmaOxy_CC,,,,,,,,,,,,,,,,,,,,,,,
0.025,0.01,0.01,0.1,0.07,0.018,PlasmaOxy_CC,,,,,,,,,,,,,,,,,,,,,,,
0.025,0.01,0.01,0.1,0.07,0.03,PlasmaOxy_CC,,,,,,,,,,,,,,,,,,,,,,,
0.025,0.01,0.01,0.2,0.03,0.018,PlasmaOxy_CC,,,,,,,,,,,,,,,,,,,,,,,
0.025,0.01,0.01,0.2,0.03,0.03,PlasmaOxy_CC,,,,,,,,,,,,,,,,,,,,,,,
0.025,0.01,0.01,0.2,0.05,0.018,PlasmaOxy_CC,,,,,,,,,,,,,,,,,,,,,,,
0.025,0.01,0.01,0.2,0.05,0.03,PlasmaOxy_CC,,,,,,,,,,,,,,,,,,,,,,,
0.025,0.01,0.01,0.2,0.07,0.018,PlasmaOxy_CC,,,,,,,,,,,,,,,,,,,,,,,
0.025,0.01,0.01,0.2,0.07,0.03,PlasmaOxy_CC,,,,,,,,,,,,,,,,,,,,,,,
0.025,0.01,0.01,0.25,0.03,0.018,PlasmaOxy_CC,,,,,,,,,,,,,,,,,,,,,,,
0.025,0.01,0.01,0.25,0.03,0.03,PlasmaOxy_CC,,,,,,,,,,,,,,,,,,,,,,,
0.025,0.01,0.01,0.25,0.05,0.018,PlasmaOxy_CC,,,,,,,,,,,,,,,,,,,,,,,
0.025,0.01,0.01,0.25,0.05,0.03,PlasmaOxy_CC,,,,,,,,,,,,,,,,,,,,,,,
0.025,0.01,0.01,0.25,0.07,0.018,PlasmaOxy_CC,,,,,,,,,,,,,,,,,,,,,,,
0.025,0.01,0.01,0.25,0.07,0.03,PlasmaOxy_CC,,,,,,,,,,,,,,,,,,,,,,,
0.025,0.01,0.035,0.075,0.03,0.018,Biomass,,,,,,,,,,,,,,,,,,,,,,,
0.025,0.01,0.035,0.075,0.03,0.03,Plasma,,,,,,,,,,,,,,,,,,,,,,,
0.025,0.01,0.035,0.075,0.05,0.018,Biomass,,,,,,,,,,,,,,,,,,,,,,,
0.025,0.01,0.035,0.075,0.05,0.03,Plasma,,,,,,,,,,,,,,,,,,,,,,,
0.025,0.01,0.035,0.075,0.07,0.018,Biomass,,,,,,,,,,,,,,,,,,,,,,,
0.025,0.01,0.035,0.075,0.07,0.03,Plasma,,,,,,,,,,,,,,,,,,,,,,,
0.025,0.01,0.035,0.1,0.03,0.018,PlasmaOxy_CC,,,,,,,,,,,,,,,,,,,,,,,
0.025,0.01,0.035,0.1,0.03,0.03,PlasmaOxy_CC,,,,,,,,,,,,,,,,,,,,,,,
0.025,0.01,0.035,0.1,0.05,0.018,PlasmaOxy_CC,,,,,,,,,,,,,,,,,,,,,,,
0.025,0.01,0.035,0.1,0.05,0.03,PlasmaOxy_CC,,,,,,,,,,,,,,,,,,,,,,,
0.025,0.01,0.035,0.1,0.07,0.018,PlasmaOxy_CC,,,,,,,,,,,,,,,,,,,,,,,
0.025,0.01,0.035,0.1,0.07,0.03,PlasmaOxy_CC,,,,,,,,,,,,,,,,,,,,,,,
0.025,0.01,0.035,0.2,0.03,0.018,PlasmaOxy_CC,,,,,,,,,,,,,,,,,,,,,,,
0.025,0.01,0.035,0.2,0.03,0.03,PlasmaOxy_CC,,,,,,,,,,,,,,,,,,,,,,,
0.025,0.01,0.035,0.2,0.05,0.018,PlasmaOxy_CC,,,,,,,,,,,,,,,,,,,,,,,
0.025,0.01,0.035,0.2,0.05,0.03,PlasmaOxy_CC,,,,,,,,,,,,,,,,,,,,,,,
0.025,0.01,0.035,0.2,0.07,0.018,PlasmaOxy_CC,,,,,,,,,,,,,,,,,,,,,,,
0.025,0.01,0.035,0.2,0.07,0.03,PlasmaOxy_CC,,,,,,,,,,,,,,,,,,,,,,,
0.025,0.01,0.035,0.25,0.03,0.018,PlasmaOxy_CC,,,,,,,,,,,,,,,,,,,,,,,
0.025,0.01,0.035,0.25,0.03,0.03,PlasmaOxy_CC,,,,,,,,,,,,,,,,,,,,,,,
0.025,0.01,0.035,0.25,0.05,0.018,PlasmaOxy_CC,,,,,,,,,,,,,,,,,,,,,,,
0.025,0.01,0.035,0.25,0.05,0.03,PlasmaOxy_CC,,,,,,,,,,,,,,,,,,,,,,,
0.025,0.01,0.035,0.25,0.07,0.018,PlasmaOxy_CC,,,,,,,,,,,,,,,,,,,,,,,
0.025,0.01,0.035,0.25,0.07,0.03,PlasmaOxy_CC,,,,,,,,,,,,,,,,,,,,,,,
0.025,0.01,0.055,0.075,0.03,0.018,Biomass,,,,,,,,,,,,,,,,,,,,,,,
0.025,0.01,0.055,0.075,0.03,0.03,Plasma,,,,,,,,,,,,,,,,,,,,,,,
0.025,0.01,0.055,0.075,0.05,0.018,Biomass,,,,,,,,,,,,,,,,,,,,,,,
0.025,0.01,0.055,0.075,0.05,0.03,Plasma,,,,,,,,,,,,,,,,,,,,,,,
0.025,0.01,0.055,0.075,0.07,0.018,Biomass,,,,,,,,,,,,,,,,,,,,,,,
0.025,0.01,0.055,0.075,0.07,0.03,Plasma,,,,,,,,,,,,,,,,,,,,,,,
0.025,0.01,0.055,0.1,0.03,0.018,PlasmaOxy_CC,,,,,,,,,,,,,,,,,,,,,,,
0.025,0.01,0.055,0.1,0.03,0.03,PlasmaOxy_CC,,,,,,,,,,,,,,,,,,,,,,,
0.025,0.01,0.055,0.1,0.05,0.018,PlasmaOxy_CC,,,,,,,,,,,,,,,,,,,,,,,
0.025,0.01,0.055,0.1,0.05,0.03,PlasmaOxy_CC,,,,,,,,,,,,,,,,,,,,,,,
0.025,0.01,0.055,0.1,0.07,0.018,PlasmaOxy_CC,,,,,,,,,,,,,,,,,,,,,,,
0.025,0.01,0.055,0.1,0.07,0.03,PlasmaOxy_CC,,,,,,,,,,,,,,,,,,,,,,,
0.025,0.01,0.055,0.2,0.03,0.018,PlasmaOxy_CC,,,,,,,,,,,,,,,,,,,,,,,
0.025,0.01,0.055,0.2,0.03,0.03,PlasmaOxy_CC,,,,,,,,,,,,,,,,,,,,,,,
0.025,0.01,0.055,0.2,0.05,0.018,PlasmaOxy_CC,,,,,,,,,,,,,,,,,,,,,,,
0.025,0.01,0.055,0.2,0.05,0.03,PlasmaOxy_CC,,,,,,,,,,,,,,,,,,,,,,,
0.025,0.01,0.055,0.2,0.07,0.018,PlasmaOxy_CC,,,,,,,,,,,,,,,,,,,,,,,
0.025,0.01,0.055,0.2,0.07,0.03,PlasmaOxy_CC,,,,,,,,,,,,,,,,,,,,,,,
0.025,0.01,0.055,0.25,0.03,0.018,PlasmaOxy_CC,,,,,,,,,,,,,,,,,,,,,,,
0.025,0.01,0.055,0.25,0.03,0.03,PlasmaOxy_CC,,,,,,,,,,,,,,,,,,,,,,,
0.025,0.01,0.055,0.25,0.05,0.018,PlasmaOxy_CC,,,,,,,,,,,,,,,,,,,,,,,
0.025,0.01,0.055,0.25,0.05,0.03,PlasmaOxy_CC,,,,,,,,,,,,,,,,,,,,,,,
0.025,0.01,0.055,0.25,0.07,0.018,PlasmaOxy_CC,,,,,,,,,,,,,,,,,,,,,,,
0.025,0.01,0.055,0.25,0.07,0.03,PlasmaOxy_CC,,,,,,,,,,,,,,,,,,,,,,,
0.025,0.01,0.075,0.075,0.03,0.018,Biomass,,,,,,,,,,,,,,,,,,,,,,,
0.025,0.01,0.075,0.075,0.03,0.03,Plasma,,,,,,,,,,,,,,,,,,,,,,,
0.025,0.01,0.075,0.075,0.05,0.018,Biomass,,,,,,,,,,,,,,,,,,,,,,,
0.025,0.01,0.075,0.075,0.05,0.03,Plasma,,,,,,,,,,,,,,,,,,,,,,,
0.025,0.01,0.075,0.075,0.07,0.018,Biomass,,,,,,,,,,,,,,,,,,,,,,,
0.025,0.01,0.075,0.075,0.07,0.03,Plasma,,,,,,,,,,,,,,,,,,,,,,,
0.025,0.01,0.075,0.1,0.03,0.018,PlasmaOxy_CC,,,,,,,,,,,,,,,,,,,,,,,
0.025,0.01,0.075,0.1,0.03,0.03,PlasmaOxy_CC,,,,,,,,,,,,,,,,,,,,,,,
0.025,0.01,0.075,0.1,0.05,0.018,PlasmaOxy_CC,,,,,,,,,,,,,,,,,,,,,,,
0.025,0.01,0.075,0.1,0.05,0.03,PlasmaOxy_CC,,,,,,,,,,,,,,,,,,,,,,,
0.025,0.01,0.075,0.1,0.07,0.018,PlasmaOxy_CC,,,,,,,,,,,,,,,,,,,,,,,
0.025,0.01,0.075,0.1,0.07,0.03,PlasmaOxy_CC,,,,,,,,,,,,,,,,,,,,,,,
0.025,0.01,0.075,0.2,0.03,0.018,PlasmaOxy_CC,,,,,,,,,,,,,,,,,,,,,,,
0.025,0.01,0.075,0.2,0.03,0.03,PlasmaOxy_CC,,,,,,,,,,,,,,,,,,,,,,,
0.025,0.01,0.075,0.2,0.05,0.018,PlasmaOxy_CC,,,,,,,,,,,,,,,,,,,,,,,
0.025,0.01,0.075,0.2,0.05,0.03,PlasmaOxy_CC,,,,,,,,,,,,,,,,,,,,,,,
0.025,0.01,0.075,0.2,0.07,0.018,PlasmaOxy_CC,,,,,,,,,,,,,,,,,,,,,,,
0.025,0.01,0.075,0.2,0.07,0.03,PlasmaOxy_CC,,,,,,,,,,,,,,,,,,,,,,,
0.025,0.01,0.075,0.25,0.03,0.018,PlasmaOxy_CC,,,,,,,,,,,,,,,,,,,,,,,
0.025,0.01,0.075,0.25,0.03,0.03,PlasmaOxy_CC,,,,,,,,,,,,,,,,,,,,,,,
0.025,0.01,0.075,0.25,0.05,0.018,PlasmaOxy_CC,,,,,,,,,,,,,,,,,,,,,,,
0.025,0.01,0.075,0.25,0.05,0.03,PlasmaOxy_CC,,,,,,,,,,,,,,,,,,,,,,,
0.025,0.01,0.075,0.25,0.07,0.018,PlasmaOxy_CC,,,,,,,,,,,,,,,,,,,,,,,
0.025,0.01,0.075,0.25,0.07,0.03,PlasmaOxy_CC,,,,,,,,,,,,,,,,,,,,,,,
0.025,0.01,0.1,0.075,0.03,0.018,Biomass,,,,,,,,,,,,,,,,,,,,,,,
0.025,0.01,0.1,0.075,0.03,0.03,Plasma,,,,,,,,,,,,,,,,,,,,,,,
0.025,0.01,0.1,0.075,0.05,0.018,Biomass,,,,,,,,,,,,,,,,,,,,,,,
0.025,0.01,0.1,0.075,0.05,0.03,Plasma,,,,,,,,,,,,,,,,,,,,,,,
0.025,0.01,0.1,0.075,0.07,0.018,Biomass,,,,,,,,,,,,,,,,,,,,,,,
0.025,0.01,0.1,0.075,0.07,0.03,Plasma,,,,,,,,,,,,,,,,,,,,,,,
0.025,0.01,0.1,0.1,0.03,0.018,PlasmaOxy_CC,,,,,,,,,,,,,,,,,,,,,,,
0.025,0.01,0.1,0.1,0.03,0.03,PlasmaOxy_CC,,,,,,,,,,,,,,,,,,,,,,,
0.025,0.01,0.1,0.1,0.05,0.018,PlasmaOxy_CC,,,,,,,,,,,,,,,,,,,,,,,
0.025,0.01,0.1,0.1,0.05,0.03,PlasmaOxy_CC,,,,,,,,,,,,,,,,,,,,,,,
0.025,0.01,0.1,0.1,0.07,0.018,PlasmaOxy_CC,,,,,,,,,,,,,,,,,,,,,,,
0.025,0.01,0.1,0.1,0.07,0.03,PlasmaOxy_CC,,,,,,,,,,,,,,,,,,,,,,,
0.025,0.01,0.1,0.2,0.03,0.018,PlasmaOxy_CC,,,,,,,,,,,,,,,,,,,,,,,
0.025,0.01,0.1,0.2,0.03,0.03,PlasmaOxy_CC,,,,,,,,,,,,,,,,,,,,,,,
0.025,0.01,0.1,0.2,0.05,0.018,PlasmaOxy_CC,,,,,,,,,,,,,,,,,,,,,,,
0.025,0.01,0.1,0.2,0.05,0.03,PlasmaOxy_CC,,,,,,,,,,,,,,,,,,,,,,,
0.025,0.01,0.1,0.2,0.07,0.018,PlasmaOxy_CC,,,,,,,,,,,,,,,,,,,,,,,
0.025,0.01,0.1,0.2,0.07,0.03,PlasmaOxy_CC,,,,,,,,,,,,,,,,,,,,,,,
0.025,0.01,0.1,0.25,0.03,0.018,PlasmaOxy_CC,,,,,,,,,,,,,,,,,,,,,,,
0.025,0.01,0.1,0.25,0.03,0.03,PlasmaOxy_CC,,,,,,,,,,,,,,,,,,,,,,,
0.025,0.01,0.1,0.25,0.05,0.018,PlasmaOxy_CC,,,,,,,,,,,,,,,,,,,,,,,
0.025,0.01,0.1,0.25,0.05,0.03,PlasmaOxy_CC,,,,,,,,,,,,,,,,,,,,,,,
0.025,0.01,0.1,0.25,0.07,0.018,PlasmaOxy_CC,,,,,,,,,,,,,,,,,,,,,,,
0.025,0.01,0.1,0.25,0.07,0.03,PlasmaOxy_CC,,,,,,,,,,,,,,,,,,,,,,,
0.025,0.025,0.01,0.075,0.03,0.018,Biomass,,,,,,,,,,,,,,,,,,,,,,,
0.025,0.025,0.01,0.075,0.03,0.03,NG,,,,,,,,,,,,,,,,,,,,,,,
0.025,0.025,0.01,0.075,0.05,0.018,Biomass,,,,,,,,,,,,,,,,,,,,,,,
0.025,0.025,0.01,0.075,0.05,0.03,NG,,,,,,,,,,,,,,,,,,,,,,,
0.025,0.025,0.01,0.075,0.07,0.018,Biomass,,,,,,,,,,,,,,,,,,,,,,,
0.025,0.025,0.01,0.075,0.07,0.03,NG,,,,,,,,,,,,,,,,,,,,,,,
0.025,0.025,0.01,0.1,0.03,0.018,PlasmaOxy_CC,,,,,,,,,,,,,,,,,,,,,,,
0.025,0.025,0.01,0.1,0.03,0.03,PlasmaOxy_CC,,,,,,,,,,,,,,,,,,,,,,,
0.025,0.025,0.01,0.1,0.05,0.018,PlasmaOxy_CC,,,,,,,,,,,,,,,,,,,,,,,
0.025,0.025,0.01,0.1,0.05,0.03,PlasmaOxy_CC,,,,,,,,,,,,,,,,,,,,,,,
0.025,0.025,0.01,0.1,0.07,0.018,PlasmaOxy_CC,,,,,,,,,,,,,,,,,,,,,,,
0.025,0.025,0.01,0.1,0.07,0.03,PlasmaOxy_CC,,,,,,,,,,,,,,,,,,,,,,,
0.025,0.025,0.01,0.2,0.03,0.018,PlasmaOxy_CC,,,,,,,,,,,,,,,,,,,,,,,
0.025,0.025,0.01,0.2,0.03,0.03,PlasmaOxy_CC,,,,,,,,,,,,,,,,,,,,,,,
0.025,0.025,0.01,0.2,0.05,0.018,PlasmaOxy_CC,,,,,,,,,,,,,,,,,,,,,,,
0.025,0.025,0.01,0.2,0.05,0.03,PlasmaOxy_CC,,,,,,,,,,,,,,,,,,,,,,,
0.025,0.025,0.01,0.2,0.07,0.018,PlasmaOxy_CC,,,,,,,,,,,,,,,,,,,,,,,
0.025,0.025,0.01,0.2,0.07,0.03,PlasmaOxy_CC,,,,,,,,,,,,,,,,,,,,,,,
0.025,0.025,0.01,0.25,0.03,0.018,PlasmaOxy_CC,,,,,,,,,,,,,,,,,,,,,,,
0.025,0.025,0.01,0.25,0.03,0.03,PlasmaOxy_CC,,,,,,,,,,,,,,,,,,,,,,,
0.025,0.025,0.01,0.25,0.05,0.018,PlasmaOxy_CC,,,,,,,,,,,,,,,,,,,,,,,
0.025,0.025,0.01,0.25,0.05,0.03,PlasmaOxy_CC,,,,,,,,,,,,,,,,,,,,,,,
0.025,0.025,0.01,0.25,0.07,0.018,PlasmaOxy_CC,,,,,,,,,,,,,,,,,,,,,,,
0.025,0.025,0.01,0.25,0.07,0.03,PlasmaOxy_CC,,,,,,,,,,,,,,,,,,,,,,,
0.025,0.025,0.035,0.075,0.03,0.018,Biomass,,,,,,,,,,,,,,,,,,,,,,,
0.025,0.025,0.035,0.075,0.03,0.03,Plasma,,,,,,,,,,,,,,,,,,,,,,,
0.025,0.025,0.035,0.075,0.05,0.018,Biomass,,,,,,,,,,,,,,,,,,,,,,,
0.025,0.025,0.035,0.075,0.05,0.03,Plasma,,,,,,,,,,,,,,,,,,,,,,,
0.025,0.025,0.035,0.075,0.07,0.018,Biomass,,,,,,,,,,,,,,,,,,,,,,,
0.025,0.025,0.035,0.075,0.07,0.03,Plasma,,,,,,,,,,,,,,,,,,,,,,,
0.025,0.025,0.035,0.1,0.03,0.018,PlasmaOxy_CC,,,,,,,,,,,,,,,,,,,,,,,
0.025,0.025,0.035,0.1,0.03,0.03,PlasmaOxy_CC,,,,,,,,,,,,,,,,,,,,,,,
0.025,0.025,0.035,0.1,0.05,0.018,PlasmaOxy_CC,,,,,,,,,,,,,,,,,,,,,,,
0.025,0.025,0.035,0.1,0.05,0.03,PlasmaOxy_CC,,,,,,,,,,,,,,,,,,,,,,,
0.025,0.025,0.035,0.1,0.07,0.018,PlasmaOxy_CC,,,,,,,,,,,,,,,,,,,,,,,
0.025,0.025,0.035,0.1,0.07,0.03,PlasmaOxy_CC,,,,,,,,,,,,,,,,,,,,,,,
0.025,0.025,0.035,0.2,0.03,0.018,PlasmaOxy_CC,,,,,,,,,,,,,,,,,,,,,,,
0.025,0.025,0.035,0.2,0.03,0.03,PlasmaOxy_CC,,,,,,,,,,,,,,,,,,,,,,,
0.025,0.025,0.035,0.2,0.05,0.018,PlasmaOxy_CC,,,,,,,,,,,,,,,,,,,,,,,
0.025,0.025,0.035,0.2,0.05,0.03,PlasmaOxy_CC,,,,,,,,,,,,,,,,,,,,,,,
0.025,0.025,0.035,0.2,0.07,0.018,PlasmaOxy_CC,,,,,,,,,,,,,,,,,,,,,,,
0.025,0.025,0.035,0.2,0.07,0.03,PlasmaOxy_CC,,,,,,,,,,,,,,,,,,,,,,,
0.025,0.025,0.035,0.25,0.03,0.018,PlasmaOxy_CC,,,,,,,,,,,,,,,,,,,,,,,
0.025,0.025,0.035,0.25,0.03,0.03,PlasmaOxy_CC,,,,,,,,,,,,,,,,,,,,,,,
0.025,0.025,0.035,0.25,0.05,0.018,PlasmaOxy_CC,,,,,,,,,,,,,,,,,,,,,,,
0.025,0.025,0.035,0.25,0.05,0.03,PlasmaOxy_CC,,,,,,,,,,,,,,,,,,,,,,,
0.025,0.025,0.035,0.25,0.07,0.018,PlasmaOxy_CC,,,,,,,,,,,,,,,,,,,,,,,
0.025,0.025,0.035,0.25,0.07,0.03,PlasmaOxy_CC,,,,,,,,,,,,,,,,,,,,,,,
0.025,0.025,0.055,0.075,0.03,0.018,Biomass,,,,,,,,,,,,,,,,,,,,,,,
0.025,0.025,0.055,0.075,0.03,0.03,Plasma,,,,,,,,,,,,,,,,,,,,,,,
0.025,0.025,0.055,0.075,0.05,0.018,Biomass,,,,,,,,,,,,,,,,,,,,,,,
0.025,0.025,0.055,0.075,0.05,0.03,Plasma,,,,,,,,,,,,,,,,,,,,,,,
0.025,0.025,0.055,0.075,0.07,0.018,Biomass,,,,,,,,,,,,,,,,,,,,,,,
0.025,0.025,0.055,0.075,0.07,0.03,Plasma,,,,,,,,,,,,,,,,,,,,,,,
0.025,0.025,0.055,0.1,0.03,0.018,PlasmaOxy_CC,,,,,,,,,,,,,,,,,,,,,,,
0.025,0.025,0.055,0.1,0.03,0.03,PlasmaOxy_CC,,,,,,,,,,,,,,,,,,,,,,,
0.025,0.025,0.055,0.1,0.05,0.018,PlasmaOxy_CC,,,,,,,,,,,,,,,,,,,,,,,
0.025,0.025,0.055,0.1,0.05,0.03,PlasmaOxy_CC,,,,,,,,,,,,,,,,,,,,,,,
0.025,0.025,0.055,0.1,0.07,0.018,PlasmaOxy_CC,,,,,,,,,,,,,,,,,,,,,,,
0.025,0.025,0.055,0.1,0.07,0.03,PlasmaOxy_CC,,,,,,,,,,,,,,,,,,,,,,,
0.025,0.025,0.055,0.2,0.03,0.018,PlasmaOxy_CC,,,,,,,,,,,,,,,,,,,,,,,
0.025,0.025,0.055,0.2,0.03,0.03,PlasmaOxy_CC,,,,,,,,,,,,,,,,,,,,,,,
0.025,0.025,0.055,0.2,0.05,0.018,PlasmaOxy_CC,,,,,,,,,,,,,,,,,,,,,,,
0.025,0.025,0.055,0.2,0.05,0.03,PlasmaOxy_CC,,,,,,,,,,,,,,,,,,,,,,,
0.025,0.025,0.055,0.2,0.07,0.018,PlasmaOxy_CC,,,,,,,,,,,,,,,,,,,,,,,
0.025,0.025,0.055,0.2,0.07,0.03,PlasmaOxy_CC,,,,,,,,,,,,,,,,,,,,,,,
0.025,0.025,0.055,0.25,0.03,0.018,PlasmaOxy_CC,,,,,,,,,,,,,,,,,,,,,,,
0.025,0.025,0.055,0.25,0.03,0.03,PlasmaOxy_CC,,,,,,,,,,,,,,,,,,,,,,,
0.025,0.025,0.055,0.25,0.05,0.018,PlasmaOxy_CC,,,,,,,,,,,,,,,,,,,,,,,
0.025,0.025,0.055,0.25,0.05,0.03,PlasmaOxy_CC,,,,,,,,,,,,,,,,,,,,,,,
0.025,0.025,0.055,0.25,0.07,0.018,PlasmaOxy_CC,,,,,,,,,,,,,,,,,,,,,,,
0.025,0.025,0.055,0.25,0.07,0.03,PlasmaOxy_CC,,,,,,,,,,,,,,,,,,,,,,,
0.025,0.025,0.075,0.075,0.03,0.018,Biomass,,,,,,,,,,,,,,,,,,,,,,,
0.025,0.025,0.075,0.075,0.03,0.03,Plasma,,,,,,,,,,,,,,,,,,,,,,,
0.025,0.025,0.075,0.075,0.05,0.018,Biomass,,,,,,,,,,,,,,,,,,,,,,,
0.025,0.025,0.075,0.075,0.05,0.03,Plasma,,,,,,,,,,,,,,,,,,,,,,,
0.025,0.025,0.075,0.075,0.07,0.018,Biomass,,,,,,,,,,,,,,,,,,,,,,,
0.025,0.025,0.075,0.075,0.07,0.03,Plasma,,,,,,,,,,,,,,,,,,,,,,,
0.025,0.025,0.075,0.1,0.03,0.018,PlasmaOxy_CC,,,,,,,,,,,,,,,,,,,,,,,
0.025,0.025,0.075,0.1,0.03,0.03,PlasmaOxy_CC,,,,,,,,,,,,,,,,,,,,,,,
0.025,0.025,0.075,0.1,0.05,0.018,PlasmaOxy_CC,,,,,,,,,,,,,,,,,,,,,,,
0.025,0.025,0.075,0.1,0.05,0.03,PlasmaOxy_CC,,,,,,,,,,,,,,,,,,,,,,,
0.025,0.025,0.075,0.1,0.07,0.018,PlasmaOxy_CC,,,,,,,,,,,,,,,,,,,,,,,
0.025,0.025,0.075,0.1,0.07,0.03,PlasmaOxy_CC,,,,,,,,,,,,,,,,,,,,,,,
0.025,0.025,0.075,0.2,0.03,0.018,PlasmaOxy_CC,,,,,,,,,,,,,,,,,,,,,,,
0.025,0.025,0.075,0.2,0.03,0.03,PlasmaOxy_CC,,,,,,,,,,,,,,,,,,,,,,,
0.025,0.025,0.075,0.2,0.05,0.018,PlasmaOxy_CC,,,,,,,,,,,,,,,,,,,,,,,
0.025,0.025,0.075,0.2,0.05,0.03,PlasmaOxy_CC,,,,,,,,,,,,,,,,,,,,,,,
0.025,0.025,0.075,0.2,0.07,0.018,PlasmaOxy_CC,,,,,,,,,,,,,,,,,,,,,,,
0.025,0.025,0.075,0.2,0.07,0.03,PlasmaOxy_CC,,,,,,,,,,,,,,,,,,,,,,,
0.025,0.025,0.075,0.25,0.03,0.018,PlasmaOxy_CC,,,,,,,,,,,,,,,,,,,,,,,
0.025,0.025,0.075,0.25,0.03,0.03,PlasmaOxy_CC,,,,,,,,,,,,,,,,,,,,,,,
0.025,0.025,0.075,0.25,0.05,0.018,PlasmaOxy_CC,,,,,,,,,,,,,,,,,,,,,,,
0.025,0.025,0.075,0.25,0.05,0.03,PlasmaOxy_CC,,,,,,,,,,,,,,,,,,,,,,,
0.025,0.025,0.075,0.25,0.07,0.018,PlasmaOxy_CC,,,,,,,,,,,,,,,,,,,,,,,
0.025,0.025,0.075,0.25,0.07,0.03,PlasmaOxy_CC,,,,,,,,,,,,,,,,,,,,,,,
0.025,0.025,0.1,0.075,0.03,0.018,Biomass,,,,,,,,,,,,,,,,,,,,,,,
0.025,0.025,0.1,0.075,0.03,0.03,Plasma,,,,,,,,,,,,,,,,,,,,,,,
0.025,0.025,0.1,0.075,0.05,0.018,Biomass,,,,,,,,,,,,,,,,,,,,,,,
0.025,0.025,0.1,0.075,0.05,0.03,Plasma,,,,,,,,,,,,,,,,,,,,,,,
0.025,0.025,0.1,0.075,0.07,0.018,Biomass,,,,,,,,,,,,,,,,,,,,,,,
0.025,0.025,0.1,0.075,0.07,0.03,Plasma,,,,,,,,,,,,,,,,,,,,,,,
0.025,0.025,0.1,0.1,0.03,0.018,PlasmaOxy_CC,,,,,,,,,,,,,,,,,,,,,,,
0.025,0.025,0.1,0.1,0.03,0.03,PlasmaOxy_CC,,,,,,,,,,,,,,,,,,,,,,,
0.025,0.025,0.1,0.1,0.05,0.018,PlasmaOxy_CC,,,,,,,,,,,,,,,,,,,,,,,
0.025,0.025,0.1,0.1,0.05,0.03,PlasmaOxy_CC,,,,,,,,,,,,,,,,,,,,,,,
0.025,0.025,0.1,0.1,0.07,0.018,PlasmaOxy_CC,,,,,,,,,,,,,,,,,,,,,,,
0.025,0.025,0.1,0.1,0.07,0.03,PlasmaOxy_CC,,,,,,,,,,,,,,,,,,,,,,,
0.025,0.025,0.1,0.2,0.03,0.018,PlasmaOxy_CC,,,,,,,,,,,,,,,,,,,,,,,
0.025,0.025,0.1,0.2,0.03,0.03,PlasmaOxy_CC,,,,,,,,,,,,,,,,,,,,,,,
0.025,0.025,0.1,0.2,0.05,0.018,PlasmaOxy_CC,,,,,,,,,,,,,,,,,,,,,,,
0.025,0.025,0.1,0.2,0.05,0.03,PlasmaOxy_CC,,,,,,,,,,,,,,,,,,,,,,,
0.025,0.025,0.1,0.2,0.07,0.018,PlasmaOxy_CC,,,,,,,,,,,,,,,,,,,,,,,
0.025,0.025,0.1,0.2,0.07,0.03,PlasmaOxy_CC,,,,,,,,,,,,,,,,,,,,,,,
0.025,0.025,0.1,0.25,0.03,0.018,PlasmaOxy_CC,,,,,,,,,,,,,,,,,,,,,,,
0.025,0.025,0.1,0.25,0.03,0.03,PlasmaOxy_CC,,,,,,,,,,,,,,,,,,,,,,,
0.025,0.025,0.1,0.25,0.05,0.018,PlasmaOxy_CC,,,,,,,,,,,,,,,,,,,,,,,
0.025,0.025,0.1,0.25,0.05,0.03,PlasmaOxy_CC,,,,,,,,,,,,,,,,,,,,,,,
0.025,0.025,0.1,0.25,0.07,0.018,PlasmaOxy_CC,,,,,,,,,,,,,,,,,,,,,,,
0.025,0.025,0.1,0.25,0.07,0.03,PlasmaOxy_CC,,,,,,,,,,,,,,,,,,,,,,,
0.025,0.05,0.01,0.075,0.03,0.018,Biomass,,,,,,,,,,,,,,,,,,,,,,,
0.025,0.05,0.01,0.075,0.03,0.03,NG,,,,,,,,,,,,,,,,,,,,,,,
0.025,0.05,0.01,0.075,0.05,0.018,Biomass,,,,,,,,,,,,,,,,,,,,,,,
0.025,0.05,0.01,0.075,0.05,0.03,NG,,,,,,,,,,,,,,,,,,,,,,,
0.025,0.05,0.01,0.075,0.07,0.018,Biomass,,,,,,,,,,,,,,,,,,,,,,,
0.025,0.05,0.01,0.075,0.07,0.03,NG,,,,,,,,,,,,,,,,,,,,,,,
0.025,0.05,0.01,0.1,0.03,0.018,PlasmaOxy_CC,,,,,,,,,,,,,,,,,,,,,,,
0.025,0.05,0.01,0.1,0.03,0.03,PlasmaOxy_CC,,,,,,,,,,,,,,,,,,,,,,,
0.025,0.05,0.01,0.1,0.05,0.018,PlasmaOxy_CC,,,,,,,,,,,,,,,,,,,,,,,
0.025,0.05,0.01,0.1,0.05,0.03,PlasmaOxy_CC,,,,,,,,,,,,,,,,,,,,,,,
0.025,0.05,0.01,0.1,0.07,0.018,PlasmaOxy_CC,,,,,,,,,,,,,,,,,,,,,,,
0.025,0.05,0.01,0.1,0.07,0.03,PlasmaOxy_CC,,,,,,,,,,,,,,,,,,,,,,,
0.025,0.05,0.01,0.2,0.03,0.018,PlasmaOxy_CC,,,,,,,,,,,,,,,,,,,,,,,
0.025,0.05,0.01,0.2,0.03,0.03,PlasmaOxy_CC,,,,,,,,,,,,,,,,,,,,,,,
0.025,0.05,0.01,0.2,0.05,0.018,PlasmaOxy_CC,,,,,,,,,,,,,,,,,,,,,,,
0.025,0.05,0.01,0.2,0.05,0.03,PlasmaOxy_CC,,,,,,,,,,,,,,,,,,,,,,,
0.025,0.05,0.01,0.2,0.07,0.018,PlasmaOxy_CC,,,,,,,,,,,,,,,,,,,,,,,
0.025,0.05,0.01,0.2,0.07,0.03,PlasmaOxy_CC,,,,,,,,,,,,,,,,,,,,,,,
0.025,0.05,0.01,0.25,0.03,0.018,PlasmaOxy_CC,,,,,,,,,,,,,,,,,,,,,,,
0.025,0.05,0.01,0.25,0.03,0.03,PlasmaOxy_CC,,,,,,,,,,,,,,,,,,,,,,,
0.025,0.05,0.01,0.25,0.05,0.018,PlasmaOxy_CC,,,,,,,,,,,,,,,,,,,,,,,
0.025,0.05,0.01,0.25,0.05,0.03,PlasmaOxy_CC,,,,,,,,,,,,,,,,,,,,,,,
0.025,0.05,0.01,0.25,0.07,0.018,PlasmaOxy_CC,,,,,,,,,,,,,,,,,,,,,,,
0.025,0.05,0.01,0.25,0.07,0.03,PlasmaOxy_CC,,,,,,,,,,,,,,,,,,,,,,,
0.025,0.05,0.035,0.075,0.03,0.018,Biomass,,,,,,,,,,,,,,,,,,,,,,,
0.025,0.05,0.035,0.075,0.03,0.03,Plasma,,,,,,,,,,,,,,,,,,,,,,,
0.025,0.05,0.035,0.075,0.05,0.018,Biomass,,,,,,,,,,,,,,,,,,,,,,,
0.025,0.05,0.035,0.075,0.05,0.03,Plasma,,,,,,,,,,,,,,,,,,,,,,,
0.025,0.05,0.035,0.075,0.07,0.018,Biomass,,,,,,,,,,,,,,,,,,,,,,,
0.025,0.05,0.035,0.075,0.07,0.03,Plasma,,,,,,,,,,,,,,,,,,,,,,,
0.025,0.05,0.035,0.1,0.03,0.018,PlasmaOxy_CC,,,,,,,,,,,,,,,,,,,,,,,
0.025,0.05,0.035,0.1,0.03,0.03,PlasmaOxy_CC,,,,,,,,,,,,,,,,,,,,,,,
0.025,0.05,0.035,0.1,0.05,0.018,PlasmaOxy_CC,,,,,,,,,,,,,,,,,,,,,,,
0.025,0.05,0.035,0.1,0.05,0.03,PlasmaOxy_CC,,,,,,,,,,,,,,,,,,,,,,,
0.025,0.05,0.035,0.1,0.07,0.018,PlasmaOxy_CC,,,,,,,,,,,,,,,,,,,,,,,
0.025,0.05,0.035,0.1,0.07,0.03,PlasmaOxy_CC,,,,,,,,,,,,,,,,,,,,,,,
0.025,0.05,0.035,0.2,0.03,0.018,PlasmaOxy_CC,,,,,,,,,,,,,,,,,,,,,,,
0.025,0.05,0.035,0.2,0.03,0.03,PlasmaOxy_CC,,,,,,,,,,,,,,,,,,,,,,,
0.025,0.05,0.035,0.2,0.05,0.018,PlasmaOxy_CC,,,,,,,,,,,,,,,,,,,,,,,
0.025,0.05,0.035,0.2,0.05,0.03,PlasmaOxy_CC,,,,,,,,,,,,,,,,,,,,,,,
0.025,0.05,0.035,0.2,0.07,0.018,PlasmaOxy_CC,,,,,,,,,,,,,,,,,,,,,,,
0.025,0.05,0.035,0.2,0.07,0.03,PlasmaOxy_CC,,,,,,,,,,,,,,,,,,,,,,,
0.025,0.05,0.035,0.25,0.03,0.018,PlasmaOxy_CC,,,,,,,,,,,,,,,,,,,,,,,
0.025,0.05,0.035,0.25,0.03,0.03,PlasmaOxy_CC,,,,,,,,,,,,,,,,,,,,,,,
0.025,0.05,0.035,0.25,0.05,0.018,PlasmaOxy_CC,,,,,,,,,,,,,,,,,,,,,,,
0.025,0.05,0.035,0.25,0.05,0.03,PlasmaOxy_CC,,,,,,,,,,,,,,,,,,,,,,,
0.025,0.05,0.035,0.25,0.07,0.018,PlasmaOxy_CC,,,,,,,,,,,,,,,,,,,,,,,
0.025,0.05,0.035,0.25,0.07,0.03,PlasmaOxy_CC,,,,,,,,,,,,,,,,,,,,,,,
0.025,0.05,0.055,0.075,0.03,0.018,Biomass,,,,,,,,,,,,,,,,,,,,,,,
0.025,0.05,0.055,0.075,0.03,0.03,Plasma,,,,,,,,,,,,,,,,,,,,,,,
0.025,0.05,0.055,0.075,0.05,0.018,Biomass,,,,,,,,,,,,,,,,,,,,,,,
0.025,0.05,0.055,0.075,0.05,0.03,Plasma,,,,,,,,,,,,,,,,,,,,,,,
0.025,0.05,0.055,0.075,0.07,0.018,Biomass,,,,,,,,,,,,,,,,,,,,,,,
0.025,0.05,0.055,0.075,0.07,0.03,Plasma,,,,,,,,,,,,,,,,,,,,,,,
0.025,0.05,0.055,0.1,0.03,0.018,PlasmaOxy_CC,,,,,,,,,,,,,,,,,,,,,,,
0.025,0.05,0.055,0.1,0.03,0.03,PlasmaOxy_CC,,,,,,,,,,,,,,,,,,,,,,,
0.025,0.05,0.055,0.1,0.05,0.018,PlasmaOxy_CC,,,,,,,,,,,,,,,,,,,,,,,
0.025,0.05,0.055,0.1,0.05,0.03,PlasmaOxy_CC,,,,,,,,,,,,,,,,,,,,,,,
0.025,0.05,0.055,0.1,0.07,0.018,PlasmaOxy_CC,,,,,,,,,,,,,,,,,,,,,,,
0.025,0.05,0.055,0.1,0.07,0.03,PlasmaOxy_CC,,,,,,,,,,,,,,,,,,,,,,,
0.025,0.05,0.055,0.2,0.03,0.018,PlasmaOxy_CC,,,,,,,,,,,,,,,,,,,,,,,
0.025,0.05,0.055,0.2,0.03,0.03,PlasmaOxy_CC,,,,,,,,,,,,,,,,,,,,,,,
0.025,0.05,0.055,0.2,0.05,0.018,PlasmaOxy_CC,,,,,,,,,,,,,,,,,,,,,,,
0.025,0.05,0.055,0.2,0.05,0.03,PlasmaOxy_CC,,,,,,,,,,,,,,,,,,,,,,,
0.025,0.05,0.055,0.2,0.07,0.018,PlasmaOxy_CC,,,,,,,,,,,,,,,,,,,,,,,
0.025,0.05,0.055,0.2,0.07,0.03,PlasmaOxy_CC,,,,,,,,,,,,,,,,,,,,,,,
0.025,0.05,0.055,0.25,0.03,0.018,PlasmaOxy_CC,,,,,,,,,,,,,,,,,,,,,,,
0.025,0.05,0.055,0.25,0.03,0.03,PlasmaOxy_CC,,,,,,,,,,,,,,,,,,,,,,,
0.025,0.05,0.055,0.25,0.05,0.018,PlasmaOxy_CC,,,,,,,,,,,,,,,,,,,,,,,
0.025,0.05,0.055,0.25,0.05,0.03,PlasmaOxy_CC,,,,,,,,,,,,,,,,,,,,,,,
0.025,0.05,0.055,0.25,0.07,0.018,PlasmaOxy_CC,,,,,,,,,,,,,,,,,,,,,,,
0.025,0.05,0.055,0.25,0.07,0.03,PlasmaOxy_CC,,,,,,,,,,,,,,,,,,,,,,,
0.025,0.05,0.075,0.075,0.03,0.018,Biomass,,,,,,,,,,,,,,,,,,,,,,,
0.025,0.05,0.075,0.075,0.03,0.03,Plasma,,,,,,,,,,,,,,,,,,,,,,,
0.025,0.05,0.075,0.075,0.05,0.018,Biomass,,,,,,,,,,,,,,,,,,,,,,,
0.025,0.05,0.075,0.075,0.05,0.03,Plasma,,,,,,,,,,,,,,,,,,,,,,,
0.025,0.05,0.075,0.075,0.07,0.018,Biomass,,,,,,,,,,,,,,,,,,,,,,,
0.025,0.05,0.075,0.075,0.07,0.03,Plasma,,,,,,,,,,,,,,,,,,,,,,,
0.025,0.05,0.075,0.1,0.03,0.018,PlasmaOxy_CC,,,,,,,,,,,,,,,,,,,,,,,
0.025,0.05,0.075,0.1,0.03,0.03,PlasmaOxy_CC,,,,,,,,,,,,,,,,,,,,,,,
0.025,0.05,0.075,0.1,0.05,0.018,PlasmaOxy_CC,,,,,,,,,,,,,,,,,,,,,,,
0.025,0.05,0.075,0.1,0.05,0.03,PlasmaOxy_CC,,,,,,,,,,,,,,,,,,,,,,,
0.025,0.05,0.075,0.1,0.07,0.018,PlasmaOxy_CC,,,,,,,,,,,,,,,,,,,,,,,
0.025,0.05,0.075,0.1,0.07,0.03,PlasmaOxy_CC,,,,,,,,,,,,,,,,,,,,,,,
0.025,0.05,0.075,0.2,0.03,0.018,PlasmaOxy_CC,,,,,,,,,,,,,,,,,,,,,,,
0.025,0.05,0.075,0.2,0.03,0.03,PlasmaOxy_CC,,,,,,,,,,,,,,,,,,,,,,,
0.025,0.05,0.075,0.2,0.05,0.018,PlasmaOxy_CC,,,,,,,,,,,,,,,,,,,,,,,
0.025,0.05,0.075,0.2,0.05,0.03,PlasmaOxy_CC,,,,,,,,,,,,,,,,,,,,,,,
0.025,0.05,0.075,0.2,0.07,0.018,PlasmaOxy_CC,,,,,,,,,,,,,,,,,,,,,,,
0.025,0.05,0.075,0.2,0.07,0.03,PlasmaOxy_CC,,,,,,,,,,,,,,,,,,,,,,,
0.025,0.05,0.075,0.25,0.03,0.018,PlasmaOxy_CC,,,,,,,,,,,,,,,,,,,,,,,
0.025,0.05,0.075,0.25,0.03,0.03,PlasmaOxy_CC,,,,,,,,,,,,,,,,,,,,,,,
0.025,0.05,0.075,0.25,0.05,0.018,PlasmaOxy_CC,,,,,,,,,,,,,,,,,,,,,,,
0.025,0.05,0.075,0.25,0.05,0.03,PlasmaOxy_CC,,,,,,,,,,,,,,,,,,,,,,,
0.025,0.05,0.075,0.25,0.07,0.018,PlasmaOxy_CC,,,,,,,,,,,,,,,,,,,,,,,
0.025,0.05,0.075,0.25,0.07,0.03,PlasmaOxy_CC,,,,,,,,,,,,,,,,,,,,,,,
0.025,0.05,0.1,0.075,0.03,0.018,Biomass,,,,,,,,,,,,,,,,,,,,,,,
0.025,0.05,0.1,0.075,0.03,0.03,Plasma,,,,,,,,,,,,,,,,,,,,,,,
0.025,0.05,0.1,0.075,0.05,0.018,Biomass,,,,,,,,,,,,,,,,,,,,,,,
0.025,0.05,0.1,0.075,0.05,0.03,Plasma,,,,,,,,,,,,,,,,,,,,,,,
0.025,0.05,0.1,0.075,0.07,0.018,Biomass,,,,,,,,,,,,,,,,,,,,,,,
0.025,0.05,0.1,0.075,0.07,0.03,Plasma,,,,,,,,,,,,,,,,,,,,,,,
0.025,0.05,0.1,0.1,0.03,0.018,PlasmaOxy_CC,,,,,,,,,,,,,,,,,,,,,,,
0.025,0.05,0.1,0.1,0.03,0.03,PlasmaOxy_CC,,,,,,,,,,,,,,,,,,,,,,,
0.025,0.05,0.1,0.1,0.05,0.018,PlasmaOxy_CC,,,,,,,,,,,,,,,,,,,,,,,
0.025,0.05,0.1,0.1,0.05,0.03,PlasmaOxy_CC,,,,,,,,,,,,,,,,,,,,,,,
0.025,0.05,0.1,0.1,0.07,0.018,PlasmaOxy_CC,,,,,,,,,,,,,,,,,,,,,,,
0.025,0.05,0.1,0.1,0.07,0.03,PlasmaOxy_CC,,,,,,,,,,,,,,,,,,,,,,,
0.025,0.05,0.1,0.2,0.03,0.018,PlasmaOxy_CC,,,,,,,,,,,,,,,,,,,,,,,
0.025,0.05,0.1,0.2,0.03,0.03,PlasmaOxy_CC,,,,,,,,,,,,,,,,,,,,,,,
0.025,0.05,0.1,0.2,0.05,0.018,PlasmaOxy_CC,,,,,,,,,,,,,,,,,,,,,,,
0.025,0.05,0.1,0.2,0.05,0.03,PlasmaOxy_CC,,,,,,,,,,,,,,,,,,,,,,,
0.025,0.05,0.1,0.2,0.07,0.018,PlasmaOxy_CC,,,,,,,,,,,,,,,,,,,,,,,
0.025,0.05,0.1,0.2,0.07,0.03,PlasmaOxy_CC,,,,,,,,,,,,,,,,,,,,,,,
0.025,0.05,0.1,0.25,0.03,0.018,PlasmaOxy_CC,,,,,,,,,,,,,,,,,,,,,,,
0.025,0.05,0.1,0.25,0.03,0.03,PlasmaOxy_CC,,,,,,,,,,,,,,,,,,,,,,,
0.025,0.05,0.1,0.25,0.05,0.018,PlasmaOxy_CC,,,,,,,,,,,,,,,,,,,,,,,
0.025,0.05,0.1,0.25,0.05,0.03,PlasmaOxy_CC,,,,,,,,,,,,,,,,,,,,,,,
0.025,0.05,0.1,0.25,0.07,0.018,PlasmaOxy_CC,,,,,,,,,,,,,,,,,,,,,,,
0.025,0.05,0.1,0.25,0.07,0.03,PlasmaOxy_CC,,,,,,,,,,,,,,,,,,,,,,,
0.025,0.075,0.01,0.075,0.03,0.018,Biomass,,,,,,,,,,,,,,,,,,,,,,,
0.025,0.075,0.01,0.075,0.03,0.03,NG,,,,,,,,,,,,,,,,,,,,,,,
0.025,0.075,0.01,0.075,0.05,0.018,Biomass,,,,,,,,,,,,,,,,,,,,,,,
0.025,0.075,0.01,0.075,0.05,0.03,NG,,,,,,,,,,,,,,,,,,,,,,,
0.025,0.075,0.01,0.075,0.07,0.018,Biomass,,,,,,,,,,,,,,,,,,,,,,,
0.025,0.075,0.01,0.075,0.07,0.03,NG,,,,,,,,,,,,,,,,,,,,,,,
0.025,0.075,0.01,0.1,0.03,0.018,PlasmaOxy_CC,,,,,,,,,,,,,,,,,,,,,,,
0.025,0.075,0.01,0.1,0.03,0.03,PlasmaOxy_CC,,,,,,,,,,,,,,,,,,,,,,,
0.025,0.075,0.01,0.1,0.05,0.018,PlasmaOxy_CC,,,,,,,,,,,,,,,,,,,,,,,
0.025,0.075,0.01,0.1,0.05,0.03,PlasmaOxy_CC,,,,,,,,,,,,,,,,,,,,,,,
0.025,0.075,0.01,0.1,0.07,0.018,PlasmaOxy_CC,,,,,,,,,,,,,,,,,,,,,,,
0.025,0.075,0.01,0.1,0.07,0.03,PlasmaOxy_CC,,,,,,,,,,,,,,,,,,,,,,,
0.025,0.075,0.01,0.2,0.03,0.018,PlasmaOxy_CC,,,,,,,,,,,,,,,,,,,,,,,
0.025,0.075,0.01,0.2,0.03,0.03,PlasmaOxy_CC,,,,,,,,,,,,,,,,,,,,,,,
0.025,0.075,0.01,0.2,0.05,0.018,PlasmaOxy_CC,,,,,,,,,,,,,,,,,,,,,,,
0.025,0.075,0.01,0.2,0.05,0.03,PlasmaOxy_CC,,,,,,,,,,,,,,,,,,,,,,,
0.025,0.075,0.01,0.2,0.07,0.018,PlasmaOxy_CC,,,,,,,,,,,,,,,,,,,,,,,
0.025,0.075,0.01,0.2,0.07,0.03,PlasmaOxy_CC,,,,,,,,,,,,,,,,,,,,,,,
0.025,0.075,0.01,0.25,0.03,0.018,PlasmaOxy_CC,,,,,,,,,,,,,,,,,,,,,,,
0.025,0.075,0.01,0.25,0.03,0.03,PlasmaOxy_CC,,,,,,,,,,,,,,,,,,,,,,,
0.025,0.075,0.01,0.25,0.05,0.018,PlasmaOxy_CC,,,,,,,,,,,,,,,,,,,,,,,
0.025,0.075,0.01,0.25,0.05,0.03,PlasmaOxy_CC,,,,,,,,,,,,,,,,,,,,,,,
0.025,0.075,0.01,0.25,0.07,0.018,PlasmaOxy_CC,,,,,,,,,,,,,,,,,,,,,,,
0.025,0.075,0.01,0.25,0.07,0.03,PlasmaOxy_CC,,,,,,,,,,,,,,,,,,,,,,,
0.025,0.075,0.035,0.075,0.03,0.018,Biomass,,,,,,,,,,,,,,,,,,,,,,,
0.025,0.075,0.035,0.075,0.03,0.03,Plasma,,,,,,,,,,,,,,,,,,,,,,,
0.025,0.075,0.035,0.075,0.05,0.018,Biomass,,,,,,,,,,,,,,,,,,,,,,,
0.025,0.075,0.035,0.075,0.05,0.03,Plasma,,,,,,,,,,,,,,,,,,,,,,,
0.025,0.075,0.035,0.075,0.07,0.018,Biomass,,,,,,,,,,,,,,,,,,,,,,,
0.025,0.075,0.035,0.075,0.07,0.03,Plasma,,,,,,,,,,,,,,,,,,,,,,,
0.025,0.075,0.035,0.1,0.03,0.018,PlasmaOxy_CC,,,,,,,,,,,,,,,,,,,,,,,
0.025,0.075,0.035,0.1,0.03,0.03,PlasmaOxy_CC,,,,,,,,,,,,,,,,,,,,,,,
0.025,0.075,0.035,0.1,0.05,0.018,PlasmaOxy_CC,,,,,,,,,,,,,,,,,,,,,,,
0.025,0.075,0.035,0.1,0.05,0.03,PlasmaOxy_CC,,,,,,,,,,,,,,,,,,,,,,,
0.025,0.075,0.035,0.1,0.07,0.018,PlasmaOxy_CC,,,,,,,,,,,,,,,,,,,,,,,
0.025,0.075,0.035,0.1,0.07,0.03,PlasmaOxy_CC,,,,,,,,,,,,,,,,,,,,,,,
0.025,0.075,0.035,0.2,0.03,0.018,PlasmaOxy_CC,,,,,,,,,,,,,,,,,,,,,,,
0.025,0.075,0.035,0.2,0.03,0.03,PlasmaOxy_CC,,,,,,,,,,,,,,,,,,,,,,,
0.025,0.075,0.035,0.2,0.05,0.018,PlasmaOxy_CC,,,,,,,,,,,,,,,,,,,,,,,
0.025,0.075,0.035,0.2,0.05,0.03,PlasmaOxy_CC,,,,,,,,,,,,,,,,,,,,,,,
0.025,0.075,0.035,0.2,0.07,0.018,PlasmaOxy_CC,,,,,,,,,,,,,,,,,,,,,,,
0.025,0.075,0.035,0.2,0.07,0.03,PlasmaOxy_CC,,,,,,,,,,,,,,,,,,,,,,,
0.025,0.075,0.035,0.25,0.03,0.018,PlasmaOxy_CC,,,,,,,,,,,,,,,,,,,,,,,
0.025,0.075,0.035,0.25,0.03,0.03,PlasmaOxy_CC,,,,,,,,,,,,,,,,,,,,,,,
0.025,0.075,0.035,0.25,0.05,0.018,PlasmaOxy_CC,,,,,,,,,,,,,,,,,,,,,,,
0.025,0.075,0.035,0.25,0.05,0.03,PlasmaOxy_CC,,,,,,,,,,,,,,,,,,,,,,,
0.025,0.075,0.035,0.25,0.07,0.018,PlasmaOxy_CC,,,,,,,,,,,,,,,,,,,,,,,
0.025,0.075,0.035,0.25,0.07,0.03,PlasmaOxy_CC,,,,,,,,,,,,,,,,,,,,,,,
0.025,0.075,0.055,0.075,0.03,0.018,Biomass,,,,,,,,,,,,,,,,,,,,,,,
0.025,0.075,0.055,0.075,0.03,0.03,Plasma,,,,,,,,,,,,,,,,,,,,,,,
0.025,0.075,0.055,0.075,0.05,0.018,Biomass,,,,,,,,,,,,,,,,,,,,,,,
0.025,0.075,0.055,0.075,0.05,0.03,Plasma,,,,,,,,,,,,,,,,,,,,,,,
0.025,0.075,0.055,0.075,0.07,0.018,Biomass,,,,,,,,,,,,,,,,,,,,,,,
0.025,0.075,0.055,0.075,0.07,0.03,Plasma,,,,,,,,,,,,,,,,,,,,,,,
0.025,0.075,0.055,0.1,0.03,0.018,PlasmaOxy_CC,,,,,,,,,,,,,,,,,,,,,,,
0.025,0.075,0.055,0.1,0.03,0.03,PlasmaOxy_CC,,,,,,,,,,,,,,,,,,,,,,,
0.025,0.075,0.055,0.1,0.05,0.018,PlasmaOxy_CC,,,,,,,,,,,,,,,,,,,,,,,
0.025,0.075,0.055,0.1,0.05,0.03,PlasmaOxy_CC,,,,,,,,,,,,,,,,,,,,,,,
0.025,0.075,0.055,0.1,0.07,0.018,PlasmaOxy_CC,,,,,,,,,,,,,,,,,,,,,,,
0.025,0.075,0.055,0.1,0.07,0.03,PlasmaOxy_CC,,,,,,,,,,,,,,,,,,,,,,,
0.025,0.075,0.055,0.2,0.03,0.018,PlasmaOxy_CC,,,,,,,,,,,,,,,,,,,,,,,
0.025,0.075,0.055,0.2,0.03,0.03,PlasmaOxy_CC,,,,,,,,,,,,,,,,,,,,,,,
0.025,0.075,0.055,0.2,0.05,0.018,PlasmaOxy_CC,,,,,,,,,,,,,,,,,,,,,,,
0.025,0.075,0.055,0.2,0.05,0.03,PlasmaOxy_CC,,,,,,,,,,,,,,,,,,,,,,,
0.025,0.075,0.055,0.2,0.07,0.018,PlasmaOxy_CC,,,,,,,,,,,,,,,,,,,,,,,
0.025,0.075,0.055,0.2,0.07,0.03,PlasmaOxy_CC,,,,,,,,,,,,,,,,,,,,,,,
0.025,0.075,0.055,0.25,0.03,0.018,PlasmaOxy_CC,,,,,,,,,,,,,,,,,,,,,,,
0.025,0.075,0.055,0.25,0.03,0.03,PlasmaOxy_CC,,,,,,,,,,,,,,,,,,,,,,,
0.025,0.075,0.055,0.25,0.05,0.018,PlasmaOxy_CC,,,,,,,,,,,,,,,,,,,,,,,
0.025,0.075,0.055,0.25,0.05,0.03,PlasmaOxy_CC,,,,,,,,,,,,,,,,,,,,,,,
0.025,0.075,0.055,0.25,0.07,0.018,PlasmaOxy_CC,,,,,,,,,,,,,,,,,,,,,,,
0.025,0.075,0.055,0.25,0.07,0.03,PlasmaOxy_CC,,,,,,,,,,,,,,,,,,,,,,,
0.025,0.075,0.075,0.075,0.03,0.018,Biomass,,,,,,,,,,,,,,,,,,,,,,,
0.025,0.075,0.075,0.075,0.03,0.03,Plasma,,,,,,,,,,,,,,,,,,,,,,,
0.025,0.075,0.075,0.075,0.05,0.018,Biomass,,,,,,,,,,,,,,,,,,,,,,,
0.025,0.075,0.075,0.075,0.05,0.03,Plasma,,,,,,,,,,,,,,,,,,,,,,,
0.025,0.075,0.075,0.075,0.07,0.018,Biomass,,,,,,,,,,,,,,,,,,,,,,,
0.025,0.075,0.075,0.075,0.07,0.03,Plasma,,,,,,,,,,,,,,,,,,,,,,,
0.025,0.075,0.075,0.1,0.03,0.018,PlasmaOxy_CC,,,,,,,,,,,,,,,,,,,,,,,
0.025,0.075,0.075,0.1,0.03,0.03,PlasmaOxy_CC,,,,,,,,,,,,,,,,,,,,,,,
0.025,0.075,0.075,0.1,0.05,0.018,PlasmaOxy_CC,,,,,,,,,,,,,,,,,,,,,,,
0.025,0.075,0.075,0.1,0.05,0.03,PlasmaOxy_CC,,,,,,,,,,,,,,,,,,,,,,,
0.025,0.075,0.075,0.1,0.07,0.018,PlasmaOxy_CC,,,,,,,,,,,,,,,,,,,,,,,
0.025,0.075,0.075,0.1,0.07,0.03,PlasmaOxy_CC,,,,,,,,,,,,,,,,,,,,,,,
0.025,0.075,0.075,0.2,0.03,0.018,PlasmaOxy_CC,,,,,,,,,,,,,,,,,,,,,,,
0.025,0.075,0.075,0.2,0.03,0.03,PlasmaOxy_CC,,,,,,,,,,,,,,,,,,,,,,,
0.025,0.075,0.075,0.2,0.05,0.018,PlasmaOxy_CC,,,,,,,,,,,,,,,,,,,,,,,
0.025,0.075,0.075,0.2,0.05,0.03,PlasmaOxy_CC,,,,,,,,,,,,,,,,,,,,,,,
0.025,0.075,0.075,0.2,0.07,0.018,PlasmaOxy_CC,,,,,,,,,,,,,,,,,,,,,,,
0.025,0.075,0.075,0.2,0.07,0.03,PlasmaOxy_CC,,,,,,,,,,,,,,,,,,,,,,,
0.025,0.075,0.075,0.25,0.03,0.018,PlasmaOxy_CC,,,,,,,,,,,,,,,,,,,,,,,
0.025,0.075,0.075,0.25,0.03,0.03,PlasmaOxy_CC,,,,,,,,,,,,,,,,,,,,,,,
0.025,0.075,0.075,0.25,0.05,0.018,PlasmaOxy_CC,,,,,,,,,,,,,,,,,,,,,,,
0.025,0.075,0.075,0.25,0.05,0.03,PlasmaOxy_CC,,,,,,,,,,,,,,,,,,,,,,,
0.025,0.075,0.075,0.25,0.07,0.018,PlasmaOxy_CC,,,,,,,,,,,,,,,,,,,,,,,
0.025,0.075,0.075,0.25,0.07,0.03,PlasmaOxy_CC,,,,,,,,,,,,,,,,,,,,,,,
0.025,0.075,0.1,0.075,0.03,0.018,Biomass,,,,,,,,,,,,,,,,,,,,,,,
0.025,0.075,0.1,0.075,0.03,0.03,Plasma,,,,,,,,,,,,,,,,,,,,,,,
0.025,0.075,0.1,0.075,0.05,0.018,Biomass,,,,,,,,,,,,,,,,,,,,,,,
0.025,0.075,0.1,0.075,0.05,0.03,Plasma,,,,,,,,,,,,,,,,,,,,,,,
0.025,0.075,0.1,0.075,0.07,0.018,Biomass,,,,,,,,,,,,,,,,,,,,,,,
0.025,0.075,0.1,0.075,0.07,0.03,Plasma,,,,,,,,,,,,,,,,,,,,,,,
0.025,0.075,0.1,0.1,0.03,0.018,PlasmaOxy_CC,,,,,,,,,,,,,,,,,,,,,,,
0.025,0.075,0.1,0.1,0.03,0.03,PlasmaOxy_CC,,,,,,,,,,,,,,,,,,,,,,,
0.025,0.075,0.1,0.1,0.05,0.018,PlasmaOxy_CC,,,,,,,,,,,,,,,,,,,,,,,
0.025,0.075,0.1,0.1,0.05,0.03,PlasmaOxy_CC,,,,,,,,,,,,,,,,,,,,,,,
0.025,0.075,0.1,0.1,0.07,0.018,PlasmaOxy_CC,,,,,,,,,,,,,,,,,,,,,,,
0.025,0.075,0.1,0.1,0.07,0.03,PlasmaOxy_CC,,,,,,,,,,,,,,,,,,,,,,,
0.025,0.075,0.1,0.2,0.03,0.018,PlasmaOxy_CC,,,,,,,,,,,,,,,,,,,,,,,
0.025,0.075,0.1,0.2,0.03,0.03,PlasmaOxy_CC,,,,,,,,,,,,,,,,,,,,,,,
0.025,0.075,0.1,0.2,0.05,0.018,PlasmaOxy_CC,,,,,,,,,,,,,,,,,,,,,,,
0.025,0.075,0.1,0.2,0.05,0.03,PlasmaOxy_CC,,,,,,,,,,,,,,,,,,,,,,,
0.025,0.075,0.1,0.2,0.07,0.018,PlasmaOxy_CC,,,,,,,,,,,,,,,,,,,,,,,
0.025,0.075,0.1,0.2,0.07,0.03,PlasmaOxy_CC,,,,,,,,,,,,,,,,,,,,,,,
0.025,0.075,0.1,0.25,0.03,0.018,PlasmaOxy_CC,,,,,,,,,,,,,,,,,,,,,,,
0.025,0.075,0.1,0.25,0.03,0.03,PlasmaOxy_CC,,,,,,,,,,,,,,,,,,,,,,,
0.025,0.075,0.1,0.25,0.05,0.018,PlasmaOxy_CC,,,,,,,,,,,,,,,,,,,,,,,
0.025,0.075,0.1,0.25,0.05,0.03,PlasmaOxy_CC,,,,,,,,,,,,,,,,,,,,,,,
0.025,0.075,0.1,0.25,0.07,0.018,PlasmaOxy_CC,,,,,,,,,,,,,,,,,,,,,,,
0.025,0.075,0.1,0.25,0.07,0.03,PlasmaOxy_CC,,,,,,,,,,,,,,,,,,,,,,,
0.025,0.1,0.01,0.075,0.03,0.018,Biomass,,,,,,,,,,,,,,,,,,,,,,,
0.025,0.1,0.01,0.075,0.03,0.03,NG,,,,,,,,,,,,,,,,,,,,,,,
0.025,0.1,0.01,0.075,0.05,0.018,Biomass,,,,,,,,,,,,,,,,,,,,,,,
0.025,0.1,0.01,0.075,0.05,0.03,NG,,,,,,,,,,,,,,,,,,,,,,,
0.025,0.1,0.01,0.075,0.07,0.018,Biomass,,,,,,,,,,,,,,,,,,,,,,,
0.025,0.1,0.01,0.075,0.07,0.03,NG,,,,,,,,,,,,,,,,,,,,,,,
0.025,0.1,0.01,0.1,0.03,0.018,PlasmaOxy_CC,,,,,,,,,,,,,,,,,,,,,,,
0.025,0.1,0.01,0.1,0.03,0.03,PlasmaOxy_CC,,,,,,,,,,,,,,,,,,,,,,,
0.025,0.1,0.01,0.1,0.05,0.018,PlasmaOxy_CC,,,,,,,,,,,,,,,,,,,,,,,
0.025,0.1,0.01,0.1,0.05,0.03,PlasmaOxy_CC,,,,,,,,,,,,,,,,,,,,,,,
0.025,0.1,0.01,0.1,0.07,0.018,PlasmaOxy_CC,,,,,,,,,,,,,,,,,,,,,,,
0.025,0.1,0.01,0.1,0.07,0.03,PlasmaOxy_CC,,,,,,,,,,,,,,,,,,,,,,,
0.025,0.1,0.01,0.2,0.03,0.018,PlasmaOxy_CC,,,,,,,,,,,,,,,,,,,,,,,
0.025,0.1,0.01,0.2,0.03,0.03,PlasmaOxy_CC,,,,,,,,,,,,,,,,,,,,,,,
0.025,0.1,0.01,0.2,0.05,0.018,PlasmaOxy_CC,,,,,,,,,,,,,,,,,,,,,,,
0.025,0.1,0.01,0.2,0.05,0.03,PlasmaOxy_CC,,,,,,,,,,,,,,,,,,,,,,,
0.025,0.1,0.01,0.2,0.07,0.018,PlasmaOxy_CC,,,,,,,,,,,,,,,,,,,,,,,
0.025,0.1,0.01,0.2,0.07,0.03,PlasmaOxy_CC,,,,,,,,,,,,,,,,,,,,,,,
0.025,0.1,0.01,0.25,0.03,0.018,PlasmaOxy_CC,,,,,,,,,,,,,,,,,,,,,,,
0.025,0.1,0.01,0.25,0.03,0.03,PlasmaOxy_CC,,,,,,,,,,,,,,,,,,,,,,,
0.025,0.1,0.01,0.25,0.05,0.018,PlasmaOxy_CC,,,,,,,,,,,,,,,,,,,,,,,
0.025,0.1,0.01,0.25,0.05,0.03,PlasmaOxy_CC,,,,,,,,,,,,,,,,,,,,,,,
0.025,0.1,0.01,0.25,0.07,0.018,PlasmaOxy_CC,,,,,,,,,,,,,,,,,,,,,,,
0.025,0.1,0.01,0.25,0.07,0.03,PlasmaOxy_CC,,,,,,,,,,,,,,,,,,,,,,,
0.025,0.1,0.035,0.075,0.03,0.018,Biomass,,,,,,,,,,,,,,,,,,,,,,,
0.025,0.1,0.035,0.075,0.03,0.03,Plasma,,,,,,,,,,,,,,,,,,,,,,,
0.025,0.1,0.035,0.075,0.05,0.018,Biomass,,,,,,,,,,,,,,,,,,,,,,,
0.025,0.1,0.035,0.075,0.05,0.03,Plasma,,,,,,,,,,,,,,,,,,,,,,,
0.025,0.1,0.035,0.075,0.07,0.018,Biomass,,,,,,,,,,,,,,,,,,,,,,,
0.025,0.1,0.035,0.075,0.07,0.03,Plasma,,,,,,,,,,,,,,,,,,,,,,,
0.025,0.1,0.035,0.1,0.03,0.018,PlasmaOxy_CC,,,,,,,,,,,,,,,,,,,,,,,
0.025,0.1,0.035,0.1,0.03,0.03,PlasmaOxy_CC,,,,,,,,,,,,,,,,,,,,,,,
0.025,0.1,0.035,0.1,0.05,0.018,PlasmaOxy_CC,,,,,,,,,,,,,,,,,,,,,,,
0.025,0.1,0.035,0.1,0.05,0.03,PlasmaOxy_CC,,,,,,,,,,,,,,,,,,,,,,,
0.025,0.1,0.035,0.1,0.07,0.018,PlasmaOxy_CC,,,,,,,,,,,,,,,,,,,,,,,
0.025,0.1,0.035,0.1,0.07,0.03,PlasmaOxy_CC,,,,,,,,,,,,,,,,,,,,,,,
0.025,0.1,0.035,0.2,0.03,0.018,PlasmaOxy_CC,,,,,,,,,,,,,,,,,,,,,,,
0.025,0.1,0.035,0.2,0.03,0.03,PlasmaOxy_CC,,,,,,,,,,,,,,,,,,,,,,,
0.025,0.1,0.035,0.2,0.05,0.018,PlasmaOxy_CC,,,,,,,,,,,,,,,,,,,,,,,
0.025,0.1,0.035,0.2,0.05,0.03,PlasmaOxy_CC,,,,,,,,,,,,,,,,,,,,,,,
0.025,0.1,0.035,0.2,0.07,0.018,PlasmaOxy_CC,,,,,,,,,,,,,,,,,,,,,,,
0.025,0.1,0.035,0.2,0.07,0.03,PlasmaOxy_CC,,,,,,,,,,,,,,,,,,,,,,,
0.025,0.1,0.035,0.25,0.03,0.018,PlasmaOxy_CC,,,,,,,,,,,,,,,,,,,,,,,
0.025,0.1,0.035,0.25,0.03,0.03,PlasmaOxy_CC,,,,,,,,,,,,,,,,,,,,,,,
0.025,0.1,0.035,0.25,0.05,0.018,PlasmaOxy_CC,,,,,,,,,,,,,,,,,,,,,,,
0.025,0.1,0.035,0.25,0.05,0.03,PlasmaOxy_CC,,,,,,,,,,,,,,,,,,,,,,,
0.025,0.1,0.035,0.25,0.07,0.018,PlasmaOxy_CC,,,,,,,,,,,,,,,,,,,,,,,
0.025,0.1,0.035,0.25,0.07,0.03,PlasmaOxy_CC,,,,,,,,,,,,,,,,,,,,,,,
0.025,0.1,0.055,0.075,0.03,0.018,Biomass,,,,,,,,,,,,,,,,,,,,,,,
0.025,0.1,0.055,0.075,0.03,0.03,Plasma,,,,,,,,,,,,,,,,,,,,,,,
0.025,0.1,0.055,0.075,0.05,0.018,Biomass,,,,,,,,,,,,,,,,,,,,,,,
0.025,0.1,0.055,0.075,0.05,0.03,Plasma,,,,,,,,,,,,,,,,,,,,,,,
0.025,0.1,0.055,0.075,0.07,0.018,Biomass,,,,,,,,,,,,,,,,,,,,,,,
0.025,0.1,0.055,0.075,0.07,0.03,Plasma,,,,,,,,,,,,,,,,,,,,,,,
0.025,0.1,0.055,0.1,0.03,0.018,PlasmaOxy_CC,,,,,,,,,,,,,,,,,,,,,,,
0.025,0.1,0.055,0.1,0.03,0.03,PlasmaOxy_CC,,,,,,,,,,,,,,,,,,,,,,,
0.025,0.1,0.055,0.1,0.05,0.018,PlasmaOxy_CC,,,,,,,,,,,,,,,,,,,,,,,
0.025,0.1,0.055,0.1,0.05,0.03,PlasmaOxy_CC,,,,,,,,,,,,,,,,,,,,,,,
0.025,0.1,0.055,0.1,0.07,0.018,PlasmaOxy_CC,,,,,,,,,,,,,,,,,,,,,,,
0.025,0.1,0.055,0.1,0.07,0.03,PlasmaOxy_CC,,,,,,,,,,,,,,,,,,,,,,,
0.025,0.1,0.055,0.2,0.03,0.018,PlasmaOxy_CC,,,,,,,,,,,,,,,,,,,,,,,
0.025,0.1,0.055,0.2,0.03,0.03,PlasmaOxy_CC,,,,,,,,,,,,,,,,,,,,,,,
0.025,0.1,0.055,0.2,0.05,0.018,PlasmaOxy_CC,,,,,,,,,,,,,,,,,,,,,,,
0.025,0.1,0.055,0.2,0.05,0.03,PlasmaOxy_CC,,,,,,,,,,,,,,,,,,,,,,,
0.025,0.1,0.055,0.2,0.07,0.018,PlasmaOxy_CC,,,,,,,,,,,,,,,,,,,,,,,
0.025,0.1,0.055,0.2,0.07,0.03,PlasmaOxy_CC,,,,,,,,,,,,,,,,,,,,,,,
0.025,0.1,0.055,0.25,0.03,0.018,PlasmaOxy_CC,,,,,,,,,,,,,,,,,,,,,,,
0.025,0.1,0.055,0.25,0.03,0.03,PlasmaOxy_CC,,,,,,,,,,,,,,,,,,,,,,,
0.025,0.1,0.055,0.25,0.05,0.018,PlasmaOxy_CC,,,,,,,,,,,,,,,,,,,,,,,
0.025,0.1,0.055,0.25,0.05,0.03,PlasmaOxy_CC,,,,,,,,,,,,,,,,,,,,,,,
0.025,0.1,0.055,0.25,0.07,0.018,PlasmaOxy_CC,,,,,,,,,,,,,,,,,,,,,,,
0.025,0.1,0.055,0.25,0.07,0.03,PlasmaOxy_CC,,,,,,,,,,,,,,,,,,,,,,,
0.025,0.1,0.075,0.075,0.03,0.018,Biomass,,,,,,,,,,,,,,,,,,,,,,,
0.025,0.1,0.075,0.075,0.03,0.03,Plasma,,,,,,,,,,,,,,,,,,,,,,,
0.025,0.1,0.075,0.075,0.05,0.018,Biomass,,,,,,,,,,,,,,,,,,,,,,,
0.025,0.1,0.075,0.075,0.05,0.03,Plasma,,,,,,,,,,,,,,,,,,,,,,,
0.025,0.1,0.075,0.075,0.07,0.018,Biomass,,,,,,,,,,,,,,,,,,,,,,,
0.025,0.1,0.075,0.075,0.07,0.03,Plasma,,,,,,,,,,,,,,,,,,,,,,,
0.025,0.1,0.075,0.1,0.03,0.018,PlasmaOxy_CC,,,,,,,,,,,,,,,,,,,,,,,
0.025,0.1,0.075,0.1,0.03,0.03,PlasmaOxy_CC,,,,,,,,,,,,,,,,,,,,,,,
0.025,0.1,0.075,0.1,0.05,0.018,PlasmaOxy_CC,,,,,,,,,,,,,,,,,,,,,,,
0.025,0.1,0.075,0.1,0.05,0.03,PlasmaOxy_CC,,,,,,,,,,,,,,,,,,,,,,,
0.025,0.1,0.075,0.1,0.07,0.018,PlasmaOxy_CC,,,,,,,,,,,,,,,,,,,,,,,
0.025,0.1,0.075,0.1,0.07,0.03,PlasmaOxy_CC,,,,,,,,,,,,,,,,,,,,,,,
0.025,0.1,0.075,0.2,0.03,0.018,PlasmaOxy_CC,,,,,,,,,,,,,,,,,,,,,,,
0.025,0.1,0.075,0.2,0.03,0.03,PlasmaOxy_CC,,,,,,,,,,,,,,,,,,,,,,,
0.025,0.1,0.075,0.2,0.05,0.018,PlasmaOxy_CC,,,,,,,,,,,,,,,,,,,,,,,
0.025,0.1,0.075,0.2,0.05,0.03,PlasmaOxy_CC,,,,,,,,,,,,,,,,,,,,,,,
0.025,0.1,0.075,0.2,0.07,0.018,PlasmaOxy_CC,,,,,,,,,,,,,,,,,,,,,,,
0.025,0.1,0.075,0.2,0.07,0.03,PlasmaOxy_CC,,,,,,,,,,,,,,,,,,,,,,,
0.025,0.1,0.075,0.25,0.03,0.018,PlasmaOxy_CC,,,,,,,,,,,,,,,,,,,,,,,
0.025,0.1,0.075,0.25,0.03,0.03,PlasmaOxy_CC,,,,,,,,,,,,,,,,,,,,,,,
0.025,0.1,0.075,0.25,0.05,0.018,PlasmaOxy_CC,,,,,,,,,,,,,,,,,,,,,,,
0.025,0.1,0.075,0.25,0.05,0.03,PlasmaOxy_CC,,,,,,,,,,,,,,,,,,,,,,,
0.025,0.1,0.075,0.25,0.07,0.018,PlasmaOxy_CC,,,,,,,,,,,,,,,,,,,,,,,
0.025,0.1,0.075,0.25,0.07,0.03,PlasmaOxy_CC,,,,,,,,,,,,,,,,,,,,,,,
0.025,0.1,0.1,0.075,0.03,0.018,Biomass,,,,,,,,,,,,,,,,,,,,,,,
0.025,0.1,0.1,0.075,0.03,0.03,Plasma,,,,,,,,,,,,,,,,,,,,,,,
0.025,0.1,0.1,0.075,0.05,0.018,Biomass,,,,,,,,,,,,,,,,,,,,,,,
0.025,0.1,0.1,0.075,0.05,0.03,Plasma,,,,,,,,,,,,,,,,,,,,,,,
0.025,0.1,0.1,0.075,0.07,0.018,Biomass,,,,,,,,,,,,,,,,,,,,,,,
0.025,0.1,0.1,0.075,0.07,0.03,Plasma,,,,,,,,,,,,,,,,,,,,,,,
0.025,0.1,0.1,0.1,0.03,0.018,PlasmaOxy_CC,,,,,,,,,,,,,,,,,,,,,,,
0.025,0.1,0.1,0.1,0.03,0.03,PlasmaOxy_CC,,,,,,,,,,,,,,,,,,,,,,,
0.025,0.1,0.1,0.1,0.05,0.018,PlasmaOxy_CC,,,,,,,,,,,,,,,,,,,,,,,
0.025,0.1,0.1,0.1,0.05,0.03,PlasmaOxy_CC,,,,,,,,,,,,,,,,,,,,,,,
0.025,0.1,0.1,0.1,0.07,0.018,PlasmaOxy_CC,,,,,,,,,,,,,,,,,,,,,,,
0.025,0.1,0.1,0.1,0.07,0.03,PlasmaOxy_CC,,,,,,,,,,,,,,,,,,,,,,,
0.025,0.1,0.1,0.2,0.03,0.018,PlasmaOxy_CC,,,,,,,,,,,,,,,,,,,,,,,
0.025,0.1,0.1,0.2,0.03,0.03,PlasmaOxy_CC,,,,,,,,,,,,,,,,,,,,,,,
0.025,0.1,0.1,0.2,0.05,0.018,PlasmaOxy_CC,,,,,,,,,,,,,,,,,,,,,,,
0.025,0.1,0.1,0.2,0.05,0.03,PlasmaOxy_CC,,,,,,,,,,,,,,,,,,,,,,,
0.025,0.1,0.1,0.2,0.07,0.018,PlasmaOxy_CC,,,,,,,,,,,,,,,,,,,,,,,
0.025,0.1,0.1,0.2,0.07,0.03,PlasmaOxy_CC,,,,,,,,,,,,,,,,,,,,,,,
0.025,0.1,0.1,0.25,0.03,0.018,PlasmaOxy_CC,,,,,,,,,,,,,,,,,,,,,,,
0.025,0.1,0.1,0.25,0.03,0.03,PlasmaOxy_CC,,,,,,,,,,,,,,,,,,,,,,,
0.025,0.1,0.1,0.25,0.05,0.018,PlasmaOxy_CC,,,,,,,,,,,,,,,,,,,,,,,
0.025,0.1,0.1,0.25,0.05,0.03,PlasmaOxy_CC,,,,,,,,,,,,,,,,,,,,,,,
0.025,0.1,0.1,0.25,0.07,0.018,PlasmaOxy_CC,,,,,,,,,,,,,,,,,,,,,,,
0.025,0.1,0.1,0.25,0.07,0.03,PlasmaOxy_CC,,,,,,,,,,,,,,,,,,,,,,,
0.025,0.15,0.01,0.075,0.03,0.018,Biomass,,,,,,,,,,,,,,,,,,,,,,,
0.025,0.15,0.01,0.075,0.03,0.03,NG,,,,,,,,,,,,,,,,,,,,,,,
0.025,0.15,0.01,0.075,0.05,0.018,Biomass,,,,,,,,,,,,,,,,,,,,,,,
0.025,0.15,0.01,0.075,0.05,0.03,NG,,,,,,,,,,,,,,,,,,,,,,,
0.025,0.15,0.01,0.075,0.07,0.018,Biomass,,,,,,,,,,,,,,,,,,,,,,,
0.025,0.15,0.01,0.075,0.07,0.03,NG,,,,,,,,,,,,,,,,,,,,,,,
0.025,0.15,0.01,0.1,0.03,0.018,PlasmaOxy_CC,,,,,,,,,,,,,,,,,,,,,,,
0.025,0.15,0.01,0.1,0.03,0.03,PlasmaOxy_CC,,,,,,,,,,,,,,,,,,,,,,,
0.025,0.15,0.01,0.1,0.05,0.018,PlasmaOxy_CC,,,,,,,,,,,,,,,,,,,,,,,
0.025,0.15,0.01,0.1,0.05,0.03,PlasmaOxy_CC,,,,,,,,,,,,,,,,,,,,,,,
0.025,0.15,0.01,0.1,0.07,0.018,PlasmaOxy_CC,,,,,,,,,,,,,,,,,,,,,,,
0.025,0.15,0.01,0.1,0.07,0.03,PlasmaOxy_CC,,,,,,,,,,,,,,,,,,,,,,,
0.025,0.15,0.01,0.2,0.03,0.018,PlasmaOxy_CC,,,,,,,,,,,,,,,,,,,,,,,
0.025,0.15,0.01,0.2,0.03,0.03,PlasmaOxy_CC,,,,,,,,,,,,,,,,,,,,,,,
0.025,0.15,0.01,0.2,0.05,0.018,PlasmaOxy_CC,,,,,,,,,,,,,,,,,,,,,,,
0.025,0.15,0.01,0.2,0.05,0.03,PlasmaOxy_CC,,,,,,,,,,,,,,,,,,,,,,,
0.025,0.15,0.01,0.2,0.07,0.018,PlasmaOxy_CC,,,,,,,,,,,,,,,,,,,,,,,
0.025,0.15,0.01,0.2,0.07,0.03,PlasmaOxy_CC,,,,,,,,,,,,,,,,,,,,,,,
0.025,0.15,0.01,0.25,0.03,0.018,PlasmaOxy_CC,,,,,,,,,,,,,,,,,,,,,,,
0.025,0.15,0.01,0.25,0.03,0.03,PlasmaOxy_CC,,,,,,,,,,,,,,,,,,,,,,,
0.025,0.15,0.01,0.25,0.05,0.018,PlasmaOxy_CC,,,,,,,,,,,,,,,,,,,,,,,
0.025,0.15,0.01,0.25,0.05,0.03,PlasmaOxy_CC,,,,,,,,,,,,,,,,,,,,,,,
0.025,0.15,0.01,0.25,0.07,0.018,PlasmaOxy_CC,,,,,,,,,,,,,,,,,,,,,,,
0.025,0.15,0.01,0.25,0.07,0.03,PlasmaOxy_CC,,,,,,,,,,,,,,,,,,,,,,,
0.025,0.15,0.035,0.075,0.03,0.018,Biomass,,,,,,,,,,,,,,,,,,,,,,,
0.025,0.15,0.035,0.075,0.03,0.03,Plasma,,,,,,,,,,,,,,,,,,,,,,,
0.025,0.15,0.035,0.075,0.05,0.018,Biomass,,,,,,,,,,,,,,,,,,,,,,,
0.025,0.15,0.035,0.075,0.05,0.03,Plasma,,,,,,,,,,,,,,,,,,,,,,,
0.025,0.15,0.035,0.075,0.07,0.018,Biomass,,,,,,,,,,,,,,,,,,,,,,,
0.025,0.15,0.035,0.075,0.07,0.03,Plasma,,,,,,,,,,,,,,,,,,,,,,,
0.025,0.15,0.035,0.1,0.03,0.018,PlasmaOxy_CC,,,,,,,,,,,,,,,,,,,,,,,
0.025,0.15,0.035,0.1,0.03,0.03,PlasmaOxy_CC,,,,,,,,,,,,,,,,,,,,,,,
0.025,0.15,0.035,0.1,0.05,0.018,PlasmaOxy_CC,,,,,,,,,,,,,,,,,,,,,,,
0.025,0.15,0.035,0.1,0.05,0.03,PlasmaOxy_CC,,,,,,,,,,,,,,,,,,,,,,,
0.025,0.15,0.035,0.1,0.07,0.018,PlasmaOxy_CC,,,,,,,,,,,,,,,,,,,,,,,
0.025,0.15,0.035,0.1,0.07,0.03,PlasmaOxy_CC,,,,,,,,,,,,,,,,,,,,,,,
0.025,0.15,0.035,0.2,0.03,0.018,PlasmaOxy_CC,,,,,,,,,,,,,,,,,,,,,,,
0.025,0.15,0.035,0.2,0.03,0.03,PlasmaOxy_CC,,,,,,,,,,,,,,,,,,,,,,,
0.025,0.15,0.035,0.2,0.05,0.018,PlasmaOxy_CC,,,,,,,,,,,,,,,,,,,,,,,
0.025,0.15,0.035,0.2,0.05,0.03,PlasmaOxy_CC,,,,,,,,,,,,,,,,,,,,,,,
0.025,0.15,0.035,0.2,0.07,0.018,PlasmaOxy_CC,,,,,,,,,,,,,,,,,,,,,,,
0.025,0.15,0.035,0.2,0.07,0.03,PlasmaOxy_CC,,,,,,,,,,,,,,,,,,,,,,,
0.025,0.15,0.035,0.25,0.03,0.018,PlasmaOxy_CC,,,,,,,,,,,,,,,,,,,,,,,
0.025,0.15,0.035,0.25,0.03,0.03,PlasmaOxy_CC,,,,,,,,,,,,,,,,,,,,,,,
0.025,0.15,0.035,0.25,0.05,0.018,PlasmaOxy_CC,,,,,,,,,,,,,,,,,,,,,,,
0.025,0.15,0.035,0.25,0.05,0.03,PlasmaOxy_CC,,,,,,,,,,,,,,,,,,,,,,,
0.025,0.15,0.035,0.25,0.07,0.018,PlasmaOxy_CC,,,,,,,,,,,,,,,,,,,,,,,
0.025,0.15,0.035,0.25,0.07,0.03,PlasmaOxy_CC,,,,,,,,,,,,,,,,,,,,,,,
0.025,0.15,0.055,0.075,0.03,0.018,Biomass,,,,,,,,,,,,,,,,,,,,,,,
0.025,0.15,0.055,0.075,0.03,0.03,Plasma,,,,,,,,,,,,,,,,,,,,,,,
0.025,0.15,0.055,0.075,0.05,0.018,Biomass,,,,,,,,,,,,,,,,,,,,,,,
0.025,0.15,0.055,0.075,0.05,0.03,Plasma,,,,,,,,,,,,,,,,,,,,,,,
0.025,0.15,0.055,0.075,0.07,0.018,Biomass,,,,,,,,,,,,,,,,,,,,,,,
0.025,0.15,0.055,0.075,0.07,0.03,Plasma,,,,,,,,,,,,,,,,,,,,,,,
0.025,0.15,0.055,0.1,0.03,0.018,PlasmaOxy_CC,,,,,,,,,,,,,,,,,,,,,,,
0.025,0.15,0.055,0.1,0.03,0.03,PlasmaOxy_CC,,,,,,,,,,,,,,,,,,,,,,,
0.025,0.15,0.055,0.1,0.05,0.018,PlasmaOxy_CC,,,,,,,,,,,,,,,,,,,,,,,
0.025,0.15,0.055,0.1,0.05,0.03,PlasmaOxy_CC,,,,,,,,,,,,,,,,,,,,,,,
0.025,0.15,0.055,0.1,0.07,0.018,PlasmaOxy_CC,,,,,,,,,,,,,,,,,,,,,,,
0.025,0.15,0.055,0.1,0.07,0.03,PlasmaOxy_CC,,,,,,,,,,,,,,,,,,,,,,,
0.025,0.15,0.055,0.2,0.03,0.018,PlasmaOxy_CC,,,,,,,,,,,,,,,,,,,,,,,
0.025,0.15,0.055,0.2,0.03,0.03,PlasmaOxy_CC,,,,,,,,,,,,,,,,,,,,,,,
0.025,0.15,0.055,0.2,0.05,0.018,PlasmaOxy_CC,,,,,,,,,,,,,,,,,,,,,,,
0.025,0.15,0.055,0.2,0.05,0.03,PlasmaOxy_CC,,,,,,,,,,,,,,,,,,,,,,,
0.025,0.15,0.055,0.2,0.07,0.018,PlasmaOxy_CC,,,,,,,,,,,,,,,,,,,,,,,
0.025,0.15,0.055,0.2,0.07,0.03,PlasmaOxy_CC,,,,,,,,,,,,,,,,,,,,,,,
0.025,0.15,0.055,0.25,0.03,0.018,PlasmaOxy_CC,,,,,,,,,,,,,,,,,,,,,,,
0.025,0.15,0.055,0.25,0.03,0.03,PlasmaOxy_CC,,,,,,,,,,,,,,,,,,,,,,,
0.025,0.15,0.055,0.25,0.05,0.018,PlasmaOxy_CC,,,,,,,,,,,,,,,,,,,,,,,
0.025,0.15,0.055,0.25,0.05,0.03,PlasmaOxy_CC,,,,,,,,,,,,,,,,,,,,,,,
0.025,0.15,0.055,0.25,0.07,0.018,PlasmaOxy_CC,,,,,,,,,,,,,,,,,,,,,,,
0.025,0.15,0.055,0.25,0.07,0.03,PlasmaOxy_CC,,,,,,,,,,,,,,,,,,,,,,,
0.025,0.15,0.075,0.075,0.03,0.018,Biomass,,,,,,,,,,,,,,,,,,,,,,,
0.025,0.15,0.075,0.075,0.03,0.03,Plasma,,,,,,,,,,,,,,,,,,,,,,,
0.025,0.15,0.075,0.075,0.05,0.018,Biomass,,,,,,,,,,,,,,,,,,,,,,,
0.025,0.15,0.075,0.075,0.05,0.03,Plasma,,,,,,,,,,,,,,,,,,,,,,,
0.025,0.15,0.075,0.075,0.07,0.018,Biomass,,,,,,,,,,,,,,,,,,,,,,,
0.025,0.15,0.075,0.075,0.07,0.03,Plasma,,,,,,,,,,,,,,,,,,,,,,,
0.025,0.15,0.075,0.1,0.03,0.018,PlasmaOxy_CC,,,,,,,,,,,,,,,,,,,,,,,
0.025,0.15,0.075,0.1,0.03,0.03,PlasmaOxy_CC,,,,,,,,,,,,,,,,,,,,,,,
0.025,0.15,0.075,0.1,0.05,0.018,PlasmaOxy_CC,,,,,,,,,,,,,,,,,,,,,,,
0.025,0.15,0.075,0.1,0.05,0.03,PlasmaOxy_CC,,,,,,,,,,,,,,,,,,,,,,,
0.025,0.15,0.075,0.1,0.07,0.018,PlasmaOxy_CC,,,,,,,,,,,,,,,,,,,,,,,
0.025,0.15,0.075,0.1,0.07,0.03,PlasmaOxy_CC,,,,,,,,,,,,,,,,,,,,,,,
0.025,0.15,0.075,0.2,0.03,0.018,PlasmaOxy_CC,,,,,,,,,,,,,,,,,,,,,,,
0.025,0.15,0.075,0.2,0.03,0.03,PlasmaOxy_CC,,,,,,,,,,,,,,,,,,,,,,,
0.025,0.15,0.075,0.2,0.05,0.018,PlasmaOxy_CC,,,,,,,,,,,,,,,,,,,,,,,
0.025,0.15,0.075,0.2,0.05,0.03,PlasmaOxy_CC,,,,,,,,,,,,,,,,,,,,,,,
0.025,0.15,0.075,0.2,0.07,0.018,PlasmaOxy_CC,,,,,,,,,,,,,,,,,,,,,,,
0.025,0.15,0.075,0.2,0.07,0.03,PlasmaOxy_CC,,,,,,,,,,,,,,,,,,,,,,,
0.025,0.15,0.075,0.25,0.03,0.018,PlasmaOxy_CC,,,,,,,,,,,,,,,,,,,,,,,
0.025,0.15,0.075,0.25,0.03,0.03,PlasmaOxy_CC,,,,,,,,,,,,,,,,,,,,,,,
0.025,0.15,0.075,0.25,0.05,0.018,PlasmaOxy_CC,,,,,,,,,,,,,,,,,,,,,,,
0.025,0.15,0.075,0.25,0.05,0.03,PlasmaOxy_CC,,,,,,,,,,,,,,,,,,,,,,,
0.025,0.15,0.075,0.25,0.07,0.018,PlasmaOxy_CC,,,,,,,,,,,,,,,,,,,,,,,
0.025,0.15,0.075,0.25,0.07,0.03,PlasmaOxy_CC,,,,,,,,,,,,,,,,,,,,,,,
0.025,0.15,0.1,0.075,0.03,0.018,Biomass,,,,,,,,,,,,,,,,,,,,,,,
0.025,0.15,0.1,0.075,0.03,0.03,Plasma,,,,,,,,,,,,,,,,,,,,,,,
0.025,0.15,0.1,0.075,0.05,0.018,Biomass,,,,,,,,,,,,,,,,,,,,,,,
0.025,0.15,0.1,0.075,0.05,0.03,Plasma,,,,,,,,,,,,,,,,,,,,,,,
0.025,0.15,0.1,0.075,0.07,0.018,Biomass,,,,,,,,,,,,,,,,,,,,,,,
0.025,0.15,0.1,0.075,0.07,0.03,Plasma,,,,,,,,,,,,,,,,,,,,,,,
0.025,0.15,0.1,0.1,0.03,0.018,PlasmaOxy_CC,,,,,,,,,,,,,,,,,,,,,,,
0.025,0.15,0.1,0.1,0.03,0.03,PlasmaOxy_CC,,,,,,,,,,,,,,,,,,,,,,,
0.025,0.15,0.1,0.1,0.05,0.018,PlasmaOxy_CC,,,,,,,,,,,,,,,,,,,,,,,
0.025,0.15,0.1,0.1,0.05,0.03,PlasmaOxy_CC,,,,,,,,,,,,,,,,,,,,,,,
0.025,0.15,0.1,0.1,0.07,0.018,PlasmaOxy_CC,,,,,,,,,,,,,,,,,,,,,,,
0.025,0.15,0.1,0.1,0.07,0.03,PlasmaOxy_CC,,,,,,,,,,,,,,,,,,,,,,,
0.025,0.15,0.1,0.2,0.03,0.018,PlasmaOxy_CC,,,,,,,,,,,,,,,,,,,,,,,
0.025,0.15,0.1,0.2,0.03,0.03,PlasmaOxy_CC,,,,,,,,,,,,,,,,,,,,,,,
0.025,0.15,0.1,0.2,0.05,0.018,PlasmaOxy_CC,,,,,,,,,,,,,,,,,,,,,,,
0.025,0.15,0.1,0.2,0.05,0.03,PlasmaOxy_CC,,,,,,,,,,,,,,,,,,,,,,,
0.025,0.15,0.1,0.2,0.07,0.018,PlasmaOxy_CC,,,,,,,,,,,,,,,,,,,,,,,
0.025,0.15,0.1,0.2,0.07,0.03,PlasmaOxy_CC,,,,,,,,,,,,,,,,,,,,,,,
0.025,0.15,0.1,0.25,0.03,0.018,PlasmaOxy_CC,,,,,,,,,,,,,,,,,,,,,,,
0.025,0.15,0.1,0.25,0.03,0.03,PlasmaOxy_CC,,,,,,,,,,,,,,,,,,,,,,,
0.025,0.15,0.1,0.25,0.05,0.018,PlasmaOxy_CC,,,,,,,,,,,,,,,,,,,,,,,
0.025,0.15,0.1,0.25,0.05,0.03,PlasmaOxy_CC,,,,,,,,,,,,,,,,,,,,,,,
0.025,0.15,0.1,0.25,0.07,0.018,PlasmaOxy_CC,,,,,,,,,,,,,,,,,,,,,,,
0.025,0.15,0.1,0.25,0.07,0.03,PlasmaOxy_CC,,,,,,,,,,,,,,,,,,,,,,,
0.025,0.2,0.01,0.075,0.03,0.018,Biomass,,,,,,,,,,,,,,,,,,,,,,,
0.025,0.2,0.01,0.075,0.03,0.03,NG,,,,,,,,,,,,,,,,,,,,,,,
0.025,0.2,0.01,0.075,0.05,0.018,Biomass,,,,,,,,,,,,,,,,,,,,,,,
0.025,0.2,0.01,0.075,0.05,0.03,NG,,,,,,,,,,,,,,,,,,,,,,,
0.025,0.2,0.01,0.075,0.07,0.018,Biomass,,,,,,,,,,,,,,,,,,,,,,,
0.025,0.2,0.01,0.075,0.07,0.03,NG,,,,,,,,,,,,,,,,,,,,,,,
0.025,0.2,0.01,0.1,0.03,0.018,PlasmaOxy_CC,,,,,,,,,,,,,,,,,,,,,,,
0.025,0.2,0.01,0.1,0.03,0.03,PlasmaOxy_CC,,,,,,,,,,,,,,,,,,,,,,,
0.025,0.2,0.01,0.1,0.05,0.018,PlasmaOxy_CC,,,,,,,,,,,,,,,,,,,,,,,
0.025,0.2,0.01,0.1,0.05,0.03,PlasmaOxy_CC,,,,,,,,,,,,,,,,,,,,,,,
0.025,0.2,0.01,0.1,0.07,0.018,PlasmaOxy_CC,,,,,,,,,,,,,,,,,,,,,,,
0.025,0.2,0.01,0.1,0.07,0.03,PlasmaOxy_CC,,,,,,,,,,,,,,,,,,,,,,,
0.025,0.2,0.01,0.2,0.03,0.018,PlasmaOxy_CC,,,,,,,,,,,,,,,,,,,,,,,
0.025,0.2,0.01,0.2,0.03,0.03,PlasmaOxy_CC,,,,,,,,,,,,,,,,,,,,,,,
0.025,0.2,0.01,0.2,0.05,0.018,PlasmaOxy_CC,,,,,,,,,,,,,,,,,,,,,,,
0.025,0.2,0.01,0.2,0.05,0.03,PlasmaOxy_CC,,,,,,,,,,,,,,,,,,,,,,,
0.025,0.2,0.01,0.2,0.07,0.018,PlasmaOxy_CC,,,,,,,,,,,,,,,,,,,,,,,
0.025,0.2,0.01,0.2,0.07,0.03,PlasmaOxy_CC,,,,,,,,,,,,,,,,,,,,,,,
0.025,0.2,0.01,0.25,0.03,0.018,PlasmaOxy_CC,,,,,,,,,,,,,,,,,,,,,,,
0.025,0.2,0.01,0.25,0.03,0.03,PlasmaOxy_CC,,,,,,,,,,,,,,,,,,,,,,,
0.025,0.2,0.01,0.25,0.05,0.018,PlasmaOxy_CC,,,,,,,,,,,,,,,,,,,,,,,
0.025,0.2,0.01,0.25,0.05,0.03,PlasmaOxy_CC,,,,,,,,,,,,,,,,,,,,,,,
0.025,0.2,0.01,0.25,0.07,0.018,PlasmaOxy_CC,,,,,,,,,,,,,,,,,,,,,,,
0.025,0.2,0.01,0.25,0.07,0.03,PlasmaOxy_CC,,,,,,,,,,,,,,,,,,,,,,,
0.025,0.2,0.035,0.075,0.03,0.018,Biomass,,,,,,,,,,,,,,,,,,,,,,,
0.025,0.2,0.035,0.075,0.03,0.03,Plasma,,,,,,,,,,,,,,,,,,,,,,,
0.025,0.2,0.035,0.075,0.05,0.018,Biomass,,,,,,,,,,,,,,,,,,,,,,,
0.025,0.2,0.035,0.075,0.05,0.03,Plasma,,,,,,,,,,,,,,,,,,,,,,,
0.025,0.2,0.035,0.075,0.07,0.018,Biomass,,,,,,,,,,,,,,,,,,,,,,,
0.025,0.2,0.035,0.075,0.07,0.03,Plasma,,,,,,,,,,,,,,,,,,,,,,,
0.025,0.2,0.035,0.1,0.03,0.018,PlasmaOxy_CC,,,,,,,,,,,,,,,,,,,,,,,
0.025,0.2,0.035,0.1,0.03,0.03,PlasmaOxy_CC,,,,,,,,,,,,,,,,,,,,,,,
0.025,0.2,0.035,0.1,0.05,0.018,PlasmaOxy_CC,,,,,,,,,,,,,,,,,,,,,,,
0.025,0.2,0.035,0.1,0.05,0.03,PlasmaOxy_CC,,,,,,,,,,,,,,,,,,,,,,,
0.025,0.2,0.035,0.1,0.07,0.018,PlasmaOxy_CC,,,,,,,,,,,,,,,,,,,,,,,
0.025,0.2,0.035,0.1,0.07,0.03,PlasmaOxy_CC,,,,,,,,,,,,,,,,,,,,,,,
0.025,0.2,0.035,0.2,0.03,0.018,PlasmaOxy_CC,,,,,,,,,,,,,,,,,,,,,,,
0.025,0.2,0.035,0.2,0.03,0.03,PlasmaOxy_CC,,,,,,,,,,,,,,,,,,,,,,,
0.025,0.2,0.035,0.2,0.05,0.018,PlasmaOxy_CC,,,,,,,,,,,,,,,,,,,,,,,
0.025,0.2,0.035,0.2,0.05,0.03,PlasmaOxy_CC,,,,,,,,,,,,,,,,,,,,,,,
0.025,0.2,0.035,0.2,0.07,0.018,PlasmaOxy_CC,,,,,,,,,,,,,,,,,,,,,,,
0.025,0.2,0.035,0.2,0.07,0.03,PlasmaOxy_CC,,,,,,,,,,,,,,,,,,,,,,,
0.025,0.2,0.035,0.25,0.03,0.018,PlasmaOxy_CC,,,,,,,,,,,,,,,,,,,,,,,
0.025,0.2,0.035,0.25,0.03,0.03,PlasmaOxy_CC,,,,,,,,,,,,,,,,,,,,,,,
0.025,0.2,0.035,0.25,0.05,0.018,PlasmaOxy_CC,,,,,,,,,,,,,,,,,,,,,,,
0.025,0.2,0.035,0.25,0.05,0.03,PlasmaOxy_CC,,,,,,,,,,,,,,,,,,,,,,,
0.025,0.2,0.035,0.25,0.07,0.018,PlasmaOxy_CC,,,,,,,,,,,,,,,,,,,,,,,
0.025,0.2,0.035,0.25,0.07,0.03,PlasmaOxy_CC,,,,,,,,,,,,,,,,,,,,,,,
0.025,0.2,0.055,0.075,0.03,0.018,Biomass,,,,,,,,,,,,,,,,,,,,,,,
0.025,0.2,0.055,0.075,0.03,0.03,Plasma,,,,,,,,,,,,,,,,,,,,,,,
0.025,0.2,0.055,0.075,0.05,0.018,Biomass,,,,,,,,,,,,,,,,,,,,,,,
0.025,0.2,0.055,0.075,0.05,0.03,Plasma,,,,,,,,,,,,,,,,,,,,,,,
0.025,0.2,0.055,0.075,0.07,0.018,Biomass,,,,,,,,,,,,,,,,,,,,,,,
0.025,0.2,0.055,0.075,0.07,0.03,Plasma,,,,,,,,,,,,,,,,,,,,,,,
0.025,0.2,0.055,0.1,0.03,0.018,PlasmaOxy_CC,,,,,,,,,,,,,,,,,,,,,,,
0.025,0.2,0.055,0.1,0.03,0.03,PlasmaOxy_CC,,,,,,,,,,,,,,,,,,,,,,,
0.025,0.2,0.055,0.1,0.05,0.018,PlasmaOxy_CC,,,,,,,,,,,,,,,,,,,,,,,
0.025,0.2,0.055,0.1,0.05,0.03,PlasmaOxy_CC,,,,,,,,,,,,,,,,,,,,,,,
0.025,0.2,0.055,0.1,0.07,0.018,PlasmaOxy_CC,,,,,,,,,,,,,,,,,,,,,,,
0.025,0.2,0.055,0.1,0.07,0.03,PlasmaOxy_CC,,,,,,,,,,,,,,,,,,,,,,,
0.025,0.2,0.055,0.2,0.03,0.018,PlasmaOxy_CC,,,,,,,,,,,,,,,,,,,,,,,
0.025,0.2,0.055,0.2,0.03,0.03,PlasmaOxy_CC,,,,,,,,,,,,,,,,,,,,,,,
0.025,0.2,0.055,0.2,0.05,0.018,PlasmaOxy_CC,,,,,,,,,,,,,,,,,,,,,,,
0.025,0.2,0.055,0.2,0.05,0.03,PlasmaOxy_CC,,,,,,,,,,,,,,,,,,,,,,,
0.025,0.2,0.055,0.2,0.07,0.018,PlasmaOxy_CC,,,,,,,,,,,,,,,,,,,,,,,
0.025,0.2,0.055,0.2,0.07,0.03,PlasmaOxy_CC,,,,,,,,,,,,,,,,,,,,,,,
0.025,0.2,0.055,0.25,0.03,0.018,PlasmaOxy_CC,,,,,,,,,,,,,,,,,,,,,,,
0.025,0.2,0.055,0.25,0.03,0.03,PlasmaOxy_CC,,,,,,,,,,,,,,,,,,,,,,,
0.025,0.2,0.055,0.25,0.05,0.018,PlasmaOxy_CC,,,,,,,,,,,,,,,,,,,,,,,
0.025,0.2,0.055,0.25,0.05,0.03,PlasmaOxy_CC,,,,,,,,,,,,,,,,,,,,,,,
0.025,0.2,0.055,0.25,0.07,0.018,PlasmaOxy_CC,,,,,,,,,,,,,,,,,,,,,,,
0.025,0.2,0.055,0.25,0.07,0.03,PlasmaOxy_CC,,,,,,,,,,,,,,,,,,,,,,,
0.025,0.2,0.075,0.075,0.03,0.018,Biomass,,,,,,,,,,,,,,,,,,,,,,,
0.025,0.2,0.075,0.075,0.03,0.03,Plasma,,,,,,,,,,,,,,,,,,,,,,,
0.025,0.2,0.075,0.075,0.05,0.018,Biomass,,,,,,,,,,,,,,,,,,,,,,,
0.025,0.2,0.075,0.075,0.05,0.03,Plasma,,,,,,,,,,,,,,,,,,,,,,,
0.025,0.2,0.075,0.075,0.07,0.018,Biomass,,,,,,,,,,,,,,,,,,,,,,,
0.025,0.2,0.075,0.075,0.07,0.03,Plasma,,,,,,,,,,,,,,,,,,,,,,,
0.025,0.2,0.075,0.1,0.03,0.018,PlasmaOxy_CC,,,,,,,,,,,,,,,,,,,,,,,
0.025,0.2,0.075,0.1,0.03,0.03,PlasmaOxy_CC,,,,,,,,,,,,,,,,,,,,,,,
0.025,0.2,0.075,0.1,0.05,0.018,PlasmaOxy_CC,,,,,,,,,,,,,,,,,,,,,,,
0.025,0.2,0.075,0.1,0.05,0.03,PlasmaOxy_CC,,,,,,,,,,,,,,,,,,,,,,,
0.025,0.2,0.075,0.1,0.07,0.018,PlasmaOxy_CC,,,,,,,,,,,,,,,,,,,,,,,
0.025,0.2,0.075,0.1,0.07,0.03,PlasmaOxy_CC,,,,,,,,,,,,,,,,,,,,,,,
0.025,0.2,0.075,0.2,0.03,0.018,PlasmaOxy_CC,,,,,,,,,,,,,,,,,,,,,,,
0.025,0.2,0.075,0.2,0.03,0.03,PlasmaOxy_CC,,,,,,,,,,,,,,,,,,,,,,,
0.025,0.2,0.075,0.2,0.05,0.018,PlasmaOxy_CC,,,,,,,,,,,,,,,,,,,,,,,
0.025,0.2,0.075,0.2,0.05,0.03,PlasmaOxy_CC,,,,,,,,,,,,,,,,,,,,,,,
0.025,0.2,0.075,0.2,0.07,0.018,PlasmaOxy_CC,,,,,,,,,,,,,,,,,,,,,,,
0.025,0.2,0.075,0.2,0.07,0.03,PlasmaOxy_CC,,,,,,,,,,,,,,,,,,,,,,,
0.025,0.2,0.075,0.25,0.03,0.018,PlasmaOxy_CC,,,,,,,,,,,,,,,,,,,,,,,
0.025,0.2,0.075,0.25,0.03,0.03,PlasmaOxy_CC,,,,,,,,,,,,,,,,,,,,,,,
0.025,0.2,0.075,0.25,0.05,0.018,PlasmaOxy_CC,,,,,,,,,,,,,,,,,,,,,,,
0.025,0.2,0.075,0.25,0.05,0.03,PlasmaOxy_CC,,,,,,,,,,,,,,,,,,,,,,,
0.025,0.2,0.075,0.25,0.07,0.018,PlasmaOxy_CC,,,,,,,,,,,,,,,,,,,,,,,
0.025,0.2,0.075,0.25,0.07,0.03,PlasmaOxy_CC,,,,,,,,,,,,,,,,,,,,,,,
0.025,0.2,0.1,0.075,0.03,0.018,Biomass,,,,,,,,,,,,,,,,,,,,,,,
0.025,0.2,0.1,0.075,0.03,0.03,Plasma,,,,,,,,,,,,,,,,,,,,,,,
0.025,0.2,0.1,0.075,0.05,0.018,Biomass,,,,,,,,,,,,,,,,,,,,,,,
0.025,0.2,0.1,0.075,0.05,0.03,Plasma,,,,,,,,,,,,,,,,,,,,,,,
0.025,0.2,0.1,0.075,0.07,0.018,Biomass,,,,,,,,,,,,,,,,,,,,,,,
0.025,0.2,0.1,0.075,0.07,0.03,Plasma,,,,,,,,,,,,,,,,,,,,,,,
0.025,0.2,0.1,0.1,0.03,0.018,PlasmaOxy_CC,,,,,,,,,,,,,,,,,,,,,,,
0.025,0.2,0.1,0.1,0.03,0.03,PlasmaOxy_CC,,,,,,,,,,,,,,,,,,,,,,,
0.025,0.2,0.1,0.1,0.05,0.018,PlasmaOxy_CC,,,,,,,,,,,,,,,,,,,,,,,
0.025,0.2,0.1,0.1,0.05,0.03,PlasmaOxy_CC,,,,,,,,,,,,,,,,,,,,,,,
0.025,0.2,0.1,0.1,0.07,0.018,PlasmaOxy_CC,,,,,,,,,,,,,,,,,,,,,,,
0.025,0.2,0.1,0.1,0.07,0.03,PlasmaOxy_CC,,,,,,,,,,,,,,,,,,,,,,,
0.025,0.2,0.1,0.2,0.03,0.018,PlasmaOxy_CC,,,,,,,,,,,,,,,,,,,,,,,
0.025,0.2,0.1,0.2,0.03,0.03,PlasmaOxy_CC,,,,,,,,,,,,,,,,,,,,,,,
0.025,0.2,0.1,0.2,0.05,0.018,PlasmaOxy_CC,,,,,,,,,,,,,,,,,,,,,,,
0.025,0.2,0.1,0.2,0.05,0.03,PlasmaOxy_CC,,,,,,,,,,,,,,,,,,,,,,,
0.025,0.2,0.1,0.2,0.07,0.018,PlasmaOxy_CC,,,,,,,,,,,,,,,,,,,,,,,
0.025,0.2,0.1,0.2,0.07,0.03,PlasmaOxy_CC,,,,,,,,,,,,,,,,,,,,,,,
0.025,0.2,0.1,0.25,0.03,0.018,PlasmaOxy_CC,,,,,,,,,,,,,,,,,,,,,,,
0.025,0.2,0.1,0.25,0.03,0.03,PlasmaOxy_CC,,,,,,,,,,,,,,,,,,,,,,,
0.025,0.2,0.1,0.25,0.05,0.018,PlasmaOxy_CC,,,,,,,,,,,,,,,,,,,,,,,
0.025,0.2,0.1,0.25,0.05,0.03,PlasmaOxy_CC,,,,,,,,,,,,,,,,,,,,,,,
0.025,0.2,0.1,0.25,0.07,0.018,PlasmaOxy_CC,,,,,,,,,,,,,,,,,,,,,,,
0.025,0.2,0.1,0.25,0.07,0.03,BiomassOxy_CC,,,,,,,,,,,,,,,,,,,,,,,
0.05,0.01,0.01,0.075,0.03,0.018,Biomass,,,,,,,,,,,,,,,,,,,,,,,
0.05,0.01,0.01,0.075,0.03,0.03,NG,,,,,,,,,,,,,,,,,,,,,,,
0.05,0.01,0.01,0.075,0.05,0.018,Biomass,,,,,,,,,,,,,,,,,,,,,,,
0.05,0.01,0.01,0.075,0.05,0.03,NG,,,,,,,,,,,,,,,,,,,,,,,
0.05,0.01,0.01,0.075,0.07,0.018,Biomass,,,,,,,,,,,,,,,,,,,,,,,
0.05,0.01,0.01,0.075,0.07,0.03,NG,,,,,,,,,,,,,,,,,,,,,,,
0.05,0.01,0.01,0.1,0.03,0.018,Biomass,,,,,,,,,,,,,,,,,,,,,,,
0.05,0.01,0.01,0.1,0.03,0.03,NG,,,,,,,,,,,,,,,,,,,,,,,
0.05,0.01,0.01,0.1,0.05,0.018,Biomass,,,,,,,,,,,,,,,,,,,,,,,
0.05,0.01,0.01,0.1,0.05,0.03,NG,,,,,,,,,,,,,,,,,,,,,,,
0.05,0.01,0.01,0.1,0.07,0.018,Biomass,,,,,,,,,,,,,,,,,,,,,,,
0.05,0.01,0.01,0.1,0.07,0.03,NG,,,,,,,,,,,,,,,,,,,,,,,
0.05,0.01,0.01,0.2,0.03,0.018,H2Oxy_CC,,,,,,,,,,,,,,,,,,,,,,,
0.05,0.01,0.01,0.2,0.03,0.03,H2Oxy_CC,,,,,,,,,,,,,,,,,,,,,,,
0.05,0.01,0.01,0.2,0.05,0.018,H2Oxy_CC,,,,,,,,,,,,,,,,,,,,,,,
0.05,0.01,0.01,0.2,0.05,0.03,H2Oxy_CC,,,,,,,,,,,,,,,,,,,,,,,
0.05,0.01,0.01,0.2,0.07,0.018,H2Oxy_CC,,,,,,,,,,,,,,,,,,,,,,,
0.05,0.01,0.01,0.2,0.07,0.03,H2Oxy_CC,,,,,,,,,,,,,,,,,,,,,,,
0.05,0.01,0.01,0.25,0.03,0.018,BiomassOxy_CC,,,,,,,,,,,,,,,,,,,,,,,
0.05,0.01,0.01,0.25,0.03,0.03,H2Oxy_CC,,,,,,,,,,,,,,,,,,,,,,,
0.05,0.01,0.01,0.25,0.05,0.018,BiomassOxy_CC,,,,,,,,,,,,,,,,,,,,,,,
0.05,0.01,0.01,0.25,0.05,0.03,H2Oxy_CC,,,,,,,,,,,,,,,,,,,,,,,
0.05,0.01,0.01,0.25,0.07,0.018,BiomassOxy_CC,,,,,,,,,,,,,,,,,,,,,,,
0.05,0.01,0.01,0.25,0.07,0.03,H2Oxy_CC,,,,,,,,,,,,,,,,,,,,,,,
0.05,0.01,0.035,0.075,0.03,0.018,Biomass,,,,,,,,,,,,,,,,,,,,,,,
0.05,0.01,0.035,0.075,0.03,0.03,BioCH4,,,,,,,,,,,,,,,,,,,,,,,
0.05,0.01,0.035,0.075,0.05,0.018,Biomass,,,,,,,,,,,,,,,,,,,,,,,
0.05,0.01,0.035,0.075,0.05,0.03,Biomass,,,,,,,,,,,,,,,,,,,,,,,
0.05,0.01,0.035,0.075,0.07,0.018,Biomass,,,,,,,,,,,,,,,,,,,,,,,
0.05,0.01,0.035,0.075,0.07,0.03,Biomass,,,,,,,,,,,,,,,,,,,,,,,
0.05,0.01,0.035,0.1,0.03,0.018,Biomass,,,,,,,,,,,,,,,,,,,,,,,
0.05,0.01,0.035,0.1,0.03,0.03,BioCH4,,,,,,,,,,,,,,,,,,,,,,,
0.05,0.01,0.035,0.1,0.05,0.018,Biomass,,,,,,,,,,,,,,,,,,,,,,,
0.05,0.01,0.035,0.1,0.05,0.03,Biomass,,,,,,,,,,,,,,,,,,,,,,,
0.05,0.01,0.035,0.1,0.07,0.018,Biomass,,,,,,,,,,,,,,,,,,,,,,,
0.05,0.01,0.035,0.1,0.07,0.03,Biomass,,,,,,,,,,,,,,,,,,,,,,,
0.05,0.01,0.035,0.2,0.03,0.018,H2Oxy_CC,,,,,,,,,,,,,,,,,,,,,,,
0.05,0.01,0.035,0.2,0.03,0.03,H2Oxy_CC,,,,,,,,,,,,,,,,,,,,,,,
0.05,0.01,0.035,0.2,0.05,0.018,H2Oxy_CC,,,,,,,,,,,,,,,,,,,,,,,
0.05,0.01,0.035,0.2,0.05,0.03,H2Oxy_CC,,,,,,,,,,,,,,,,,,,,,,,
0.05,0.01,0.035,0.2,0.07,0.018,H2Oxy_CC,,,,,,,,,,,,,,,,,,,,,,,
0.05,0.01,0.035,0.2,0.07,0.03,H2Oxy_CC,,,,,,,,,,,,,,,,,,,,,,,
0.05,0.01,0.035,0.25,0.03,0.018,BiomassOxy_CC,,,,,,,,,,,,,,,,,,,,,,,
0.05,0.01,0.035,0.25,0.03,0.03,H2Oxy_CC,,,,,,,,,,,,,,,,,,,,,,,
0.05,0.01,0.035,0.25,0.05,0.018,BiomassOxy_CC,,,,,,,,,,,,,,,,,,,,,,,
0.05,0.01,0.035,0.25,0.05,0.03,H2Oxy_CC,,,,,,,,,,,,,,,,,,,,,,,
0.05,0.01,0.035,0.25,0.07,0.018,BiomassOxy_CC,,,,,,,,,,,,,,,,,,,,,,,
0.05,0.01,0.035,0.25,0.07,0.03,H2Oxy_CC,,,,,,,,,,,,,,,,,,,,,,,
0.05,0.01,0.055,0.075,0.03,0.018,Biomass,,,,,,,,,,,,,,,,,,,,,,,
0.05,0.01,0.055,0.075,0.03,0.03,BioCH4,,,,,,,,,,,,,,,,,,,,,,,
0.05,0.01,0.055,0.075,0.05,0.018,Biomass,,,,,,,,,,,,,,,,,,,,,,,
0.05,0.01,0.055,0.075,0.05,0.03,Biomass,,,,,,,,,,,,,,,,,,,,,,,
0.05,0.01,0.055,0.075,0.07,0.018,Biomass,,,,,,,,,,,,,,,,,,,,,,,
0.05,0.01,0.055,0.075,0.07,0.03,Biomass,,,,,,,,,,,,,,,,,,,,,,,
0.05,0.01,0.055,0.1,0.03,0.018,Biomass,,,,,,,,,,,,,,,,,,,,,,,
0.05,0.01,0.055,0.1,0.03,0.03,BioCH4,,,,,,,,,,,,,,,,,,,,,,,
0.05,0.01,0.055,0.1,0.05,0.018,Biomass,,,,,,,,,,,,,,,,,,,,,,,
0.05,0.01,0.055,0.1,0.05,0.03,Biomass,,,,,,,,,,,,,,,,,,,,,,,
0.05,0.01,0.055,0.1,0.07,0.018,Biomass,,,,,,,,,,,,,,,,,,,,,,,
0.05,0.01,0.055,0.1,0.07,0.03,Biomass,,,,,,,,,,,,,,,,,,,,,,,
0.05,0.01,0.055,0.2,0.03,0.018,H2Oxy_CC,,,,,,,,,,,,,,,,,,,,,,,
0.05,0.01,0.055,0.2,0.03,0.03,H2Oxy_CC,,,,,,,,,,,,,,,,,,,,,,,
0.05,0.01,0.055,0.2,0.05,0.018,H2Oxy_CC,,,,,,,,,,,,,,,,,,,,,,,
0.05,0.01,0.055,0.2,0.05,0.03,H2Oxy_CC,,,,,,,,,,,,,,,,,,,,,,,
0.05,0.01,0.055,0.2,0.07,0.018,H2Oxy_CC,,,,,,,,,,,,,,,,,,,,,,,
0.05,0.01,0.055,0.2,0.07,0.03,H2Oxy_CC,,,,,,,,,,,,,,,,,,,,,,,
0.05,0.01,0.055,0.25,0.03,0.018,BiomassOxy_CC,,,,,,,,,,,,,,,,,,,,,,,
0.05,0.01,0.055,0.25,0.03,0.03,H2Oxy_CC,,,,,,,,,,,,,,,,,,,,,,,
0.05,0.01,0.055,0.25,0.05,0.018,BiomassOxy_CC,,,,,,,,,,,,,,,,,,,,,,,
0.05,0.01,0.055,0.25,0.05,0.03,H2Oxy_CC,,,,,,,,,,,,,,,,,,,,,,,
0.05,0.01,0.055,0.25,0.07,0.018,BiomassOxy_CC,,,,,,,,,,,,,,,,,,,,,,,
0.05,0.01,0.055,0.25,0.07,0.03,H2Oxy_CC,,,,,,,,,,,,,,,,,,,,,,,
0.05,0.01,0.075,0.075,0.03,0.018,Biomass,,,,,,,,,,,,,,,,,,,,,,,
0.05,0.01,0.075,0.075,0.03,0.03,BioCH4,,,,,,,,,,,,,,,,,,,,,,,
0.05,0.01,0.075,0.075,0.05,0.018,Biomass,,,,,,,,,,,,,,,,,,,,,,,
0.05,0.01,0.075,0.075,0.05,0.03,Biomass,,,,,,,,,,,,,,,,,,,,,,,
0.05,0.01,0.075,0.075,0.07,0.018,Biomass,,,,,,,,,,,,,,,,,,,,,,,
0.05,0.01,0.075,0.075,0.07,0.03,Biomass,,,,,,,,,,,,,,,,,,,,,,,
0.05,0.01,0.075,0.1,0.03,0.018,Biomass,,,,,,,,,,,,,,,,,,,,,,,
0.05,0.01,0.075,0.1,0.03,0.03,BioCH4,,,,,,,,,,,,,,,,,,,,,,,
0.05,0.01,0.075,0.1,0.05,0.018,Biomass,,,,,,,,,,,,,,,,,,,,,,,
0.05,0.01,0.075,0.1,0.05,0.03,Biomass,,,,,,,,,,,,,,,,,,,,,,,
0.05,0.01,0.075,0.1,0.07,0.018,Biomass,,,,,,,,,,,,,,,,,,,,,,,
0.05,0.01,0.075,0.1,0.07,0.03,Biomass,,,,,,,,,,,,,,,,,,,,,,,
0.05,0.01,0.075,0.2,0.03,0.018,H2Oxy_CC,,,,,,,,,,,,,,,,,,,,,,,
0.05,0.01,0.075,0.2,0.03,0.03,H2Oxy_CC,,,,,,,,,,,,,,,,,,,,,,,
0.05,0.01,0.075,0.2,0.05,0.018,H2Oxy_CC,,,,,,,,,,,,,,,,,,,,,,,
0.05,0.01,0.075,0.2,0.05,0.03,H2Oxy_CC,,,,,,,,,,,,,,,,,,,,,,,
0.05,0.01,0.075,0.2,0.07,0.018,H2Oxy_CC,,,,,,,,,,,,,,,,,,,,,,,
0.05,0.01,0.075,0.2,0.07,0.03,H2Oxy_CC,,,,,,,,,,,,,,,,,,,,,,,
0.05,0.01,0.075,0.25,0.03,0.018,BiomassOxy_CC,,,,,,,,,,,,,,,,,,,,,,,
0.05,0.01,0.075,0.25,0.03,0.03,H2Oxy_CC,,,,,,,,,,,,,,,,,,,,,,,
0.05,0.01,0.075,0.25,0.05,0.018,BiomassOxy_CC,,,,,,,,,,,,,,,,,,,,,,,
0.05,0.01,0.075,0.25,0.05,0.03,H2Oxy_CC,,,,,,,,,,,,,,,,,,,,,,,
0.05,0.01,0.075,0.25,0.07,0.018,BiomassOxy_CC,,,,,,,,,,,,,,,,,,,,,,,
0.05,0.01,0.075,0.25,0.07,0.03,H2Oxy_CC,,,,,,,,,,,,,,,,,,,,,,,
0.05,0.01,0.1,0.075,0.03,0.018,Biomass,,,,,,,,,,,,,,,,,,,,,,,
0.05,0.01,0.1,0.075,0.03,0.03,BioCH4,,,,,,,,,,,,,,,,,,,,,,,
0.05,0.01,0.1,0.075,0.05,0.018,Biomass,,,,,,,,,,,,,,,,,,,,,,,
0.05,0.01,0.1,0.075,0.05,0.03,Biomass,,,,,,,,,,,,,,,,,,,,,,,
0.05,0.01,0.1,0.075,0.07,0.018,Biomass,,,,,,,,,,,,,,,,,,,,,,,
0.05,0.01,0.1,0.075,0.07,0.03,Biomass,,,,,,,,,,,,,,,,,,,,,,,
0.05,0.01,0.1,0.1,0.03,0.018,Biomass,,,,,,,,,,,,,,,,,,,,,,,
0.05,0.01,0.1,0.1,0.03,0.03,BioCH4,,,,,,,,,,,,,,,,,,,,,,,
0.05,0.01,0.1,0.1,0.05,0.018,Biomass,,,,,,,,,,,,,,,,,,,,,,,
0.05,0.01,0.1,0.1,0.05,0.03,Biomass,,,,,,,,,,,,,,,,,,,,,,,
0.05,0.01,0.1,0.1,0.07,0.018,Biomass,,,,,,,,,,,,,,,,,,,,,,,
0.05,0.01,0.1,0.1,0.07,0.03,Biomass,,,,,,,,,,,,,,,,,,,,,,,
0.05,0.01,0.1,0.2,0.03,0.018,H2Oxy_CC,,,,,,,,,,,,,,,,,,,,,,,
0.05,0.01,0.1,0.2,0.03,0.03,H2Oxy_CC,,,,,,,,,,,,,,,,,,,,,,,
0.05,0.01,0.1,0.2,0.05,0.018,H2Oxy_CC,,,,,,,,,,,,,,,,,,,,,,,
0.05,0.01,0.1,0.2,0.05,0.03,H2Oxy_CC,,,,,,,,,,,,,,,,,,,,,,,
0.05,0.01,0.1,0.2,0.07,0.018,H2Oxy_CC,,,,,,,,,,,,,,,,,,,,,,,
0.05,0.01,0.1,0.2,0.07,0.03,H2Oxy_CC,,,,,,,,,,,,,,,,,,,,,,,
0.05,0.01,0.1,0.25,0.03,0.018,BiomassOxy_CC,,,,,,,,,,,,,,,,,,,,,,,
0.05,0.01,0.1,0.25,0.03,0.03,H2Oxy_CC,,,,,,,,,,,,,,,,,,,,,,,
0.05,0.01,0.1,0.25,0.05,0.018,BiomassOxy_CC,,,,,,,,,,,,,,,,,,,,,,,
0.05,0.01,0.1,0.25,0.05,0.03,H2Oxy_CC,,,,,,,,,,,,,,,,,,,,,,,
0.05,0.01,0.1,0.25,0.07,0.018,BiomassOxy_CC,,,,,,,,,,,,,,,,,,,,,,,
0.05,0.01,0.1,0.25,0.07,0.03,H2Oxy_CC,,,,,,,,,,,,,,,,,,,,,,,
0.05,0.025,0.01,0.075,0.03,0.018,Biomass,,,,,,,,,,,,,,,,,,,,,,,
0.05,0.025,0.01,0.075,0.03,0.03,NG,,,,,,,,,,,,,,,,,,,,,,,
0.05,0.025,0.01,0.075,0.05,0.018,Biomass,,,,,,,,,,,,,,,,,,,,,,,
0.05,0.025,0.01,0.075,0.05,0.03,NG,,,,,,,,,,,,,,,,,,,,,,,
0.05,0.025,0.01,0.075,0.07,0.018,Biomass,,,,,,,,,,,,,,,,,,,,,,,
0.05,0.025,0.01,0.075,0.07,0.03,NG,,,,,,,,,,,,,,,,,,,,,,,
0.05,0.025,0.01,0.1,0.03,0.018,Biomass,,,,,,,,,,,,,,,,,,,,,,,
0.05,0.025,0.01,0.1,0.03,0.03,NG,,,,,,,,,,,,,,,,,,,,,,,
0.05,0.025,0.01,0.1,0.05,0.018,Biomass,,,,,,,,,,,,,,,,,,,,,,,
0.05,0.025,0.01,0.1,0.05,0.03,NG,,,,,,,,,,,,,,,,,,,,,,,
0.05,0.025,0.01,0.1,0.07,0.018,Biomass,,,,,,,,,,,,,,,,,,,,,,,
0.05,0.025,0.01,0.1,0.07,0.03,NG,,,,,,,,,,,,,,,,,,,,,,,
0.05,0.025,0.01,0.2,0.03,0.018,BiomassOxy_CC,,,,,,,,,,,,,,,,,,,,,,,
0.05,0.025,0.01,0.2,0.03,0.03,BioCH4Oxy_CC,,,,,,,,,,,,,,,,,,,,,,,
0.05,0.025,0.01,0.2,0.05,0.018,BiomassOxy_CC,,,,,,,,,,,,,,,,,,,,,,,
0.05,0.025,0.01,0.2,0.05,0.03,PlasmaOxy_CC,,,,,,,,,,,,,,,,,,,,,,,
0.05,0.025,0.01,0.2,0.07,0.018,BiomassOxy_CC,,,,,,,,,,,,,,,,,,,,,,,
0.05,0.025,0.01,0.2,0.07,0.03,PlasmaOxy_CC,,,,,,,,,,,,,,,,,,,,,,,
0.05,0.025,0.01,0.25,0.03,0.018,BiomassOxy_CC,,,,,,,,,,,,,,,,,,,,,,,
0.05,0.025,0.01,0.25,0.03,0.03,BioCH4Oxy_CC,,,,,,,,,,,,,,,,,,,,,,,
0.05,0.025,0.01,0.25,0.05,0.018,BiomassOxy_CC,,,,,,,,,,,,,,,,,,,,,,,
0.05,0.025,0.01,0.25,0.05,0.03,BiomassOxy_CC,,,,,,,,,,,,,,,,,,,,,,,
0.05,0.025,0.01,0.25,0.07,0.018,BiomassOxy_CC,,,,,,,,,,,,,,,,,,,,,,,
0.05,0.025,0.01,0.25,0.07,0.03,BiomassOxy_CC,,,,,,,,,,,,,,,,,,,,,,,
0.05,0.025,0.035,0.075,0.03,0.018,Biomass,,,,,,,,,,,,,,,,,,,,,,,
0.05,0.025,0.035,0.075,0.03,0.03,BioCH4,,,,,,,,,,,,,,,,,,,,,,,
0.05,0.025,0.035,0.075,0.05,0.018,Biomass,,,,,,,,,,,,,,,,,,,,,,,
0.05,0.025,0.035,0.075,0.05,0.03,Biomass,,,,,,,,,,,,,,,,,,,,,,,
0.05,0.025,0.035,0.075,0.07,0.018,Biomass,,,,,,,,,,,,,,,,,,,,,,,
0.05,0.025,0.035,0.075,0.07,0.03,Biomass,,,,,,,,,,,,,,,,,,,,,,,
0.05,0.025,0.035,0.1,0.03,0.018,Biomass,,,,,,,,,,,,,,,,,,,,,,,
0.05,0.025,0.035,0.1,0.03,0.03,BioCH4,,,,,,,,,,,,,,,,,,,,,,,
0.05,0.025,0.035,0.1,0.05,0.018,Biomass,,,,,,,,,,,,,,,,,,,,,,,
0.05,0.025,0.035,0.1,0.05,0.03,Biomass,,,,,,,,,,,,,,,,,,,,,,,
0.05,0.025,0.035,0.1,0.07,0.018,Biomass,,,,,,,,,,,,,,,,,,,,,,,
0.05,0.025,0.035,0.1,0.07,0.03,Biomass,,,,,,,,,,,,,,,,,,,,,,,
0.05,0.025,0.035,0.2,0.03,0.018,BiomassOxy_CC,,,,,,,,,,,,,,,,,,,,,,,
0.05,0.025,0.035,0.2,0.03,0.03,BioCH4Oxy_CC,,,,,,,,,,,,,,,,,,,,,,,
0.05,0.025,0.035,0.2,0.05,0.018,BiomassOxy_CC,,,,,,,,,,,,,,,,,,,,,,,
0.05,0.025,0.035,0.2,0.05,0.03,PlasmaOxy_CC,,,,,,,,,,,,,,,,,,,,,,,
0.05,0.025,0.035,0.2,0.07,0.018,BiomassOxy_CC,,,,,,,,,,,,,,,,,,,,,,,
0.05,0.025,0.035,0.2,0.07,0.03,PlasmaOxy_CC,,,,,,,,,,,,,,,,,,,,,,,
0.05,0.025,0.035,0.25,0.03,0.018,BiomassOxy_CC,,,,,,,,,,,,,,,,,,,,,,,
0.05,0.025,0.035,0.25,0.03,0.03,BioCH4Oxy_CC,,,,,,,,,,,,,,,,,,,,,,,
0.05,0.025,0.035,0.25,0.05,0.018,BiomassOxy_CC,,,,,,,,,,,,,,,,,,,,,,,
0.05,0.025,0.035,0.25,0.05,0.03,BiomassOxy_CC,,,,,,,,,,,,,,,,,,,,,,,
0.05,0.025,0.035,0.25,0.07,0.018,BiomassOxy_CC,,,,,,,,,,,,,,,,,,,,,,,
0.05,0.025,0.035,0.25,0.07,0.03,BiomassOxy_CC,,,,,,,,,,,,,,,,,,,,,,,
0.05,0.025,0.055,0.075,0.03,0.018,Biomass,,,,,,,,,,,,,,,,,,,,,,,
0.05,0.025,0.055,0.075,0.03,0.03,BioCH4,,,,,,,,,,,,,,,,,,,,,,,
0.05,0.025,0.055,0.075,0.05,0.018,Biomass,,,,,,,,,,,,,,,,,,,,,,,
0.05,0.025,0.055,0.075,0.05,0.03,Biomass,,,,,,,,,,,,,,,,,,,,,,,
0.05,0.025,0.055,0.075,0.07,0.018,Biomass,,,,,,,,,,,,,,,,,,,,,,,
0.05,0.025,0.055,0.075,0.07,0.03,Biomass,,,,,,,,,,,,,,,,,,,,,,,
0.05,0.025,0.055,0.1,0.03,0.018,Biomass,,,,,,,,,,,,,,,,,,,,,,,
0.05,0.025,0.055,0.1,0.03,0.03,BioCH4,,,,,,,,,,,,,,,,,,,,,,,
0.05,0.025,0.055,0.1,0.05,0.018,Biomass,,,,,,,,,,,,,,,,,,,,,,,
0.05,0.025,0.055,0.1,0.05,0.03,Biomass,,,,,,,,,,,,,,,,,,,,,,,
0.05,0.025,0.055,0.1,0.07,0.018,Biomass,,,,,,,,,,,,,,,,,,,,,,,
0.05,0.025,0.055,0.1,0.07,0.03,Biomass,,,,,,,,,,,,,,,,,,,,,,,
0.05,0.025,0.055,0.2,0.03,0.018,BiomassOxy_CC,,,,,,,,,,,,,,,,,,,,,,,
0.05,0.025,0.055,0.2,0.03,0.03,BioCH4Oxy_CC,,,,,,,,,,,,,,,,,,,,,,,
0.05,0.025,0.055,0.2,0.05,0.018,BiomassOxy_CC,,,,,,,,,,,,,,,,,,,,,,,
0.05,0.025,0.055,0.2,0.05,0.03,PlasmaOxy_CC,,,,,,,,,,,,,,,,,,,,,,,
0.05,0.025,0.055,0.2,0.07,0.018,BiomassOxy_CC,,,,,,,,,,,,,,,,,,,,,,,
0.05,0.025,0.055,0.2,0.07,0.03,PlasmaOxy_CC,,,,,,,,,,,,,,,,,,,,,,,
0.05,0.025,0.055,0.25,0.03,0.018,BiomassOxy_CC,,,,,,,,,,,,,,,,,,,,,,,
0.05,0.025,0.055,0.25,0.03,0.03,BioCH4Oxy_CC,,,,,,,,,,,,,,,,,,,,,,,
0.05,0.025,0.055,0.25,0.05,0.018,BiomassOxy_CC,,,,,,,,,,,,,,,,,,,,,,,
0.05,0.025,0.055,0.25,0.05,0.03,BiomassOxy_CC,,,,,,,,,,,,,,,,,,,,,,,
0.05,0.025,0.055,0.25,0.07,0.018,BiomassOxy_CC,,,,,,,,,,,,,,,,,,,,,,,
0.05,0.025,0.055,0.25,0.07,0.03,BiomassOxy_CC,,,,,,,,,,,,,,,,,,,,,,,
0.05,0.025,0.075,0.075,0.03,0.018,Biomass,,,,,,,,,,,,,,,,,,,,,,,
0.05,0.025,0.075,0.075,0.03,0.03,BioCH4,,,,,,,,,,,,,,,,,,,,,,,
0.05,0.025,0.075,0.075,0.05,0.018,Biomass,,,,,,,,,,,,,,,,,,,,,,,
0.05,0.025,0.075,0.075,0.05,0.03,Biomass,,,,,,,,,,,,,,,,,,,,,,,
0.05,0.025,0.075,0.075,0.07,0.018,Biomass,,,,,,,,,,,,,,,,,,,,,,,
0.05,0.025,0.075,0.075,0.07,0.03,Biomass,,,,,,,,,,,,,,,,,,,,,,,
0.05,0.025,0.075,0.1,0.03,0.018,Biomass,,,,,,,,,,,,,,,,,,,,,,,
0.05,0.025,0.075,0.1,0.03,0.03,BioCH4,,,,,,,,,,,,,,,,,,,,,,,
0.05,0.025,0.075,0.1,0.05,0.018,Biomass,,,,,,,,,,,,,,,,,,,,,,,
0.05,0.025,0.075,0.1,0.05,0.03,Biomass,,,,,,,,,,,,,,,,,,,,,,,
0.05,0.025,0.075,0.1,0.07,0.018,Biomass,,,,,,,,,,,,,,,,,,,,,,,
0.05,0.025,0.075,0.1,0.07,0.03,Biomass,,,,,,,,,,,,,,,,,,,,,,,
0.05,0.025,0.075,0.2,0.03,0.018,BiomassOxy_CC,,,,,,,,,,,,,,,,,,,,,,,
0.05,0.025,0.075,0.2,0.03,0.03,BioCH4Oxy_CC,,,,,,,,,,,,,,,,,,,,,,,
0.05,0.025,0.075,0.2,0.05,0.018,BiomassOxy_CC,,,,,,,,,,,,,,,,,,,,,,,
0.05,0.025,0.075,0.2,0.05,0.03,PlasmaOxy_CC,,,,,,,,,,,,,,,,,,,,,,,
0.05,0.025,0.075,0.2,0.07,0.018,BiomassOxy_CC,,,,,,,,,,,,,,,,,,,,,,,
0.05,0.025,0.075,0.2,0.07,0.03,PlasmaOxy_CC,,,,,,,,,,,,,,,,,,,,,,,
0.05,0.025,0.075,0.25,0.03,0.018,BiomassOxy_CC,,,,,,,,,,,,,,,,,,,,,,,
0.05,0.025,0.075,0.25,0.03,0.03,BioCH4Oxy_CC,,,,,,,,,,,,,,,,,,,,,,,
0.05,0.025,0.075,0.25,0.05,0.018,BiomassOxy_CC,,,,,,,,,,,,,,,,,,,,,,,
0.05,0.025,0.075,0.25,0.05,0.03,BiomassOxy_CC,,,,,,,,,,,,,,,,,,,,,,,
0.05,0.025,0.075,0.25,0.07,0.018,BiomassOxy_CC,,,,,,,,,,,,,,,,,,,,,,,
0.05,0.025,0.075,0.25,0.07,0.03,BiomassOxy_CC,,,,,,,,,,,,,,,,,,,,,,,
0.05,0.025,0.1,0.075,0.03,0.018,Biomass,,,,,,,,,,,,,,,,,,,,,,,
0.05,0.025,0.1,0.075,0.03,0.03,BioCH4,,,,,,,,,,,,,,,,,,,,,,,
0.05,0.025,0.1,0.075,0.05,0.018,Biomass,,,,,,,,,,,,,,,,,,,,,,,
0.05,0.025,0.1,0.075,0.05,0.03,Biomass,,,,,,,,,,,,,,,,,,,,,,,
0.05,0.025,0.1,0.075,0.07,0.018,Biomass,,,,,,,,,,,,,,,,,,,,,,,
0.05,0.025,0.1,0.075,0.07,0.03,Biomass,,,,,,,,,,,,,,,,,,,,,,,
0.05,0.025,0.1,0.1,0.03,0.018,Biomass,,,,,,,,,,,,,,,,,,,,,,,
0.05,0.025,0.1,0.1,0.03,0.03,BioCH4,,,,,,,,,,,,,,,,,,,,,,,
0.05,0.025,0.1,0.1,0.05,0.018,Biomass,,,,,,,,,,,,,,,,,,,,,,,
0.05,0.025,0.1,0.1,0.05,0.03,Biomass,,,,,,,,,,,,,,,,,,,,,,,
0.05,0.025,0.1,0.1,0.07,0.018,Biomass,,,,,,,,,,,,,,,,,,,,,,,
0.05,0.025,0.1,0.1,0.07,0.03,Biomass,,,,,,,,,,,,,,,,,,,,,,,
0.05,0.025,0.1,0.2,0.03,0.018,BiomassOxy_CC,,,,,,,,,,,,,,,,,,,,,,,
0.05,0.025,0.1,0.2,0.03,0.03,BioCH4Oxy_CC,,,,,,,,,,,,,,,,,,,,,,,
0.05,0.025,0.1,0.2,0.05,0.018,BiomassOxy_CC,,,,,,,,,,,,,,,,,,,,,,,
0.05,0.025,0.1,0.2,0.05,0.03,PlasmaOxy_CC,,,,,,,,,,,,,,,,,,,,,,,
0.05,0.025,0.1,0.2,0.07,0.018,BiomassOxy_CC,,,,,,,,,,,,,,,,,,,,,,,
0.05,0.025,0.1,0.2,0.07,0.03,PlasmaOxy_CC,,,,,,,,,,,,,,,,,,,,,,,
0.05,0.025,0.1,0.25,0.03,0.018,BiomassOxy_CC,,,,,,,,,,,,,,,,,,,,,,,
0.05,0.025,0.1,0.25,0.03,0.03,BioCH4Oxy_CC,,,,,,,,,,,,,,,,,,,,,,,
0.05,0.025,0.1,0.25,0.05,0.018,BiomassOxy_CC,,,,,,,,,,,,,,,,,,,,,,,
0.05,0.025,0.1,0.25,0.05,0.03,BiomassOxy_CC,,,,,,,,,,,,,,,,,,,,,,,
0.05,0.025,0.1,0.25,0.07,0.018,BiomassOxy_CC,,,,,,,,,,,,,,,,,,,,,,,
0.05,0.025,0.1,0.25,0.07,0.03,BiomassOxy_CC,,,,,,,,,,,,,,,,,,,,,,,
0.05,0.05,0.01,0.075,0.03,0.018,Biomass,,,,,,,,,,,,,,,,,,,,,,,
0.05,0.05,0.01,0.075,0.03,0.03,NG,,,,,,,,,,,,,,,,,,,,,,,
0.05,0.05,0.01,0.075,0.05,0.018,Biomass,,,,,,,,,,,,,,,,,,,,,,,
0.05,0.05,0.01,0.075,0.05,0.03,NG,,,,,,,,,,,,,,,,,,,,,,,
0.05,0.05,0.01,0.075,0.07,0.018,Biomass,,,,,,,,,,,,,,,,,,,,,,,
0.05,0.05,0.01,0.075,0.07,0.03,NG,,,,,,,,,,,,,,,,,,,,,,,
0.05,0.05,0.01,0.1,0.03,0.018,Biomass,,,,,,,,,,,,,,,,,,,,,,,
0.05,0.05,0.01,0.1,0.03,0.03,NG,,,,,,,,,,,,,,,,,,,,,,,
0.05,0.05,0.01,0.1,0.05,0.018,Biomass,,,,,,,,,,,,,,,,,,,,,,,
0.05,0.05,0.01,0.1,0.05,0.03,NG,,,,,,,,,,,,,,,,,,,,,,,
0.05,0.05,0.01,0.1,0.07,0.018,Biomass,,,,,,,,,,,,,,,,,,,,,,,
0.05,0.05,0.01,0.1,0.07,0.03,NG,,,,,,,,,,,,,,,,,,,,,,,
0.05,0.05,0.01,0.2,0.03,0.018,BiomassOxy_CC,,,,,,,,,,,,,,,,,,,,,,,
0.05,0.05,0.01,0.2,0.03,0.03,BioCH4Oxy_CC,,,,,,,,,,,,,,,,,,,,,,,
0.05,0.05,0.01,0.2,0.05,0.018,BiomassOxy_CC,,,,,,,,,,,,,,,,,,,,,,,
0.05,0.05,0.01,0.2,0.05,0.03,PlasmaOxy_CC,,,,,,,,,,,,,,,,,,,,,,,
0.05,0.05,0.01,0.2,0.07,0.018,BiomassOxy_CC,,,,,,,,,,,,,,,,,,,,,,,
0.05,0.05,0.01,0.2,0.07,0.03,PlasmaOxy_CC,,,,,,,,,,,,,,,,,,,,,,,
0.05,0.05,0.01,0.25,0.03,0.018,BiomassOxy_CC,,,,,,,,,,,,,,,,,,,,,,,
0.05,0.05,0.01,0.25,0.03,0.03,BioCH4Oxy_CC,,,,,,,,,,,,,,,,,,,,,,,
0.05,0.05,0.01,0.25,0.05,0.018,BiomassOxy_CC,,,,,,,,,,,,,,,,,,,,,,,
0.05,0.05,0.01,0.25,0.05,0.03,BiomassOxy_CC,,,,,,,,,,,,,,,,,,,,,,,
0.05,0.05,0.01,0.25,0.07,0.018,BiomassOxy_CC,,,,,,,,,,,,,,,,,,,,,,,
0.05,0.05,0.01,0.25,0.07,0.03,BiomassOxy_CC,,,,,,,,,,,,,,,,,,,,,,,
0.05,0.05,0.035,0.075,0.03,0.018,Biomass,,,,,,,,,,,,,,,,,,,,,,,
0.05,0.05,0.035,0.075,0.03,0.03,BioCH4,,,,,,,,,,,,,,,,,,,,,,,
0.05,0.05,0.035,0.075,0.05,0.018,Biomass,,,,,,,,,,,,,,,,,,,,,,,
0.05,0.05,0.035,0.075,0.05,0.03,Biomass,,,,,,,,,,,,,,,,,,,,,,,
0.05,0.05,0.035,0.075,0.07,0.018,Biomass,,,,,,,,,,,,,,,,,,,,,,,
0.05,0.05,0.035,0.075,0.07,0.03,Biomass,,,,,,,,,,,,,,,,,,,,,,,
0.05,0.05,0.035,0.1,0.03,0.018,Biomass,,,,,,,,,,,,,,,,,,,,,,,
0.05,0.05,0.035,0.1,0.03,0.03,BioCH4,,,,,,,,,,,,,,,,,,,,,,,
0.05,0.05,0.035,0.1,0.05,0.018,Biomass,,,,,,,,,,,,,,,,,,,,,,,
0.05,0.05,0.035,0.1,0.05,0.03,Biomass,,,,,,,,,,,,,,,,,,,,,,,
0.05,0.05,0.035,0.1,0.07,0.018,Biomass,,,,,,,,,,,,,,,,,,,,,,,
0.05,0.05,0.035,0.1,0.07,0.03,Biomass,,,,,,,,,,,,,,,,,,,,,,,
0.05,0.05,0.035,0.2,0.03,0.018,BiomassOxy_CC,,,,,,,,,,,,,,,,,,,,,,,
0.05,0.05,0.035,0.2,0.03,0.03,BioCH4Oxy_CC,,,,,,,,,,,,,,,,,,,,,,,
0.05,0.05,0.035,0.2,0.05,0.018,BiomassOxy_CC,,,,,,,,,,,,,,,,,,,,,,,
0.05,0.05,0.035,0.2,0.05,0.03,PlasmaOxy_CC,,,,,,,,,,,,,,,,,,,,,,,
0.05,0.05,0.035,0.2,0.07,0.018,BiomassOxy_CC,,,,,,,,,,,,,,,,,,,,,,,
0.05,0.05,0.035,0.2,0.07,0.03,PlasmaOxy_CC,,,,,,,,,,,,,,,,,,,,,,,
0.05,0.05,0.035,0.25,0.03,0.018,BiomassOxy_CC,,,,,,,,,,,,,,,,,,,,,,,
0.05,0.05,0.035,0.25,0.03,0.03,BioCH4Oxy_CC,,,,,,,,,,,,,,,,,,,,,,,
0.05,0.05,0.035,0.25,0.05,0.018,BiomassOxy_CC,,,,,,,,,,,,,,,,,,,,,,,
0.05,0.05,0.035,0.25,0.05,0.03,BiomassOxy_CC,,,,,,,,,,,,,,,,,,,,,,,
0.05,0.05,0.035,0.25,0.07,0.018,BiomassOxy_CC,,,,,,,,,,,,,,,,,,,,,,,
0.05,0.05,0.035,0.25,0.07,0.03,BiomassOxy_CC,,,,,,,,,,,,,,,,,,,,,,,
0.05,0.05,0.055,0.075,0.03,0.018,Biomass,,,,,,,,,,,,,,,,,,,,,,,
0.05,0.05,0.055,0.075,0.03,0.03,BioCH4,,,,,,,,,,,,,,,,,,,,,,,
0.05,0.05,0.055,0.075,0.05,0.018,Biomass,,,,,,,,,,,,,,,,,,,,,,,
0.05,0.05,0.055,0.075,0.05,0.03,Biomass,,,,,,,,,,,,,,,,,,,,,,,
0.05,0.05,0.055,0.075,0.07,0.018,Biomass,,,,,,,,,,,,,,,,,,,,,,,
0.05,0.05,0.055,0.075,0.07,0.03,Biomass,,,,,,,,,,,,,,,,,,,,,,,
0.05,0.05,0.055,0.1,0.03,0.018,Biomass,,,,,,,,,,,,,,,,,,,,,,,
0.05,0.05,0.055,0.1,0.03,0.03,BioCH4,,,,,,,,,,,,,,,,,,,,,,,
0.05,0.05,0.055,0.1,0.05,0.018,Biomass,,,,,,,,,,,,,,,,,,,,,,,
0.05,0.05,0.055,0.1,0.05,0.03,Biomass,,,,,,,,,,,,,,,,,,,,,,,
0.05,0.05,0.055,0.1,0.07,0.018,Biomass,,,,,,,,,,,,,,,,,,,,,,,
0.05,0.05,0.055,0.1,0.07,0.03,Biomass,,,,,,,,,,,,,,,,,,,,,,,
0.05,0.05,0.055,0.2,0.03,0.018,BiomassOxy_CC,,,,,,,,,,,,,,,,,,,,,,,
0.05,0.05,0.055,0.2,0.03,0.03,BioCH4Oxy_CC,,,,,,,,,,,,,,,,,,,,,,,
0.05,0.05,0.055,0.2,0.05,0.018,BiomassOxy_CC,,,,,,,,,,,,,,,,,,,,,,,
0.05,0.05,0.055,0.2,0.05,0.03,PlasmaOxy_CC,,,,,,,,,,,,,,,,,,,,,,,
0.05,0.05,0.055,0.2,0.07,0.018,BiomassOxy_CC,,,,,,,,,,,,,,,,,,,,,,,
0.05,0.05,0.055,0.2,0.07,0.03,PlasmaOxy_CC,,,,,,,,,,,,,,,,,,,,,,,
0.05,0.05,0.055,0.25,0.03,0.018,BiomassOxy_CC,,,,,,,,,,,,,,,,,,,,,,,
0.05,0.05,0.055,0.25,0.03,0.03,BioCH4Oxy_CC,,,,,,,,,,,,,,,,,,,,,,,
0.05,0.05,0.055,0.25,0.05,0.018,BiomassOxy_CC,,,,,,,,,,,,,,,,,,,,,,,
0.05,0.05,0.055,0.25,0.05,0.03,BiomassOxy_CC,,,,,,,,,,,,,,,,,,,,,,,
0.05,0.05,0.055,0.25,0.07,0.018,BiomassOxy_CC,,,,,,,,,,,,,,,,,,,,,,,
0.05,0.05,0.055,0.25,0.07,0.03,BiomassOxy_CC,,,,,,,,,,,,,,,,,,,,,,,
0.05,0.05,0.075,0.075,0.03,0.018,Biomass,,,,,,,,,,,,,,,,,,,,,,,
0.05,0.05,0.075,0.075,0.03,0.03,BioCH4,,,,,,,,,,,,,,,,,,,,,,,
0.05,0.05,0.075,0.075,0.05,0.018,Biomass,,,,,,,,,,,,,,,,,,,,,,,
0.05,0.05,0.075,0.075,0.05,0.03,Biomass,,,,,,,,,,,,,,,,,,,,,,,
0.05,0.05,0.075,0.075,0.07,0.018,Biomass,,,,,,,,,,,,,,,,,,,,,,,
0.05,0.05,0.075,0.075,0.07,0.03,Biomass,,,,,,,,,,,,,,,,,,,,,,,
0.05,0.05,0.075,0.1,0.03,0.018,Biomass,,,,,,,,,,,,,,,,,,,,,,,
0.05,0.05,0.075,0.1,0.03,0.03,BioCH4,,,,,,,,,,,,,,,,,,,,,,,
0.05,0.05,0.075,0.1,0.05,0.018,Biomass,,,,,,,,,,,,,,,,,,,,,,,
0.05,0.05,0.075,0.1,0.05,0.03,Biomass,,,,,,,,,,,,,,,,,,,,,,,
0.05,0.05,0.075,0.1,0.07,0.018,Biomass,,,,,,,,,,,,,,,,,,,,,,,
0.05,0.05,0.075,0.1,0.07,0.03,Biomass,,,,,,,,,,,,,,,,,,,,,,,
0.05,0.05,0.075,0.2,0.03,0.018,BiomassOxy_CC,,,,,,,,,,,,,,,,,,,,,,,
0.05,0.05,0.075,0.2,0.03,0.03,BioCH4Oxy_CC,,,,,,,,,,,,,,,,,,,,,,,
0.05,0.05,0.075,0.2,0.05,0.018,BiomassOxy_CC,,,,,,,,,,,,,,,,,,,,,,,
0.05,0.05,0.075,0.2,0.05,0.03,PlasmaOxy_CC,,,,,,,,,,,,,,,,,,,,,,,
0.05,0.05,0.075,0.2,0.07,0.018,BiomassOxy_CC,,,,,,,,,,,,,,,,,,,,,,,
0.05,0.05,0.075,0.2,0.07,0.03,PlasmaOxy_CC,,,,,,,,,,,,,,,,,,,,,,,
0.05,0.05,0.075,0.25,0.03,0.018,BiomassOxy_CC,,,,,,,,,,,,,,,,,,,,,,,
0.05,0.05,0.075,0.25,0.03,0.03,BioCH4Oxy_CC,,,,,,,,,,,,,,,,,,,,,,,
0.05,0.05,0.075,0.25,0.05,0.018,BiomassOxy_CC,,,,,,,,,,,,,,,,,,,,,,,
0.05,0.05,0.075,0.25,0.05,0.03,BiomassOxy_CC,,,,,,,,,,,,,,,,,,,,,,,
0.05,0.05,0.075,0.25,0.07,0.018,BiomassOxy_CC,,,,,,,,,,,,,,,,,,,,,,,
0.05,0.05,0.075,0.25,0.07,0.03,BiomassOxy_CC,,,,,,,,,,,,,,,,,,,,,,,
0.05,0.05,0.1,0.075,0.03,0.018,Biomass,,,,,,,,,,,,,,,,,,,,,,,
0.05,0.05,0.1,0.075,0.03,0.03,BioCH4,,,,,,,,,,,,,,,,,,,,,,,
0.05,0.05,0.1,0.075,0.05,0.018,Biomass,,,,,,,,,,,,,,,,,,,,,,,
0.05,0.05,0.1,0.075,0.05,0.03,Biomass,,,,,,,,,,,,,,,,,,,,,,,
0.05,0.05,0.1,0.075,0.07,0.018,Biomass,,,,,,,,,,,,,,,,,,,,,,,
0.05,0.05,0.1,0.075,0.07,0.03,Biomass,,,,,,,,,,,,,,,,,,,,,,,
0.05,0.05,0.1,0.1,0.03,0.018,Biomass,,,,,,,,,,,,,,,,,,,,,,,
0.05,0.05,0.1,0.1,0.03,0.03,BioCH4,,,,,,,,,,,,,,,,,,,,,,,
0.05,0.05,0.1,0.1,0.05,0.018,Biomass,,,,,,,,,,,,,,,,,,,,,,,
0.05,0.05,0.1,0.1,0.05,0.03,Biomass,,,,,,,,,,,,,,,,,,,,,,,
0.05,0.05,0.1,0.1,0.07,0.018,Biomass,,,,,,,,,,,,,,,,,,,,,,,
0.05,0.05,0.1,0.1,0.07,0.03,Biomass,,,,,,,,,,,,,,,,,,,,,,,
0.05,0.05,0.1,0.2,0.03,0.018,BiomassOxy_CC,,,,,,,,,,,,,,,,,,,,,,,
0.05,0.05,0.1,0.2,0.03,0.03,BioCH4Oxy_CC,,,,,,,,,,,,,,,,,,,,,,,
0.05,0.05,0.1,0.2,0.05,0.018,BiomassOxy_CC,,,,,,,,,,,,,,,,,,,,,,,
0.05,0.05,0.1,0.2,0.05,0.03,PlasmaOxy_CC,,,,,,,,,,,,,,,,,,,,,,,
0.05,0.05,0.1,0.2,0.07,0.018,BiomassOxy_CC,,,,,,,,,,,,,,,,,,,,,,,
0.05,0.05,0.1,0.2,0.07,0.03,PlasmaOxy_CC,,,,,,,,,,,,,,,,,,,,,,,
0.05,0.05,0.1,0.25,0.03,0.018,BiomassOxy_CC,,,,,,,,,,,,,,,,,,,,,,,
0.05,0.05,0.1,0.25,0.03,0.03,BioCH4Oxy_CC,,,,,,,,,,,,,,,,,,,,,,,
0.05,0.05,0.1,0.25,0.05,0.018,BiomassOxy_CC,,,,,,,,,,,,,,,,,,,,,,,
0.05,0.05,0.1,0.25,0.05,0.03,BiomassOxy_CC,,,,,,,,,,,,,,,,,,,,,,,
0.05,0.05,0.1,0.25,0.07,0.018,BiomassOxy_CC,,,,,,,,,,,,,,,,,,,,,,,
0.05,0.05,0.1,0.25,0.07,0.03,BiomassOxy_CC,,,,,,,,,,,,,,,,,,,,,,,
0.05,0.075,0.01,0.075,0.03,0.018,Biomass,,,,,,,,,,,,,,,,,,,,,,,
0.05,0.075,0.01,0.075,0.03,0.03,NG,,,,,,,,,,,,,,,,,,,,,,,
0.05,0.075,0.01,0.075,0.05,0.018,Biomass,,,,,,,,,,,,,,,,,,,,,,,
0.05,0.075,0.01,0.075,0.05,0.03,NG,,,,,,,,,,,,,,,,,,,,,,,
0.05,0.075,0.01,0.075,0.07,0.018,Biomass,,,,,,,,,,,,,,,,,,,,,,,
0.05,0.075,0.01,0.075,0.07,0.03,NG,,,,,,,,,,,,,,,,,,,,,,,
0.05,0.075,0.01,0.1,0.03,0.018,Biomass,,,,,,,,,,,,,,,,,,,,,,,
0.05,0.075,0.01,0.1,0.03,0.03,NG,,,,,,,,,,,,,,,,,,,,,,,
0.05,0.075,0.01,0.1,0.05,0.018,Biomass,,,,,,,,,,,,,,,,,,,,,,,
0.05,0.075,0.01,0.1,0.05,0.03,NG,,,,,,,,,,,,,,,,,,,,,,,
0.05,0.075,0.01,0.1,0.07,0.018,Biomass,,,,,,,,,,,,,,,,,,,,,,,
0.05,0.075,0.01,0.1,0.07,0.03,NG,,,,,,,,,,,,,,,,,,,,,,,
0.05,0.075,0.01,0.2,0.03,0.018,BiomassOxy_CC,,,,,,,,,,,,,,,,,,,,,,,
0.05,0.075,0.01,0.2,0.03,0.03,BioCH4Oxy_CC,,,,,,,,,,,,,,,,,,,,,,,
0.05,0.075,0.01,0.2,0.05,0.018,BiomassOxy_CC,,,,,,,,,,,,,,,,,,,,,,,
0.05,0.075,0.01,0.2,0.05,0.03,PlasmaOxy_CC,,,,,,,,,,,,,,,,,,,,,,,
0.05,0.075,0.01,0.2,0.07,0.018,BiomassOxy_CC,,,,,,,,,,,,,,,,,,,,,,,
0.05,0.075,0.01,0.2,0.07,0.03,PlasmaOxy_CC,,,,,,,,,,,,,,,,,,,,,,,
0.05,0.075,0.01,0.25,0.03,0.018,BiomassOxy_CC,,,,,,,,,,,,,,,,,,,,,,,
0.05,0.075,0.01,0.25,0.03,0.03,BioCH4Oxy_CC,,,,,,,,,,,,,,,,,,,,,,,
0.05,0.075,0.01,0.25,0.05,0.018,BiomassOxy_CC,,,,,,,,,,,,,,,,,,,,,,,
0.05,0.075,0.01,0.25,0.05,0.03,BiomassOxy_CC,,,,,,,,,,,,,,,,,,,,,,,
0.05,0.075,0.01,0.25,0.07,0.018,BiomassOxy_CC,,,,,,,,,,,,,,,,,,,,,,,
0.05,0.075,0.01,0.25,0.07,0.03,BiomassOxy_CC,,,,,,,,,,,,,,,,,,,,,,,
0.05,0.075,0.035,0.075,0.03,0.018,Biomass,,,,,,,,,,,,,,,,,,,,,,,
0.05,0.075,0.035,0.075,0.03,0.03,BioCH4,,,,,,,,,,,,,,,,,,,,,,,
0.05,0.075,0.035,0.075,0.05,0.018,Biomass,,,,,,,,,,,,,,,,,,,,,,,
0.05,0.075,0.035,0.075,0.05,0.03,Biomass,,,,,,,,,,,,,,,,,,,,,,,
0.05,0.075,0.035,0.075,0.07,0.018,Biomass,,,,,,,,,,,,,,,,,,,,,,,
0.05,0.075,0.035,0.075,0.07,0.03,Biomass,,,,,,,,,,,,,,,,,,,,,,,
0.05,0.075,0.035,0.1,0.03,0.018,Biomass,,,,,,,,,,,,,,,,,,,,,,,
0.05,0.075,0.035,0.1,0.03,0.03,BioCH4,,,,,,,,,,,,,,,,,,,,,,,
0.05,0.075,0.035,0.1,0.05,0.018,Biomass,,,,,,,,,,,,,,,,,,,,,,,
0.05,0.075,0.035,0.1,0.05,0.03,Biomass,,,,,,,,,,,,,,,,,,,,,,,
0.05,0.075,0.035,0.1,0.07,0.018,Biomass,,,,,,,,,,,,,,,,,,,,,,,
0.05,0.075,0.035,0.1,0.07,0.03,Biomass,,,,,,,,,,,,,,,,,,,,,,,
0.05,0.075,0.035,0.2,0.03,0.018,BiomassOxy_CC,,,,,,,,,,,,,,,,,,,,,,,
0.05,0.075,0.035,0.2,0.03,0.03,BioCH4Oxy_CC,,,,,,,,,,,,,,,,,,,,,,,
0.05,0.075,0.035,0.2,0.05,0.018,BiomassOxy_CC,,,,,,,,,,,,,,,,,,,,,,,
0.05,0.075,0.035,0.2,0.05,0.03,PlasmaOxy_CC,,,,,,,,,,,,,,,,,,,,,,,
0.05,0.075,0.035,0.2,0.07,0.018,BiomassOxy_CC,,,,,,,,,,,,,,,,,,,,,,,
0.05,0.075,0.035,0.2,0.07,0.03,PlasmaOxy_CC,,,,,,,,,,,,,,,,,,,,,,,
0.05,0.075,0.035,0.25,0.03,0.018,BiomassOxy_CC,,,,,,,,,,,,,,,,,,,,,,,
0.05,0.075,0.035,0.25,0.03,0.03,BioCH4Oxy_CC,,,,,,,,,,,,,,,,,,,,,,,
0.05,0.075,0.035,0.25,0.05,0.018,BiomassOxy_CC,,,,,,,,,,,,,,,,,,,,,,,
0.05,0.075,0.035,0.25,0.05,0.03,BiomassOxy_CC,,,,,,,,,,,,,,,,,,,,,,,
0.05,0.075,0.035,0.25,0.07,0.018,BiomassOxy_CC,,,,,,,,,,,,,,,,,,,,,,,
0.05,0.075,0.035,0.25,0.07,0.03,BiomassOxy_CC,,,,,,,,,,,,,,,,,,,,,,,
0.05,0.075,0.055,0.075,0.03,0.018,Biomass,,,,,,,,,,,,,,,,,,,,,,,
0.05,0.075,0.055,0.075,0.03,0.03,BioCH4,,,,,,,,,,,,,,,,,,,,,,,
0.05,0.075,0.055,0.075,0.05,0.018,Biomass,,,,,,,,,,,,,,,,,,,,,,,
0.05,0.075,0.055,0.075,0.05,0.03,Biomass,,,,,,,,,,,,,,,,,,,,,,,
0.05,0.075,0.055,0.075,0.07,0.018,Biomass,,,,,,,,,,,,,,,,,,,,,,,
0.05,0.075,0.055,0.075,0.07,0.03,Biomass,,,,,,,,,,,,,,,,,,,,,,,
0.05,0.075,0.055,0.1,0.03,0.018,Biomass,,,,,,,,,,,,,,,,,,,,,,,
0.05,0.075,0.055,0.1,0.03,0.03,BioCH4,,,,,,,,,,,,,,,,,,,,,,,
0.05,0.075,0.055,0.1,0.05,0.018,Biomass,,,,,,,,,,,,,,,,,,,,,,,
0.05,0.075,0.055,0.1,0.05,0.03,Biomass,,,,,,,,,,,,,,,,,,,,,,,
0.05,0.075,0.055,0.1,0.07,0.018,Biomass,,,,,,,,,,,,,,,,,,,,,,,
0.05,0.075,0.055,0.1,0.07,0.03,Biomass,,,,,,,,,,,,,,,,,,,,,,,
0.05,0.075,0.055,0.2,0.03,0.018,BiomassOxy_CC,,,,,,,,,,,,,,,,,,,,,,,
0.05,0.075,0.055,0.2,0.03,0.03,BioCH4Oxy_CC,,,,,,,,,,,,,,,,,,,,,,,
0.05,0.075,0.055,0.2,0.05,0.018,BiomassOxy_CC,,,,,,,,,,,,,,,,,,,,,,,
0.05,0.075,0.055,0.2,0.05,0.03,PlasmaOxy_CC,,,,,,,,,,,,,,,,,,,,,,,
0.05,0.075,0.055,0.2,0.07,0.018,BiomassOxy_CC,,,,,,,,,,,,,,,,,,,,,,,
0.05,0.075,0.055,0.2,0.07,0.03,PlasmaOxy_CC,,,,,,,,,,,,,,,,,,,,,,,
0.05,0.075,0.055,0.25,0.03,0.018,BiomassOxy_CC,,,,,,,,,,,,,,,,,,,,,,,
0.05,0.075,0.055,0.25,0.03,0.03,BioCH4Oxy_CC,,,,,,,,,,,,,,,,,,,,,,,
0.05,0.075,0.055,0.25,0.05,0.018,BiomassOxy_CC,,,,,,,,,,,,,,,,,,,,,,,
0.05,0.075,0.055,0.25,0.05,0.03,BiomassOxy_CC,,,,,,,,,,,,,,,,,,,,,,,
0.05,0.075,0.055,0.25,0.07,0.018,BiomassOxy_CC,,,,,,,,,,,,,,,,,,,,,,,
0.05,0.075,0.055,0.25,0.07,0.03,BiomassOxy_CC,,,,,,,,,,,,,,,,,,,,,,,
0.05,0.075,0.075,0.075,0.03,0.018,Biomass,,,,,,,,,,,,,,,,,,,,,,,
0.05,0.075,0.075,0.075,0.03,0.03,BioCH4,,,,,,,,,,,,,,,,,,,,,,,
0.05,0.075,0.075,0.075,0.05,0.018,Biomass,,,,,,,,,,,,,,,,,,,,,,,
0.05,0.075,0.075,0.075,0.05,0.03,Biomass,,,,,,,,,,,,,,,,,,,,,,,
0.05,0.075,0.075,0.075,0.07,0.018,Biomass,,,,,,,,,,,,,,,,,,,,,,,
0.05,0.075,0.075,0.075,0.07,0.03,Biomass,,,,,,,,,,,,,,,,,,,,,,,
0.05,0.075,0.075,0.1,0.03,0.018,Biomass,,,,,,,,,,,,,,,,,,,,,,,
0.05,0.075,0.075,0.1,0.03,0.03,BioCH4,,,,,,,,,,,,,,,,,,,,,,,
0.05,0.075,0.075,0.1,0.05,0.018,Biomass,,,,,,,,,,,,,,,,,,,,,,,
0.05,0.075,0.075,0.1,0.05,0.03,Biomass,,,,,,,,,,,,,,,,,,,,,,,
0.05,0.075,0.075,0.1,0.07,0.018,Biomass,,,,,,,,,,,,,,,,,,,,,,,
0.05,0.075,0.075,0.1,0.07,0.03,Biomass,,,,,,,,,,,,,,,,,,,,,,,
0.05,0.075,0.075,0.2,0.03,0.018,BiomassOxy_CC,,,,,,,,,,,,,,,,,,,,,,,
0.05,0.075,0.075,0.2,0.03,0.03,BioCH4Oxy_CC,,,,,,,,,,,,,,,,,,,,,,,
0.05,0.075,0.075,0.2,0.05,0.018,BiomassOxy_CC,,,,,,,,,,,,,,,,,,,,,,,
0.05,0.075,0.075,0.2,0.05,0.03,PlasmaOxy_CC,,,,,,,,,,,,,,,,,,,,,,,
0.05,0.075,0.075,0.2,0.07,0.018,BiomassOxy_CC,,,,,,,,,,,,,,,,,,,,,,,
0.05,0.075,0.075,0.2,0.07,0.03,PlasmaOxy_CC,,,,,,,,,,,,,,,,,,,,,,,
0.05,0.075,0.075,0.25,0.03,0.018,BiomassOxy_CC,,,,,,,,,,,,,,,,,,,,,,,
0.05,0.075,0.075,0.25,0.03,0.03,BioCH4Oxy_CC,,,,,,,,,,,,,,,,,,,,,,,
0.05,0.075,0.075,0.25,0.05,0.018,BiomassOxy_CC,,,,,,,,,,,,,,,,,,,,,,,
0.05,0.075,0.075,0.25,0.05,0.03,BiomassOxy_CC,,,,,,,,,,,,,,,,,,,,,,,
0.05,0.075,0.075,0.25,0.07,0.018,BiomassOxy_CC,,,,,,,,,,,,,,,,,,,,,,,
0.05,0.075,0.075,0.25,0.07,0.03,BiomassOxy_CC,,,,,,,,,,,,,,,,,,,,,,,
0.05,0.075,0.1,0.075,0.03,0.018,Biomass,,,,,,,,,,,,,,,,,,,,,,,
0.05,0.075,0.1,0.075,0.03,0.03,BioCH4,,,,,,,,,,,,,,,,,,,,,,,
0.05,0.075,0.1,0.075,0.05,0.018,Biomass,,,,,,,,,,,,,,,,,,,,,,,
0.05,0.075,0.1,0.075,0.05,0.03,Biomass,,,,,,,,,,,,,,,,,,,,,,,
0.05,0.075,0.1,0.075,0.07,0.018,Biomass,,,,,,,,,,,,,,,,,,,,,,,
0.05,0.075,0.1,0.075,0.07,0.03,Biomass,,,,,,,,,,,,,,,,,,,,,,,
0.05,0.075,0.1,0.1,0.03,0.018,Biomass,,,,,,,,,,,,,,,,,,,,,,,
0.05,0.075,0.1,0.1,0.03,0.03,BioCH4,,,,,,,,,,,,,,,,,,,,,,,
0.05,0.075,0.1,0.1,0.05,0.018,Biomass,,,,,,,,,,,,,,,,,,,,,,,
0.05,0.075,0.1,0.1,0.05,0.03,Biomass,,,,,,,,,,,,,,,,,,,,,,,
0.05,0.075,0.1,0.1,0.07,0.018,Biomass,,,,,,,,,,,,,,,,,,,,,,,
0.05,0.075,0.1,0.1,0.07,0.03,Biomass,,,,,,,,,,,,,,,,,,,,,,,
0.05,0.075,0.1,0.2,0.03,0.018,BiomassOxy_CC,,,,,,,,,,,,,,,,,,,,,,,
0.05,0.075,0.1,0.2,0.03,0.03,BioCH4Oxy_CC,,,,,,,,,,,,,,,,,,,,,,,
0.05,0.075,0.1,0.2,0.05,0.018,BiomassOxy_CC,,,,,,,,,,,,,,,,,,,,,,,
0.05,0.075,0.1,0.2,0.05,0.03,PlasmaOxy_CC,,,,,,,,,,,,,,,,,,,,,,,
0.05,0.075,0.1,0.2,0.07,0.018,BiomassOxy_CC,,,,,,,,,,,,,,,,,,,,,,,
0.05,0.075,0.1,0.2,0.07,0.03,PlasmaOxy_CC,,,,,,,,,,,,,,,,,,,,,,,
0.05,0.075,0.1,0.25,0.03,0.018,BiomassOxy_CC,,,,,,,,,,,,,,,,,,,,,,,
0.05,0.075,0.1,0.25,0.03,0.03,BioCH4Oxy_CC,,,,,,,,,,,,,,,,,,,,,,,
0.05,0.075,0.1,0.25,0.05,0.018,BiomassOxy_CC,,,,,,,,,,,,,,,,,,,,,,,
0.05,0.075,0.1,0.25,0.05,0.03,BiomassOxy_CC,,,,,,,,,,,,,,,,,,,,,,,
0.05,0.075,0.1,0.25,0.07,0.018,BiomassOxy_CC,,,,,,,,,,,,,,,,,,,,,,,
0.05,0.075,0.1,0.25,0.07,0.03,BiomassOxy_CC,,,,,,,,,,,,,,,,,,,,,,,
0.05,0.1,0.01,0.075,0.03,0.018,Biomass,,,,,,,,,,,,,,,,,,,,,,,
0.05,0.1,0.01,0.075,0.03,0.03,NG,,,,,,,,,,,,,,,,,,,,,,,
0.05,0.1,0.01,0.075,0.05,0.018,Biomass,,,,,,,,,,,,,,,,,,,,,,,
0.05,0.1,0.01,0.075,0.05,0.03,NG,,,,,,,,,,,,,,,,,,,,,,,
0.05,0.1,0.01,0.075,0.07,0.018,Biomass,,,,,,,,,,,,,,,,,,,,,,,
0.05,0.1,0.01,0.075,0.07,0.03,NG,,,,,,,,,,,,,,,,,,,,,,,
0.05,0.1,0.01,0.1,0.03,0.018,Biomass,,,,,,,,,,,,,,,,,,,,,,,
0.05,0.1,0.01,0.1,0.03,0.03,NG,,,,,,,,,,,,,,,,,,,,,,,
0.05,0.1,0.01,0.1,0.05,0.018,Biomass,,,,,,,,,,,,,,,,,,,,,,,
0.05,0.1,0.01,0.1,0.05,0.03,NG,,,,,,,,,,,,,,,,,,,,,,,
0.05,0.1,0.01,0.1,0.07,0.018,Biomass,,,,,,,,,,,,,,,,,,,,,,,
0.05,0.1,0.01,0.1,0.07,0.03,NG,,,,,,,,,,,,,,,,,,,,,,,
0.05,0.1,0.01,0.2,0.03,0.018,BiomassOxy_CC,,,,,,,,,,,,,,,,,,,,,,,
0.05,0.1,0.01,0.2,0.03,0.03,BioCH4Oxy_CC,,,,,,,,,,,,,,,,,,,,,,,
0.05,0.1,0.01,0.2,0.05,0.018,BiomassOxy_CC,,,,,,,,,,,,,,,,,,,,,,,
0.05,0.1,0.01,0.2,0.05,0.03,PlasmaOxy_CC,,,,,,,,,,,,,,,,,,,,,,,
0.05,0.1,0.01,0.2,0.07,0.018,BiomassOxy_CC,,,,,,,,,,,,,,,,,,,,,,,
0.05,0.1,0.01,0.2,0.07,0.03,PlasmaOxy_CC,,,,,,,,,,,,,,,,,,,,,,,
0.05,0.1,0.01,0.25,0.03,0.018,BiomassOxy_CC,,,,,,,,,,,,,,,,,,,,,,,
0.05,0.1,0.01,0.25,0.03,0.03,BioCH4Oxy_CC,,,,,,,,,,,,,,,,,,,,,,,
0.05,0.1,0.01,0.25,0.05,0.018,BiomassOxy_CC,,,,,,,,,,,,,,,,,,,,,,,
0.05,0.1,0.01,0.25,0.05,0.03,BiomassOxy_CC,,,,,,,,,,,,,,,,,,,,,,,
0.05,0.1,0.01,0.25,0.07,0.018,BiomassOxy_CC,,,,,,,,,,,,,,,,,,,,,,,
0.05,0.1,0.01,0.25,0.07,0.03,BiomassOxy_CC,,,,,,,,,,,,,,,,,,,,,,,
0.05,0.1,0.035,0.075,0.03,0.018,Biomass,,,,,,,,,,,,,,,,,,,,,,,
0.05,0.1,0.035,0.075,0.03,0.03,BioCH4,,,,,,,,,,,,,,,,,,,,,,,
0.05,0.1,0.035,0.075,0.05,0.018,Biomass,,,,,,,,,,,,,,,,,,,,,,,
0.05,0.1,0.035,0.075,0.05,0.03,Biomass,,,,,,,,,,,,,,,,,,,,,,,
0.05,0.1,0.035,0.075,0.07,0.018,Biomass,,,,,,,,,,,,,,,,,,,,,,,
0.05,0.1,0.035,0.075,0.07,0.03,Biomass,,,,,,,,,,,,,,,,,,,,,,,
0.05,0.1,0.035,0.1,0.03,0.018,Biomass,,,,,,,,,,,,,,,,,,,,,,,
0.05,0.1,0.035,0.1,0.03,0.03,BioCH4,,,,,,,,,,,,,,,,,,,,,,,
0.05,0.1,0.035,0.1,0.05,0.018,Biomass,,,,,,,,,,,,,,,,,,,,,,,
0.05,0.1,0.035,0.1,0.05,0.03,Biomass,,,,,,,,,,,,,,,,,,,,,,,
0.05,0.1,0.035,0.1,0.07,0.018,Biomass,,,,,,,,,,,,,,,,,,,,,,,
0.05,0.1,0.035,0.1,0.07,0.03,Biomass,,,,,,,,,,,,,,,,,,,,,,,
0.05,0.1,0.035,0.2,0.03,0.018,BiomassOxy_CC,,,,,,,,,,,,,,,,,,,,,,,
0.05,0.1,0.035,0.2,0.03,0.03,BioCH4Oxy_CC,,,,,,,,,,,,,,,,,,,,,,,
0.05,0.1,0.035,0.2,0.05,0.018,BiomassOxy_CC,,,,,,,,,,,,,,,,,,,,,,,
0.05,0.1,0.035,0.2,0.05,0.03,PlasmaOxy_CC,,,,,,,,,,,,,,,,,,,,,,,
0.05,0.1,0.035,0.2,0.07,0.018,BiomassOxy_CC,,,,,,,,,,,,,,,,,,,,,,,
0.05,0.1,0.035,0.2,0.07,0.03,PlasmaOxy_CC,,,,,,,,,,,,,,,,,,,,,,,
0.05,0.1,0.035,0.25,0.03,0.018,BiomassOxy_CC,,,,,,,,,,,,,,,,,,,,,,,
0.05,0.1,0.035,0.25,0.03,0.03,BioCH4Oxy_CC,,,,,,,,,,,,,,,,,,,,,,,
0.05,0.1,0.035,0.25,0.05,0.018,BiomassOxy_CC,,,,,,,,,,,,,,,,,,,,,,,
0.05,0.1,0.035,0.25,0.05,0.03,BiomassOxy_CC,,,,,,,,,,,,,,,,,,,,,,,
0.05,0.1,0.035,0.25,0.07,0.018,BiomassOxy_CC,,,,,,,,,,,,,,,,,,,,,,,
0.05,0.1,0.035,0.25,0.07,0.03,BiomassOxy_CC,,,,,,,,,,,,,,,,,,,,,,,
0.05,0.1,0.055,0.075,0.03,0.018,Biomass,,,,,,,,,,,,,,,,,,,,,,,
0.05,0.1,0.055,0.075,0.03,0.03,BioCH4,,,,,,,,,,,,,,,,,,,,,,,
0.05,0.1,0.055,0.075,0.05,0.018,Biomass,,,,,,,,,,,,,,,,,,,,,,,
0.05,0.1,0.055,0.075,0.05,0.03,Biomass,,,,,,,,,,,,,,,,,,,,,,,
0.05,0.1,0.055,0.075,0.07,0.018,Biomass,,,,,,,,,,,,,,,,,,,,,,,
0.05,0.1,0.055,0.075,0.07,0.03,Biomass,,,,,,,,,,,,,,,,,,,,,,,
0.05,0.1,0.055,0.1,0.03,0.018,Biomass,,,,,,,,,,,,,,,,,,,,,,,
0.05,0.1,0.055,0.1,0.03,0.03,BioCH4,,,,,,,,,,,,,,,,,,,,,,,
0.05,0.1,0.055,0.1,0.05,0.018,Biomass,,,,,,,,,,,,,,,,,,,,,,,
0.05,0.1,0.055,0.1,0.05,0.03,Biomass,,,,,,,,,,,,,,,,,,,,,,,
0.05,0.1,0.055,0.1,0.07,0.018,Biomass,,,,,,,,,,,,,,,,,,,,,,,
0.05,0.1,0.055,0.1,0.07,0.03,Biomass,,,,,,,,,,,,,,,,,,,,,,,
0.05,0.1,0.055,0.2,0.03,0.018,BiomassOxy_CC,,,,,,,,,,,,,,,,,,,,,,,
0.05,0.1,0.055,0.2,0.03,0.03,BioCH4Oxy_CC,,,,,,,,,,,,,,,,,,,,,,,
0.05,0.1,0.055,0.2,0.05,0.018,BiomassOxy_CC,,,,,,,,,,,,,,,,,,,,,,,
0.05,0.1,0.055,0.2,0.05,0.03,PlasmaOxy_CC,,,,,,,,,,,,,,,,,,,,,,,
0.05,0.1,0.055,0.2,0.07,0.018,BiomassOxy_CC,,,,,,,,,,,,,,,,,,,,,,,
0.05,0.1,0.055,0.2,0.07,0.03,PlasmaOxy_CC,,,,,,,,,,,,,,,,,,,,,,,
0.05,0.1,0.055,0.25,0.03,0.018,BiomassOxy_CC,,,,,,,,,,,,,,,,,,,,,,,
0.05,0.1,0.055,0.25,0.03,0.03,BioCH4Oxy_CC,,,,,,,,,,,,,,,,,,,,,,,
0.05,0.1,0.055,0.25,0.05,0.018,BiomassOxy_CC,,,,,,,,,,,,,,,,,,,,,,,
0.05,0.1,0.055,0.25,0.05,0.03,BiomassOxy_CC,,,,,,,,,,,,,,,,,,,,,,,
0.05,0.1,0.055,0.25,0.07,0.018,BiomassOxy_CC,,,,,,,,,,,,,,,,,,,,,,,
0.05,0.1,0.055,0.25,0.07,0.03,BiomassOxy_CC,,,,,,,,,,,,,,,,,,,,,,,
0.05,0.1,0.075,0.075,0.03,0.018,Biomass,,,,,,,,,,,,,,,,,,,,,,,
0.05,0.1,0.075,0.075,0.03,0.03,BioCH4,,,,,,,,,,,,,,,,,,,,,,,
0.05,0.1,0.075,0.075,0.05,0.018,Biomass,,,,,,,,,,,,,,,,,,,,,,,
0.05,0.1,0.075,0.075,0.05,0.03,Biomass,,,,,,,,,,,,,,,,,,,,,,,
0.05,0.1,0.075,0.075,0.07,0.018,Biomass,,,,,,,,,,,,,,,,,,,,,,,
0.05,0.1,0.075,0.075,0.07,0.03,Biomass,,,,,,,,,,,,,,,,,,,,,,,
0.05,0.1,0.075,0.1,0.03,0.018,Biomass,,,,,,,,,,,,,,,,,,,,,,,
0.05,0.1,0.075,0.1,0.03,0.03,BioCH4,,,,,,,,,,,,,,,,,,,,,,,
0.05,0.1,0.075,0.1,0.05,0.018,Biomass,,,,,,,,,,,,,,,,,,,,,,,
0.05,0.1,0.075,0.1,0.05,0.03,Biomass,,,,,,,,,,,,,,,,,,,,,,,
0.05,0.1,0.075,0.1,0.07,0.018,Biomass,,,,,,,,,,,,,,,,,,,,,,,
0.05,0.1,0.075,0.1,0.07,0.03,Biomass,,,,,,,,,,,,,,,,,,,,,,,
0.05,0.1,0.075,0.2,0.03,0.018,BiomassOxy_CC,,,,,,,,,,,,,,,,,,,,,,,
0.05,0.1,0.075,0.2,0.03,0.03,BioCH4Oxy_CC,,,,,,,,,,,,,,,,,,,,,,,
0.05,0.1,0.075,0.2,0.05,0.018,BiomassOxy_CC,,,,,,,,,,,,,,,,,,,,,,,
0.05,0.1,0.075,0.2,0.05,0.03,PlasmaOxy_CC,,,,,,,,,,,,,,,,,,,,,,,
0.05,0.1,0.075,0.2,0.07,0.018,BiomassOxy_CC,,,,,,,,,,,,,,,,,,,,,,,
0.05,0.1,0.075,0.2,0.07,0.03,PlasmaOxy_CC,,,,,,,,,,,,,,,,,,,,,,,
0.05,0.1,0.075,0.25,0.03,0.018,BiomassOxy_CC,,,,,,,,,,,,,,,,,,,,,,,
0.05,0.1,0.075,0.25,0.03,0.03,BioCH4Oxy_CC,,,,,,,,,,,,,,,,,,,,,,,
0.05,0.1,0.075,0.25,0.05,0.018,BiomassOxy_CC,,,,,,,,,,,,,,,,,,,,,,,
0.05,0.1,0.075,0.25,0.05,0.03,BiomassOxy_CC,,,,,,,,,,,,,,,,,,,,,,,
0.05,0.1,0.075,0.25,0.07,0.018,BiomassOxy_CC,,,,,,,,,,,,,,,,,,,,,,,
0.05,0.1,0.075,0.25,0.07,0.03,BiomassOxy_CC,,,,,,,,,,,,,,,,,,,,,,,
0.05,0.1,0.1,0.075,0.03,0.018,Biomass,,,,,,,,,,,,,,,,,,,,,,,
0.05,0.1,0.1,0.075,0.03,0.03,BioCH4,,,,,,,,,,,,,,,,,,,,,,,
0.05,0.1,0.1,0.075,0.05,0.018,Biomass,,,,,,,,,,,,,,,,,,,,,,,
0.05,0.1,0.1,0.075,0.05,0.03,Biomass,,,,,,,,,,,,,,,,,,,,,,,
0.05,0.1,0.1,0.075,0.07,0.018,Biomass,,,,,,,,,,,,,,,,,,,,,,,
0.05,0.1,0.1,0.075,0.07,0.03,Biomass,,,,,,,,,,,,,,,,,,,,,,,
0.05,0.1,0.1,0.1,0.03,0.018,Biomass,,,,,,,,,,,,,,,,,,,,,,,
0.05,0.1,0.1,0.1,0.03,0.03,BioCH4,,,,,,,,,,,,,,,,,,,,,,,
0.05,0.1,0.1,0.1,0.05,0.018,Biomass,,,,,,,,,,,,,,,,,,,,,,,
0.05,0.1,0.1,0.1,0.05,0.03,Biomass,,,,,,,,,,,,,,,,,,,,,,,
0.05,0.1,0.1,0.1,0.07,0.018,Biomass,,,,,,,,,,,,,,,,,,,,,,,
0.05,0.1,0.1,0.1,0.07,0.03,Biomass,,,,,,,,,,,,,,,,,,,,,,,
0.05,0.1,0.1,0.2,0.03,0.018,BiomassOxy_CC,,,,,,,,,,,,,,,,,,,,,,,
0.05,0.1,0.1,0.2,0.03,0.03,BioCH4Oxy_CC,,,,,,,,,,,,,,,,,,,,,,,
0.05,0.1,0.1,0.2,0.05,0.018,BiomassOxy_CC,,,,,,,,,,,,,,,,,,,,,,,
0.05,0.1,0.1,0.2,0.05,0.03,PlasmaOxy_CC,,,,,,,,,,,,,,,,,,,,,,,
0.05,0.1,0.1,0.2,0.07,0.018,BiomassOxy_CC,,,,,,,,,,,,,,,,,,,,,,,
0.05,0.1,0.1,0.2,0.07,0.03,PlasmaOxy_CC,,,,,,,,,,,,,,,,,,,,,,,
0.05,0.1,0.1,0.25,0.03,0.018,BiomassOxy_CC,,,,,,,,,,,,,,,,,,,,,,,
0.05,0.1,0.1,0.25,0.03,0.03,BioCH4Oxy_CC,,,,,,,,,,,,,,,,,,,,,,,
0.05,0.1,0.1,0.25,0.05,0.018,BiomassOxy_CC,,,,,,,,,,,,,,,,,,,,,,,
0.05,0.1,0.1,0.25,0.05,0.03,BiomassOxy_CC,,,,,,,,,,,,,,,,,,,,,,,
0.05,0.1,0.1,0.25,0.07,0.018,BiomassOxy_CC,,,,,,,,,,,,,,,,,,,,,,,
0.05,0.1,0.1,0.25,0.07,0.03,BiomassOxy_CC,,,,,,,,,,,,,,,,,,,,,,,
0.05,0.15,0.01,0.075,0.03,0.018,Biomass,,,,,,,,,,,,,,,,,,,,,,,
0.05,0.15,0.01,0.075,0.03,0.03,NG,,,,,,,,,,,,,,,,,,,,,,,
0.05,0.15,0.01,0.075,0.05,0.018,Biomass,,,,,,,,,,,,,,,,,,,,,,,
0.05,0.15,0.01,0.075,0.05,0.03,NG,,,,,,,,,,,,,,,,,,,,,,,
0.05,0.15,0.01,0.075,0.07,0.018,Biomass,,,,,,,,,,,,,,,,,,,,,,,
0.05,0.15,0.01,0.075,0.07,0.03,NG,,,,,,,,,,,,,,,,,,,,,,,
0.05,0.15,0.01,0.1,0.03,0.018,Biomass,,,,,,,,,,,,,,,,,,,,,,,
0.05,0.15,0.01,0.1,0.03,0.03,NG,,,,,,,,,,,,,,,,,,,,,,,
0.05,0.15,0.01,0.1,0.05,0.018,Biomass,,,,,,,,,,,,,,,,,,,,,,,
0.05,0.15,0.01,0.1,0.05,0.03,NG,,,,,,,,,,,,,,,,,,,,,,,
0.05,0.15,0.01,0.1,0.07,0.018,Biomass,,,,,,,,,,,,,,,,,,,,,,,
0.05,0.15,0.01,0.1,0.07,0.03,NG,,,,,,,,,,,,,,,,,,,,,,,
0.05,0.15,0.01,0.2,0.03,0.018,BiomassOxy_CC,,,,,,,,,,,,,,,,,,,,,,,
0.05,0.15,0.01,0.2,0.03,0.03,BioCH4Oxy_CC,,,,,,,,,,,,,,,,,,,,,,,
0.05,0.15,0.01,0.2,0.05,0.018,BiomassOxy_CC,,,,,,,,,,,,,,,,,,,,,,,
0.05,0.15,0.01,0.2,0.05,0.03,PlasmaOxy_CC,,,,,,,,,,,,,,,,,,,,,,,
0.05,0.15,0.01,0.2,0.07,0.018,BiomassOxy_CC,,,,,,,,,,,,,,,,,,,,,,,
0.05,0.15,0.01,0.2,0.07,0.03,PlasmaOxy_CC,,,,,,,,,,,,,,,,,,,,,,,
0.05,0.15,0.01,0.25,0.03,0.018,BiomassOxy_CC,,,,,,,,,,,,,,,,,,,,,,,
0.05,0.15,0.01,0.25,0.03,0.03,BioCH4Oxy_CC,,,,,,,,,,,,,,,,,,,,,,,
0.05,0.15,0.01,0.25,0.05,0.018,BiomassOxy_CC,,,,,,,,,,,,,,,,,,,,,,,
0.05,0.15,0.01,0.25,0.05,0.03,BiomassOxy_CC,,,,,,,,,,,,,,,,,,,,,,,
0.05,0.15,0.01,0.25,0.07,0.018,BiomassOxy_CC,,,,,,,,,,,,,,,,,,,,,,,
0.05,0.15,0.01,0.25,0.07,0.03,BiomassOxy_CC,,,,,,,,,,,,,,,,,,,,,,,
0.05,0.15,0.035,0.075,0.03,0.018,Biomass,,,,,,,,,,,,,,,,,,,,,,,
0.05,0.15,0.035,0.075,0.03,0.03,BioCH4,,,,,,,,,,,,,,,,,,,,,,,
0.05,0.15,0.035,0.075,0.05,0.018,Biomass,,,,,,,,,,,,,,,,,,,,,,,
0.05,0.15,0.035,0.075,0.05,0.03,Biomass,,,,,,,,,,,,,,,,,,,,,,,
0.05,0.15,0.035,0.075,0.07,0.018,Biomass,,,,,,,,,,,,,,,,,,,,,,,
0.05,0.15,0.035,0.075,0.07,0.03,Biomass,,,,,,,,,,,,,,,,,,,,,,,
0.05,0.15,0.035,0.1,0.03,0.018,Biomass,,,,,,,,,,,,,,,,,,,,,,,
0.05,0.15,0.035,0.1,0.03,0.03,BioCH4,,,,,,,,,,,,,,,,,,,,,,,
0.05,0.15,0.035,0.1,0.05,0.018,Biomass,,,,,,,,,,,,,,,,,,,,,,,
0.05,0.15,0.035,0.1,0.05,0.03,Biomass,,,,,,,,,,,,,,,,,,,,,,,
0.05,0.15,0.035,0.1,0.07,0.018,Biomass,,,,,,,,,,,,,,,,,,,,,,,
0.05,0.15,0.035,0.1,0.07,0.03,Biomass,,,,,,,,,,,,,,,,,,,,,,,
0.05,0.15,0.035,0.2,0.03,0.018,BiomassOxy_CC,,,,,,,,,,,,,,,,,,,,,,,
0.05,0.15,0.035,0.2,0.03,0.03,BioCH4Oxy_CC,,,,,,,,,,,,,,,,,,,,,,,
0.05,0.15,0.035,0.2,0.05,0.018,BiomassOxy_CC,,,,,,,,,,,,,,,,,,,,,,,
0.05,0.15,0.035,0.2,0.05,0.03,PlasmaOxy_CC,,,,,,,,,,,,,,,,,,,,,,,
0.05,0.15,0.035,0.2,0.07,0.018,BiomassOxy_CC,,,,,,,,,,,,,,,,,,,,,,,
0.05,0.15,0.035,0.2,0.07,0.03,PlasmaOxy_CC,,,,,,,,,,,,,,,,,,,,,,,
0.05,0.15,0.035,0.25,0.03,0.018,BiomassOxy_CC,,,,,,,,,,,,,,,,,,,,,,,
0.05,0.15,0.035,0.25,0.03,0.03,BioCH4Oxy_CC,,,,,,,,,,,,,,,,,,,,,,,
0.05,0.15,0.035,0.25,0.05,0.018,BiomassOxy_CC,,,,,,,,,,,,,,,,,,,,,,,
0.05,0.15,0.035,0.25,0.05,0.03,BiomassOxy_CC,,,,,,,,,,,,,,,,,,,,,,,
0.05,0.15,0.035,0.25,0.07,0.018,BiomassOxy_CC,,,,,,,,,,,,,,,,,,,,,,,
0.05,0.15,0.035,0.25,0.07,0.03,BiomassOxy_CC,,,,,,,,,,,,,,,,,,,,,,,
0.05,0.15,0.055,0.075,0.03,0.018,Biomass,,,,,,,,,,,,,,,,,,,,,,,
0.05,0.15,0.055,0.075,0.03,0.03,BioCH4,,,,,,,,,,,,,,,,,,,,,,,
0.05,0.15,0.055,0.075,0.05,0.018,Biomass,,,,,,,,,,,,,,,,,,,,,,,
0.05,0.15,0.055,0.075,0.05,0.03,Biomass,,,,,,,,,,,,,,,,,,,,,,,
0.05,0.15,0.055,0.075,0.07,0.018,Biomass,,,,,,,,,,,,,,,,,,,,,,,
0.05,0.15,0.055,0.075,0.07,0.03,Biomass,,,,,,,,,,,,,,,,,,,,,,,
0.05,0.15,0.055,0.1,0.03,0.018,Biomass,,,,,,,,,,,,,,,,,,,,,,,
0.05,0.15,0.055,0.1,0.03,0.03,BioCH4,,,,,,,,,,,,,,,,,,,,,,,
0.05,0.15,0.055,0.1,0.05,0.018,Biomass,,,,,,,,,,,,,,,,,,,,,,,
0.05,0.15,0.055,0.1,0.05,0.03,Biomass,,,,,,,,,,,,,,,,,,,,,,,
0.05,0.15,0.055,0.1,0.07,0.018,Biomass,,,,,,,,,,,,,,,,,,,,,,,
0.05,0.15,0.055,0.1,0.07,0.03,Biomass,,,,,,,,,,,,,,,,,,,,,,,
0.05,0.15,0.055,0.2,0.03,0.018,BiomassOxy_CC,,,,,,,,,,,,,,,,,,,,,,,
0.05,0.15,0.055,0.2,0.03,0.03,BioCH4Oxy_CC,,,,,,,,,,,,,,,,,,,,,,,
0.05,0.15,0.055,0.2,0.05,0.018,BiomassOxy_CC,,,,,,,,,,,,,,,,,,,,,,,
0.05,0.15,0.055,0.2,0.05,0.03,PlasmaOxy_CC,,,,,,,,,,,,,,,,,,,,,,,
0.05,0.15,0.055,0.2,0.07,0.018,BiomassOxy_CC,,,,,,,,,,,,,,,,,,,,,,,
0.05,0.15,0.055,0.2,0.07,0.03,PlasmaOxy_CC,,,,,,,,,,,,,,,,,,,,,,,
0.05,0.15,0.055,0.25,0.03,0.018,BiomassOxy_CC,,,,,,,,,,,,,,,,,,,,,,,
0.05,0.15,0.055,0.25,0.03,0.03,BioCH4Oxy_CC,,,,,,,,,,,,,,,,,,,,,,,
0.05,0.15,0.055,0.25,0.05,0.018,BiomassOxy_CC,,,,,,,,,,,,,,,,,,,,,,,
0.05,0.15,0.055,0.25,0.05,0.03,BiomassOxy_CC,,,,,,,,,,,,,,,,,,,,,,,
0.05,0.15,0.055,0.25,0.07,0.018,BiomassOxy_CC,,,,,,,,,,,,,,,,,,,,,,,
0.05,0.15,0.055,0.25,0.07,0.03,BiomassOxy_CC,,,,,,,,,,,,,,,,,,,,,,,
0.05,0.15,0.075,0.075,0.03,0.018,Biomass,,,,,,,,,,,,,,,,,,,,,,,
0.05,0.15,0.075,0.075,0.03,0.03,BioCH4,,,,,,,,,,,,,,,,,,,,,,,
0.05,0.15,0.075,0.075,0.05,0.018,Biomass,,,,,,,,,,,,,,,,,,,,,,,
0.05,0.15,0.075,0.075,0.05,0.03,Biomass,,,,,,,,,,,,,,,,,,,,,,,
0.05,0.15,0.075,0.075,0.07,0.018,Biomass,,,,,,,,,,,,,,,,,,,,,,,
0.05,0.15,0.075,0.075,0.07,0.03,Biomass,,,,,,,,,,,,,,,,,,,,,,,
0.05,0.15,0.075,0.1,0.03,0.018,Biomass,,,,,,,,,,,,,,,,,,,,,,,
0.05,0.15,0.075,0.1,0.03,0.03,BioCH4,,,,,,,,,,,,,,,,,,,,,,,
0.05,0.15,0.075,0.1,0.05,0.018,Biomass,,,,,,,,,,,,,,,,,,,,,,,
0.05,0.15,0.075,0.1,0.05,0.03,Biomass,,,,,,,,,,,,,,,,,,,,,,,
0.05,0.15,0.075,0.1,0.07,0.018,Biomass,,,,,,,,,,,,,,,,,,,,,,,
0.05,0.15,0.075,0.1,0.07,0.03,Biomass,,,,,,,,,,,,,,,,,,,,,,,
0.05,0.15,0.075,0.2,0.03,0.018,BiomassOxy_CC,,,,,,,,,,,,,,,,,,,,,,,
0.05,0.15,0.075,0.2,0.03,0.03,BioCH4Oxy_CC,,,,,,,,,,,,,,,,,,,,,,,
0.05,0.15,0.075,0.2,0.05,0.018,BiomassOxy_CC,,,,,,,,,,,,,,,,,,,,,,,
0.05,0.15,0.075,0.2,0.05,0.03,PlasmaOxy_CC,,,,,,,,,,,,,,,,,,,,,,,
0.05,0.15,0.075,0.2,0.07,0.018,BiomassOxy_CC,,,,,,,,,,,,,,,,,,,,,,,
0.05,0.15,0.075,0.2,0.07,0.03,PlasmaOxy_CC,,,,,,,,,,,,,,,,,,,,,,,
0.05,0.15,0.075,0.25,0.03,0.018,BiomassOxy_CC,,,,,,,,,,,,,,,,,,,,,,,
0.05,0.15,0.075,0.25,0.03,0.03,BioCH4Oxy_CC,,,,,,,,,,,,,,,,,,,,,,,
0.05,0.15,0.075,0.25,0.05,0.018,BiomassOxy_CC,,,,,,,,,,,,,,,,,,,,,,,
0.05,0.15,0.075,0.25,0.05,0.03,BiomassOxy_CC,,,,,,,,,,,,,,,,,,,,,,,
0.05,0.15,0.075,0.25,0.07,0.018,BiomassOxy_CC,,,,,,,,,,,,,,,,,,,,,,,
0.05,0.15,0.075,0.25,0.07,0.03,BiomassOxy_CC,,,,,,,,,,,,,,,,,,,,,,,
0.05,0.15,0.1,0.075,0.03,0.018,Biomass,,,,,,,,,,,,,,,,,,,,,,,
0.05,0.15,0.1,0.075,0.03,0.03,BioCH4,,,,,,,,,,,,,,,,,,,,,,,
0.05,0.15,0.1,0.075,0.05,0.018,Biomass,,,,,,,,,,,,,,,,,,,,,,,
0.05,0.15,0.1,0.075,0.05,0.03,Biomass,,,,,,,,,,,,,,,,,,,,,,,
0.05,0.15,0.1,0.075,0.07,0.018,Biomass,,,,,,,,,,,,,,,,,,,,,,,
0.05,0.15,0.1,0.075,0.07,0.03,Biomass,,,,,,,,,,,,,,,,,,,,,,,
0.05,0.15,0.1,0.1,0.03,0.018,Biomass,,,,,,,,,,,,,,,,,,,,,,,
0.05,0.15,0.1,0.1,0.03,0.03,BioCH4,,,,,,,,,,,,,,,,,,,,,,,
0.05,0.15,0.1,0.1,0.05,0.018,Biomass,,,,,,,,,,,,,,,,,,,,,,,
0.05,0.15,0.1,0.1,0.05,0.03,Biomass,,,,,,,,,,,,,,,,,,,,,,,
0.05,0.15,0.1,0.1,0.07,0.018,Biomass,,,,,,,,,,,,,,,,,,,,,,,
0.05,0.15,0.1,0.1,0.07,0.03,Biomass,,,,,,,,,,,,,,,,,,,,,,,
0.05,0.15,0.1,0.2,0.03,0.018,BiomassOxy_CC,,,,,,,,,,,,,,,,,,,,,,,
0.05,0.15,0.1,0.2,0.03,0.03,BioCH4Oxy_CC,,,,,,,,,,,,,,,,,,,,,,,
0.05,0.15,0.1,0.2,0.05,0.018,BiomassOxy_CC,,,,,,,,,,,,,,,,,,,,,,,
0.05,0.15,0.1,0.2,0.05,0.03,PlasmaOxy_CC,,,,,,,,,,,,,,,,,,,,,,,
0.05,0.15,0.1,0.2,0.07,0.018,BiomassOxy_CC,,,,,,,,,,,,,,,,,,,,,,,
0.05,0.15,0.1,0.2,0.07,0.03,PlasmaOxy_CC,,,,,,,,,,,,,,,,,,,,,,,
0.05,0.15,0.1,0.25,0.03,0.018,BiomassOxy_CC,,,,,,,,,,,,,,,,,,,,,,,
0.05,0.15,0.1,0.25,0.03,0.03,BioCH4Oxy_CC,,,,,,,,,,,,,,,,,,,,,,,
0.05,0.15,0.1,0.25,0.05,0.018,BiomassOxy_CC,,,,,,,,,,,,,,,,,,,,,,,
0.05,0.15,0.1,0.25,0.05,0.03,BiomassOxy_CC,,,,,,,,,,,,,,,,,,,,,,,
0.05,0.15,0.1,0.25,0.07,0.018,BiomassOxy_CC,,,,,,,,,,,,,,,,,,,,,,,
0.05,0.15,0.1,0.25,0.07,0.03,BiomassOxy_CC,,,,,,,,,,,,,,,,,,,,,,,
0.05,0.2,0.01,0.075,0.03,0.018,Biomass,,,,,,,,,,,,,,,,,,,,,,,
0.05,0.2,0.01,0.075,0.03,0.03,NG,,,,,,,,,,,,,,,,,,,,,,,
0.05,0.2,0.01,0.075,0.05,0.018,Biomass,,,,,,,,,,,,,,,,,,,,,,,
0.05,0.2,0.01,0.075,0.05,0.03,NG,,,,,,,,,,,,,,,,,,,,,,,
0.05,0.2,0.01,0.075,0.07,0.018,Biomass,,,,,,,,,,,,,,,,,,,,,,,
0.05,0.2,0.01,0.075,0.07,0.03,NG,,,,,,,,,,,,,,,,,,,,,,,
0.05,0.2,0.01,0.1,0.03,0.018,Biomass,,,,,,,,,,,,,,,,,,,,,,,
0.05,0.2,0.01,0.1,0.03,0.03,NG,,,,,,,,,,,,,,,,,,,,,,,
0.05,0.2,0.01,0.1,0.05,0.018,Biomass,,,,,,,,,,,,,,,,,,,,,,,
0.05,0.2,0.01,0.1,0.05,0.03,NG,,,,,,,,,,,,,,,,,,,,,,,
0.05,0.2,0.01,0.1,0.07,0.018,Biomass,,,,,,,,,,,,,,,,,,,,,,,
0.05,0.2,0.01,0.1,0.07,0.03,NG,,,,,,,,,,,,,,,,,,,,,,,
0.05,0.2,0.01,0.2,0.03,0.018,BiomassOxy_CC,,,,,,,,,,,,,,,,,,,,,,,
0.05,0.2,0.01,0.2,0.03,0.03,BioCH4Oxy_CC,,,,,,,,,,,,,,,,,,,,,,,
0.05,0.2,0.01,0.2,0.05,0.018,BiomassOxy_CC,,,,,,,,,,,,,,,,,,,,,,,
0.05,0.2,0.01,0.2,0.05,0.03,PlasmaOxy_CC,,,,,,,,,,,,,,,,,,,,,,,
0.05,0.2,0.01,0.2,0.07,0.018,BiomassOxy_CC,,,,,,,,,,,,,,,,,,,,,,,
0.05,0.2,0.01,0.2,0.07,0.03,PlasmaOxy_CC,,,,,,,,,,,,,,,,,,,,,,,
0.05,0.2,0.01,0.25,0.03,0.018,BiomassOxy_CC,,,,,,,,,,,,,,,,,,,,,,,
0.05,0.2,0.01,0.25,0.03,0.03,BioCH4Oxy_CC,,,,,,,,,,,,,,,,,,,,,,,
0.05,0.2,0.01,0.25,0.05,0.018,BiomassOxy_CC,,,,,,,,,,,,,,,,,,,,,,,
0.05,0.2,0.01,0.25,0.05,0.03,BiomassOxy_CC,,,,,,,,,,,,,,,,,,,,,,,
0.05,0.2,0.01,0.25,0.07,0.018,BiomassOxy_CC,,,,,,,,,,,,,,,,,,,,,,,
0.05,0.2,0.01,0.25,0.07,0.03,BiomassOxy_CC,,,,,,,,,,,,,,,,,,,,,,,
0.05,0.2,0.035,0.075,0.03,0.018,Biomass,,,,,,,,,,,,,,,,,,,,,,,
0.05,0.2,0.035,0.075,0.03,0.03,BioCH4,,,,,,,,,,,,,,,,,,,,,,,
0.05,0.2,0.035,0.075,0.05,0.018,Biomass,,,,,,,,,,,,,,,,,,,,,,,
0.05,0.2,0.035,0.075,0.05,0.03,Biomass,,,,,,,,,,,,,,,,,,,,,,,
0.05,0.2,0.035,0.075,0.07,0.018,Biomass,,,,,,,,,,,,,,,,,,,,,,,
0.05,0.2,0.035,0.075,0.07,0.03,Biomass,,,,,,,,,,,,,,,,,,,,,,,
0.05,0.2,0.035,0.1,0.03,0.018,Biomass,,,,,,,,,,,,,,,,,,,,,,,
0.05,0.2,0.035,0.1,0.03,0.03,BioCH4,,,,,,,,,,,,,,,,,,,,,,,
0.05,0.2,0.035,0.1,0.05,0.018,Biomass,,,,,,,,,,,,,,,,,,,,,,,
0.05,0.2,0.035,0.1,0.05,0.03,Biomass,,,,,,,,,,,,,,,,,,,,,,,
0.05,0.2,0.035,0.1,0.07,0.018,Biomass,,,,,,,,,,,,,,,,,,,,,,,
0.05,0.2,0.035,0.1,0.07,0.03,Biomass,,,,,,,,,,,,,,,,,,,,,,,
0.05,0.2,0.035,0.2,0.03,0.018,BiomassOxy_CC,,,,,,,,,,,,,,,,,,,,,,,
0.05,0.2,0.035,0.2,0.03,0.03,BioCH4Oxy_CC,,,,,,,,,,,,,,,,,,,,,,,
0.05,0.2,0.035,0.2,0.05,0.018,BiomassOxy_CC,,,,,,,,,,,,,,,,,,,,,,,
0.05,0.2,0.035,0.2,0.05,0.03,PlasmaOxy_CC,,,,,,,,,,,,,,,,,,,,,,,
0.05,0.2,0.035,0.2,0.07,0.018,BiomassOxy_CC,,,,,,,,,,,,,,,,,,,,,,,
0.05,0.2,0.035,0.2,0.07,0.03,PlasmaOxy_CC,,,,,,,,,,,,,,,,,,,,,,,
0.05,0.2,0.035,0.25,0.03,0.018,BiomassOxy_CC,,,,,,,,,,,,,,,,,,,,,,,
0.05,0.2,0.035,0.25,0.03,0.03,BioCH4Oxy_CC,,,,,,,,,,,,,,,,,,,,,,,
0.05,0.2,0.035,0.25,0.05,0.018,BiomassOxy_CC,,,,,,,,,,,,,,,,,,,,,,,
0.05,0.2,0.035,0.25,0.05,0.03,BiomassOxy_CC,,,,,,,,,,,,,,,,,,,,,,,
0.05,0.2,0.035,0.25,0.07,0.018,BiomassOxy_CC,,,,,,,,,,,,,,,,,,,,,,,
0.05,0.2,0.035,0.25,0.07,0.03,BiomassOxy_CC,,,,,,,,,,,,,,,,,,,,,,,
0.05,0.2,0.055,0.075,0.03,0.018,Biomass,,,,,,,,,,,,,,,,,,,,,,,
0.05,0.2,0.055,0.075,0.03,0.03,BioCH4,,,,,,,,,,,,,,,,,,,,,,,
0.05,0.2,0.055,0.075,0.05,0.018,Biomass,,,,,,,,,,,,,,,,,,,,,,,
0.05,0.2,0.055,0.075,0.05,0.03,Biomass,,,,,,,,,,,,,,,,,,,,,,,
0.05,0.2,0.055,0.075,0.07,0.018,Biomass,,,,,,,,,,,,,,,,,,,,,,,
0.05,0.2,0.055,0.075,0.07,0.03,Biomass,,,,,,,,,,,,,,,,,,,,,,,
0.05,0.2,0.055,0.1,0.03,0.018,Biomass,,,,,,,,,,,,,,,,,,,,,,,
0.05,0.2,0.055,0.1,0.03,0.03,BioCH4,,,,,,,,,,,,,,,,,,,,,,,
0.05,0.2,0.055,0.1,0.05,0.018,Biomass,,,,,,,,,,,,,,,,,,,,,,,
0.05,0.2,0.055,0.1,0.05,0.03,Biomass,,,,,,,,,,,,,,,,,,,,,,,
0.05,0.2,0.055,0.1,0.07,0.018,Biomass,,,,,,,,,,,,,,,,,,,,,,,
0.05,0.2,0.055,0.1,0.07,0.03,Biomass,,,,,,,,,,,,,,,,,,,,,,,
0.05,0.2,0.055,0.2,0.03,0.018,BiomassOxy_CC,,,,,,,,,,,,,,,,,,,,,,,
0.05,0.2,0.055,0.2,0.03,0.03,BioCH4Oxy_CC,,,,,,,,,,,,,,,,,,,,,,,
0.05,0.2,0.055,0.2,0.05,0.018,BiomassOxy_CC,,,,,,,,,,,,,,,,,,,,,,,
0.05,0.2,0.055,0.2,0.05,0.03,PlasmaOxy_CC,,,,,,,,,,,,,,,,,,,,,,,
0.05,0.2,0.055,0.2,0.07,0.018,BiomassOxy_CC,,,,,,,,,,,,,,,,,,,,,,,
0.05,0.2,0.055,0.2,0.07,0.03,PlasmaOxy_CC,,,,,,,,,,,,,,,,,,,,,,,
0.05,0.2,0.055,0.25,0.03,0.018,BiomassOxy_CC,,,,,,,,,,,,,,,,,,,,,,,
0.05,0.2,0.055,0.25,0.03,0.03,BioCH4Oxy_CC,,,,,,,,,,,,,,,,,,,,,,,
0.05,0.2,0.055,0.25,0.05,0.018,BiomassOxy_CC,,,,,,,,,,,,,,,,,,,,,,,
0.05,0.2,0.055,0.25,0.05,0.03,BiomassOxy_CC,,,,,,,,,,,,,,,,,,,,,,,
0.05,0.2,0.055,0.25,0.07,0.018,BiomassOxy_CC,,,,,,,,,,,,,,,,,,,,,,,
0.05,0.2,0.055,0.25,0.07,0.03,BiomassOxy_CC,,,,,,,,,,,,,,,,,,,,,,,
0.05,0.2,0.075,0.075,0.03,0.018,Biomass,,,,,,,,,,,,,,,,,,,,,,,
0.05,0.2,0.075,0.075,0.03,0.03,BioCH4,,,,,,,,,,,,,,,,,,,,,,,
0.05,0.2,0.075,0.075,0.05,0.018,Biomass,,,,,,,,,,,,,,,,,,,,,,,
0.05,0.2,0.075,0.075,0.05,0.03,Biomass,,,,,,,,,,,,,,,,,,,,,,,
0.05,0.2,0.075,0.075,0.07,0.018,Biomass,,,,,,,,,,,,,,,,,,,,,,,
0.05,0.2,0.075,0.075,0.07,0.03,Biomass,,,,,,,,,,,,,,,,,,,,,,,
0.05,0.2,0.075,0.1,0.03,0.018,Biomass,,,,,,,,,,,,,,,,,,,,,,,
0.05,0.2,0.075,0.1,0.03,0.03,BioCH4,,,,,,,,,,,,,,,,,,,,,,,
0.05,0.2,0.075,0.1,0.05,0.018,Biomass,,,,,,,,,,,,,,,,,,,,,,,
0.05,0.2,0.075,0.1,0.05,0.03,Biomass,,,,,,,,,,,,,,,,,,,,,,,
0.05,0.2,0.075,0.1,0.07,0.018,Biomass,,,,,,,,,,,,,,,,,,,,,,,
0.05,0.2,0.075,0.1,0.07,0.03,Biomass,,,,,,,,,,,,,,,,,,,,,,,
0.05,0.2,0.075,0.2,0.03,0.018,BiomassOxy_CC,,,,,,,,,,,,,,,,,,,,,,,
0.05,0.2,0.075,0.2,0.03,0.03,BioCH4Oxy_CC,,,,,,,,,,,,,,,,,,,,,,,
0.05,0.2,0.075,0.2,0.05,0.018,BiomassOxy_CC,,,,,,,,,,,,,,,,,,,,,,,
0.05,0.2,0.075,0.2,0.05,0.03,PlasmaOxy_CC,,,,,,,,,,,,,,,,,,,,,,,
0.05,0.2,0.075,0.2,0.07,0.018,BiomassOxy_CC,,,,,,,,,,,,,,,,,,,,,,,
0.05,0.2,0.075,0.2,0.07,0.03,PlasmaOxy_CC,,,,,,,,,,,,,,,,,,,,,,,
0.05,0.2,0.075,0.25,0.03,0.018,BiomassOxy_CC,,,,,,,,,,,,,,,,,,,,,,,
0.05,0.2,0.075,0.25,0.03,0.03,BioCH4Oxy_CC,,,,,,,,,,,,,,,,,,,,,,,
0.05,0.2,0.075,0.25,0.05,0.018,BiomassOxy_CC,,,,,,,,,,,,,,,,,,,,,,,
0.05,0.2,0.075,0.25,0.05,0.03,BiomassOxy_CC,,,,,,,,,,,,,,,,,,,,,,,
0.05,0.2,0.075,0.25,0.07,0.018,BiomassOxy_CC,,,,,,,,,,,,,,,,,,,,,,,
0.05,0.2,0.075,0.25,0.07,0.03,BiomassOxy_CC,,,,,,,,,,,,,,,,,,,,,,,
0.05,0.2,0.1,0.075,0.03,0.018,Biomass,,,,,,,,,,,,,,,,,,,,,,,
0.05,0.2,0.1,0.075,0.03,0.03,BioCH4,,,,,,,,,,,,,,,,,,,,,,,
0.05,0.2,0.1,0.075,0.05,0.018,Biomass,,,,,,,,,,,,,,,,,,,,,,,
0.05,0.2,0.1,0.075,0.05,0.03,Biomass,,,,,,,,,,,,,,,,,,,,,,,
0.05,0.2,0.1,0.075,0.07,0.018,Biomass,,,,,,,,,,,,,,,,,,,,,,,
0.05,0.2,0.1,0.075,0.07,0.03,Biomass,,,,,,,,,,,,,,,,,,,,,,,
0.05,0.2,0.1,0.1,0.03,0.018,Biomass,,,,,,,,,,,,,,,,,,,,,,,
0.05,0.2,0.1,0.1,0.03,0.03,BioCH4,,,,,,,,,,,,,,,,,,,,,,,
0.05,0.2,0.1,0.1,0.05,0.018,Biomass,,,,,,,,,,,,,,,,,,,,,,,
0.05,0.2,0.1,0.1,0.05,0.03,Biomass,,,,,,,,,,,,,,,,,,,,,,,
0.05,0.2,0.1,0.1,0.07,0.018,Biomass,,,,,,,,,,,,,,,,,,,,,,,
0.05,0.2,0.1,0.1,0.07,0.03,Biomass,,,,,,,,,,,,,,,,,,,,,,,
0.05,0.2,0.1,0.2,0.03,0.018,BiomassOxy_CC,,,,,,,,,,,,,,,,,,,,,,,
0.05,0.2,0.1,0.2,0.03,0.03,BioCH4Oxy_CC,,,,,,,,,,,,,,,,,,,,,,,
0.05,0.2,0.1,0.2,0.05,0.018,BiomassOxy_CC,,,,,,,,,,,,,,,,,,,,,,,
0.05,0.2,0.1,0.2,0.05,0.03,PlasmaOxy_CC,,,,,,,,,,,,,,,,,,,,,,,
0.05,0.2,0.1,0.2,0.07,0.018,BiomassOxy_CC,,,,,,,,,,,,,,,,,,,,,,,
0.05,0.2,0.1,0.2,0.07,0.03,PlasmaOxy_CC,,,,,,,,,,,,,,,,,,,,,,,
0.05,0.2,0.1,0.25,0.03,0.018,BiomassOxy_CC,,,,,,,,,,,,,,,,,,,,,,,
0.05,0.2,0.1,0.25,0.03,0.03,BioCH4Oxy_CC,,,,,,,,,,,,,,,,,,,,,,,
0.05,0.2,0.1,0.25,0.05,0.018,BiomassOxy_CC,,,,,,,,,,,,,,,,,,,,,,,
0.05,0.2,0.1,0.25,0.05,0.03,BiomassOxy_CC,,,,,,,,,,,,,,,,,,,,,,,
0.05,0.2,0.1,0.25,0.07,0.018,BiomassOxy_CC,,,,,,,,,,,,,,,,,,,,,,,
0.05,0.2,0.1,0.25,0.07,0.03,BiomassOxy_CC,,,,,,,,,,,,,,,,,,,,,,,
0.075,0.01,0.01,0.075,0.03,0.018,Biomass,,,,,,,,,,,,,,,,,,,,,,,
0.075,0.01,0.01,0.075,0.03,0.03,NG,,,,,,,,,,,,,,,,,,,,,,,
0.075,0.01,0.01,0.075,0.05,0.018,Biomass,,,,,,,,,,,,,,,,,,,,,,,
0.075,0.01,0.01,0.075,0.05,0.03,NG,,,,,,,,,,,,,,,,,,,,,,,
0.075,0.01,0.01,0.075,0.07,0.018,Biomass,,,,,,,,,,,,,,,,,,,,,,,
0.075,0.01,0.01,0.075,0.07,0.03,NG,,,,,,,,,,,,,,,,,,,,,,,
0.075,0.01,0.01,0.1,0.03,0.018,Biomass,,,,,,,,,,,,,,,,,,,,,,,
0.075,0.01,0.01,0.1,0.03,0.03,NG,,,,,,,,,,,,,,,,,,,,,,,
0.075,0.01,0.01,0.1,0.05,0.018,Biomass,,,,,,,,,,,,,,,,,,,,,,,
0.075,0.01,0.01,0.1,0.05,0.03,NG,,,,,,,,,,,,,,,,,,,,,,,
0.075,0.01,0.01,0.1,0.07,0.018,Biomass,,,,,,,,,,,,,,,,,,,,,,,
0.075,0.01,0.01,0.1,0.07,0.03,NG,,,,,,,,,,,,,,,,,,,,,,,
0.075,0.01,0.01,0.2,0.03,0.018,Biomass_CC,,,,,,,,,,,,,,,,,,,,,,,
0.075,0.01,0.01,0.2,0.03,0.03,H2Oxy_CC,,,,,,,,,,,,,,,,,,,,,,,
0.075,0.01,0.01,0.2,0.05,0.018,Biomass_CC,,,,,,,,,,,,,,,,,,,,,,,
0.075,0.01,0.01,0.2,0.05,0.03,H2Oxy_CC,,,,,,,,,,,,,,,,,,,,,,,
0.075,0.01,0.01,0.2,0.07,0.018,Biomass_CC,,,,,,,,,,,,,,,,,,,,,,,
0.075,0.01,0.01,0.2,0.07,0.03,H2Oxy_CC,,,,,,,,,,,,,,,,,,,,,,,
0.075,0.01,0.01,0.25,0.03,0.018,Biomass_CC,,,,,,,,,,,,,,,,,,,,,,,
0.075,0.01,0.01,0.25,0.03,0.03,H2Oxy_CC,,,,,,,,,,,,,,,,,,,,,,,
0.075,0.01,0.01,0.25,0.05,0.018,Biomass_CC,,,,,,,,,,,,,,,,,,,,,,,
0.075,0.01,0.01,0.25,0.05,0.03,H2Oxy_CC,,,,,,,,,,,,,,,,,,,,,,,
0.075,0.01,0.01,0.25,0.07,0.018,Biomass_CC,,,,,,,,,,,,,,,,,,,,,,,
0.075,0.01,0.01,0.25,0.07,0.03,H2Oxy_CC,,,,,,,,,,,,,,,,,,,,,,,
0.075,0.01,0.035,0.075,0.03,0.018,Biomass,,,,,,,,,,,,,,,,,,,,,,,
0.075,0.01,0.035,0.075,0.03,0.03,BioCH4,,,,,,,,,,,,,,,,,,,,,,,
0.075,0.01,0.035,0.075,0.05,0.018,Biomass,,,,,,,,,,,,,,,,,,,,,,,
0.075,0.01,0.035,0.075,0.05,0.03,Biomass,,,,,,,,,,,,,,,,,,,,,,,
0.075,0.01,0.035,0.075,0.07,0.018,Biomass,,,,,,,,,,,,,,,,,,,,,,,
0.075,0.01,0.035,0.075,0.07,0.03,Biomass,,,,,,,,,,,,,,,,,,,,,,,
0.075,0.01,0.035,0.1,0.03,0.018,Biomass,,,,,,,,,,,,,,,,,,,,,,,
0.075,0.01,0.035,0.1,0.03,0.03,BioCH4,,,,,,,,,,,,,,,,,,,,,,,
0.075,0.01,0.035,0.1,0.05,0.018,Biomass,,,,,,,,,,,,,,,,,,,,,,,
0.075,0.01,0.035,0.1,0.05,0.03,Biomass,,,,,,,,,,,,,,,,,,,,,,,
0.075,0.01,0.035,0.1,0.07,0.018,Biomass,,,,,,,,,,,,,,,,,,,,,,,
0.075,0.01,0.035,0.1,0.07,0.03,Biomass,,,,,,,,,,,,,,,,,,,,,,,
0.075,0.01,0.035,0.2,0.03,0.018,H2Oxy_CC,,,,,,,,,,,,,,,,,,,,,,,
0.075,0.01,0.035,0.2,0.03,0.03,H2Oxy_CC,,,,,,,,,,,,,,,,,,,,,,,
0.075,0.01,0.035,0.2,0.05,0.018,H2Oxy_CC,,,,,,,,,,,,,,,,,,,,,,,
0.075,0.01,0.035,0.2,0.05,0.03,H2Oxy_CC,,,,,,,,,,,,,,,,,,,,,,,
0.075,0.01,0.035,0.2,0.07,0.018,H2Oxy_CC,,,,,,,,,,,,,,,,,,,,,,,
0.075,0.01,0.035,0.2,0.07,0.03,H2Oxy_CC,,,,,,,,,,,,,,,,,,,,,,,
0.075,0.01,0.035,0.25,0.03,0.018,H2Oxy_CC,,,,,,,,,,,,,,,,,,,,,,,
0.075,0.01,0.035,0.25,0.03,0.03,H2Oxy_CC,,,,,,,,,,,,,,,,,,,,,,,
0.075,0.01,0.035,0.25,0.05,0.018,H2Oxy_CC,,,,,,,,,,,,,,,,,,,,,,,
0.075,0.01,0.035,0.25,0.05,0.03,H2Oxy_CC,,,,,,,,,,,,,,,,,,,,,,,
0.075,0.01,0.035,0.25,0.07,0.018,H2Oxy_CC,,,,,,,,,,,,,,,,,,,,,,,
0.075,0.01,0.035,0.25,0.07,0.03,H2Oxy_CC,,,,,,,,,,,,,,,,,,,,,,,
0.075,0.01,0.055,0.075,0.03,0.018,Biomass,,,,,,,,,,,,,,,,,,,,,,,
0.075,0.01,0.055,0.075,0.03,0.03,BioCH4,,,,,,,,,,,,,,,,,,,,,,,
0.075,0.01,0.055,0.075,0.05,0.018,Biomass,,,,,,,,,,,,,,,,,,,,,,,
0.075,0.01,0.055,0.075,0.05,0.03,Biomass,,,,,,,,,,,,,,,,,,,,,,,
0.075,0.01,0.055,0.075,0.07,0.018,Biomass,,,,,,,,,,,,,,,,,,,,,,,
0.075,0.01,0.055,0.075,0.07,0.03,Biomass,,,,,,,,,,,,,,,,,,,,,,,
0.075,0.01,0.055,0.1,0.03,0.018,Biomass,,,,,,,,,,,,,,,,,,,,,,,
0.075,0.01,0.055,0.1,0.03,0.03,BioCH4,,,,,,,,,,,,,,,,,,,,,,,
0.075,0.01,0.055,0.1,0.05,0.018,Biomass,,,,,,,,,,,,,,,,,,,,,,,
0.075,0.01,0.055,0.1,0.05,0.03,Biomass,,,,,,,,,,,,,,,,,,,,,,,
0.075,0.01,0.055,0.1,0.07,0.018,Biomass,,,,,,,,,,,,,,,,,,,,,,,
0.075,0.01,0.055,0.1,0.07,0.03,Biomass,,,,,,,,,,,,,,,,,,,,,,,
0.075,0.01,0.055,0.2,0.03,0.018,H2Oxy_CC,,,,,,,,,,,,,,,,,,,,,,,
0.075,0.01,0.055,0.2,0.03,0.03,H2Oxy_CC,,,,,,,,,,,,,,,,,,,,,,,
0.075,0.01,0.055,0.2,0.05,0.018,H2Oxy_CC,,,,,,,,,,,,,,,,,,,,,,,
0.075,0.01,0.055,0.2,0.05,0.03,H2Oxy_CC,,,,,,,,,,,,,,,,,,,,,,,
0.075,0.01,0.055,0.2,0.07,0.018,H2Oxy_CC,,,,,,,,,,,,,,,,,,,,,,,
0.075,0.01,0.055,0.2,0.07,0.03,H2Oxy_CC,,,,,,,,,,,,,,,,,,,,,,,
0.075,0.01,0.055,0.25,0.03,0.018,H2Oxy_CC,,,,,,,,,,,,,,,,,,,,,,,
0.075,0.01,0.055,0.25,0.03,0.03,H2Oxy_CC,,,,,,,,,,,,,,,,,,,,,,,
0.075,0.01,0.055,0.25,0.05,0.018,H2Oxy_CC,,,,,,,,,,,,,,,,,,,,,,,
0.075,0.01,0.055,0.25,0.05,0.03,H2Oxy_CC,,,,,,,,,,,,,,,,,,,,,,,
0.075,0.01,0.055,0.25,0.07,0.018,H2Oxy_CC,,,,,,,,,,,,,,,,,,,,,,,
0.075,0.01,0.055,0.25,0.07,0.03,H2Oxy_CC,,,,,,,,,,,,,,,,,,,,,,,
0.075,0.01,0.075,0.075,0.03,0.018,Biomass,,,,,,,,,,,,,,,,,,,,,,,
0.075,0.01,0.075,0.075,0.03,0.03,BioCH4,,,,,,,,,,,,,,,,,,,,,,,
0.075,0.01,0.075,0.075,0.05,0.018,Biomass,,,,,,,,,,,,,,,,,,,,,,,
0.075,0.01,0.075,0.075,0.05,0.03,Biomass,,,,,,,,,,,,,,,,,,,,,,,
0.075,0.01,0.075,0.075,0.07,0.018,Biomass,,,,,,,,,,,,,,,,,,,,,,,
0.075,0.01,0.075,0.075,0.07,0.03,Biomass,,,,,,,,,,,,,,,,,,,,,,,
0.075,0.01,0.075,0.1,0.03,0.018,Biomass,,,,,,,,,,,,,,,,,,,,,,,
0.075,0.01,0.075,0.1,0.03,0.03,BioCH4,,,,,,,,,,,,,,,,,,,,,,,
0.075,0.01,0.075,0.1,0.05,0.018,Biomass,,,,,,,,,,,,,,,,,,,,,,,
0.075,0.01,0.075,0.1,0.05,0.03,Biomass,,,,,,,,,,,,,,,,,,,,,,,
0.075,0.01,0.075,0.1,0.07,0.018,Biomass,,,,,,,,,,,,,,,,,,,,,,,
0.075,0.01,0.075,0.1,0.07,0.03,Biomass,,,,,,,,,,,,,,,,,,,,,,,
0.075,0.01,0.075,0.2,0.03,0.018,H2Oxy_CC,,,,,,,,,,,,,,,,,,,,,,,
0.075,0.01,0.075,0.2,0.03,0.03,H2Oxy_CC,,,,,,,,,,,,,,,,,,,,,,,
0.075,0.01,0.075,0.2,0.05,0.018,H2Oxy_CC,,,,,,,,,,,,,,,,,,,,,,,
0.075,0.01,0.075,0.2,0.05,0.03,H2Oxy_CC,,,,,,,,,,,,,,,,,,,,,,,
0.075,0.01,0.075,0.2,0.07,0.018,H2Oxy_CC,,,,,,,,,,,,,,,,,,,,,,,
0.075,0.01,0.075,0.2,0.07,0.03,H2Oxy_CC,,,,,,,,,,,,,,,,,,,,,,,
0.075,0.01,0.075,0.25,0.03,0.018,H2Oxy_CC,,,,,,,,,,,,,,,,,,,,,,,
0.075,0.01,0.075,0.25,0.03,0.03,H2Oxy_CC,,,,,,,,,,,,,,,,,,,,,,,
0.075,0.01,0.075,0.25,0.05,0.018,H2Oxy_CC,,,,,,,,,,,,,,,,,,,,,,,
0.075,0.01,0.075,0.25,0.05,0.03,H2Oxy_CC,,,,,,,,,,,,,,,,,,,,,,,
0.075,0.01,0.075,0.25,0.07,0.018,H2Oxy_CC,,,,,,,,,,,,,,,,,,,,,,,
0.075,0.01,0.075,0.25,0.07,0.03,H2Oxy_CC,,,,,,,,,,,,,,,,,,,,,,,
0.075,0.01,0.1,0.075,0.03,0.018,Biomass,,,,,,,,,,,,,,,,,,,,,,,
0.075,0.01,0.1,0.075,0.03,0.03,BioCH4,,,,,,,,,,,,,,,,,,,,,,,
0.075,0.01,0.1,0.075,0.05,0.018,Biomass,,,,,,,,,,,,,,,,,,,,,,,
0.075,0.01,0.1,0.075,0.05,0.03,Biomass,,,,,,,,,,,,,,,,,,,,,,,
0.075,0.01,0.1,0.075,0.07,0.018,Biomass,,,,,,,,,,,,,,,,,,,,,,,
0.075,0.01,0.1,0.075,0.07,0.03,Biomass,,,,,,,,,,,,,,,,,,,,,,,
0.075,0.01,0.1,0.1,0.03,0.018,Biomass,,,,,,,,,,,,,,,,,,,,,,,
0.075,0.01,0.1,0.1,0.03,0.03,BioCH4,,,,,,,,,,,,,,,,,,,,,,,
0.075,0.01,0.1,0.1,0.05,0.018,Biomass,,,,,,,,,,,,,,,,,,,,,,,
0.075,0.01,0.1,0.1,0.05,0.03,Biomass,,,,,,,,,,,,,,,,,,,,,,,
0.075,0.01,0.1,0.1,0.07,0.018,Biomass,,,,,,,,,,,,,,,,,,,,,,,
0.075,0.01,0.1,0.1,0.07,0.03,Biomass,,,,,,,,,,,,,,,,,,,,,,,
0.075,0.01,0.1,0.2,0.03,0.018,H2Oxy_CC,,,,,,,,,,,,,,,,,,,,,,,
0.075,0.01,0.1,0.2,0.03,0.03,H2Oxy_CC,,,,,,,,,,,,,,,,,,,,,,,
0.075,0.01,0.1,0.2,0.05,0.018,H2Oxy_CC,,,,,,,,,,,,,,,,,,,,,,,
0.075,0.01,0.1,0.2,0.05,0.03,H2Oxy_CC,,,,,,,,,,,,,,,,,,,,,,,
0.075,0.01,0.1,0.2,0.07,0.018,H2Oxy_CC,,,,,,,,,,,,,,,,,,,,,,,
0.075,0.01,0.1,0.2,0.07,0.03,H2Oxy_CC,,,,,,,,,,,,,,,,,,,,,,,
0.075,0.01,0.1,0.25,0.03,0.018,H2Oxy_CC,,,,,,,,,,,,,,,,,,,,,,,
0.075,0.01,0.1,0.25,0.03,0.03,H2Oxy_CC,,,,,,,,,,,,,,,,,,,,,,,
0.075,0.01,0.1,0.25,0.05,0.018,H2Oxy_CC,,,,,,,,,,,,,,,,,,,,,,,
0.075,0.01,0.1,0.25,0.05,0.03,H2Oxy_CC,,,,,,,,,,,,,,,,,,,,,,,
0.075,0.01,0.1,0.25,0.07,0.018,H2Oxy_CC,,,,,,,,,,,,,,,,,,,,,,,
0.075,0.01,0.1,0.25,0.07,0.03,H2Oxy_CC,,,,,,,,,,,,,,,,,,,,,,,
0.075,0.025,0.01,0.075,0.03,0.018,Biomass,,,,,,,,,,,,,,,,,,,,,,,
0.075,0.025,0.01,0.075,0.03,0.03,NG,,,,,,,,,,,,,,,,,,,,,,,
0.075,0.025,0.01,0.075,0.05,0.018,Biomass,,,,,,,,,,,,,,,,,,,,,,,
0.075,0.025,0.01,0.075,0.05,0.03,NG,,,,,,,,,,,,,,,,,,,,,,,
0.075,0.025,0.01,0.075,0.07,0.018,Biomass,,,,,,,,,,,,,,,,,,,,,,,
0.075,0.025,0.01,0.075,0.07,0.03,NG,,,,,,,,,,,,,,,,,,,,,,,
0.075,0.025,0.01,0.1,0.03,0.018,Biomass,,,,,,,,,,,,,,,,,,,,,,,
0.075,0.025,0.01,0.1,0.03,0.03,NG,,,,,,,,,,,,,,,,,,,,,,,
0.075,0.025,0.01,0.1,0.05,0.018,Biomass,,,,,,,,,,,,,,,,,,,,,,,
0.075,0.025,0.01,0.1,0.05,0.03,NG,,,,,,,,,,,,,,,,,,,,,,,
0.075,0.025,0.01,0.1,0.07,0.018,Biomass,,,,,,,,,,,,,,,,,,,,,,,
0.075,0.025,0.01,0.1,0.07,0.03,NG,,,,,,,,,,,,,,,,,,,,,,,
0.075,0.025,0.01,0.2,0.03,0.018,Biomass_CC,,,,,,,,,,,,,,,,,,,,,,,
0.075,0.025,0.01,0.2,0.03,0.03,BioCH4Oxy_CC,,,,,,,,,,,,,,,,,,,,,,,
0.075,0.025,0.01,0.2,0.05,0.018,Biomass_CC,,,,,,,,,,,,,,,,,,,,,,,
0.075,0.025,0.01,0.2,0.05,0.03,Biomass_CC,,,,,,,,,,,,,,,,,,,,,,,
0.075,0.025,0.01,0.2,0.07,0.018,Biomass_CC,,,,,,,,,,,,,,,,,,,,,,,
0.075,0.025,0.01,0.2,0.07,0.03,Biomass_CC,,,,,,,,,,,,,,,,,,,,,,,
0.075,0.025,0.01,0.25,0.03,0.018,Biomass_CC,,,,,,,,,,,,,,,,,,,,,,,
0.075,0.025,0.01,0.25,0.03,0.03,BioCH4Oxy_CC,,,,,,,,,,,,,,,,,,,,,,,
0.075,0.025,0.01,0.25,0.05,0.018,Biomass_CC,,,,,,,,,,,,,,,,,,,,,,,
0.075,0.025,0.01,0.25,0.05,0.03,Biomass_CC,,,,,,,,,,,,,,,,,,,,,,,
0.075,0.025,0.01,0.25,0.07,0.018,Biomass_CC,,,,,,,,,,,,,,,,,,,,,,,
0.075,0.025,0.01,0.25,0.07,0.03,Biomass_CC,,,,,,,,,,,,,,,,,,,,,,,
0.075,0.025,0.035,0.075,0.03,0.018,Biomass,,,,,,,,,,,,,,,,,,,,,,,
0.075,0.025,0.035,0.075,0.03,0.03,BioCH4,,,,,,,,,,,,,,,,,,,,,,,
0.075,0.025,0.035,0.075,0.05,0.018,Biomass,,,,,,,,,,,,,,,,,,,,,,,
0.075,0.025,0.035,0.075,0.05,0.03,Biomass,,,,,,,,,,,,,,,,,,,,,,,
0.075,0.025,0.035,0.075,0.07,0.018,Biomass,,,,,,,,,,,,,,,,,,,,,,,
0.075,0.025,0.035,0.075,0.07,0.03,Biomass,,,,,,,,,,,,,,,,,,,,,,,
0.075,0.025,0.035,0.1,0.03,0.018,Biomass,,,,,,,,,,,,,,,,,,,,,,,
0.075,0.025,0.035,0.1,0.03,0.03,BioCH4,,,,,,,,,,,,,,,,,,,,,,,
0.075,0.025,0.035,0.1,0.05,0.018,Biomass,,,,,,,,,,,,,,,,,,,,,,,
0.075,0.025,0.035,0.1,0.05,0.03,Biomass,,,,,,,,,,,,,,,,,,,,,,,
0.075,0.025,0.035,0.1,0.07,0.018,Biomass,,,,,,,,,,,,,,,,,,,,,,,
0.075,0.025,0.035,0.1,0.07,0.03,Biomass,,,,,,,,,,,,,,,,,,,,,,,
0.075,0.025,0.035,0.2,0.03,0.018,BiomassOxy_CC,,,,,,,,,,,,,,,,,,,,,,,
0.075,0.025,0.035,0.2,0.03,0.03,BioCH4Oxy_CC,,,,,,,,,,,,,,,,,,,,,,,
0.075,0.025,0.035,0.2,0.05,0.018,BiomassOxy_CC,,,,,,,,,,,,,,,,,,,,,,,
0.075,0.025,0.035,0.2,0.05,0.03,H2Oxy_CC,,,,,,,,,,,,,,,,,,,,,,,
0.075,0.025,0.035,0.2,0.07,0.018,BiomassOxy_CC,,,,,,,,,,,,,,,,,,,,,,,
0.075,0.025,0.035,0.2,0.07,0.03,H2Oxy_CC,,,,,,,,,,,,,,,,,,,,,,,
0.075,0.025,0.035,0.25,0.03,0.018,BiomassOxy_CC,,,,,,,,,,,,,,,,,,,,,,,
0.075,0.025,0.035,0.25,0.03,0.03,BioCH4Oxy_CC,,,,,,,,,,,,,,,,,,,,,,,
0.075,0.025,0.035,0.25,0.05,0.018,BiomassOxy_CC,,,,,,,,,,,,,,,,,,,,,,,
0.075,0.025,0.035,0.25,0.05,0.03,BiomassOxy_CC,,,,,,,,,,,,,,,,,,,,,,,
0.075,0.025,0.035,0.25,0.07,0.018,BiomassOxy_CC,,,,,,,,,,,,,,,,,,,,,,,
0.075,0.025,0.035,0.25,0.07,0.03,BiomassOxy_CC,,,,,,,,,,,,,,,,,,,,,,,
0.075,0.025,0.055,0.075,0.03,0.018,Biomass,,,,,,,,,,,,,,,,,,,,,,,
0.075,0.025,0.055,0.075,0.03,0.03,BioCH4,,,,,,,,,,,,,,,,,,,,,,,
0.075,0.025,0.055,0.075,0.05,0.018,Biomass,,,,,,,,,,,,,,,,,,,,,,,
0.075,0.025,0.055,0.075,0.05,0.03,Biomass,,,,,,,,,,,,,,,,,,,,,,,
0.075,0.025,0.055,0.075,0.07,0.018,Biomass,,,,,,,,,,,,,,,,,,,,,,,
0.075,0.025,0.055,0.075,0.07,0.03,Biomass,,,,,,,,,,,,,,,,,,,,,,,
0.075,0.025,0.055,0.1,0.03,0.018,Biomass,,,,,,,,,,,,,,,,,,,,,,,
0.075,0.025,0.055,0.1,0.03,0.03,BioCH4,,,,,,,,,,,,,,,,,,,,,,,
0.075,0.025,0.055,0.1,0.05,0.018,Biomass,,,,,,,,,,,,,,,,,,,,,,,
0.075,0.025,0.055,0.1,0.05,0.03,Biomass,,,,,,,,,,,,,,,,,,,,,,,
0.075,0.025,0.055,0.1,0.07,0.018,Biomass,,,,,,,,,,,,,,,,,,,,,,,
0.075,0.025,0.055,0.1,0.07,0.03,Biomass,,,,,,,,,,,,,,,,,,,,,,,
0.075,0.025,0.055,0.2,0.03,0.018,BiomassOxy_CC,,,,,,,,,,,,,,,,,,,,,,,
0.075,0.025,0.055,0.2,0.03,0.03,BioCH4Oxy_CC,,,,,,,,,,,,,,,,,,,,,,,
0.075,0.025,0.055,0.2,0.05,0.018,BiomassOxy_CC,,,,,,,,,,,,,,,,,,,,,,,
0.075,0.025,0.055,0.2,0.05,0.03,H2Oxy_CC,,,,,,,,,,,,,,,,,,,,,,,
0.075,0.025,0.055,0.2,0.07,0.018,BiomassOxy_CC,,,,,,,,,,,,,,,,,,,,,,,
0.075,0.025,0.055,0.2,0.07,0.03,H2Oxy_CC,,,,,,,,,,,,,,,,,,,,,,,
0.075,0.025,0.055,0.25,0.03,0.018,BiomassOxy_CC,,,,,,,,,,,,,,,,,,,,,,,
0.075,0.025,0.055,0.25,0.03,0.03,BioCH4Oxy_CC,,,,,,,,,,,,,,,,,,,,,,,
0.075,0.025,0.055,0.25,0.05,0.018,BiomassOxy_CC,,,,,,,,,,,,,,,,,,,,,,,
0.075,0.025,0.055,0.25,0.05,0.03,BiomassOxy_CC,,,,,,,,,,,,,,,,,,,,,,,
0.075,0.025,0.055,0.25,0.07,0.018,BiomassOxy_CC,,,,,,,,,,,,,,,,,,,,,,,
0.075,0.025,0.055,0.25,0.07,0.03,BiomassOxy_CC,,,,,,,,,,,,,,,,,,,,,,,
0.075,0.025,0.075,0.075,0.03,0.018,Biomass,,,,,,,,,,,,,,,,,,,,,,,
0.075,0.025,0.075,0.075,0.03,0.03,BioCH4,,,,,,,,,,,,,,,,,,,,,,,
0.075,0.025,0.075,0.075,0.05,0.018,Biomass,,,,,,,,,,,,,,,,,,,,,,,
0.075,0.025,0.075,0.075,0.05,0.03,Biomass,,,,,,,,,,,,,,,,,,,,,,,
0.075,0.025,0.075,0.075,0.07,0.018,Biomass,,,,,,,,,,,,,,,,,,,,,,,
0.075,0.025,0.075,0.075,0.07,0.03,Biomass,,,,,,,,,,,,,,,,,,,,,,,
0.075,0.025,0.075,0.1,0.03,0.018,Biomass,,,,,,,,,,,,,,,,,,,,,,,
0.075,0.025,0.075,0.1,0.03,0.03,BioCH4,,,,,,,,,,,,,,,,,,,,,,,
0.075,0.025,0.075,0.1,0.05,0.018,Biomass,,,,,,,,,,,,,,,,,,,,,,,
0.075,0.025,0.075,0.1,0.05,0.03,Biomass,,,,,,,,,,,,,,,,,,,,,,,
0.075,0.025,0.075,0.1,0.07,0.018,Biomass,,,,,,,,,,,,,,,,,,,,,,,
0.075,0.025,0.075,0.1,0.07,0.03,Biomass,,,,,,,,,,,,,,,,,,,,,,,
0.075,0.025,0.075,0.2,0.03,0.018,BiomassOxy_CC,,,,,,,,,,,,,,,,,,,,,,,
0.075,0.025,0.075,0.2,0.03,0.03,BioCH4Oxy_CC,,,,,,,,,,,,,,,,,,,,,,,
0.075,0.025,0.075,0.2,0.05,0.018,BiomassOxy_CC,,,,,,,,,,,,,,,,,,,,,,,
0.075,0.025,0.075,0.2,0.05,0.03,H2Oxy_CC,,,,,,,,,,,,,,,,,,,,,,,
0.075,0.025,0.075,0.2,0.07,0.018,BiomassOxy_CC,,,,,,,,,,,,,,,,,,,,,,,
0.075,0.025,0.075,0.2,0.07,0.03,H2Oxy_CC,,,,,,,,,,,,,,,,,,,,,,,
0.075,0.025,0.075,0.25,0.03,0.018,BiomassOxy_CC,,,,,,,,,,,,,,,,,,,,,,,
0.075,0.025,0.075,0.25,0.03,0.03,BioCH4Oxy_CC,,,,,,,,,,,,,,,,,,,,,,,
0.075,0.025,0.075,0.25,0.05,0.018,BiomassOxy_CC,,,,,,,,,,,,,,,,,,,,,,,
0.075,0.025,0.075,0.25,0.05,0.03,BiomassOxy_CC,,,,,,,,,,,,,,,,,,,,,,,
0.075,0.025,0.075,0.25,0.07,0.018,BiomassOxy_CC,,,,,,,,,,,,,,,,,,,,,,,
0.075,0.025,0.075,0.25,0.07,0.03,BiomassOxy_CC,,,,,,,,,,,,,,,,,,,,,,,
0.075,0.025,0.1,0.075,0.03,0.018,Biomass,,,,,,,,,,,,,,,,,,,,,,,
0.075,0.025,0.1,0.075,0.03,0.03,BioCH4,,,,,,,,,,,,,,,,,,,,,,,
0.075,0.025,0.1,0.075,0.05,0.018,Biomass,,,,,,,,,,,,,,,,,,,,,,,
0.075,0.025,0.1,0.075,0.05,0.03,Biomass,,,,,,,,,,,,,,,,,,,,,,,
0.075,0.025,0.1,0.075,0.07,0.018,Biomass,,,,,,,,,,,,,,,,,,,,,,,
0.075,0.025,0.1,0.075,0.07,0.03,Biomass,,,,,,,,,,,,,,,,,,,,,,,
0.075,0.025,0.1,0.1,0.03,0.018,Biomass,,,,,,,,,,,,,,,,,,,,,,,
0.075,0.025,0.1,0.1,0.03,0.03,BioCH4,,,,,,,,,,,,,,,,,,,,,,,
0.075,0.025,0.1,0.1,0.05,0.018,Biomass,,,,,,,,,,,,,,,,,,,,,,,
0.075,0.025,0.1,0.1,0.05,0.03,Biomass,,,,,,,,,,,,,,,,,,,,,,,
0.075,0.025,0.1,0.1,0.07,0.018,Biomass,,,,,,,,,,,,,,,,,,,,,,,
0.075,0.025,0.1,0.1,0.07,0.03,Biomass,,,,,,,,,,,,,,,,,,,,,,,
0.075,0.025,0.1,0.2,0.03,0.018,BiomassOxy_CC,,,,,,,,,,,,,,,,,,,,,,,
0.075,0.025,0.1,0.2,0.03,0.03,BioCH4Oxy_CC,,,,,,,,,,,,,,,,,,,,,,,
0.075,0.025,0.1,0.2,0.05,0.018,BiomassOxy_CC,,,,,,,,,,,,,,,,,,,,,,,
0.075,0.025,0.1,0.2,0.05,0.03,H2Oxy_CC,,,,,,,,,,,,,,,,,,,,,,,
0.075,0.025,0.1,0.2,0.07,0.018,BiomassOxy_CC,,,,,,,,,,,,,,,,,,,,,,,
0.075,0.025,0.1,0.2,0.07,0.03,H2Oxy_CC,,,,,,,,,,,,,,,,,,,,,,,
0.075,0.025,0.1,0.25,0.03,0.018,BiomassOxy_CC,,,,,,,,,,,,,,,,,,,,,,,
0.075,0.025,0.1,0.25,0.03,0.03,BioCH4Oxy_CC,,,,,,,,,,,,,,,,,,,,,,,
0.075,0.025,0.1,0.25,0.05,0.018,BiomassOxy_CC,,,,,,,,,,,,,,,,,,,,,,,
0.075,0.025,0.1,0.25,0.05,0.03,BiomassOxy_CC,,,,,,,,,,,,,,,,,,,,,,,
0.075,0.025,0.1,0.25,0.07,0.018,BiomassOxy_CC,,,,,,,,,,,,,,,,,,,,,,,
0.075,0.025,0.1,0.25,0.07,0.03,BiomassOxy_CC,,,,,,,,,,,,,,,,,,,,,,,
0.075,0.05,0.01,0.075,0.03,0.018,Biomass,,,,,,,,,,,,,,,,,,,,,,,
0.075,0.05,0.01,0.075,0.03,0.03,NG,,,,,,,,,,,,,,,,,,,,,,,
0.075,0.05,0.01,0.075,0.05,0.018,Biomass,,,,,,,,,,,,,,,,,,,,,,,
0.075,0.05,0.01,0.075,0.05,0.03,NG,,,,,,,,,,,,,,,,,,,,,,,
0.075,0.05,0.01,0.075,0.07,0.018,Biomass,,,,,,,,,,,,,,,,,,,,,,,
0.075,0.05,0.01,0.075,0.07,0.03,NG,,,,,,,,,,,,,,,,,,,,,,,
0.075,0.05,0.01,0.1,0.03,0.018,Biomass,,,,,,,,,,,,,,,,,,,,,,,
0.075,0.05,0.01,0.1,0.03,0.03,NG,,,,,,,,,,,,,,,,,,,,,,,
0.075,0.05,0.01,0.1,0.05,0.018,Biomass,,,,,,,,,,,,,,,,,,,,,,,
0.075,0.05,0.01,0.1,0.05,0.03,NG,,,,,,,,,,,,,,,,,,,,,,,
0.075,0.05,0.01,0.1,0.07,0.018,Biomass,,,,,,,,,,,,,,,,,,,,,,,
0.075,0.05,0.01,0.1,0.07,0.03,NG,,,,,,,,,,,,,,,,,,,,,,,
0.075,0.05,0.01,0.2,0.03,0.018,Biomass_CC,,,,,,,,,,,,,,,,,,,,,,,
0.075,0.05,0.01,0.2,0.03,0.03,BioCH4Oxy_CC,,,,,,,,,,,,,,,,,,,,,,,
0.075,0.05,0.01,0.2,0.05,0.018,Biomass_CC,,,,,,,,,,,,,,,,,,,,,,,
0.075,0.05,0.01,0.2,0.05,0.03,Biomass_CC,,,,,,,,,,,,,,,,,,,,,,,
0.075,0.05,0.01,0.2,0.07,0.018,Biomass_CC,,,,,,,,,,,,,,,,,,,,,,,
0.075,0.05,0.01,0.2,0.07,0.03,Biomass_CC,,,,,,,,,,,,,,,,,,,,,,,
0.075,0.05,0.01,0.25,0.03,0.018,Biomass_CC,,,,,,,,,,,,,,,,,,,,,,,
0.075,0.05,0.01,0.25,0.03,0.03,BioCH4Oxy_CC,,,,,,,,,,,,,,,,,,,,,,,
0.075,0.05,0.01,0.25,0.05,0.018,Biomass_CC,,,,,,,,,,,,,,,,,,,,,,,
0.075,0.05,0.01,0.25,0.05,0.03,Biomass_CC,,,,,,,,,,,,,,,,,,,,,,,
0.075,0.05,0.01,0.25,0.07,0.018,Biomass_CC,,,,,,,,,,,,,,,,,,,,,,,
0.075,0.05,0.01,0.25,0.07,0.03,Biomass_CC,,,,,,,,,,,,,,,,,,,,,,,
0.075,0.05,0.035,0.075,0.03,0.018,Biomass,,,,,,,,,,,,,,,,,,,,,,,
0.075,0.05,0.035,0.075,0.03,0.03,BioCH4,,,,,,,,,,,,,,,,,,,,,,,
0.075,0.05,0.035,0.075,0.05,0.018,Biomass,,,,,,,,,,,,,,,,,,,,,,,
0.075,0.05,0.035,0.075,0.05,0.03,Biomass,,,,,,,,,,,,,,,,,,,,,,,
0.075,0.05,0.035,0.075,0.07,0.018,Biomass,,,,,,,,,,,,,,,,,,,,,,,
0.075,0.05,0.035,0.075,0.07,0.03,Biomass,,,,,,,,,,,,,,,,,,,,,,,
0.075,0.05,0.035,0.1,0.03,0.018,Biomass,,,,,,,,,,,,,,,,,,,,,,,
0.075,0.05,0.035,0.1,0.03,0.03,BioCH4,,,,,,,,,,,,,,,,,,,,,,,
0.075,0.05,0.035,0.1,0.05,0.018,Biomass,,,,,,,,,,,,,,,,,,,,,,,
0.075,0.05,0.035,0.1,0.05,0.03,Biomass,,,,,,,,,,,,,,,,,,,,,,,
0.075,0.05,0.035,0.1,0.07,0.018,Biomass,,,,,,,,,,,,,,,,,,,,,,,
0.075,0.05,0.035,0.1,0.07,0.03,Biomass,,,,,,,,,,,,,,,,,,,,,,,
0.075,0.05,0.035,0.2,0.03,0.018,BiomassOxy_CC,,,,,,,,,,,,,,,,,,,,,,,
0.075,0.05,0.035,0.2,0.03,0.03,BioCH4Oxy_CC,,,,,,,,,,,,,,,,,,,,,,,
0.075,0.05,0.035,0.2,0.05,0.018,BiomassOxy_CC,,,,,,,,,,,,,,,,,,,,,,,
0.075,0.05,0.035,0.2,0.05,0.03,BiomassOxy_CC,,,,,,,,,,,,,,,,,,,,,,,
0.075,0.05,0.035,0.2,0.07,0.018,BiomassOxy_CC,,,,,,,,,,,,,,,,,,,,,,,
0.075,0.05,0.035,0.2,0.07,0.03,BiomassOxy_CC,,,,,,,,,,,,,,,,,,,,,,,
0.075,0.05,0.035,0.25,0.03,0.018,BiomassOxy_CC,,,,,,,,,,,,,,,,,,,,,,,
0.075,0.05,0.035,0.25,0.03,0.03,BioCH4Oxy_CC,,,,,,,,,,,,,,,,,,,,,,,
0.075,0.05,0.035,0.25,0.05,0.018,BiomassOxy_CC,,,,,,,,,,,,,,,,,,,,,,,
0.075,0.05,0.035,0.25,0.05,0.03,BiomassOxy_CC,,,,,,,,,,,,,,,,,,,,,,,
0.075,0.05,0.035,0.25,0.07,0.018,BiomassOxy_CC,,,,,,,,,,,,,,,,,,,,,,,
0.075,0.05,0.035,0.25,0.07,0.03,BiomassOxy_CC,,,,,,,,,,,,,,,,,,,,,,,
0.075,0.05,0.055,0.075,0.03,0.018,Biomass,,,,,,,,,,,,,,,,,,,,,,,
0.075,0.05,0.055,0.075,0.03,0.03,BioCH4,,,,,,,,,,,,,,,,,,,,,,,
0.075,0.05,0.055,0.075,0.05,0.018,Biomass,,,,,,,,,,,,,,,,,,,,,,,
0.075,0.05,0.055,0.075,0.05,0.03,Biomass,,,,,,,,,,,,,,,,,,,,,,,
0.075,0.05,0.055,0.075,0.07,0.018,Biomass,,,,,,,,,,,,,,,,,,,,,,,
0.075,0.05,0.055,0.075,0.07,0.03,Biomass,,,,,,,,,,,,,,,,,,,,,,,
0.075,0.05,0.055,0.1,0.03,0.018,Biomass,,,,,,,,,,,,,,,,,,,,,,,
0.075,0.05,0.055,0.1,0.03,0.03,BioCH4,,,,,,,,,,,,,,,,,,,,,,,
0.075,0.05,0.055,0.1,0.05,0.018,Biomass,,,,,,,,,,,,,,,,,,,,,,,
0.075,0.05,0.055,0.1,0.05,0.03,Biomass,,,,,,,,,,,,,,,,,,,,,,,
0.075,0.05,0.055,0.1,0.07,0.018,Biomass,,,,,,,,,,,,,,,,,,,,,,,
0.075,0.05,0.055,0.1,0.07,0.03,Biomass,,,,,,,,,,,,,,,,,,,,,,,
0.075,0.05,0.055,0.2,0.03,0.018,BiomassOxy_CC,,,,,,,,,,,,,,,,,,,,,,,
0.075,0.05,0.055,0.2,0.03,0.03,BioCH4Oxy_CC,,,,,,,,,,,,,,,,,,,,,,,
0.075,0.05,0.055,0.2,0.05,0.018,BiomassOxy_CC,,,,,,,,,,,,,,,,,,,,,,,
0.075,0.05,0.055,0.2,0.05,0.03,BiomassOxy_CC,,,,,,,,,,,,,,,,,,,,,,,
0.075,0.05,0.055,0.2,0.07,0.018,BiomassOxy_CC,,,,,,,,,,,,,,,,,,,,,,,
0.075,0.05,0.055,0.2,0.07,0.03,BiomassOxy_CC,,,,,,,,,,,,,,,,,,,,,,,
0.075,0.05,0.055,0.25,0.03,0.018,BiomassOxy_CC,,,,,,,,,,,,,,,,,,,,,,,
0.075,0.05,0.055,0.25,0.03,0.03,BioCH4Oxy_CC,,,,,,,,,,,,,,,,,,,,,,,
0.075,0.05,0.055,0.25,0.05,0.018,BiomassOxy_CC,,,,,,,,,,,,,,,,,,,,,,,
0.075,0.05,0.055,0.25,0.05,0.03,BiomassOxy_CC,,,,,,,,,,,,,,,,,,,,,,,
0.075,0.05,0.055,0.25,0.07,0.018,BiomassOxy_CC,,,,,,,,,,,,,,,,,,,,,,,
0.075,0.05,0.055,0.25,0.07,0.03,BiomassOxy_CC,,,,,,,,,,,,,,,,,,,,,,,
0.075,0.05,0.075,0.075,0.03,0.018,Biomass,,,,,,,,,,,,,,,,,,,,,,,
0.075,0.05,0.075,0.075,0.03,0.03,BioCH4,,,,,,,,,,,,,,,,,,,,,,,
0.075,0.05,0.075,0.075,0.05,0.018,Biomass,,,,,,,,,,,,,,,,,,,,,,,
0.075,0.05,0.075,0.075,0.05,0.03,Biomass,,,,,,,,,,,,,,,,,,,,,,,
0.075,0.05,0.075,0.075,0.07,0.018,Biomass,,,,,,,,,,,,,,,,,,,,,,,
0.075,0.05,0.075,0.075,0.07,0.03,Biomass,,,,,,,,,,,,,,,,,,,,,,,
0.075,0.05,0.075,0.1,0.03,0.018,Biomass,,,,,,,,,,,,,,,,,,,,,,,
0.075,0.05,0.075,0.1,0.03,0.03,BioCH4,,,,,,,,,,,,,,,,,,,,,,,
0.075,0.05,0.075,0.1,0.05,0.018,Biomass,,,,,,,,,,,,,,,,,,,,,,,
0.075,0.05,0.075,0.1,0.05,0.03,Biomass,,,,,,,,,,,,,,,,,,,,,,,
0.075,0.05,0.075,0.1,0.07,0.018,Biomass,,,,,,,,,,,,,,,,,,,,,,,
0.075,0.05,0.075,0.1,0.07,0.03,Biomass,,,,,,,,,,,,,,,,,,,,,,,
0.075,0.05,0.075,0.2,0.03,0.018,BiomassOxy_CC,,,,,,,,,,,,,,,,,,,,,,,
0.075,0.05,0.075,0.2,0.03,0.03,BioCH4Oxy_CC,,,,,,,,,,,,,,,,,,,,,,,
0.075,0.05,0.075,0.2,0.05,0.018,BiomassOxy_CC,,,,,,,,,,,,,,,,,,,,,,,
0.075,0.05,0.075,0.2,0.05,0.03,BiomassOxy_CC,,,,,,,,,,,,,,,,,,,,,,,
0.075,0.05,0.075,0.2,0.07,0.018,BiomassOxy_CC,,,,,,,,,,,,,,,,,,,,,,,
0.075,0.05,0.075,0.2,0.07,0.03,BiomassOxy_CC,,,,,,,,,,,,,,,,,,,,,,,
0.075,0.05,0.075,0.25,0.03,0.018,BiomassOxy_CC,,,,,,,,,,,,,,,,,,,,,,,
0.075,0.05,0.075,0.25,0.03,0.03,BioCH4Oxy_CC,,,,,,,,,,,,,,,,,,,,,,,
0.075,0.05,0.075,0.25,0.05,0.018,BiomassOxy_CC,,,,,,,,,,,,,,,,,,,,,,,
0.075,0.05,0.075,0.25,0.05,0.03,BiomassOxy_CC,,,,,,,,,,,,,,,,,,,,,,,
0.075,0.05,0.075,0.25,0.07,0.018,BiomassOxy_CC,,,,,,,,,,,,,,,,,,,,,,,
0.075,0.05,0.075,0.25,0.07,0.03,BiomassOxy_CC,,,,,,,,,,,,,,,,,,,,,,,
0.075,0.05,0.1,0.075,0.03,0.018,Biomass,,,,,,,,,,,,,,,,,,,,,,,
0.075,0.05,0.1,0.075,0.03,0.03,BioCH4,,,,,,,,,,,,,,,,,,,,,,,
0.075,0.05,0.1,0.075,0.05,0.018,Biomass,,,,,,,,,,,,,,,,,,,,,,,
0.075,0.05,0.1,0.075,0.05,0.03,Biomass,,,,,,,,,,,,,,,,,,,,,,,
0.075,0.05,0.1,0.075,0.07,0.018,Biomass,,,,,,,,,,,,,,,,,,,,,,,
0.075,0.05,0.1,0.075,0.07,0.03,Biomass,,,,,,,,,,,,,,,,,,,,,,,
0.075,0.05,0.1,0.1,0.03,0.018,Biomass,,,,,,,,,,,,,,,,,,,,,,,
0.075,0.05,0.1,0.1,0.03,0.03,BioCH4,,,,,,,,,,,,,,,,,,,,,,,
0.075,0.05,0.1,0.1,0.05,0.018,Biomass,,,,,,,,,,,,,,,,,,,,,,,
0.075,0.05,0.1,0.1,0.05,0.03,Biomass,,,,,,,,,,,,,,,,,,,,,,,
0.075,0.05,0.1,0.1,0.07,0.018,Biomass,,,,,,,,,,,,,,,,,,,,,,,
0.075,0.05,0.1,0.1,0.07,0.03,Biomass,,,,,,,,,,,,,,,,,,,,,,,
0.075,0.05,0.1,0.2,0.03,0.018,BiomassOxy_CC,,,,,,,,,,,,,,,,,,,,,,,
0.075,0.05,0.1,0.2,0.03,0.03,BioCH4Oxy_CC,,,,,,,,,,,,,,,,,,,,,,,
0.075,0.05,0.1,0.2,0.05,0.018,BiomassOxy_CC,,,,,,,,,,,,,,,,,,,,,,,
0.075,0.05,0.1,0.2,0.05,0.03,BiomassOxy_CC,,,,,,,,,,,,,,,,,,,,,,,
0.075,0.05,0.1,0.2,0.07,0.018,BiomassOxy_CC,,,,,,,,,,,,,,,,,,,,,,,
0.075,0.05,0.1,0.2,0.07,0.03,BiomassOxy_CC,,,,,,,,,,,,,,,,,,,,,,,
0.075,0.05,0.1,0.25,0.03,0.018,BiomassOxy_CC,,,,,,,,,,,,,,,,,,,,,,,
0.075,0.05,0.1,0.25,0.03,0.03,BioCH4Oxy_CC,,,,,,,,,,,,,,,,,,,,,,,
0.075,0.05,0.1,0.25,0.05,0.018,BiomassOxy_CC,,,,,,,,,,,,,,,,,,,,,,,
0.075,0.05,0.1,0.25,0.05,0.03,BiomassOxy_CC,,,,,,,,,,,,,,,,,,,,,,,
0.075,0.05,0.1,0.25,0.07,0.018,BiomassOxy_CC,,,,,,,,,,,,,,,,,,,,,,,
0.075,0.05,0.1,0.25,0.07,0.03,BiomassOxy_CC,,,,,,,,,,,,,,,,,,,,,,,
0.075,0.075,0.01,0.075,0.03,0.018,Biomass,,,,,,,,,,,,,,,,,,,,,,,
0.075,0.075,0.01,0.075,0.03,0.03,NG,,,,,,,,,,,,,,,,,,,,,,,
0.075,0.075,0.01,0.075,0.05,0.018,Biomass,,,,,,,,,,,,,,,,,,,,,,,
0.075,0.075,0.01,0.075,0.05,0.03,NG,,,,,,,,,,,,,,,,,,,,,,,
0.075,0.075,0.01,0.075,0.07,0.018,Biomass,,,,,,,,,,,,,,,,,,,,,,,
0.075,0.075,0.01,0.075,0.07,0.03,NG,,,,,,,,,,,,,,,,,,,,,,,
0.075,0.075,0.01,0.1,0.03,0.018,Biomass,,,,,,,,,,,,,,,,,,,,,,,
0.075,0.075,0.01,0.1,0.03,0.03,NG,,,,,,,,,,,,,,,,,,,,,,,
0.075,0.075,0.01,0.1,0.05,0.018,Biomass,,,,,,,,,,,,,,,,,,,,,,,
0.075,0.075,0.01,0.1,0.05,0.03,NG,,,,,,,,,,,,,,,,,,,,,,,
0.075,0.075,0.01,0.1,0.07,0.018,Biomass,,,,,,,,,,,,,,,,,,,,,,,
0.075,0.075,0.01,0.1,0.07,0.03,NG,,,,,,,,,,,,,,,,,,,,,,,
0.075,0.075,0.01,0.2,0.03,0.018,Biomass_CC,,,,,,,,,,,,,,,,,,,,,,,
0.075,0.075,0.01,0.2,0.03,0.03,BioCH4Oxy_CC,,,,,,,,,,,,,,,,,,,,,,,
0.075,0.075,0.01,0.2,0.05,0.018,Biomass_CC,,,,,,,,,,,,,,,,,,,,,,,
0.075,0.075,0.01,0.2,0.05,0.03,Biomass_CC,,,,,,,,,,,,,,,,,,,,,,,
0.075,0.075,0.01,0.2,0.07,0.018,Biomass_CC,,,,,,,,,,,,,,,,,,,,,,,
0.075,0.075,0.01,0.2,0.07,0.03,Biomass_CC,,,,,,,,,,,,,,,,,,,,,,,
0.075,0.075,0.01,0.25,0.03,0.018,Biomass_CC,,,,,,,,,,,,,,,,,,,,,,,
0.075,0.075,0.01,0.25,0.03,0.03,BioCH4Oxy_CC,,,,,,,,,,,,,,,,,,,,,,,
0.075,0.075,0.01,0.25,0.05,0.018,Biomass_CC,,,,,,,,,,,,,,,,,,,,,,,
0.075,0.075,0.01,0.25,0.05,0.03,Biomass_CC,,,,,,,,,,,,,,,,,,,,,,,
0.075,0.075,0.01,0.25,0.07,0.018,Biomass_CC,,,,,,,,,,,,,,,,,,,,,,,
0.075,0.075,0.01,0.25,0.07,0.03,Biomass_CC,,,,,,,,,,,,,,,,,,,,,,,
0.075,0.075,0.035,0.075,0.03,0.018,Biomass,,,,,,,,,,,,,,,,,,,,,,,
0.075,0.075,0.035,0.075,0.03,0.03,BioCH4,,,,,,,,,,,,,,,,,,,,,,,
0.075,0.075,0.035,0.075,0.05,0.018,Biomass,,,,,,,,,,,,,,,,,,,,,,,
0.075,0.075,0.035,0.075,0.05,0.03,Biomass,,,,,,,,,,,,,,,,,,,,,,,
0.075,0.075,0.035,0.075,0.07,0.018,Biomass,,,,,,,,,,,,,,,,,,,,,,,
0.075,0.075,0.035,0.075,0.07,0.03,Biomass,,,,,,,,,,,,,,,,,,,,,,,
0.075,0.075,0.035,0.1,0.03,0.018,Biomass,,,,,,,,,,,,,,,,,,,,,,,
0.075,0.075,0.035,0.1,0.03,0.03,BioCH4,,,,,,,,,,,,,,,,,,,,,,,
0.075,0.075,0.035,0.1,0.05,0.018,Biomass,,,,,,,,,,,,,,,,,,,,,,,
0.075,0.075,0.035,0.1,0.05,0.03,Biomass,,,,,,,,,,,,,,,,,,,,,,,
0.075,0.075,0.035,0.1,0.07,0.018,Biomass,,,,,,,,,,,,,,,,,,,,,,,
0.075,0.075,0.035,0.1,0.07,0.03,Biomass,,,,,,,,,,,,,,,,,,,,,,,
0.075,0.075,0.035,0.2,0.03,0.018,BiomassOxy_CC,,,,,,,,,,,,,,,,,,,,,,,
0.075,0.075,0.035,0.2,0.03,0.03,BioCH4Oxy_CC,,,,,,,,,,,,,,,,,,,,,,,
0.075,0.075,0.035,0.2,0.05,0.018,BiomassOxy_CC,,,,,,,,,,,,,,,,,,,,,,,
0.075,0.075,0.035,0.2,0.05,0.03,BiomassOxy_CC,,,,,,,,,,,,,,,,,,,,,,,
0.075,0.075,0.035,0.2,0.07,0.018,BiomassOxy_CC,,,,,,,,,,,,,,,,,,,,,,,
0.075,0.075,0.035,0.2,0.07,0.03,BiomassOxy_CC,,,,,,,,,,,,,,,,,,,,,,,
0.075,0.075,0.035,0.25,0.03,0.018,BiomassOxy_CC,,,,,,,,,,,,,,,,,,,,,,,
0.075,0.075,0.035,0.25,0.03,0.03,BioCH4Oxy_CC,,,,,,,,,,,,,,,,,,,,,,,
0.075,0.075,0.035,0.25,0.05,0.018,BiomassOxy_CC,,,,,,,,,,,,,,,,,,,,,,,
0.075,0.075,0.035,0.25,0.05,0.03,BiomassOxy_CC,,,,,,,,,,,,,,,,,,,,,,,
0.075,0.075,0.035,0.25,0.07,0.018,BiomassOxy_CC,,,,,,,,,,,,,,,,,,,,,,,
0.075,0.075,0.035,0.25,0.07,0.03,BiomassOxy_CC,,,,,,,,,,,,,,,,,,,,,,,
0.075,0.075,0.055,0.075,0.03,0.018,Biomass,,,,,,,,,,,,,,,,,,,,,,,
0.075,0.075,0.055,0.075,0.03,0.03,BioCH4,,,,,,,,,,,,,,,,,,,,,,,
0.075,0.075,0.055,0.075,0.05,0.018,Biomass,,,,,,,,,,,,,,,,,,,,,,,
0.075,0.075,0.055,0.075,0.05,0.03,Biomass,,,,,,,,,,,,,,,,,,,,,,,
0.075,0.075,0.055,0.075,0.07,0.018,Biomass,,,,,,,,,,,,,,,,,,,,,,,
0.075,0.075,0.055,0.075,0.07,0.03,Biomass,,,,,,,,,,,,,,,,,,,,,,,
0.075,0.075,0.055,0.1,0.03,0.018,Biomass,,,,,,,,,,,,,,,,,,,,,,,
0.075,0.075,0.055,0.1,0.03,0.03,BioCH4,,,,,,,,,,,,,,,,,,,,,,,
0.075,0.075,0.055,0.1,0.05,0.018,Biomass,,,,,,,,,,,,,,,,,,,,,,,
0.075,0.075,0.055,0.1,0.05,0.03,Biomass,,,,,,,,,,,,,,,,,,,,,,,
0.075,0.075,0.055,0.1,0.07,0.018,Biomass,,,,,,,,,,,,,,,,,,,,,,,
0.075,0.075,0.055,0.1,0.07,0.03,Biomass,,,,,,,,,,,,,,,,,,,,,,,
0.075,0.075,0.055,0.2,0.03,0.018,BiomassOxy_CC,,,,,,,,,,,,,,,,,,,,,,,
0.075,0.075,0.055,0.2,0.03,0.03,BioCH4Oxy_CC,,,,,,,,,,,,,,,,,,,,,,,
0.075,0.075,0.055,0.2,0.05,0.018,BiomassOxy_CC,,,,,,,,,,,,,,,,,,,,,,,
0.075,0.075,0.055,0.2,0.05,0.03,BiomassOxy_CC,,,,,,,,,,,,,,,,,,,,,,,
0.075,0.075,0.055,0.2,0.07,0.018,BiomassOxy_CC,,,,,,,,,,,,,,,,,,,,,,,
0.075,0.075,0.055,0.2,0.07,0.03,BiomassOxy_CC,,,,,,,,,,,,,,,,,,,,,,,
0.075,0.075,0.055,0.25,0.03,0.018,BiomassOxy_CC,,,,,,,,,,,,,,,,,,,,,,,
0.075,0.075,0.055,0.25,0.03,0.03,BioCH4Oxy_CC,,,,,,,,,,,,,,,,,,,,,,,
0.075,0.075,0.055,0.25,0.05,0.018,BiomassOxy_CC,,,,,,,,,,,,,,,,,,,,,,,
0.075,0.075,0.055,0.25,0.05,0.03,BiomassOxy_CC,,,,,,,,,,,,,,,,,,,,,,,
0.075,0.075,0.055,0.25,0.07,0.018,BiomassOxy_CC,,,,,,,,,,,,,,,,,,,,,,,
0.075,0.075,0.055,0.25,0.07,0.03,BiomassOxy_CC,,,,,,,,,,,,,,,,,,,,,,,
0.075,0.075,0.075,0.075,0.03,0.018,Biomass,,,,,,,,,,,,,,,,,,,,,,,
0.075,0.075,0.075,0.075,0.03,0.03,BioCH4,,,,,,,,,,,,,,,,,,,,,,,
0.075,0.075,0.075,0.075,0.05,0.018,Biomass,,,,,,,,,,,,,,,,,,,,,,,
0.075,0.075,0.075,0.075,0.05,0.03,Biomass,,,,,,,,,,,,,,,,,,,,,,,
0.075,0.075,0.075,0.075,0.07,0.018,Biomass,,,,,,,,,,,,,,,,,,,,,,,
0.075,0.075,0.075,0.075,0.07,0.03,Biomass,,,,,,,,,,,,,,,,,,,,,,,
0.075,0.075,0.075,0.1,0.03,0.018,Biomass,,,,,,,,,,,,,,,,,,,,,,,
0.075,0.075,0.075,0.1,0.03,0.03,BioCH4,,,,,,,,,,,,,,,,,,,,,,,
0.075,0.075,0.075,0.1,0.05,0.018,Biomass,,,,,,,,,,,,,,,,,,,,,,,
0.075,0.075,0.075,0.1,0.05,0.03,Biomass,,,,,,,,,,,,,,,,,,,,,,,
0.075,0.075,0.075,0.1,0.07,0.018,Biomass,,,,,,,,,,,,,,,,,,,,,,,
0.075,0.075,0.075,0.1,0.07,0.03,Biomass,,,,,,,,,,,,,,,,,,,,,,,
0.075,0.075,0.075,0.2,0.03,0.018,BiomassOxy_CC,,,,,,,,,,,,,,,,,,,,,,,
0.075,0.075,0.075,0.2,0.03,0.03,BioCH4Oxy_CC,,,,,,,,,,,,,,,,,,,,,,,
0.075,0.075,0.075,0.2,0.05,0.018,BiomassOxy_CC,,,,,,,,,,,,,,,,,,,,,,,
0.075,0.075,0.075,0.2,0.05,0.03,BiomassOxy_CC,,,,,,,,,,,,,,,,,,,,,,,
0.075,0.075,0.075,0.2,0.07,0.018,BiomassOxy_CC,,,,,,,,,,,,,,,,,,,,,,,
0.075,0.075,0.075,0.2,0.07,0.03,BiomassOxy_CC,,,,,,,,,,,,,,,,,,,,,,,
0.075,0.075,0.075,0.25,0.03,0.018,BiomassOxy_CC,,,,,,,,,,,,,,,,,,,,,,,
0.075,0.075,0.075,0.25,0.03,0.03,BioCH4Oxy_CC,,,,,,,,,,,,,,,,,,,,,,,
0.075,0.075,0.075,0.25,0.05,0.018,BiomassOxy_CC,,,,,,,,,,,,,,,,,,,,,,,
0.075,0.075,0.075,0.25,0.05,0.03,BiomassOxy_CC,,,,,,,,,,,,,,,,,,,,,,,
0.075,0.075,0.075,0.25,0.07,0.018,BiomassOxy_CC,,,,,,,,,,,,,,,,,,,,,,,
0.075,0.075,0.075,0.25,0.07,0.03,BiomassOxy_CC,,,,,,,,,,,,,,,,,,,,,,,
0.075,0.075,0.1,0.075,0.03,0.018,Biomass,,,,,,,,,,,,,,,,,,,,,,,
0.075,0.075,0.1,0.075,0.03,0.03,BioCH4,,,,,,,,,,,,,,,,,,,,,,,
0.075,0.075,0.1,0.075,0.05,0.018,Biomass,,,,,,,,,,,,,,,,,,,,,,,
0.075,0.075,0.1,0.075,0.05,0.03,Biomass,,,,,,,,,,,,,,,,,,,,,,,
0.075,0.075,0.1,0.075,0.07,0.018,Biomass,,,,,,,,,,,,,,,,,,,,,,,
0.075,0.075,0.1,0.075,0.07,0.03,Biomass,,,,,,,,,,,,,,,,,,,,,,,
0.075,0.075,0.1,0.1,0.03,0.018,Biomass,,,,,,,,,,,,,,,,,,,,,,,
0.075,0.075,0.1,0.1,0.03,0.03,BioCH4,,,,,,,,,,,,,,,,,,,,,,,
0.075,0.075,0.1,0.1,0.05,0.018,Biomass,,,,,,,,,,,,,,,,,,,,,,,
0.075,0.075,0.1,0.1,0.05,0.03,Biomass,,,,,,,,,,,,,,,,,,,,,,,
0.075,0.075,0.1,0.1,0.07,0.018,Biomass,,,,,,,,,,,,,,,,,,,,,,,
0.075,0.075,0.1,0.1,0.07,0.03,Biomass,,,,,,,,,,,,,,,,,,,,,,,
0.075,0.075,0.1,0.2,0.03,0.018,BiomassOxy_CC,,,,,,,,,,,,,,,,,,,,,,,
0.075,0.075,0.1,0.2,0.03,0.03,BioCH4Oxy_CC,,,,,,,,,,,,,,,,,,,,,,,
0.075,0.075,0.1,0.2,0.05,0.018,BiomassOxy_CC,,,,,,,,,,,,,,,,,,,,,,,
0.075,0.075,0.1,0.2,0.05,0.03,BiomassOxy_CC,,,,,,,,,,,,,,,,,,,,,,,
0.075,0.075,0.1,0.2,0.07,0.018,BiomassOxy_CC,,,,,,,,,,,,,,,,,,,,,,,
0.075,0.075,0.1,0.2,0.07,0.03,BiomassOxy_CC,,,,,,,,,,,,,,,,,,,,,,,
0.075,0.075,0.1,0.25,0.03,0.018,BiomassOxy_CC,,,,,,,,,,,,,,,,,,,,,,,
0.075,0.075,0.1,0.25,0.03,0.03,BioCH4Oxy_CC,,,,,,,,,,,,,,,,,,,,,,,
0.075,0.075,0.1,0.25,0.05,0.018,BiomassOxy_CC,,,,,,,,,,,,,,,,,,,,,,,
0.075,0.075,0.1,0.25,0.05,0.03,BiomassOxy_CC,,,,,,,,,,,,,,,,,,,,,,,
0.075,0.075,0.1,0.25,0.07,0.018,BiomassOxy_CC,,,,,,,,,,,,,,,,,,,,,,,
0.075,0.075,0.1,0.25,0.07,0.03,BiomassOxy_CC,,,,,,,,,,,,,,,,,,,,,,,
0.075,0.1,0.01,0.075,0.03,0.018,Biomass,,,,,,,,,,,,,,,,,,,,,,,
0.075,0.1,0.01,0.075,0.03,0.03,NG,,,,,,,,,,,,,,,,,,,,,,,
0.075,0.1,0.01,0.075,0.05,0.018,Biomass,,,,,,,,,,,,,,,,,,,,,,,
0.075,0.1,0.01,0.075,0.05,0.03,NG,,,,,,,,,,,,,,,,,,,,,,,
0.075,0.1,0.01,0.075,0.07,0.018,Biomass,,,,,,,,,,,,,,,,,,,,,,,
0.075,0.1,0.01,0.075,0.07,0.03,NG,,,,,,,,,,,,,,,,,,,,,,,
0.075,0.1,0.01,0.1,0.03,0.018,Biomass,,,,,,,,,,,,,,,,,,,,,,,
0.075,0.1,0.01,0.1,0.03,0.03,NG,,,,,,,,,,,,,,,,,,,,,,,
0.075,0.1,0.01,0.1,0.05,0.018,Biomass,,,,,,,,,,,,,,,,,,,,,,,
0.075,0.1,0.01,0.1,0.05,0.03,NG,,,,,,,,,,,,,,,,,,,,,,,
0.075,0.1,0.01,0.1,0.07,0.018,Biomass,,,,,,,,,,,,,,,,,,,,,,,
0.075,0.1,0.01,0.1,0.07,0.03,NG,,,,,,,,,,,,,,,,,,,,,,,
0.075,0.1,0.01,0.2,0.03,0.018,Biomass_CC,,,,,,,,,,,,,,,,,,,,,,,
0.075,0.1,0.01,0.2,0.03,0.03,BioCH4Oxy_CC,,,,,,,,,,,,,,,,,,,,,,,
0.075,0.1,0.01,0.2,0.05,0.018,Biomass_CC,,,,,,,,,,,,,,,,,,,,,,,
0.075,0.1,0.01,0.2,0.05,0.03,Biomass_CC,,,,,,,,,,,,,,,,,,,,,,,
0.075,0.1,0.01,0.2,0.07,0.018,Biomass_CC,,,,,,,,,,,,,,,,,,,,,,,
0.075,0.1,0.01,0.2,0.07,0.03,Biomass_CC,,,,,,,,,,,,,,,,,,,,,,,
0.075,0.1,0.01,0.25,0.03,0.018,Biomass_CC,,,,,,,,,,,,,,,,,,,,,,,
0.075,0.1,0.01,0.25,0.03,0.03,BioCH4Oxy_CC,,,,,,,,,,,,,,,,,,,,,,,
0.075,0.1,0.01,0.25,0.05,0.018,Biomass_CC,,,,,,,,,,,,,,,,,,,,,,,
0.075,0.1,0.01,0.25,0.05,0.03,Biomass_CC,,,,,,,,,,,,,,,,,,,,,,,
0.075,0.1,0.01,0.25,0.07,0.018,Biomass_CC,,,,,,,,,,,,,,,,,,,,,,,
0.075,0.1,0.01,0.25,0.07,0.03,Biomass_CC,,,,,,,,,,,,,,,,,,,,,,,
0.075,0.1,0.035,0.075,0.03,0.018,Biomass,,,,,,,,,,,,,,,,,,,,,,,
0.075,0.1,0.035,0.075,0.03,0.03,BioCH4,,,,,,,,,,,,,,,,,,,,,,,
0.075,0.1,0.035,0.075,0.05,0.018,Biomass,,,,,,,,,,,,,,,,,,,,,,,
0.075,0.1,0.035,0.075,0.05,0.03,Biomass,,,,,,,,,,,,,,,,,,,,,,,
0.075,0.1,0.035,0.075,0.07,0.018,Biomass,,,,,,,,,,,,,,,,,,,,,,,
0.075,0.1,0.035,0.075,0.07,0.03,Biomass,,,,,,,,,,,,,,,,,,,,,,,
0.075,0.1,0.035,0.1,0.03,0.018,Biomass,,,,,,,,,,,,,,,,,,,,,,,
0.075,0.1,0.035,0.1,0.03,0.03,BioCH4,,,,,,,,,,,,,,,,,,,,,,,
0.075,0.1,0.035,0.1,0.05,0.018,Biomass,,,,,,,,,,,,,,,,,,,,,,,
0.075,0.1,0.035,0.1,0.05,0.03,Biomass,,,,,,,,,,,,,,,,,,,,,,,
0.075,0.1,0.035,0.1,0.07,0.018,Biomass,,,,,,,,,,,,,,,,,,,,,,,
0.075,0.1,0.035,0.1,0.07,0.03,Biomass,,,,,,,,,,,,,,,,,,,,,,,
0.075,0.1,0.035,0.2,0.03,0.018,BiomassOxy_CC,,,,,,,,,,,,,,,,,,,,,,,
0.075,0.1,0.035,0.2,0.03,0.03,BioCH4Oxy_CC,,,,,,,,,,,,,,,,,,,,,,,
0.075,0.1,0.035,0.2,0.05,0.018,BiomassOxy_CC,,,,,,,,,,,,,,,,,,,,,,,
0.075,0.1,0.035,0.2,0.05,0.03,BiomassOxy_CC,,,,,,,,,,,,,,,,,,,,,,,
0.075,0.1,0.035,0.2,0.07,0.018,BiomassOxy_CC,,,,,,,,,,,,,,,,,,,,,,,
0.075,0.1,0.035,0.2,0.07,0.03,BiomassOxy_CC,,,,,,,,,,,,,,,,,,,,,,,
0.075,0.1,0.035,0.25,0.03,0.018,BiomassOxy_CC,,,,,,,,,,,,,,,,,,,,,,,
0.075,0.1,0.035,0.25,0.03,0.03,BioCH4Oxy_CC,,,,,,,,,,,,,,,,,,,,,,,
0.075,0.1,0.035,0.25,0.05,0.018,BiomassOxy_CC,,,,,,,,,,,,,,,,,,,,,,,
0.075,0.1,0.035,0.25,0.05,0.03,BiomassOxy_CC,,,,,,,,,,,,,,,,,,,,,,,
0.075,0.1,0.035,0.25,0.07,0.018,BiomassOxy_CC,,,,,,,,,,,,,,,,,,,,,,,
0.075,0.1,0.035,0.25,0.07,0.03,BiomassOxy_CC,,,,,,,,,,,,,,,,,,,,,,,
0.075,0.1,0.055,0.075,0.03,0.018,Biomass,,,,,,,,,,,,,,,,,,,,,,,
0.075,0.1,0.055,0.075,0.03,0.03,BioCH4,,,,,,,,,,,,,,,,,,,,,,,
0.075,0.1,0.055,0.075,0.05,0.018,Biomass,,,,,,,,,,,,,,,,,,,,,,,
0.075,0.1,0.055,0.075,0.05,0.03,Biomass,,,,,,,,,,,,,,,,,,,,,,,
0.075,0.1,0.055,0.075,0.07,0.018,Biomass,,,,,,,,,,,,,,,,,,,,,,,
0.075,0.1,0.055,0.075,0.07,0.03,Biomass,,,,,,,,,,,,,,,,,,,,,,,
0.075,0.1,0.055,0.1,0.03,0.018,Biomass,,,,,,,,,,,,,,,,,,,,,,,
0.075,0.1,0.055,0.1,0.03,0.03,BioCH4,,,,,,,,,,,,,,,,,,,,,,,
0.075,0.1,0.055,0.1,0.05,0.018,Biomass,,,,,,,,,,,,,,,,,,,,,,,
0.075,0.1,0.055,0.1,0.05,0.03,Biomass,,,,,,,,,,,,,,,,,,,,,,,
0.075,0.1,0.055,0.1,0.07,0.018,Biomass,,,,,,,,,,,,,,,,,,,,,,,
0.075,0.1,0.055,0.1,0.07,0.03,Biomass,,,,,,,,,,,,,,,,,,,,,,,
0.075,0.1,0.055,0.2,0.03,0.018,BiomassOxy_CC,,,,,,,,,,,,,,,,,,,,,,,
0.075,0.1,0.055,0.2,0.03,0.03,BioCH4Oxy_CC,,,,,,,,,,,,,,,,,,,,,,,
0.075,0.1,0.055,0.2,0.05,0.018,BiomassOxy_CC,,,,,,,,,,,,,,,,,,,,,,,
0.075,0.1,0.055,0.2,0.05,0.03,BiomassOxy_CC,,,,,,,,,,,,,,,,,,,,,,,
0.075,0.1,0.055,0.2,0.07,0.018,BiomassOxy_CC,,,,,,,,,,,,,,,,,,,,,,,
0.075,0.1,0.055,0.2,0.07,0.03,BiomassOxy_CC,,,,,,,,,,,,,,,,,,,,,,,
0.075,0.1,0.055,0.25,0.03,0.018,BiomassOxy_CC,,,,,,,,,,,,,,,,,,,,,,,
0.075,0.1,0.055,0.25,0.03,0.03,BioCH4Oxy_CC,,,,,,,,,,,,,,,,,,,,,,,
0.075,0.1,0.055,0.25,0.05,0.018,BiomassOxy_CC,,,,,,,,,,,,,,,,,,,,,,,
0.075,0.1,0.055,0.25,0.05,0.03,BiomassOxy_CC,,,,,,,,,,,,,,,,,,,,,,,
0.075,0.1,0.055,0.25,0.07,0.018,BiomassOxy_CC,,,,,,,,,,,,,,,,,,,,,,,
0.075,0.1,0.055,0.25,0.07,0.03,BiomassOxy_CC,,,,,,,,,,,,,,,,,,,,,,,
0.075,0.1,0.075,0.075,0.03,0.018,Biomass,,,,,,,,,,,,,,,,,,,,,,,
0.075,0.1,0.075,0.075,0.03,0.03,BioCH4,,,,,,,,,,,,,,,,,,,,,,,
0.075,0.1,0.075,0.075,0.05,0.018,Biomass,,,,,,,,,,,,,,,,,,,,,,,
0.075,0.1,0.075,0.075,0.05,0.03,Biomass,,,,,,,,,,,,,,,,,,,,,,,
0.075,0.1,0.075,0.075,0.07,0.018,Biomass,,,,,,,,,,,,,,,,,,,,,,,
0.075,0.1,0.075,0.075,0.07,0.03,Biomass,,,,,,,,,,,,,,,,,,,,,,,
0.075,0.1,0.075,0.1,0.03,0.018,Biomass,,,,,,,,,,,,,,,,,,,,,,,
0.075,0.1,0.075,0.1,0.03,0.03,BioCH4,,,,,,,,,,,,,,,,,,,,,,,
0.075,0.1,0.075,0.1,0.05,0.018,Biomass,,,,,,,,,,,,,,,,,,,,,,,
0.075,0.1,0.075,0.1,0.05,0.03,Biomass,,,,,,,,,,,,,,,,,,,,,,,
0.075,0.1,0.075,0.1,0.07,0.018,Biomass,,,,,,,,,,,,,,,,,,,,,,,
0.075,0.1,0.075,0.1,0.07,0.03,Biomass,,,,,,,,,,,,,,,,,,,,,,,
0.075,0.1,0.075,0.2,0.03,0.018,BiomassOxy_CC,,,,,,,,,,,,,,,,,,,,,,,
0.075,0.1,0.075,0.2,0.03,0.03,BioCH4Oxy_CC,,,,,,,,,,,,,,,,,,,,,,,
0.075,0.1,0.075,0.2,0.05,0.018,BiomassOxy_CC,,,,,,,,,,,,,,,,,,,,,,,
0.075,0.1,0.075,0.2,0.05,0.03,BiomassOxy_CC,,,,,,,,,,,,,,,,,,,,,,,
0.075,0.1,0.075,0.2,0.07,0.018,BiomassOxy_CC,,,,,,,,,,,,,,,,,,,,,,,
0.075,0.1,0.075,0.2,0.07,0.03,BiomassOxy_CC,,,,,,,,,,,,,,,,,,,,,,,
0.075,0.1,0.075,0.25,0.03,0.018,BiomassOxy_CC,,,,,,,,,,,,,,,,,,,,,,,
0.075,0.1,0.075,0.25,0.03,0.03,BioCH4Oxy_CC,,,,,,,,,,,,,,,,,,,,,,,
0.075,0.1,0.075,0.25,0.05,0.018,BiomassOxy_CC,,,,,,,,,,,,,,,,,,,,,,,
0.075,0.1,0.075,0.25,0.05,0.03,BiomassOxy_CC,,,,,,,,,,,,,,,,,,,,,,,
0.075,0.1,0.075,0.25,0.07,0.018,BiomassOxy_CC,,,,,,,,,,,,,,,,,,,,,,,
0.075,0.1,0.075,0.25,0.07,0.03,BiomassOxy_CC,,,,,,,,,,,,,,,,,,,,,,,
0.075,0.1,0.1,0.075,0.03,0.018,Biomass,,,,,,,,,,,,,,,,,,,,,,,
0.075,0.1,0.1,0.075,0.03,0.03,BioCH4,,,,,,,,,,,,,,,,,,,,,,,
0.075,0.1,0.1,0.075,0.05,0.018,Biomass,,,,,,,,,,,,,,,,,,,,,,,
0.075,0.1,0.1,0.075,0.05,0.03,Biomass,,,,,,,,,,,,,,,,,,,,,,,
0.075,0.1,0.1,0.075,0.07,0.018,Biomass,,,,,,,,,,,,,,,,,,,,,,,
0.075,0.1,0.1,0.075,0.07,0.03,Biomass,,,,,,,,,,,,,,,,,,,,,,,
0.075,0.1,0.1,0.1,0.03,0.018,Biomass,,,,,,,,,,,,,,,,,,,,,,,
0.075,0.1,0.1,0.1,0.03,0.03,BioCH4,,,,,,,,,,,,,,,,,,,,,,,
0.075,0.1,0.1,0.1,0.05,0.018,Biomass,,,,,,,,,,,,,,,,,,,,,,,
0.075,0.1,0.1,0.1,0.05,0.03,Biomass,,,,,,,,,,,,,,,,,,,,,,,
0.075,0.1,0.1,0.1,0.07,0.018,Biomass,,,,,,,,,,,,,,,,,,,,,,,
0.075,0.1,0.1,0.1,0.07,0.03,Biomass,,,,,,,,,,,,,,,,,,,,,,,
0.075,0.1,0.1,0.2,0.03,0.018,BiomassOxy_CC,,,,,,,,,,,,,,,,,,,,,,,
0.075,0.1,0.1,0.2,0.03,0.03,BioCH4Oxy_CC,,,,,,,,,,,,,,,,,,,,,,,
0.075,0.1,0.1,0.2,0.05,0.018,BiomassOxy_CC,,,,,,,,,,,,,,,,,,,,,,,
0.075,0.1,0.1,0.2,0.05,0.03,BiomassOxy_CC,,,,,,,,,,,,,,,,,,,,,,,
0.075,0.1,0.1,0.2,0.07,0.018,BiomassOxy_CC,,,,,,,,,,,,,,,,,,,,,,,
0.075,0.1,0.1,0.2,0.07,0.03,BiomassOxy_CC,,,,,,,,,,,,,,,,,,,,,,,
0.075,0.1,0.1,0.25,0.03,0.018,BiomassOxy_CC,,,,,,,,,,,,,,,,,,,,,,,
0.075,0.1,0.1,0.25,0.03,0.03,BioCH4Oxy_CC,,,,,,,,,,,,,,,,,,,,,,,
0.075,0.1,0.1,0.25,0.05,0.018,BiomassOxy_CC,,,,,,,,,,,,,,,,,,,,,,,
0.075,0.1,0.1,0.25,0.05,0.03,BiomassOxy_CC,,,,,,,,,,,,,,,,,,,,,,,
0.075,0.1,0.1,0.25,0.07,0.018,BiomassOxy_CC,,,,,,,,,,,,,,,,,,,,,,,
0.075,0.1,0.1,0.25,0.07,0.03,BiomassOxy_CC,,,,,,,,,,,,,,,,,,,,,,,
0.075,0.15,0.01,0.075,0.03,0.018,Biomass,,,,,,,,,,,,,,,,,,,,,,,
0.075,0.15,0.01,0.075,0.03,0.03,NG,,,,,,,,,,,,,,,,,,,,,,,
0.075,0.15,0.01,0.075,0.05,0.018,Biomass,,,,,,,,,,,,,,,,,,,,,,,
0.075,0.15,0.01,0.075,0.05,0.03,NG,,,,,,,,,,,,,,,,,,,,,,,
0.075,0.15,0.01,0.075,0.07,0.018,Biomass,,,,,,,,,,,,,,,,,,,,,,,
0.075,0.15,0.01,0.075,0.07,0.03,NG,,,,,,,,,,,,,,,,,,,,,,,
0.075,0.15,0.01,0.1,0.03,0.018,Biomass,,,,,,,,,,,,,,,,,,,,,,,
0.075,0.15,0.01,0.1,0.03,0.03,NG,,,,,,,,,,,,,,,,,,,,,,,
0.075,0.15,0.01,0.1,0.05,0.018,Biomass,,,,,,,,,,,,,,,,,,,,,,,
0.075,0.15,0.01,0.1,0.05,0.03,NG,,,,,,,,,,,,,,,,,,,,,,,
0.075,0.15,0.01,0.1,0.07,0.018,Biomass,,,,,,,,,,,,,,,,,,,,,,,
0.075,0.15,0.01,0.1,0.07,0.03,NG,,,,,,,,,,,,,,,,,,,,,,,
0.075,0.15,0.01,0.2,0.03,0.018,Biomass_CC,,,,,,,,,,,,,,,,,,,,,,,
0.075,0.15,0.01,0.2,0.03,0.03,BioCH4Oxy_CC,,,,,,,,,,,,,,,,,,,,,,,
0.075,0.15,0.01,0.2,0.05,0.018,Biomass_CC,,,,,,,,,,,,,,,,,,,,,,,
0.075,0.15,0.01,0.2,0.05,0.03,Biomass_CC,,,,,,,,,,,,,,,,,,,,,,,
0.075,0.15,0.01,0.2,0.07,0.018,Biomass_CC,,,,,,,,,,,,,,,,,,,,,,,
0.075,0.15,0.01,0.2,0.07,0.03,Biomass_CC,,,,,,,,,,,,,,,,,,,,,,,
0.075,0.15,0.01,0.25,0.03,0.018,Biomass_CC,,,,,,,,,,,,,,,,,,,,,,,
0.075,0.15,0.01,0.25,0.03,0.03,BioCH4Oxy_CC,,,,,,,,,,,,,,,,,,,,,,,
0.075,0.15,0.01,0.25,0.05,0.018,Biomass_CC,,,,,,,,,,,,,,,,,,,,,,,
0.075,0.15,0.01,0.25,0.05,0.03,Biomass_CC,,,,,,,,,,,,,,,,,,,,,,,
0.075,0.15,0.01,0.25,0.07,0.018,Biomass_CC,,,,,,,,,,,,,,,,,,,,,,,
0.075,0.15,0.01,0.25,0.07,0.03,Biomass_CC,,,,,,,,,,,,,,,,,,,,,,,
0.075,0.15,0.035,0.075,0.03,0.018,Biomass,,,,,,,,,,,,,,,,,,,,,,,
0.075,0.15,0.035,0.075,0.03,0.03,BioCH4,,,,,,,,,,,,,,,,,,,,,,,
0.075,0.15,0.035,0.075,0.05,0.018,Biomass,,,,,,,,,,,,,,,,,,,,,,,
0.075,0.15,0.035,0.075,0.05,0.03,Biomass,,,,,,,,,,,,,,,,,,,,,,,
0.075,0.15,0.035,0.075,0.07,0.018,Biomass,,,,,,,,,,,,,,,,,,,,,,,
0.075,0.15,0.035,0.075,0.07,0.03,Biomass,,,,,,,,,,,,,,,,,,,,,,,
0.075,0.15,0.035,0.1,0.03,0.018,Biomass,,,,,,,,,,,,,,,,,,,,,,,
0.075,0.15,0.035,0.1,0.03,0.03,BioCH4,,,,,,,,,,,,,,,,,,,,,,,
0.075,0.15,0.035,0.1,0.05,0.018,Biomass,,,,,,,,,,,,,,,,,,,,,,,
0.075,0.15,0.035,0.1,0.05,0.03,Biomass,,,,,,,,,,,,,,,,,,,,,,,
0.075,0.15,0.035,0.1,0.07,0.018,Biomass,,,,,,,,,,,,,,,,,,,,,,,
0.075,0.15,0.035,0.1,0.07,0.03,Biomass,,,,,,,,,,,,,,,,,,,,,,,
0.075,0.15,0.035,0.2,0.03,0.018,BiomassOxy_CC,,,,,,,,,,,,,,,,,,,,,,,
0.075,0.15,0.035,0.2,0.03,0.03,BioCH4Oxy_CC,,,,,,,,,,,,,,,,,,,,,,,
0.075,0.15,0.035,0.2,0.05,0.018,BiomassOxy_CC,,,,,,,,,,,,,,,,,,,,,,,
0.075,0.15,0.035,0.2,0.05,0.03,BiomassOxy_CC,,,,,,,,,,,,,,,,,,,,,,,
0.075,0.15,0.035,0.2,0.07,0.018,BiomassOxy_CC,,,,,,,,,,,,,,,,,,,,,,,
0.075,0.15,0.035,0.2,0.07,0.03,BiomassOxy_CC,,,,,,,,,,,,,,,,,,,,,,,
0.075,0.15,0.035,0.25,0.03,0.018,BiomassOxy_CC,,,,,,,,,,,,,,,,,,,,,,,
0.075,0.15,0.035,0.25,0.03,0.03,BioCH4Oxy_CC,,,,,,,,,,,,,,,,,,,,,,,
0.075,0.15,0.035,0.25,0.05,0.018,BiomassOxy_CC,,,,,,,,,,,,,,,,,,,,,,,
0.075,0.15,0.035,0.25,0.05,0.03,BiomassOxy_CC,,,,,,,,,,,,,,,,,,,,,,,
0.075,0.15,0.035,0.25,0.07,0.018,BiomassOxy_CC,,,,,,,,,,,,,,,,,,,,,,,
0.075,0.15,0.035,0.25,0.07,0.03,BiomassOxy_CC,,,,,,,,,,,,,,,,,,,,,,,
0.075,0.15,0.055,0.075,0.03,0.018,Biomass,,,,,,,,,,,,,,,,,,,,,,,
0.075,0.15,0.055,0.075,0.03,0.03,BioCH4,,,,,,,,,,,,,,,,,,,,,,,
0.075,0.15,0.055,0.075,0.05,0.018,Biomass,,,,,,,,,,,,,,,,,,,,,,,
0.075,0.15,0.055,0.075,0.05,0.03,Biomass,,,,,,,,,,,,,,,,,,,,,,,
0.075,0.15,0.055,0.075,0.07,0.018,Biomass,,,,,,,,,,,,,,,,,,,,,,,
0.075,0.15,0.055,0.075,0.07,0.03,Biomass,,,,,,,,,,,,,,,,,,,,,,,
0.075,0.15,0.055,0.1,0.03,0.018,Biomass,,,,,,,,,,,,,,,,,,,,,,,
0.075,0.15,0.055,0.1,0.03,0.03,BioCH4,,,,,,,,,,,,,,,,,,,,,,,
0.075,0.15,0.055,0.1,0.05,0.018,Biomass,,,,,,,,,,,,,,,,,,,,,,,
0.075,0.15,0.055,0.1,0.05,0.03,Biomass,,,,,,,,,,,,,,,,,,,,,,,
0.075,0.15,0.055,0.1,0.07,0.018,Biomass,,,,,,,,,,,,,,,,,,,,,,,
0.075,0.15,0.055,0.1,0.07,0.03,Biomass,,,,,,,,,,,,,,,,,,,,,,,
0.075,0.15,0.055,0.2,0.03,0.018,BiomassOxy_CC,,,,,,,,,,,,,,,,,,,,,,,
0.075,0.15,0.055,0.2,0.03,0.03,BioCH4Oxy_CC,,,,,,,,,,,,,,,,,,,,,,,
0.075,0.15,0.055,0.2,0.05,0.018,BiomassOxy_CC,,,,,,,,,,,,,,,,,,,,,,,
0.075,0.15,0.055,0.2,0.05,0.03,BiomassOxy_CC,,,,,,,,,,,,,,,,,,,,,,,
0.075,0.15,0.055,0.2,0.07,0.018,BiomassOxy_CC,,,,,,,,,,,,,,,,,,,,,,,
0.075,0.15,0.055,0.2,0.07,0.03,BiomassOxy_CC,,,,,,,,,,,,,,,,,,,,,,,
0.075,0.15,0.055,0.25,0.03,0.018,BiomassOxy_CC,,,,,,,,,,,,,,,,,,,,,,,
0.075,0.15,0.055,0.25,0.03,0.03,BioCH4Oxy_CC,,,,,,,,,,,,,,,,,,,,,,,
0.075,0.15,0.055,0.25,0.05,0.018,BiomassOxy_CC,,,,,,,,,,,,,,,,,,,,,,,
0.075,0.15,0.055,0.25,0.05,0.03,BiomassOxy_CC,,,,,,,,,,,,,,,,,,,,,,,
0.075,0.15,0.055,0.25,0.07,0.018,BiomassOxy_CC,,,,,,,,,,,,,,,,,,,,,,,
0.075,0.15,0.055,0.25,0.07,0.03,BiomassOxy_CC,,,,,,,,,,,,,,,,,,,,,,,
0.075,0.15,0.075,0.075,0.03,0.018,Biomass,,,,,,,,,,,,,,,,,,,,,,,
0.075,0.15,0.075,0.075,0.03,0.03,BioCH4,,,,,,,,,,,,,,,,,,,,,,,
0.075,0.15,0.075,0.075,0.05,0.018,Biomass,,,,,,,,,,,,,,,,,,,,,,,
0.075,0.15,0.075,0.075,0.05,0.03,Biomass,,,,,,,,,,,,,,,,,,,,,,,
0.075,0.15,0.075,0.075,0.07,0.018,Biomass,,,,,,,,,,,,,,,,,,,,,,,
0.075,0.15,0.075,0.075,0.07,0.03,Biomass,,,,,,,,,,,,,,,,,,,,,,,
0.075,0.15,0.075,0.1,0.03,0.018,Biomass,,,,,,,,,,,,,,,,,,,,,,,
0.075,0.15,0.075,0.1,0.03,0.03,BioCH4,,,,,,,,,,,,,,,,,,,,,,,
0.075,0.15,0.075,0.1,0.05,0.018,Biomass,,,,,,,,,,,,,,,,,,,,,,,
0.075,0.15,0.075,0.1,0.05,0.03,Biomass,,,,,,,,,,,,,,,,,,,,,,,
0.075,0.15,0.075,0.1,0.07,0.018,Biomass,,,,,,,,,,,,,,,,,,,,,,,
0.075,0.15,0.075,0.1,0.07,0.03,Biomass,,,,,,,,,,,,,,,,,,,,,,,
0.075,0.15,0.075,0.2,0.03,0.018,BiomassOxy_CC,,,,,,,,,,,,,,,,,,,,,,,
0.075,0.15,0.075,0.2,0.03,0.03,BioCH4Oxy_CC,,,,,,,,,,,,,,,,,,,,,,,
0.075,0.15,0.075,0.2,0.05,0.018,BiomassOxy_CC,,,,,,,,,,,,,,,,,,,,,,,
0.075,0.15,0.075,0.2,0.05,0.03,BiomassOxy_CC,,,,,,,,,,,,,,,,,,,,,,,
0.075,0.15,0.075,0.2,0.07,0.018,BiomassOxy_CC,,,,,,,,,,,,,,,,,,,,,,,
0.075,0.15,0.075,0.2,0.07,0.03,BiomassOxy_CC,,,,,,,,,,,,,,,,,,,,,,,
0.075,0.15,0.075,0.25,0.03,0.018,BiomassOxy_CC,,,,,,,,,,,,,,,,,,,,,,,
0.075,0.15,0.075,0.25,0.03,0.03,BioCH4Oxy_CC,,,,,,,,,,,,,,,,,,,,,,,
0.075,0.15,0.075,0.25,0.05,0.018,BiomassOxy_CC,,,,,,,,,,,,,,,,,,,,,,,
0.075,0.15,0.075,0.25,0.05,0.03,BiomassOxy_CC,,,,,,,,,,,,,,,,,,,,,,,
0.075,0.15,0.075,0.25,0.07,0.018,BiomassOxy_CC,,,,,,,,,,,,,,,,,,,,,,,
0.075,0.15,0.075,0.25,0.07,0.03,BiomassOxy_CC,,,,,,,,,,,,,,,,,,,,,,,
0.075,0.15,0.1,0.075,0.03,0.018,Biomass,,,,,,,,,,,,,,,,,,,,,,,
0.075,0.15,0.1,0.075,0.03,0.03,BioCH4,,,,,,,,,,,,,,,,,,,,,,,
0.075,0.15,0.1,0.075,0.05,0.018,Biomass,,,,,,,,,,,,,,,,,,,,,,,
0.075,0.15,0.1,0.075,0.05,0.03,Biomass,,,,,,,,,,,,,,,,,,,,,,,
0.075,0.15,0.1,0.075,0.07,0.018,Biomass,,,,,,,,,,,,,,,,,,,,,,,
0.075,0.15,0.1,0.075,0.07,0.03,Biomass,,,,,,,,,,,,,,,,,,,,,,,
0.075,0.15,0.1,0.1,0.03,0.018,Biomass,,,,,,,,,,,,,,,,,,,,,,,
0.075,0.15,0.1,0.1,0.03,0.03,BioCH4,,,,,,,,,,,,,,,,,,,,,,,
0.075,0.15,0.1,0.1,0.05,0.018,Biomass,,,,,,,,,,,,,,,,,,,,,,,
0.075,0.15,0.1,0.1,0.05,0.03,Biomass,,,,,,,,,,,,,,,,,,,,,,,
0.075,0.15,0.1,0.1,0.07,0.018,Biomass,,,,,,,,,,,,,,,,,,,,,,,
0.075,0.15,0.1,0.1,0.07,0.03,Biomass,,,,,,,,,,,,,,,,,,,,,,,
0.075,0.15,0.1,0.2,0.03,0.018,BiomassOxy_CC,,,,,,,,,,,,,,,,,,,,,,,
0.075,0.15,0.1,0.2,0.03,0.03,BioCH4Oxy_CC,,,,,,,,,,,,,,,,,,,,,,,
0.075,0.15,0.1,0.2,0.05,0.018,BiomassOxy_CC,,,,,,,,,,,,,,,,,,,,,,,
0.075,0.15,0.1,0.2,0.05,0.03,BiomassOxy_CC,,,,,,,,,,,,,,,,,,,,,,,
0.075,0.15,0.1,0.2,0.07,0.018,BiomassOxy_CC,,,,,,,,,,,,,,,,,,,,,,,
0.075,0.15,0.1,0.2,0.07,0.03,BiomassOxy_CC,,,,,,,,,,,,,,,,,,,,,,,
0.075,0.15,0.1,0.25,0.03,0.018,BiomassOxy_CC,,,,,,,,,,,,,,,,,,,,,,,
0.075,0.15,0.1,0.25,0.03,0.03,BioCH4Oxy_CC,,,,,,,,,,,,,,,,,,,,,,,
0.075,0.15,0.1,0.25,0.05,0.018,BiomassOxy_CC,,,,,,,,,,,,,,,,,,,,,,,
0.075,0.15,0.1,0.25,0.05,0.03,BiomassOxy_CC,,,,,,,,,,,,,,,,,,,,,,,
0.075,0.15,0.1,0.25,0.07,0.018,BiomassOxy_CC,,,,,,,,,,,,,,,,,,,,,,,
0.075,0.15,0.1,0.25,0.07,0.03,BiomassOxy_CC,,,,,,,,,,,,,,,,,,,,,,,
0.075,0.2,0.01,0.075,0.03,0.018,Biomass,,,,,,,,,,,,,,,,,,,,,,,
0.075,0.2,0.01,0.075,0.03,0.03,NG,,,,,,,,,,,,,,,,,,,,,,,
0.075,0.2,0.01,0.075,0.05,0.018,Biomass,,,,,,,,,,,,,,,,,,,,,,,
0.075,0.2,0.01,0.075,0.05,0.03,NG,,,,,,,,,,,,,,,,,,,,,,,
0.075,0.2,0.01,0.075,0.07,0.018,Biomass,,,,,,,,,,,,,,,,,,,,,,,
0.075,0.2,0.01,0.075,0.07,0.03,NG,,,,,,,,,,,,,,,,,,,,,,,
0.075,0.2,0.01,0.1,0.03,0.018,Biomass,,,,,,,,,,,,,,,,,,,,,,,
0.075,0.2,0.01,0.1,0.03,0.03,NG,,,,,,,,,,,,,,,,,,,,,,,
0.075,0.2,0.01,0.1,0.05,0.018,Biomass,,,,,,,,,,,,,,,,,,,,,,,
0.075,0.2,0.01,0.1,0.05,0.03,NG,,,,,,,,,,,,,,,,,,,,,,,
0.075,0.2,0.01,0.1,0.07,0.018,Biomass,,,,,,,,,,,,,,,,,,,,,,,
0.075,0.2,0.01,0.1,0.07,0.03,NG,,,,,,,,,,,,,,,,,,,,,,,
0.075,0.2,0.01,0.2,0.03,0.018,Biomass_CC,,,,,,,,,,,,,,,,,,,,,,,
0.075,0.2,0.01,0.2,0.03,0.03,BioCH4Oxy_CC,,,,,,,,,,,,,,,,,,,,,,,
0.075,0.2,0.01,0.2,0.05,0.018,Biomass_CC,,,,,,,,,,,,,,,,,,,,,,,
0.075,0.2,0.01,0.2,0.05,0.03,Biomass_CC,,,,,,,,,,,,,,,,,,,,,,,
0.075,0.2,0.01,0.2,0.07,0.018,Biomass_CC,,,,,,,,,,,,,,,,,,,,,,,
0.075,0.2,0.01,0.2,0.07,0.03,Biomass_CC,,,,,,,,,,,,,,,,,,,,,,,
0.075,0.2,0.01,0.25,0.03,0.018,Biomass_CC,,,,,,,,,,,,,,,,,,,,,,,
0.075,0.2,0.01,0.25,0.03,0.03,BioCH4Oxy_CC,,,,,,,,,,,,,,,,,,,,,,,
0.075,0.2,0.01,0.25,0.05,0.018,Biomass_CC,,,,,,,,,,,,,,,,,,,,,,,
0.075,0.2,0.01,0.25,0.05,0.03,Biomass_CC,,,,,,,,,,,,,,,,,,,,,,,
0.075,0.2,0.01,0.25,0.07,0.018,Biomass_CC,,,,,,,,,,,,,,,,,,,,,,,
0.075,0.2,0.01,0.25,0.07,0.03,Biomass_CC,,,,,,,,,,,,,,,,,,,,,,,
0.075,0.2,0.035,0.075,0.03,0.018,Biomass,,,,,,,,,,,,,,,,,,,,,,,
0.075,0.2,0.035,0.075,0.03,0.03,BioCH4,,,,,,,,,,,,,,,,,,,,,,,
0.075,0.2,0.035,0.075,0.05,0.018,Biomass,,,,,,,,,,,,,,,,,,,,,,,
0.075,0.2,0.035,0.075,0.05,0.03,Biomass,,,,,,,,,,,,,,,,,,,,,,,
0.075,0.2,0.035,0.075,0.07,0.018,Biomass,,,,,,,,,,,,,,,,,,,,,,,
0.075,0.2,0.035,0.075,0.07,0.03,Biomass,,,,,,,,,,,,,,,,,,,,,,,
0.075,0.2,0.035,0.1,0.03,0.018,Biomass,,,,,,,,,,,,,,,,,,,,,,,
0.075,0.2,0.035,0.1,0.03,0.03,BioCH4,,,,,,,,,,,,,,,,,,,,,,,
0.075,0.2,0.035,0.1,0.05,0.018,Biomass,,,,,,,,,,,,,,,,,,,,,,,
0.075,0.2,0.035,0.1,0.05,0.03,Biomass,,,,,,,,,,,,,,,,,,,,,,,
0.075,0.2,0.035,0.1,0.07,0.018,Biomass,,,,,,,,,,,,,,,,,,,,,,,
0.075,0.2,0.035,0.1,0.07,0.03,Biomass,,,,,,,,,,,,,,,,,,,,,,,
0.075,0.2,0.035,0.2,0.03,0.018,BiomassOxy_CC,,,,,,,,,,,,,,,,,,,,,,,
0.075,0.2,0.035,0.2,0.03,0.03,BioCH4Oxy_CC,,,,,,,,,,,,,,,,,,,,,,,
0.075,0.2,0.035,0.2,0.05,0.018,BiomassOxy_CC,,,,,,,,,,,,,,,,,,,,,,,
0.075,0.2,0.035,0.2,0.05,0.03,BiomassOxy_CC,,,,,,,,,,,,,,,,,,,,,,,
0.075,0.2,0.035,0.2,0.07,0.018,BiomassOxy_CC,,,,,,,,,,,,,,,,,,,,,,,
0.075,0.2,0.035,0.2,0.07,0.03,BiomassOxy_CC,,,,,,,,,,,,,,,,,,,,,,,
0.075,0.2,0.035,0.25,0.03,0.018,BiomassOxy_CC,,,,,,,,,,,,,,,,,,,,,,,
0.075,0.2,0.035,0.25,0.03,0.03,BioCH4Oxy_CC,,,,,,,,,,,,,,,,,,,,,,,
0.075,0.2,0.035,0.25,0.05,0.018,BiomassOxy_CC,,,,,,,,,,,,,,,,,,,,,,,
0.075,0.2,0.035,0.25,0.05,0.03,BiomassOxy_CC,,,,,,,,,,,,,,,,,,,,,,,
0.075,0.2,0.035,0.25,0.07,0.018,BiomassOxy_CC,,,,,,,,,,,,,,,,,,,,,,,
0.075,0.2,0.035,0.25,0.07,0.03,BiomassOxy_CC,,,,,,,,,,,,,,,,,,,,,,,
0.075,0.2,0.055,0.075,0.03,0.018,Biomass,,,,,,,,,,,,,,,,,,,,,,,
0.075,0.2,0.055,0.075,0.03,0.03,BioCH4,,,,,,,,,,,,,,,,,,,,,,,
0.075,0.2,0.055,0.075,0.05,0.018,Biomass,,,,,,,,,,,,,,,,,,,,,,,
0.075,0.2,0.055,0.075,0.05,0.03,Biomass,,,,,,,,,,,,,,,,,,,,,,,
0.075,0.2,0.055,0.075,0.07,0.018,Biomass,,,,,,,,,,,,,,,,,,,,,,,
0.075,0.2,0.055,0.075,0.07,0.03,Biomass,,,,,,,,,,,,,,,,,,,,,,,
0.075,0.2,0.055,0.1,0.03,0.018,Biomass,,,,,,,,,,,,,,,,,,,,,,,
0.075,0.2,0.055,0.1,0.03,0.03,BioCH4,,,,,,,,,,,,,,,,,,,,,,,
0.075,0.2,0.055,0.1,0.05,0.018,Biomass,,,,,,,,,,,,,,,,,,,,,,,
0.075,0.2,0.055,0.1,0.05,0.03,Biomass,,,,,,,,,,,,,,,,,,,,,,,
0.075,0.2,0.055,0.1,0.07,0.018,Biomass,,,,,,,,,,,,,,,,,,,,,,,
0.075,0.2,0.055,0.1,0.07,0.03,Biomass,,,,,,,,,,,,,,,,,,,,,,,
0.075,0.2,0.055,0.2,0.03,0.018,BiomassOxy_CC,,,,,,,,,,,,,,,,,,,,,,,
0.075,0.2,0.055,0.2,0.03,0.03,BioCH4Oxy_CC,,,,,,,,,,,,,,,,,,,,,,,
0.075,0.2,0.055,0.2,0.05,0.018,BiomassOxy_CC,,,,,,,,,,,,,,,,,,,,,,,
0.075,0.2,0.055,0.2,0.05,0.03,BiomassOxy_CC,,,,,,,,,,,,,,,,,,,,,,,
0.075,0.2,0.055,0.2,0.07,0.018,BiomassOxy_CC,,,,,,,,,,,,,,,,,,,,,,,
0.075,0.2,0.055,0.2,0.07,0.03,BiomassOxy_CC,,,,,,,,,,,,,,,,,,,,,,,
0.075,0.2,0.055,0.25,0.03,0.018,BiomassOxy_CC,,,,,,,,,,,,,,,,,,,,,,,
0.075,0.2,0.055,0.25,0.03,0.03,BioCH4Oxy_CC,,,,,,,,,,,,,,,,,,,,,,,
0.075,0.2,0.055,0.25,0.05,0.018,BiomassOxy_CC,,,,,,,,,,,,,,,,,,,,,,,
0.075,0.2,0.055,0.25,0.05,0.03,BiomassOxy_CC,,,,,,,,,,,,,,,,,,,,,,,
0.075,0.2,0.055,0.25,0.07,0.018,BiomassOxy_CC,,,,,,,,,,,,,,,,,,,,,,,
0.075,0.2,0.055,0.25,0.07,0.03,BiomassOxy_CC,,,,,,,,,,,,,,,,,,,,,,,
0.075,0.2,0.075,0.075,0.03,0.018,Biomass,,,,,,,,,,,,,,,,,,,,,,,
0.075,0.2,0.075,0.075,0.03,0.03,BioCH4,,,,,,,,,,,,,,,,,,,,,,,
0.075,0.2,0.075,0.075,0.05,0.018,Biomass,,,,,,,,,,,,,,,,,,,,,,,
0.075,0.2,0.075,0.075,0.05,0.03,Biomass,,,,,,,,,,,,,,,,,,,,,,,
0.075,0.2,0.075,0.075,0.07,0.018,Biomass,,,,,,,,,,,,,,,,,,,,,,,
0.075,0.2,0.075,0.075,0.07,0.03,Biomass,,,,,,,,,,,,,,,,,,,,,,,
0.075,0.2,0.075,0.1,0.03,0.018,Biomass,,,,,,,,,,,,,,,,,,,,,,,
0.075,0.2,0.075,0.1,0.03,0.03,BioCH4,,,,,,,,,,,,,,,,,,,,,,,
0.075,0.2,0.075,0.1,0.05,0.018,Biomass,,,,,,,,,,,,,,,,,,,,,,,
0.075,0.2,0.075,0.1,0.05,0.03,Biomass,,,,,,,,,,,,,,,,,,,,,,,
0.075,0.2,0.075,0.1,0.07,0.018,Biomass,,,,,,,,,,,,,,,,,,,,,,,
0.075,0.2,0.075,0.1,0.07,0.03,Biomass,,,,,,,,,,,,,,,,,,,,,,,
0.075,0.2,0.075,0.2,0.03,0.018,BiomassOxy_CC,,,,,,,,,,,,,,,,,,,,,,,
0.075,0.2,0.075,0.2,0.03,0.03,BioCH4Oxy_CC,,,,,,,,,,,,,,,,,,,,,,,
0.075,0.2,0.075,0.2,0.05,0.018,BiomassOxy_CC,,,,,,,,,,,,,,,,,,,,,,,
0.075,0.2,0.075,0.2,0.05,0.03,BiomassOxy_CC,,,,,,,,,,,,,,,,,,,,,,,
0.075,0.2,0.075,0.2,0.07,0.018,BiomassOxy_CC,,,,,,,,,,,,,,,,,,,,,,,
0.075,0.2,0.075,0.2,0.07,0.03,BiomassOxy_CC,,,,,,,,,,,,,,,,,,,,,,,
0.075,0.2,0.075,0.25,0.03,0.018,BiomassOxy_CC,,,,,,,,,,,,,,,,,,,,,,,
0.075,0.2,0.075,0.25,0.03,0.03,BioCH4Oxy_CC,,,,,,,,,,,,,,,,,,,,,,,
0.075,0.2,0.075,0.25,0.05,0.018,BiomassOxy_CC,,,,,,,,,,,,,,,,,,,,,,,
0.075,0.2,0.075,0.25,0.05,0.03,BiomassOxy_CC,,,,,,,,,,,,,,,,,,,,,,,
0.075,0.2,0.075,0.25,0.07,0.018,BiomassOxy_CC,,,,,,,,,,,,,,,,,,,,,,,
0.075,0.2,0.075,0.25,0.07,0.03,BiomassOxy_CC,,,,,,,,,,,,,,,,,,,,,,,
0.075,0.2,0.1,0.075,0.03,0.018,Biomass,,,,,,,,,,,,,,,,,,,,,,,
0.075,0.2,0.1,0.075,0.03,0.03,BioCH4,,,,,,,,,,,,,,,,,,,,,,,
0.075,0.2,0.1,0.075,0.05,0.018,Biomass,,,,,,,,,,,,,,,,,,,,,,,
0.075,0.2,0.1,0.075,0.05,0.03,Biomass,,,,,,,,,,,,,,,,,,,,,,,
0.075,0.2,0.1,0.075,0.07,0.018,Biomass,,,,,,,,,,,,,,,,,,,,,,,
0.075,0.2,0.1,0.075,0.07,0.03,Biomass,,,,,,,,,,,,,,,,,,,,,,,
0.075,0.2,0.1,0.1,0.03,0.018,Biomass,,,,,,,,,,,,,,,,,,,,,,,
0.075,0.2,0.1,0.1,0.03,0.03,BioCH4,,,,,,,,,,,,,,,,,,,,,,,
0.075,0.2,0.1,0.1,0.05,0.018,Biomass,,,,,,,,,,,,,,,,,,,,,,,
0.075,0.2,0.1,0.1,0.05,0.03,Biomass,,,,,,,,,,,,,,,,,,,,,,,
0.075,0.2,0.1,0.1,0.07,0.018,Biomass,,,,,,,,,,,,,,,,,,,,,,,
0.075,0.2,0.1,0.1,0.07,0.03,Biomass,,,,,,,,,,,,,,,,,,,,,,,
0.075,0.2,0.1,0.2,0.03,0.018,BiomassOxy_CC,,,,,,,,,,,,,,,,,,,,,,,
0.075,0.2,0.1,0.2,0.03,0.03,BioCH4Oxy_CC,,,,,,,,,,,,,,,,,,,,,,,
0.075,0.2,0.1,0.2,0.05,0.018,BiomassOxy_CC,,,,,,,,,,,,,,,,,,,,,,,
0.075,0.2,0.1,0.2,0.05,0.03,BiomassOxy_CC,,,,,,,,,,,,,,,,,,,,,,,
0.075,0.2,0.1,0.2,0.07,0.018,BiomassOxy_CC,,,,,,,,,,,,,,,,,,,,,,,
0.075,0.2,0.1,0.2,0.07,0.03,BiomassOxy_CC,,,,,,,,,,,,,,,,,,,,,,,
0.075,0.2,0.1,0.25,0.03,0.018,BiomassOxy_CC,,,,,,,,,,,,,,,,,,,,,,,
0.075,0.2,0.1,0.25,0.03,0.03,BioCH4Oxy_CC,,,,,,,,,,,,,,,,,,,,,,,
0.075,0.2,0.1,0.25,0.05,0.018,BiomassOxy_CC,,,,,,,,,,,,,,,,,,,,,,,
0.075,0.2,0.1,0.25,0.05,0.03,BiomassOxy_CC,,,,,,,,,,,,,,,,,,,,,,,
0.075,0.2,0.1,0.25,0.07,0.018,BiomassOxy_CC,,,,,,,,,,,,,,,,,,,,,,,
0.075,0.2,0.1,0.25,0.07,0.03,BiomassOxy_CC,,,,,,,,,,,,,,,,,,,,,,,
0.1,0.01,0.01,0.075,0.03,0.018,Biomass,,,,,,,,,,,,,,,,,,,,,,,
0.1,0.01,0.01,0.075,0.03,0.03,NG,,,,,,,,,,,,,,,,,,,,,,,
0.1,0.01,0.01,0.075,0.05,0.018,Biomass,,,,,,,,,,,,,,,,,,,,,,,
0.1,0.01,0.01,0.075,0.05,0.03,NG,,,,,,,,,,,,,,,,,,,,,,,
0.1,0.01,0.01,0.075,0.07,0.018,Biomass,,,,,,,,,,,,,,,,,,,,,,,
0.1,0.01,0.01,0.075,0.07,0.03,NG,,,,,,,,,,,,,,,,,,,,,,,
0.1,0.01,0.01,0.1,0.03,0.018,Biomass,,,,,,,,,,,,,,,,,,,,,,,
0.1,0.01,0.01,0.1,0.03,0.03,NG,,,,,,,,,,,,,,,,,,,,,,,
0.1,0.01,0.01,0.1,0.05,0.018,Biomass,,,,,,,,,,,,,,,,,,,,,,,
0.1,0.01,0.01,0.1,0.05,0.03,NG,,,,,,,,,,,,,,,,,,,,,,,
0.1,0.01,0.01,0.1,0.07,0.018,Biomass,,,,,,,,,,,,,,,,,,,,,,,
0.1,0.01,0.01,0.1,0.07,0.03,NG,,,,,,,,,,,,,,,,,,,,,,,
0.1,0.01,0.01,0.2,0.03,0.018,Biomass_CC,,,,,,,,,,,,,,,,,,,,,,,
0.1,0.01,0.01,0.2,0.03,0.03,H2Oxy_CC,,,,,,,,,,,,,,,,,,,,,,,
0.1,0.01,0.01,0.2,0.05,0.018,Biomass_CC,,,,,,,,,,,,,,,,,,,,,,,
0.1,0.01,0.01,0.2,0.05,0.03,H2Oxy_CC,,,,,,,,,,,,,,,,,,,,,,,
0.1,0.01,0.01,0.2,0.07,0.018,Biomass_CC,,,,,,,,,,,,,,,,,,,,,,,
0.1,0.01,0.01,0.2,0.07,0.03,H2Oxy_CC,,,,,,,,,,,,,,,,,,,,,,,
0.1,0.01,0.01,0.25,0.03,0.018,Biomass_CC,,,,,,,,,,,,,,,,,,,,,,,
0.1,0.01,0.01,0.25,0.03,0.03,H2Oxy_CC,,,,,,,,,,,,,,,,,,,,,,,
0.1,0.01,0.01,0.25,0.05,0.018,Biomass_CC,,,,,,,,,,,,,,,,,,,,,,,
0.1,0.01,0.01,0.25,0.05,0.03,H2Oxy_CC,,,,,,,,,,,,,,,,,,,,,,,
0.1,0.01,0.01,0.25,0.07,0.018,Biomass_CC,,,,,,,,,,,,,,,,,,,,,,,
0.1,0.01,0.01,0.25,0.07,0.03,H2Oxy_CC,,,,,,,,,,,,,,,,,,,,,,,
0.1,0.01,0.035,0.075,0.03,0.018,Biomass,,,,,,,,,,,,,,,,,,,,,,,
0.1,0.01,0.035,0.075,0.03,0.03,BioCH4,,,,,,,,,,,,,,,,,,,,,,,
0.1,0.01,0.035,0.075,0.05,0.018,Biomass,,,,,,,,,,,,,,,,,,,,,,,
0.1,0.01,0.035,0.075,0.05,0.03,Biomass,,,,,,,,,,,,,,,,,,,,,,,
0.1,0.01,0.035,0.075,0.07,0.018,Biomass,,,,,,,,,,,,,,,,,,,,,,,
0.1,0.01,0.035,0.075,0.07,0.03,Biomass,,,,,,,,,,,,,,,,,,,,,,,
0.1,0.01,0.035,0.1,0.03,0.018,Biomass,,,,,,,,,,,,,,,,,,,,,,,
0.1,0.01,0.035,0.1,0.03,0.03,BioCH4,,,,,,,,,,,,,,,,,,,,,,,
0.1,0.01,0.035,0.1,0.05,0.018,Biomass,,,,,,,,,,,,,,,,,,,,,,,
0.1,0.01,0.035,0.1,0.05,0.03,Biomass,,,,,,,,,,,,,,,,,,,,,,,
0.1,0.01,0.035,0.1,0.07,0.018,Biomass,,,,,,,,,,,,,,,,,,,,,,,
0.1,0.01,0.035,0.1,0.07,0.03,Biomass,,,,,,,,,,,,,,,,,,,,,,,
0.1,0.01,0.035,0.2,0.03,0.018,H2Oxy_CC,,,,,,,,,,,,,,,,,,,,,,,
0.1,0.01,0.035,0.2,0.03,0.03,H2Oxy_CC,,,,,,,,,,,,,,,,,,,,,,,
0.1,0.01,0.035,0.2,0.05,0.018,H2Oxy_CC,,,,,,,,,,,,,,,,,,,,,,,
0.1,0.01,0.035,0.2,0.05,0.03,H2Oxy_CC,,,,,,,,,,,,,,,,,,,,,,,
0.1,0.01,0.035,0.2,0.07,0.018,H2Oxy_CC,,,,,,,,,,,,,,,,,,,,,,,
0.1,0.01,0.035,0.2,0.07,0.03,H2Oxy_CC,,,,,,,,,,,,,,,,,,,,,,,
0.1,0.01,0.035,0.25,0.03,0.018,H2Oxy_CC,,,,,,,,,,,,,,,,,,,,,,,
0.1,0.01,0.035,0.25,0.03,0.03,H2Oxy_CC,,,,,,,,,,,,,,,,,,,,,,,
0.1,0.01,0.035,0.25,0.05,0.018,H2Oxy_CC,,,,,,,,,,,,,,,,,,,,,,,
0.1,0.01,0.035,0.25,0.05,0.03,H2Oxy_CC,,,,,,,,,,,,,,,,,,,,,,,
0.1,0.01,0.035,0.25,0.07,0.018,H2Oxy_CC,,,,,,,,,,,,,,,,,,,,,,,
0.1,0.01,0.035,0.25,0.07,0.03,H2Oxy_CC,,,,,,,,,,,,,,,,,,,,,,,
0.1,0.01,0.055,0.075,0.03,0.018,Biomass,,,,,,,,,,,,,,,,,,,,,,,
0.1,0.01,0.055,0.075,0.03,0.03,BioCH4,,,,,,,,,,,,,,,,,,,,,,,
0.1,0.01,0.055,0.075,0.05,0.018,Biomass,,,,,,,,,,,,,,,,,,,,,,,
0.1,0.01,0.055,0.075,0.05,0.03,Biomass,,,,,,,,,,,,,,,,,,,,,,,
0.1,0.01,0.055,0.075,0.07,0.018,Biomass,,,,,,,,,,,,,,,,,,,,,,,
0.1,0.01,0.055,0.075,0.07,0.03,Biomass,,,,,,,,,,,,,,,,,,,,,,,
0.1,0.01,0.055,0.1,0.03,0.018,Biomass,,,,,,,,,,,,,,,,,,,,,,,
0.1,0.01,0.055,0.1,0.03,0.03,BioCH4,,,,,,,,,,,,,,,,,,,,,,,
0.1,0.01,0.055,0.1,0.05,0.018,Biomass,,,,,,,,,,,,,,,,,,,,,,,
0.1,0.01,0.055,0.1,0.05,0.03,Biomass,,,,,,,,,,,,,,,,,,,,,,,
0.1,0.01,0.055,0.1,0.07,0.018,Biomass,,,,,,,,,,,,,,,,,,,,,,,
0.1,0.01,0.055,0.1,0.07,0.03,Biomass,,,,,,,,,,,,,,,,,,,,,,,
0.1,0.01,0.055,0.2,0.03,0.018,H2Oxy_CC,,,,,,,,,,,,,,,,,,,,,,,
0.1,0.01,0.055,0.2,0.03,0.03,H2Oxy_CC,,,,,,,,,,,,,,,,,,,,,,,
0.1,0.01,0.055,0.2,0.05,0.018,H2Oxy_CC,,,,,,,,,,,,,,,,,,,,,,,
0.1,0.01,0.055,0.2,0.05,0.03,H2Oxy_CC,,,,,,,,,,,,,,,,,,,,,,,
0.1,0.01,0.055,0.2,0.07,0.018,H2Oxy_CC,,,,,,,,,,,,,,,,,,,,,,,
0.1,0.01,0.055,0.2,0.07,0.03,H2Oxy_CC,,,,,,,,,,,,,,,,,,,,,,,
0.1,0.01,0.055,0.25,0.03,0.018,H2Oxy_CC,,,,,,,,,,,,,,,,,,,,,,,
0.1,0.01,0.055,0.25,0.03,0.03,H2Oxy_CC,,,,,,,,,,,,,,,,,,,,,,,
0.1,0.01,0.055,0.25,0.05,0.018,H2Oxy_CC,,,,,,,,,,,,,,,,,,,,,,,
0.1,0.01,0.055,0.25,0.05,0.03,H2Oxy_CC,,,,,,,,,,,,,,,,,,,,,,,
0.1,0.01,0.055,0.25,0.07,0.018,H2Oxy_CC,,,,,,,,,,,,,,,,,,,,,,,
0.1,0.01,0.055,0.25,0.07,0.03,H2Oxy_CC,,,,,,,,,,,,,,,,,,,,,,,
0.1,0.01,0.075,0.075,0.03,0.018,Biomass,,,,,,,,,,,,,,,,,,,,,,,
0.1,0.01,0.075,0.075,0.03,0.03,BioCH4,,,,,,,,,,,,,,,,,,,,,,,
0.1,0.01,0.075,0.075,0.05,0.018,Biomass,,,,,,,,,,,,,,,,,,,,,,,
0.1,0.01,0.075,0.075,0.05,0.03,Biomass,,,,,,,,,,,,,,,,,,,,,,,
0.1,0.01,0.075,0.075,0.07,0.018,Biomass,,,,,,,,,,,,,,,,,,,,,,,
0.1,0.01,0.075,0.075,0.07,0.03,Biomass,,,,,,,,,,,,,,,,,,,,,,,
0.1,0.01,0.075,0.1,0.03,0.018,Biomass,,,,,,,,,,,,,,,,,,,,,,,
0.1,0.01,0.075,0.1,0.03,0.03,BioCH4,,,,,,,,,,,,,,,,,,,,,,,
0.1,0.01,0.075,0.1,0.05,0.018,Biomass,,,,,,,,,,,,,,,,,,,,,,,
0.1,0.01,0.075,0.1,0.05,0.03,Biomass,,,,,,,,,,,,,,,,,,,,,,,
0.1,0.01,0.075,0.1,0.07,0.018,Biomass,,,,,,,,,,,,,,,,,,,,,,,
0.1,0.01,0.075,0.1,0.07,0.03,Biomass,,,,,,,,,,,,,,,,,,,,,,,
0.1,0.01,0.075,0.2,0.03,0.018,H2Oxy_CC,,,,,,,,,,,,,,,,,,,,,,,
0.1,0.01,0.075,0.2,0.03,0.03,H2Oxy_CC,,,,,,,,,,,,,,,,,,,,,,,
0.1,0.01,0.075,0.2,0.05,0.018,H2Oxy_CC,,,,,,,,,,,,,,,,,,,,,,,
0.1,0.01,0.075,0.2,0.05,0.03,H2Oxy_CC,,,,,,,,,,,,,,,,,,,,,,,
0.1,0.01,0.075,0.2,0.07,0.018,H2Oxy_CC,,,,,,,,,,,,,,,,,,,,,,,
0.1,0.01,0.075,0.2,0.07,0.03,H2Oxy_CC,,,,,,,,,,,,,,,,,,,,,,,
0.1,0.01,0.075,0.25,0.03,0.018,H2Oxy_CC,,,,,,,,,,,,,,,,,,,,,,,
0.1,0.01,0.075,0.25,0.03,0.03,H2Oxy_CC,,,,,,,,,,,,,,,,,,,,,,,
0.1,0.01,0.075,0.25,0.05,0.018,H2Oxy_CC,,,,,,,,,,,,,,,,,,,,,,,
0.1,0.01,0.075,0.25,0.05,0.03,H2Oxy_CC,,,,,,,,,,,,,,,,,,,,,,,
0.1,0.01,0.075,0.25,0.07,0.018,H2Oxy_CC,,,,,,,,,,,,,,,,,,,,,,,
0.1,0.01,0.075,0.25,0.07,0.03,H2Oxy_CC,,,,,,,,,,,,,,,,,,,,,,,
0.1,0.01,0.1,0.075,0.03,0.018,Biomass,,,,,,,,,,,,,,,,,,,,,,,
0.1,0.01,0.1,0.075,0.03,0.03,BioCH4,,,,,,,,,,,,,,,,,,,,,,,
0.1,0.01,0.1,0.075,0.05,0.018,Biomass,,,,,,,,,,,,,,,,,,,,,,,
0.1,0.01,0.1,0.075,0.05,0.03,Biomass,,,,,,,,,,,,,,,,,,,,,,,
0.1,0.01,0.1,0.075,0.07,0.018,Biomass,,,,,,,,,,,,,,,,,,,,,,,
0.1,0.01,0.1,0.075,0.07,0.03,Biomass,,,,,,,,,,,,,,,,,,,,,,,
0.1,0.01,0.1,0.1,0.03,0.018,Biomass,,,,,,,,,,,,,,,,,,,,,,,
0.1,0.01,0.1,0.1,0.03,0.03,BioCH4,,,,,,,,,,,,,,,,,,,,,,,
0.1,0.01,0.1,0.1,0.05,0.018,Biomass,,,,,,,,,,,,,,,,,,,,,,,
0.1,0.01,0.1,0.1,0.05,0.03,Biomass,,,,,,,,,,,,,,,,,,,,,,,
0.1,0.01,0.1,0.1,0.07,0.018,Biomass,,,,,,,,,,,,,,,,,,,,,,,
0.1,0.01,0.1,0.1,0.07,0.03,Biomass,,,,,,,,,,,,,,,,,,,,,,,
0.1,0.01,0.1,0.2,0.03,0.018,H2Oxy_CC,,,,,,,,,,,,,,,,,,,,,,,
0.1,0.01,0.1,0.2,0.03,0.03,H2Oxy_CC,,,,,,,,,,,,,,,,,,,,,,,
0.1,0.01,0.1,0.2,0.05,0.018,H2Oxy_CC,,,,,,,,,,,,,,,,,,,,,,,
0.1,0.01,0.1,0.2,0.05,0.03,H2Oxy_CC,,,,,,,,,,,,,,,,,,,,,,,
0.1,0.01,0.1,0.2,0.07,0.018,H2Oxy_CC,,,,,,,,,,,,,,,,,,,,,,,
0.1,0.01,0.1,0.2,0.07,0.03,H2Oxy_CC,,,,,,,,,,,,,,,,,,,,,,,
0.1,0.01,0.1,0.25,0.03,0.018,H2Oxy_CC,,,,,,,,,,,,,,,,,,,,,,,
0.1,0.01,0.1,0.25,0.03,0.03,H2Oxy_CC,,,,,,,,,,,,,,,,,,,,,,,
0.1,0.01,0.1,0.25,0.05,0.018,H2Oxy_CC,,,,,,,,,,,,,,,,,,,,,,,
0.1,0.01,0.1,0.25,0.05,0.03,H2Oxy_CC,,,,,,,,,,,,,,,,,,,,,,,
0.1,0.01,0.1,0.25,0.07,0.018,H2Oxy_CC,,,,,,,,,,,,,,,,,,,,,,,
0.1,0.01,0.1,0.25,0.07,0.03,H2Oxy_CC,,,,,,,,,,,,,,,,,,,,,,,
0.1,0.025,0.01,0.075,0.03,0.018,Biomass,,,,,,,,,,,,,,,,,,,,,,,
0.1,0.025,0.01,0.075,0.03,0.03,NG,,,,,,,,,,,,,,,,,,,,,,,
0.1,0.025,0.01,0.075,0.05,0.018,Biomass,,,,,,,,,,,,,,,,,,,,,,,
0.1,0.025,0.01,0.075,0.05,0.03,NG,,,,,,,,,,,,,,,,,,,,,,,
0.1,0.025,0.01,0.075,0.07,0.018,Biomass,,,,,,,,,,,,,,,,,,,,,,,
0.1,0.025,0.01,0.075,0.07,0.03,NG,,,,,,,,,,,,,,,,,,,,,,,
0.1,0.025,0.01,0.1,0.03,0.018,Biomass,,,,,,,,,,,,,,,,,,,,,,,
0.1,0.025,0.01,0.1,0.03,0.03,NG,,,,,,,,,,,,,,,,,,,,,,,
0.1,0.025,0.01,0.1,0.05,0.018,Biomass,,,,,,,,,,,,,,,,,,,,,,,
0.1,0.025,0.01,0.1,0.05,0.03,NG,,,,,,,,,,,,,,,,,,,,,,,
0.1,0.025,0.01,0.1,0.07,0.018,Biomass,,,,,,,,,,,,,,,,,,,,,,,
0.1,0.025,0.01,0.1,0.07,0.03,NG,,,,,,,,,,,,,,,,,,,,,,,
0.1,0.025,0.01,0.2,0.03,0.018,Biomass_CC,,,,,,,,,,,,,,,,,,,,,,,
0.1,0.025,0.01,0.2,0.03,0.03,Biomass_CC,,,,,,,,,,,,,,,,,,,,,,,
0.1,0.025,0.01,0.2,0.05,0.018,Biomass_CC,,,,,,,,,,,,,,,,,,,,,,,
0.1,0.025,0.01,0.2,0.05,0.03,Biomass_CC,,,,,,,,,,,,,,,,,,,,,,,
0.1,0.025,0.01,0.2,0.07,0.018,Biomass_CC,,,,,,,,,,,,,,,,,,,,,,,
0.1,0.025,0.01,0.2,0.07,0.03,Biomass_CC,,,,,,,,,,,,,,,,,,,,,,,
0.1,0.025,0.01,0.25,0.03,0.018,Biomass_CC,,,,,,,,,,,,,,,,,,,,,,,
0.1,0.025,0.01,0.25,0.03,0.03,Biomass_CC,,,,,,,,,,,,,,,,,,,,,,,
0.1,0.025,0.01,0.25,0.05,0.018,Biomass_CC,,,,,,,,,,,,,,,,,,,,,,,
0.1,0.025,0.01,0.25,0.05,0.03,Biomass_CC,,,,,,,,,,,,,,,,,,,,,,,
0.1,0.025,0.01,0.25,0.07,0.018,Biomass_CC,,,,,,,,,,,,,,,,,,,,,,,
0.1,0.025,0.01,0.25,0.07,0.03,Biomass_CC,,,,,,,,,,,,,,,,,,,,,,,
0.1,0.025,0.035,0.075,0.03,0.018,Biomass,,,,,,,,,,,,,,,,,,,,,,,
0.1,0.025,0.035,0.075,0.03,0.03,BioCH4,,,,,,,,,,,,,,,,,,,,,,,
0.1,0.025,0.035,0.075,0.05,0.018,Biomass,,,,,,,,,,,,,,,,,,,,,,,
0.1,0.025,0.035,0.075,0.05,0.03,Biomass,,,,,,,,,,,,,,,,,,,,,,,
0.1,0.025,0.035,0.075,0.07,0.018,Biomass,,,,,,,,,,,,,,,,,,,,,,,
0.1,0.025,0.035,0.075,0.07,0.03,Biomass,,,,,,,,,,,,,,,,,,,,,,,
0.1,0.025,0.035,0.1,0.03,0.018,Biomass,,,,,,,,,,,,,,,,,,,,,,,
0.1,0.025,0.035,0.1,0.03,0.03,BioCH4,,,,,,,,,,,,,,,,,,,,,,,
0.1,0.025,0.035,0.1,0.05,0.018,Biomass,,,,,,,,,,,,,,,,,,,,,,,
0.1,0.025,0.035,0.1,0.05,0.03,Biomass,,,,,,,,,,,,,,,,,,,,,,,
0.1,0.025,0.035,0.1,0.07,0.018,Biomass,,,,,,,,,,,,,,,,,,,,,,,
0.1,0.025,0.035,0.1,0.07,0.03,Biomass,,,,,,,,,,,,,,,,,,,,,,,
0.1,0.025,0.035,0.2,0.03,0.018,BiomassOxy_CC,,,,,,,,,,,,,,,,,,,,,,,
0.1,0.025,0.035,0.2,0.03,0.03,BioCH4Oxy_CC,,,,,,,,,,,,,,,,,,,,,,,
0.1,0.025,0.035,0.2,0.05,0.018,BiomassOxy_CC,,,,,,,,,,,,,,,,,,,,,,,
0.1,0.025,0.035,0.2,0.05,0.03,H2Oxy_CC,,,,,,,,,,,,,,,,,,,,,,,
0.1,0.025,0.035,0.2,0.07,0.018,BiomassOxy_CC,,,,,,,,,,,,,,,,,,,,,,,
0.1,0.025,0.035,0.2,0.07,0.03,H2Oxy_CC,,,,,,,,,,,,,,,,,,,,,,,
0.1,0.025,0.035,0.25,0.03,0.018,BiomassOxy_CC,,,,,,,,,,,,,,,,,,,,,,,
0.1,0.025,0.035,0.25,0.03,0.03,BioCH4Oxy_CC,,,,,,,,,,,,,,,,,,,,,,,
0.1,0.025,0.035,0.25,0.05,0.018,BiomassOxy_CC,,,,,,,,,,,,,,,,,,,,,,,
0.1,0.025,0.035,0.25,0.05,0.03,BiomassOxy_CC,,,,,,,,,,,,,,,,,,,,,,,
0.1,0.025,0.035,0.25,0.07,0.018,BiomassOxy_CC,,,,,,,,,,,,,,,,,,,,,,,
0.1,0.025,0.035,0.25,0.07,0.03,BiomassOxy_CC,,,,,,,,,,,,,,,,,,,,,,,
0.1,0.025,0.055,0.075,0.03,0.018,Biomass,,,,,,,,,,,,,,,,,,,,,,,
0.1,0.025,0.055,0.075,0.03,0.03,BioCH4,,,,,,,,,,,,,,,,,,,,,,,
0.1,0.025,0.055,0.075,0.05,0.018,Biomass,,,,,,,,,,,,,,,,,,,,,,,
0.1,0.025,0.055,0.075,0.05,0.03,Biomass,,,,,,,,,,,,,,,,,,,,,,,
0.1,0.025,0.055,0.075,0.07,0.018,Biomass,,,,,,,,,,,,,,,,,,,,,,,
0.1,0.025,0.055,0.075,0.07,0.03,Biomass,,,,,,,,,,,,,,,,,,,,,,,
0.1,0.025,0.055,0.1,0.03,0.018,Biomass,,,,,,,,,,,,,,,,,,,,,,,
0.1,0.025,0.055,0.1,0.03,0.03,BioCH4,,,,,,,,,,,,,,,,,,,,,,,
0.1,0.025,0.055,0.1,0.05,0.018,Biomass,,,,,,,,,,,,,,,,,,,,,,,
0.1,0.025,0.055,0.1,0.05,0.03,Biomass,,,,,,,,,,,,,,,,,,,,,,,
0.1,0.025,0.055,0.1,0.07,0.018,Biomass,,,,,,,,,,,,,,,,,,,,,,,
0.1,0.025,0.055,0.1,0.07,0.03,Biomass,,,,,,,,,,,,,,,,,,,,,,,
0.1,0.025,0.055,0.2,0.03,0.018,BiomassOxy_CC,,,,,,,,,,,,,,,,,,,,,,,
0.1,0.025,0.055,0.2,0.03,0.03,BioCH4Oxy_CC,,,,,,,,,,,,,,,,,,,,,,,
0.1,0.025,0.055,0.2,0.05,0.018,BiomassOxy_CC,,,,,,,,,,,,,,,,,,,,,,,
0.1,0.025,0.055,0.2,0.05,0.03,H2Oxy_CC,,,,,,,,,,,,,,,,,,,,,,,
0.1,0.025,0.055,0.2,0.07,0.018,BiomassOxy_CC,,,,,,,,,,,,,,,,,,,,,,,
0.1,0.025,0.055,0.2,0.07,0.03,H2Oxy_CC,,,,,,,,,,,,,,,,,,,,,,,
0.1,0.025,0.055,0.25,0.03,0.018,BiomassOxy_CC,,,,,,,,,,,,,,,,,,,,,,,
0.1,0.025,0.055,0.25,0.03,0.03,BioCH4Oxy_CC,,,,,,,,,,,,,,,,,,,,,,,
0.1,0.025,0.055,0.25,0.05,0.018,BiomassOxy_CC,,,,,,,,,,,,,,,,,,,,,,,
0.1,0.025,0.055,0.25,0.05,0.03,BiomassOxy_CC,,,,,,,,,,,,,,,,,,,,,,,
0.1,0.025,0.055,0.25,0.07,0.018,BiomassOxy_CC,,,,,,,,,,,,,,,,,,,,,,,
0.1,0.025,0.055,0.25,0.07,0.03,BiomassOxy_CC,,,,,,,,,,,,,,,,,,,,,,,
0.1,0.025,0.075,0.075,0.03,0.018,Biomass,,,,,,,,,,,,,,,,,,,,,,,
0.1,0.025,0.075,0.075,0.03,0.03,BioCH4,,,,,,,,,,,,,,,,,,,,,,,
0.1,0.025,0.075,0.075,0.05,0.018,Biomass,,,,,,,,,,,,,,,,,,,,,,,
0.1,0.025,0.075,0.075,0.05,0.03,Biomass,,,,,,,,,,,,,,,,,,,,,,,
0.1,0.025,0.075,0.075,0.07,0.018,Biomass,,,,,,,,,,,,,,,,,,,,,,,
0.1,0.025,0.075,0.075,0.07,0.03,Biomass,,,,,,,,,,,,,,,,,,,,,,,
0.1,0.025,0.075,0.1,0.03,0.018,Biomass,,,,,,,,,,,,,,,,,,,,,,,
0.1,0.025,0.075,0.1,0.03,0.03,BioCH4,,,,,,,,,,,,,,,,,,,,,,,
0.1,0.025,0.075,0.1,0.05,0.018,Biomass,,,,,,,,,,,,,,,,,,,,,,,
0.1,0.025,0.075,0.1,0.05,0.03,Biomass,,,,,,,,,,,,,,,,,,,,,,,
0.1,0.025,0.075,0.1,0.07,0.018,Biomass,,,,,,,,,,,,,,,,,,,,,,,
0.1,0.025,0.075,0.1,0.07,0.03,Biomass,,,,,,,,,,,,,,,,,,,,,,,
0.1,0.025,0.075,0.2,0.03,0.018,BiomassOxy_CC,,,,,,,,,,,,,,,,,,,,,,,
0.1,0.025,0.075,0.2,0.03,0.03,BioCH4Oxy_CC,,,,,,,,,,,,,,,,,,,,,,,
0.1,0.025,0.075,0.2,0.05,0.018,BiomassOxy_CC,,,,,,,,,,,,,,,,,,,,,,,
0.1,0.025,0.075,0.2,0.05,0.03,H2Oxy_CC,,,,,,,,,,,,,,,,,,,,,,,
0.1,0.025,0.075,0.2,0.07,0.018,BiomassOxy_CC,,,,,,,,,,,,,,,,,,,,,,,
0.1,0.025,0.075,0.2,0.07,0.03,H2Oxy_CC,,,,,,,,,,,,,,,,,,,,,,,
0.1,0.025,0.075,0.25,0.03,0.018,BiomassOxy_CC,,,,,,,,,,,,,,,,,,,,,,,
0.1,0.025,0.075,0.25,0.03,0.03,BioCH4Oxy_CC,,,,,,,,,,,,,,,,,,,,,,,
0.1,0.025,0.075,0.25,0.05,0.018,BiomassOxy_CC,,,,,,,,,,,,,,,,,,,,,,,
0.1,0.025,0.075,0.25,0.05,0.03,BiomassOxy_CC,,,,,,,,,,,,,,,,,,,,,,,
0.1,0.025,0.075,0.25,0.07,0.018,BiomassOxy_CC,,,,,,,,,,,,,,,,,,,,,,,
0.1,0.025,0.075,0.25,0.07,0.03,BiomassOxy_CC,,,,,,,,,,,,,,,,,,,,,,,
0.1,0.025,0.1,0.075,0.03,0.018,Biomass,,,,,,,,,,,,,,,,,,,,,,,
0.1,0.025,0.1,0.075,0.03,0.03,BioCH4,,,,,,,,,,,,,,,,,,,,,,,
0.1,0.025,0.1,0.075,0.05,0.018,Biomass,,,,,,,,,,,,,,,,,,,,,,,
0.1,0.025,0.1,0.075,0.05,0.03,Biomass,,,,,,,,,,,,,,,,,,,,,,,
0.1,0.025,0.1,0.075,0.07,0.018,Biomass,,,,,,,,,,,,,,,,,,,,,,,
0.1,0.025,0.1,0.075,0.07,0.03,Biomass,,,,,,,,,,,,,,,,,,,,,,,
0.1,0.025,0.1,0.1,0.03,0.018,Biomass,,,,,,,,,,,,,,,,,,,,,,,
0.1,0.025,0.1,0.1,0.03,0.03,BioCH4,,,,,,,,,,,,,,,,,,,,,,,
0.1,0.025,0.1,0.1,0.05,0.018,Biomass,,,,,,,,,,,,,,,,,,,,,,,
0.1,0.025,0.1,0.1,0.05,0.03,Biomass,,,,,,,,,,,,,,,,,,,,,,,
0.1,0.025,0.1,0.1,0.07,0.018,Biomass,,,,,,,,,,,,,,,,,,,,,,,
0.1,0.025,0.1,0.1,0.07,0.03,Biomass,,,,,,,,,,,,,,,,,,,,,,,
0.1,0.025,0.1,0.2,0.03,0.018,BiomassOxy_CC,,,,,,,,,,,,,,,,,,,,,,,
0.1,0.025,0.1,0.2,0.03,0.03,BioCH4Oxy_CC,,,,,,,,,,,,,,,,,,,,,,,
0.1,0.025,0.1,0.2,0.05,0.018,BiomassOxy_CC,,,,,,,,,,,,,,,,,,,,,,,
0.1,0.025,0.1,0.2,0.05,0.03,H2Oxy_CC,,,,,,,,,,,,,,,,,,,,,,,
0.1,0.025,0.1,0.2,0.07,0.018,BiomassOxy_CC,,,,,,,,,,,,,,,,,,,,,,,
0.1,0.025,0.1,0.2,0.07,0.03,H2Oxy_CC,,,,,,,,,,,,,,,,,,,,,,,
0.1,0.025,0.1,0.25,0.03,0.018,BiomassOxy_CC,,,,,,,,,,,,,,,,,,,,,,,
0.1,0.025,0.1,0.25,0.03,0.03,BioCH4Oxy_CC,,,,,,,,,,,,,,,,,,,,,,,
0.1,0.025,0.1,0.25,0.05,0.018,BiomassOxy_CC,,,,,,,,,,,,,,,,,,,,,,,
0.1,0.025,0.1,0.25,0.05,0.03,BiomassOxy_CC,,,,,,,,,,,,,,,,,,,,,,,
0.1,0.025,0.1,0.25,0.07,0.018,BiomassOxy_CC,,,,,,,,,,,,,,,,,,,,,,,
0.1,0.025,0.1,0.25,0.07,0.03,BiomassOxy_CC,,,,,,,,,,,,,,,,,,,,,,,
0.1,0.05,0.01,0.075,0.03,0.018,Biomass,,,,,,,,,,,,,,,,,,,,,,,
0.1,0.05,0.01,0.075,0.03,0.03,NG,,,,,,,,,,,,,,,,,,,,,,,
0.1,0.05,0.01,0.075,0.05,0.018,Biomass,,,,,,,,,,,,,,,,,,,,,,,
0.1,0.05,0.01,0.075,0.05,0.03,NG,,,,,,,,,,,,,,,,,,,,,,,
0.1,0.05,0.01,0.075,0.07,0.018,Biomass,,,,,,,,,,,,,,,,,,,,,,,
0.1,0.05,0.01,0.075,0.07,0.03,NG,,,,,,,,,,,,,,,,,,,,,,,
0.1,0.05,0.01,0.1,0.03,0.018,Biomass,,,,,,,,,,,,,,,,,,,,,,,
0.1,0.05,0.01,0.1,0.03,0.03,NG,,,,,,,,,,,,,,,,,,,,,,,
0.1,0.05,0.01,0.1,0.05,0.018,Biomass,,,,,,,,,,,,,,,,,,,,,,,
0.1,0.05,0.01,0.1,0.05,0.03,NG,,,,,,,,,,,,,,,,,,,,,,,
0.1,0.05,0.01,0.1,0.07,0.018,Biomass,,,,,,,,,,,,,,,,,,,,,,,
0.1,0.05,0.01,0.1,0.07,0.03,NG,,,,,,,,,,,,,,,,,,,,,,,
0.1,0.05,0.01,0.2,0.03,0.018,Biomass_CC,,,,,,,,,,,,,,,,,,,,,,,
0.1,0.05,0.01,0.2,0.03,0.03,Biomass_CC,,,,,,,,,,,,,,,,,,,,,,,
0.1,0.05,0.01,0.2,0.05,0.018,Biomass_CC,,,,,,,,,,,,,,,,,,,,,,,
0.1,0.05,0.01,0.2,0.05,0.03,Biomass_CC,,,,,,,,,,,,,,,,,,,,,,,
0.1,0.05,0.01,0.2,0.07,0.018,Biomass_CC,,,,,,,,,,,,,,,,,,,,,,,
0.1,0.05,0.01,0.2,0.07,0.03,Biomass_CC,,,,,,,,,,,,,,,,,,,,,,,
0.1,0.05,0.01,0.25,0.03,0.018,Biomass_CC,,,,,,,,,,,,,,,,,,,,,,,
0.1,0.05,0.01,0.25,0.03,0.03,Biomass_CC,,,,,,,,,,,,,,,,,,,,,,,
0.1,0.05,0.01,0.25,0.05,0.018,Biomass_CC,,,,,,,,,,,,,,,,,,,,,,,
0.1,0.05,0.01,0.25,0.05,0.03,Biomass_CC,,,,,,,,,,,,,,,,,,,,,,,
0.1,0.05,0.01,0.25,0.07,0.018,Biomass_CC,,,,,,,,,,,,,,,,,,,,,,,
0.1,0.05,0.01,0.25,0.07,0.03,Biomass_CC,,,,,,,,,,,,,,,,,,,,,,,
0.1,0.05,0.035,0.075,0.03,0.018,Biomass,,,,,,,,,,,,,,,,,,,,,,,
0.1,0.05,0.035,0.075,0.03,0.03,BioCH4,,,,,,,,,,,,,,,,,,,,,,,
0.1,0.05,0.035,0.075,0.05,0.018,Biomass,,,,,,,,,,,,,,,,,,,,,,,
0.1,0.05,0.035,0.075,0.05,0.03,Biomass,,,,,,,,,,,,,,,,,,,,,,,
0.1,0.05,0.035,0.075,0.07,0.018,Biomass,,,,,,,,,,,,,,,,,,,,,,,
0.1,0.05,0.035,0.075,0.07,0.03,Biomass,,,,,,,,,,,,,,,,,,,,,,,
0.1,0.05,0.035,0.1,0.03,0.018,Biomass,,,,,,,,,,,,,,,,,,,,,,,
0.1,0.05,0.035,0.1,0.03,0.03,BioCH4,,,,,,,,,,,,,,,,,,,,,,,
0.1,0.05,0.035,0.1,0.05,0.018,Biomass,,,,,,,,,,,,,,,,,,,,,,,
0.1,0.05,0.035,0.1,0.05,0.03,Biomass,,,,,,,,,,,,,,,,,,,,,,,
0.1,0.05,0.035,0.1,0.07,0.018,Biomass,,,,,,,,,,,,,,,,,,,,,,,
0.1,0.05,0.035,0.1,0.07,0.03,Biomass,,,,,,,,,,,,,,,,,,,,,,,
0.1,0.05,0.035,0.2,0.03,0.018,BiomassOxy_CC,,,,,,,,,,,,,,,,,,,,,,,
0.1,0.05,0.035,0.2,0.03,0.03,BioCH4Oxy_CC,,,,,,,,,,,,,,,,,,,,,,,
0.1,0.05,0.035,0.2,0.05,0.018,BiomassOxy_CC,,,,,,,,,,,,,,,,,,,,,,,
0.1,0.05,0.035,0.2,0.05,0.03,BiomassOxy_CC,,,,,,,,,,,,,,,,,,,,,,,
0.1,0.05,0.035,0.2,0.07,0.018,BiomassOxy_CC,,,,,,,,,,,,,,,,,,,,,,,
0.1,0.05,0.035,0.2,0.07,0.03,BiomassOxy_CC,,,,,,,,,,,,,,,,,,,,,,,
0.1,0.05,0.035,0.25,0.03,0.018,BiomassOxy_CC,,,,,,,,,,,,,,,,,,,,,,,
0.1,0.05,0.035,0.25,0.03,0.03,BioCH4Oxy_CC,,,,,,,,,,,,,,,,,,,,,,,
0.1,0.05,0.035,0.25,0.05,0.018,BiomassOxy_CC,,,,,,,,,,,,,,,,,,,,,,,
0.1,0.05,0.035,0.25,0.05,0.03,BiomassOxy_CC,,,,,,,,,,,,,,,,,,,,,,,
0.1,0.05,0.035,0.25,0.07,0.018,BiomassOxy_CC,,,,,,,,,,,,,,,,,,,,,,,
0.1,0.05,0.035,0.25,0.07,0.03,BiomassOxy_CC,,,,,,,,,,,,,,,,,,,,,,,
0.1,0.05,0.055,0.075,0.03,0.018,Biomass,,,,,,,,,,,,,,,,,,,,,,,
0.1,0.05,0.055,0.075,0.03,0.03,BioCH4,,,,,,,,,,,,,,,,,,,,,,,
0.1,0.05,0.055,0.075,0.05,0.018,Biomass,,,,,,,,,,,,,,,,,,,,,,,
0.1,0.05,0.055,0.075,0.05,0.03,Biomass,,,,,,,,,,,,,,,,,,,,,,,
0.1,0.05,0.055,0.075,0.07,0.018,Biomass,,,,,,,,,,,,,,,,,,,,,,,
0.1,0.05,0.055,0.075,0.07,0.03,Biomass,,,,,,,,,,,,,,,,,,,,,,,
0.1,0.05,0.055,0.1,0.03,0.018,Biomass,,,,,,,,,,,,,,,,,,,,,,,
0.1,0.05,0.055,0.1,0.03,0.03,BioCH4,,,,,,,,,,,,,,,,,,,,,,,
0.1,0.05,0.055,0.1,0.05,0.018,Biomass,,,,,,,,,,,,,,,,,,,,,,,
0.1,0.05,0.055,0.1,0.05,0.03,Biomass,,,,,,,,,,,,,,,,,,,,,,,
0.1,0.05,0.055,0.1,0.07,0.018,Biomass,,,,,,,,,,,,,,,,,,,,,,,
0.1,0.05,0.055,0.1,0.07,0.03,Biomass,,,,,,,,,,,,,,,,,,,,,,,
0.1,0.05,0.055,0.2,0.03,0.018,BiomassOxy_CC,,,,,,,,,,,,,,,,,,,,,,,
0.1,0.05,0.055,0.2,0.03,0.03,BioCH4Oxy_CC,,,,,,,,,,,,,,,,,,,,,,,
0.1,0.05,0.055,0.2,0.05,0.018,BiomassOxy_CC,,,,,,,,,,,,,,,,,,,,,,,
0.1,0.05,0.055,0.2,0.05,0.03,BiomassOxy_CC,,,,,,,,,,,,,,,,,,,,,,,
0.1,0.05,0.055,0.2,0.07,0.018,BiomassOxy_CC,,,,,,,,,,,,,,,,,,,,,,,
0.1,0.05,0.055,0.2,0.07,0.03,BiomassOxy_CC,,,,,,,,,,,,,,,,,,,,,,,
0.1,0.05,0.055,0.25,0.03,0.018,BiomassOxy_CC,,,,,,,,,,,,,,,,,,,,,,,
0.1,0.05,0.055,0.25,0.03,0.03,BioCH4Oxy_CC,,,,,,,,,,,,,,,,,,,,,,,
0.1,0.05,0.055,0.25,0.05,0.018,BiomassOxy_CC,,,,,,,,,,,,,,,,,,,,,,,
0.1,0.05,0.055,0.25,0.05,0.03,BiomassOxy_CC,,,,,,,,,,,,,,,,,,,,,,,
0.1,0.05,0.055,0.25,0.07,0.018,BiomassOxy_CC,,,,,,,,,,,,,,,,,,,,,,,
0.1,0.05,0.055,0.25,0.07,0.03,BiomassOxy_CC,,,,,,,,,,,,,,,,,,,,,,,
0.1,0.05,0.075,0.075,0.03,0.018,Biomass,,,,,,,,,,,,,,,,,,,,,,,
0.1,0.05,0.075,0.075,0.03,0.03,BioCH4,,,,,,,,,,,,,,,,,,,,,,,
0.1,0.05,0.075,0.075,0.05,0.018,Biomass,,,,,,,,,,,,,,,,,,,,,,,
0.1,0.05,0.075,0.075,0.05,0.03,Biomass,,,,,,,,,,,,,,,,,,,,,,,
0.1,0.05,0.075,0.075,0.07,0.018,Biomass,,,,,,,,,,,,,,,,,,,,,,,
0.1,0.05,0.075,0.075,0.07,0.03,Biomass,,,,,,,,,,,,,,,,,,,,,,,
0.1,0.05,0.075,0.1,0.03,0.018,Biomass,,,,,,,,,,,,,,,,,,,,,,,
0.1,0.05,0.075,0.1,0.03,0.03,BioCH4,,,,,,,,,,,,,,,,,,,,,,,
0.1,0.05,0.075,0.1,0.05,0.018,Biomass,,,,,,,,,,,,,,,,,,,,,,,
0.1,0.05,0.075,0.1,0.05,0.03,Biomass,,,,,,,,,,,,,,,,,,,,,,,
0.1,0.05,0.075,0.1,0.07,0.018,Biomass,,,,,,,,,,,,,,,,,,,,,,,
0.1,0.05,0.075,0.1,0.07,0.03,Biomass,,,,,,,,,,,,,,,,,,,,,,,
0.1,0.05,0.075,0.2,0.03,0.018,BiomassOxy_CC,,,,,,,,,,,,,,,,,,,,,,,
0.1,0.05,0.075,0.2,0.03,0.03,BioCH4Oxy_CC,,,,,,,,,,,,,,,,,,,,,,,
0.1,0.05,0.075,0.2,0.05,0.018,BiomassOxy_CC,,,,,,,,,,,,,,,,,,,,,,,
0.1,0.05,0.075,0.2,0.05,0.03,BiomassOxy_CC,,,,,,,,,,,,,,,,,,,,,,,
0.1,0.05,0.075,0.2,0.07,0.018,BiomassOxy_CC,,,,,,,,,,,,,,,,,,,,,,,
0.1,0.05,0.075,0.2,0.07,0.03,BiomassOxy_CC,,,,,,,,,,,,,,,,,,,,,,,
0.1,0.05,0.075,0.25,0.03,0.018,BiomassOxy_CC,,,,,,,,,,,,,,,,,,,,,,,
0.1,0.05,0.075,0.25,0.03,0.03,BioCH4Oxy_CC,,,,,,,,,,,,,,,,,,,,,,,
0.1,0.05,0.075,0.25,0.05,0.018,BiomassOxy_CC,,,,,,,,,,,,,,,,,,,,,,,
0.1,0.05,0.075,0.25,0.05,0.03,BiomassOxy_CC,,,,,,,,,,,,,,,,,,,,,,,
0.1,0.05,0.075,0.25,0.07,0.018,BiomassOxy_CC,,,,,,,,,,,,,,,,,,,,,,,
0.1,0.05,0.075,0.25,0.07,0.03,BiomassOxy_CC,,,,,,,,,,,,,,,,,,,,,,,
0.1,0.05,0.1,0.075,0.03,0.018,Biomass,,,,,,,,,,,,,,,,,,,,,,,
0.1,0.05,0.1,0.075,0.03,0.03,BioCH4,,,,,,,,,,,,,,,,,,,,,,,
0.1,0.05,0.1,0.075,0.05,0.018,Biomass,,,,,,,,,,,,,,,,,,,,,,,
0.1,0.05,0.1,0.075,0.05,0.03,Biomass,,,,,,,,,,,,,,,,,,,,,,,
0.1,0.05,0.1,0.075,0.07,0.018,Biomass,,,,,,,,,,,,,,,,,,,,,,,
0.1,0.05,0.1,0.075,0.07,0.03,Biomass,,,,,,,,,,,,,,,,,,,,,,,
0.1,0.05,0.1,0.1,0.03,0.018,Biomass,,,,,,,,,,,,,,,,,,,,,,,
0.1,0.05,0.1,0.1,0.03,0.03,BioCH4,,,,,,,,,,,,,,,,,,,,,,,
0.1,0.05,0.1,0.1,0.05,0.018,Biomass,,,,,,,,,,,,,,,,,,,,,,,
0.1,0.05,0.1,0.1,0.05,0.03,Biomass,,,,,,,,,,,,,,,,,,,,,,,
0.1,0.05,0.1,0.1,0.07,0.018,Biomass,,,,,,,,,,,,,,,,,,,,,,,
0.1,0.05,0.1,0.1,0.07,0.03,Biomass,,,,,,,,,,,,,,,,,,,,,,,
0.1,0.05,0.1,0.2,0.03,0.018,BiomassOxy_CC,,,,,,,,,,,,,,,,,,,,,,,
0.1,0.05,0.1,0.2,0.03,0.03,BioCH4Oxy_CC,,,,,,,,,,,,,,,,,,,,,,,
0.1,0.05,0.1,0.2,0.05,0.018,BiomassOxy_CC,,,,,,,,,,,,,,,,,,,,,,,
0.1,0.05,0.1,0.2,0.05,0.03,BiomassOxy_CC,,,,,,,,,,,,,,,,,,,,,,,
0.1,0.05,0.1,0.2,0.07,0.018,BiomassOxy_CC,,,,,,,,,,,,,,,,,,,,,,,
0.1,0.05,0.1,0.2,0.07,0.03,BiomassOxy_CC,,,,,,,,,,,,,,,,,,,,,,,
0.1,0.05,0.1,0.25,0.03,0.018,BiomassOxy_CC,,,,,,,,,,,,,,,,,,,,,,,
0.1,0.05,0.1,0.25,0.03,0.03,BioCH4Oxy_CC,,,,,,,,,,,,,,,,,,,,,,,
0.1,0.05,0.1,0.25,0.05,0.018,BiomassOxy_CC,,,,,,,,,,,,,,,,,,,,,,,
0.1,0.05,0.1,0.25,0.05,0.03,BiomassOxy_CC,,,,,,,,,,,,,,,,,,,,,,,
0.1,0.05,0.1,0.25,0.07,0.018,BiomassOxy_CC,,,,,,,,,,,,,,,,,,,,,,,
0.1,0.05,0.1,0.25,0.07,0.03,BiomassOxy_CC,,,,,,,,,,,,,,,,,,,,,,,
0.1,0.075,0.01,0.075,0.03,0.018,Biomass,,,,,,,,,,,,,,,,,,,,,,,
0.1,0.075,0.01,0.075,0.03,0.03,NG,,,,,,,,,,,,,,,,,,,,,,,
0.1,0.075,0.01,0.075,0.05,0.018,Biomass,,,,,,,,,,,,,,,,,,,,,,,
0.1,0.075,0.01,0.075,0.05,0.03,NG,,,,,,,,,,,,,,,,,,,,,,,
0.1,0.075,0.01,0.075,0.07,0.018,Biomass,,,,,,,,,,,,,,,,,,,,,,,
0.1,0.075,0.01,0.075,0.07,0.03,NG,,,,,,,,,,,,,,,,,,,,,,,
0.1,0.075,0.01,0.1,0.03,0.018,Biomass,,,,,,,,,,,,,,,,,,,,,,,
0.1,0.075,0.01,0.1,0.03,0.03,NG,,,,,,,,,,,,,,,,,,,,,,,
0.1,0.075,0.01,0.1,0.05,0.018,Biomass,,,,,,,,,,,,,,,,,,,,,,,
0.1,0.075,0.01,0.1,0.05,0.03,NG,,,,,,,,,,,,,,,,,,,,,,,
0.1,0.075,0.01,0.1,0.07,0.018,Biomass,,,,,,,,,,,,,,,,,,,,,,,
0.1,0.075,0.01,0.1,0.07,0.03,NG,,,,,,,,,,,,,,,,,,,,,,,
0.1,0.075,0.01,0.2,0.03,0.018,Biomass_CC,,,,,,,,,,,,,,,,,,,,,,,
0.1,0.075,0.01,0.2,0.03,0.03,Biomass_CC,,,,,,,,,,,,,,,,,,,,,,,
0.1,0.075,0.01,0.2,0.05,0.018,Biomass_CC,,,,,,,,,,,,,,,,,,,,,,,
0.1,0.075,0.01,0.2,0.05,0.03,Biomass_CC,,,,,,,,,,,,,,,,,,,,,,,
0.1,0.075,0.01,0.2,0.07,0.018,Biomass_CC,,,,,,,,,,,,,,,,,,,,,,,
0.1,0.075,0.01,0.2,0.07,0.03,Biomass_CC,,,,,,,,,,,,,,,,,,,,,,,
0.1,0.075,0.01,0.25,0.03,0.018,Biomass_CC,,,,,,,,,,,,,,,,,,,,,,,
0.1,0.075,0.01,0.25,0.03,0.03,Biomass_CC,,,,,,,,,,,,,,,,,,,,,,,
0.1,0.075,0.01,0.25,0.05,0.018,Biomass_CC,,,,,,,,,,,,,,,,,,,,,,,
0.1,0.075,0.01,0.25,0.05,0.03,Biomass_CC,,,,,,,,,,,,,,,,,,,,,,,
0.1,0.075,0.01,0.25,0.07,0.018,Biomass_CC,,,,,,,,,,,,,,,,,,,,,,,
0.1,0.075,0.01,0.25,0.07,0.03,Biomass_CC,,,,,,,,,,,,,,,,,,,,,,,
0.1,0.075,0.035,0.075,0.03,0.018,Biomass,,,,,,,,,,,,,,,,,,,,,,,
0.1,0.075,0.035,0.075,0.03,0.03,BioCH4,,,,,,,,,,,,,,,,,,,,,,,
0.1,0.075,0.035,0.075,0.05,0.018,Biomass,,,,,,,,,,,,,,,,,,,,,,,
0.1,0.075,0.035,0.075,0.05,0.03,Biomass,,,,,,,,,,,,,,,,,,,,,,,
0.1,0.075,0.035,0.075,0.07,0.018,Biomass,,,,,,,,,,,,,,,,,,,,,,,
0.1,0.075,0.035,0.075,0.07,0.03,Biomass,,,,,,,,,,,,,,,,,,,,,,,
0.1,0.075,0.035,0.1,0.03,0.018,Biomass,,,,,,,,,,,,,,,,,,,,,,,
0.1,0.075,0.035,0.1,0.03,0.03,BioCH4,,,,,,,,,,,,,,,,,,,,,,,
0.1,0.075,0.035,0.1,0.05,0.018,Biomass,,,,,,,,,,,,,,,,,,,,,,,
0.1,0.075,0.035,0.1,0.05,0.03,Biomass,,,,,,,,,,,,,,,,,,,,,,,
0.1,0.075,0.035,0.1,0.07,0.018,Biomass,,,,,,,,,,,,,,,,,,,,,,,
0.1,0.075,0.035,0.1,0.07,0.03,Biomass,,,,,,,,,,,,,,,,,,,,,,,
0.1,0.075,0.035,0.2,0.03,0.018,BiomassOxy_CC,,,,,,,,,,,,,,,,,,,,,,,
0.1,0.075,0.035,0.2,0.03,0.03,BioCH4Oxy_CC,,,,,,,,,,,,,,,,,,,,,,,
0.1,0.075,0.035,0.2,0.05,0.018,BiomassOxy_CC,,,,,,,,,,,,,,,,,,,,,,,
0.1,0.075,0.035,0.2,0.05,0.03,BiomassOxy_CC,,,,,,,,,,,,,,,,,,,,,,,
0.1,0.075,0.035,0.2,0.07,0.018,BiomassOxy_CC,,,,,,,,,,,,,,,,,,,,,,,
0.1,0.075,0.035,0.2,0.07,0.03,BiomassOxy_CC,,,,,,,,,,,,,,,,,,,,,,,
0.1,0.075,0.035,0.25,0.03,0.018,BiomassOxy_CC,,,,,,,,,,,,,,,,,,,,,,,
0.1,0.075,0.035,0.25,0.03,0.03,BioCH4Oxy_CC,,,,,,,,,,,,,,,,,,,,,,,
0.1,0.075,0.035,0.25,0.05,0.018,BiomassOxy_CC,,,,,,,,,,,,,,,,,,,,,,,
0.1,0.075,0.035,0.25,0.05,0.03,BiomassOxy_CC,,,,,,,,,,,,,,,,,,,,,,,
0.1,0.075,0.035,0.25,0.07,0.018,BiomassOxy_CC,,,,,,,,,,,,,,,,,,,,,,,
0.1,0.075,0.035,0.25,0.07,0.03,BiomassOxy_CC,,,,,,,,,,,,,,,,,,,,,,,
0.1,0.075,0.055,0.075,0.03,0.018,Biomass,,,,,,,,,,,,,,,,,,,,,,,
0.1,0.075,0.055,0.075,0.03,0.03,BioCH4,,,,,,,,,,,,,,,,,,,,,,,
0.1,0.075,0.055,0.075,0.05,0.018,Biomass,,,,,,,,,,,,,,,,,,,,,,,
0.1,0.075,0.055,0.075,0.05,0.03,Biomass,,,,,,,,,,,,,,,,,,,,,,,
0.1,0.075,0.055,0.075,0.07,0.018,Biomass,,,,,,,,,,,,,,,,,,,,,,,
0.1,0.075,0.055,0.075,0.07,0.03,Biomass,,,,,,,,,,,,,,,,,,,,,,,
0.1,0.075,0.055,0.1,0.03,0.018,Biomass,,,,,,,,,,,,,,,,,,,,,,,
0.1,0.075,0.055,0.1,0.03,0.03,BioCH4,,,,,,,,,,,,,,,,,,,,,,,
0.1,0.075,0.055,0.1,0.05,0.018,Biomass,,,,,,,,,,,,,,,,,,,,,,,
0.1,0.075,0.055,0.1,0.05,0.03,Biomass,,,,,,,,,,,,,,,,,,,,,,,
0.1,0.075,0.055,0.1,0.07,0.018,Biomass,,,,,,,,,,,,,,,,,,,,,,,
0.1,0.075,0.055,0.1,0.07,0.03,Biomass,,,,,,,,,,,,,,,,,,,,,,,
0.1,0.075,0.055,0.2,0.03,0.018,BiomassOxy_CC,,,,,,,,,,,,,,,,,,,,,,,
0.1,0.075,0.055,0.2,0.03,0.03,BioCH4Oxy_CC,,,,,,,,,,,,,,,,,,,,,,,
0.1,0.075,0.055,0.2,0.05,0.018,BiomassOxy_CC,,,,,,,,,,,,,,,,,,,,,,,
0.1,0.075,0.055,0.2,0.05,0.03,BiomassOxy_CC,,,,,,,,,,,,,,,,,,,,,,,
0.1,0.075,0.055,0.2,0.07,0.018,BiomassOxy_CC,,,,,,,,,,,,,,,,,,,,,,,
0.1,0.075,0.055,0.2,0.07,0.03,BiomassOxy_CC,,,,,,,,,,,,,,,,,,,,,,,
0.1,0.075,0.055,0.25,0.03,0.018,BiomassOxy_CC,,,,,,,,,,,,,,,,,,,,,,,
0.1,0.075,0.055,0.25,0.03,0.03,BioCH4Oxy_CC,,,,,,,,,,,,,,,,,,,,,,,
0.1,0.075,0.055,0.25,0.05,0.018,BiomassOxy_CC,,,,,,,,,,,,,,,,,,,,,,,
0.1,0.075,0.055,0.25,0.05,0.03,BiomassOxy_CC,,,,,,,,,,,,,,,,,,,,,,,
0.1,0.075,0.055,0.25,0.07,0.018,BiomassOxy_CC,,,,,,,,,,,,,,,,,,,,,,,
0.1,0.075,0.055,0.25,0.07,0.03,BiomassOxy_CC,,,,,,,,,,,,,,,,,,,,,,,
0.1,0.075,0.075,0.075,0.03,0.018,Biomass,,,,,,,,,,,,,,,,,,,,,,,
0.1,0.075,0.075,0.075,0.03,0.03,BioCH4,,,,,,,,,,,,,,,,,,,,,,,
0.1,0.075,0.075,0.075,0.05,0.018,Biomass,,,,,,,,,,,,,,,,,,,,,,,
0.1,0.075,0.075,0.075,0.05,0.03,Biomass,,,,,,,,,,,,,,,,,,,,,,,
0.1,0.075,0.075,0.075,0.07,0.018,Biomass,,,,,,,,,,,,,,,,,,,,,,,
0.1,0.075,0.075,0.075,0.07,0.03,Biomass,,,,,,,,,,,,,,,,,,,,,,,
0.1,0.075,0.075,0.1,0.03,0.018,Biomass,,,,,,,,,,,,,,,,,,,,,,,
0.1,0.075,0.075,0.1,0.03,0.03,BioCH4,,,,,,,,,,,,,,,,,,,,,,,
0.1,0.075,0.075,0.1,0.05,0.018,Biomass,,,,,,,,,,,,,,,,,,,,,,,
0.1,0.075,0.075,0.1,0.05,0.03,Biomass,,,,,,,,,,,,,,,,,,,,,,,
0.1,0.075,0.075,0.1,0.07,0.018,Biomass,,,,,,,,,,,,,,,,,,,,,,,
0.1,0.075,0.075,0.1,0.07,0.03,Biomass,,,,,,,,,,,,,,,,,,,,,,,
0.1,0.075,0.075,0.2,0.03,0.018,BiomassOxy_CC,,,,,,,,,,,,,,,,,,,,,,,
0.1,0.075,0.075,0.2,0.03,0.03,BioCH4Oxy_CC,,,,,,,,,,,,,,,,,,,,,,,
0.1,0.075,0.075,0.2,0.05,0.018,BiomassOxy_CC,,,,,,,,,,,,,,,,,,,,,,,
0.1,0.075,0.075,0.2,0.05,0.03,BiomassOxy_CC,,,,,,,,,,,,,,,,,,,,,,,
0.1,0.075,0.075,0.2,0.07,0.018,BiomassOxy_CC,,,,,,,,,,,,,,,,,,,,,,,
0.1,0.075,0.075,0.2,0.07,0.03,BiomassOxy_CC,,,,,,,,,,,,,,,,,,,,,,,
0.1,0.075,0.075,0.25,0.03,0.018,BiomassOxy_CC,,,,,,,,,,,,,,,,,,,,,,,
0.1,0.075,0.075,0.25,0.03,0.03,BioCH4Oxy_CC,,,,,,,,,,,,,,,,,,,,,,,
0.1,0.075,0.075,0.25,0.05,0.018,BiomassOxy_CC,,,,,,,,,,,,,,,,,,,,,,,
0.1,0.075,0.075,0.25,0.05,0.03,BiomassOxy_CC,,,,,,,,,,,,,,,,,,,,,,,
0.1,0.075,0.075,0.25,0.07,0.018,BiomassOxy_CC,,,,,,,,,,,,,,,,,,,,,,,
0.1,0.075,0.075,0.25,0.07,0.03,BiomassOxy_CC,,,,,,,,,,,,,,,,,,,,,,,
0.1,0.075,0.1,0.075,0.03,0.018,Biomass,,,,,,,,,,,,,,,,,,,,,,,
0.1,0.075,0.1,0.075,0.03,0.03,BioCH4,,,,,,,,,,,,,,,,,,,,,,,
0.1,0.075,0.1,0.075,0.05,0.018,Biomass,,,,,,,,,,,,,,,,,,,,,,,
0.1,0.075,0.1,0.075,0.05,0.03,Biomass,,,,,,,,,,,,,,,,,,,,,,,
0.1,0.075,0.1,0.075,0.07,0.018,Biomass,,,,,,,,,,,,,,,,,,,,,,,
0.1,0.075,0.1,0.075,0.07,0.03,Biomass,,,,,,,,,,,,,,,,,,,,,,,
0.1,0.075,0.1,0.1,0.03,0.018,Biomass,,,,,,,,,,,,,,,,,,,,,,,
0.1,0.075,0.1,0.1,0.03,0.03,BioCH4,,,,,,,,,,,,,,,,,,,,,,,
0.1,0.075,0.1,0.1,0.05,0.018,Biomass,,,,,,,,,,,,,,,,,,,,,,,
0.1,0.075,0.1,0.1,0.05,0.03,Biomass,,,,,,,,,,,,,,,,,,,,,,,
0.1,0.075,0.1,0.1,0.07,0.018,Biomass,,,,,,,,,,,,,,,,,,,,,,,
0.1,0.075,0.1,0.1,0.07,0.03,Biomass,,,,,,,,,,,,,,,,,,,,,,,
0.1,0.075,0.1,0.2,0.03,0.018,BiomassOxy_CC,,,,,,,,,,,,,,,,,,,,,,,
0.1,0.075,0.1,0.2,0.03,0.03,BioCH4Oxy_CC,,,,,,,,,,,,,,,,,,,,,,,
0.1,0.075,0.1,0.2,0.05,0.018,BiomassOxy_CC,,,,,,,,,,,,,,,,,,,,,,,
0.1,0.075,0.1,0.2,0.05,0.03,BiomassOxy_CC,,,,,,,,,,,,,,,,,,,,,,,
0.1,0.075,0.1,0.2,0.07,0.018,BiomassOxy_CC,,,,,,,,,,,,,,,,,,,,,,,
0.1,0.075,0.1,0.2,0.07,0.03,BiomassOxy_CC,,,,,,,,,,,,,,,,,,,,,,,
0.1,0.075,0.1,0.25,0.03,0.018,BiomassOxy_CC,,,,,,,,,,,,,,,,,,,,,,,
0.1,0.075,0.1,0.25,0.03,0.03,BioCH4Oxy_CC,,,,,,,,,,,,,,,,,,,,,,,
0.1,0.075,0.1,0.25,0.05,0.018,BiomassOxy_CC,,,,,,,,,,,,,,,,,,,,,,,
0.1,0.075,0.1,0.25,0.05,0.03,BiomassOxy_CC,,,,,,,,,,,,,,,,,,,,,,,
0.1,0.075,0.1,0.25,0.07,0.018,BiomassOxy_CC,,,,,,,,,,,,,,,,,,,,,,,
0.1,0.075,0.1,0.25,0.07,0.03,BiomassOxy_CC,,,,,,,,,,,,,,,,,,,,,,,
0.1,0.1,0.01,0.075,0.03,0.018,Biomass,,,,,,,,,,,,,,,,,,,,,,,
0.1,0.1,0.01,0.075,0.03,0.03,NG,,,,,,,,,,,,,,,,,,,,,,,
0.1,0.1,0.01,0.075,0.05,0.018,Biomass,,,,,,,,,,,,,,,,,,,,,,,
0.1,0.1,0.01,0.075,0.05,0.03,NG,,,,,,,,,,,,,,,,,,,,,,,
0.1,0.1,0.01,0.075,0.07,0.018,Biomass,,,,,,,,,,,,,,,,,,,,,,,
0.1,0.1,0.01,0.075,0.07,0.03,NG,,,,,,,,,,,,,,,,,,,,,,,
0.1,0.1,0.01,0.1,0.03,0.018,Biomass,,,,,,,,,,,,,,,,,,,,,,,
0.1,0.1,0.01,0.1,0.03,0.03,NG,,,,,,,,,,,,,,,,,,,,,,,
0.1,0.1,0.01,0.1,0.05,0.018,Biomass,,,,,,,,,,,,,,,,,,,,,,,
0.1,0.1,0.01,0.1,0.05,0.03,NG,,,,,,,,,,,,,,,,,,,,,,,
0.1,0.1,0.01,0.1,0.07,0.018,Biomass,,,,,,,,,,,,,,,,,,,,,,,
0.1,0.1,0.01,0.1,0.07,0.03,NG,,,,,,,,,,,,,,,,,,,,,,,
0.1,0.1,0.01,0.2,0.03,0.018,Biomass_CC,,,,,,,,,,,,,,,,,,,,,,,
0.1,0.1,0.01,0.2,0.03,0.03,Biomass_CC,,,,,,,,,,,,,,,,,,,,,,,
0.1,0.1,0.01,0.2,0.05,0.018,Biomass_CC,,,,,,,,,,,,,,,,,,,,,,,
0.1,0.1,0.01,0.2,0.05,0.03,Biomass_CC,,,,,,,,,,,,,,,,,,,,,,,
0.1,0.1,0.01,0.2,0.07,0.018,Biomass_CC,,,,,,,,,,,,,,,,,,,,,,,
0.1,0.1,0.01,0.2,0.07,0.03,Biomass_CC,,,,,,,,,,,,,,,,,,,,,,,
0.1,0.1,0.01,0.25,0.03,0.018,Biomass_CC,,,,,,,,,,,,,,,,,,,,,,,
0.1,0.1,0.01,0.25,0.03,0.03,Biomass_CC,,,,,,,,,,,,,,,,,,,,,,,
0.1,0.1,0.01,0.25,0.05,0.018,Biomass_CC,,,,,,,,,,,,,,,,,,,,,,,
0.1,0.1,0.01,0.25,0.05,0.03,Biomass_CC,,,,,,,,,,,,,,,,,,,,,,,
0.1,0.1,0.01,0.25,0.07,0.018,Biomass_CC,,,,,,,,,,,,,,,,,,,,,,,
0.1,0.1,0.01,0.25,0.07,0.03,Biomass_CC,,,,,,,,,,,,,,,,,,,,,,,
0.1,0.1,0.035,0.075,0.03,0.018,Biomass,,,,,,,,,,,,,,,,,,,,,,,
0.1,0.1,0.035,0.075,0.03,0.03,BioCH4,,,,,,,,,,,,,,,,,,,,,,,
0.1,0.1,0.035,0.075,0.05,0.018,Biomass,,,,,,,,,,,,,,,,,,,,,,,
0.1,0.1,0.035,0.075,0.05,0.03,Biomass,,,,,,,,,,,,,,,,,,,,,,,
0.1,0.1,0.035,0.075,0.07,0.018,Biomass,,,,,,,,,,,,,,,,,,,,,,,
0.1,0.1,0.035,0.075,0.07,0.03,Biomass,,,,,,,,,,,,,,,,,,,,,,,
0.1,0.1,0.035,0.1,0.03,0.018,Biomass,,,,,,,,,,,,,,,,,,,,,,,
0.1,0.1,0.035,0.1,0.03,0.03,BioCH4,,,,,,,,,,,,,,,,,,,,,,,
0.1,0.1,0.035,0.1,0.05,0.018,Biomass,,,,,,,,,,,,,,,,,,,,,,,
0.1,0.1,0.035,0.1,0.05,0.03,Biomass,,,,,,,,,,,,,,,,,,,,,,,
0.1,0.1,0.035,0.1,0.07,0.018,Biomass,,,,,,,,,,,,,,,,,,,,,,,
0.1,0.1,0.035,0.1,0.07,0.03,Biomass,,,,,,,,,,,,,,,,,,,,,,,
0.1,0.1,0.035,0.2,0.03,0.018,BiomassOxy_CC,,,,,,,,,,,,,,,,,,,,,,,
0.1,0.1,0.035,0.2,0.03,0.03,BioCH4Oxy_CC,,,,,,,,,,,,,,,,,,,,,,,
0.1,0.1,0.035,0.2,0.05,0.018,BiomassOxy_CC,,,,,,,,,,,,,,,,,,,,,,,
0.1,0.1,0.035,0.2,0.05,0.03,BiomassOxy_CC,,,,,,,,,,,,,,,,,,,,,,,
0.1,0.1,0.035,0.2,0.07,0.018,BiomassOxy_CC,,,,,,,,,,,,,,,,,,,,,,,
0.1,0.1,0.035,0.2,0.07,0.03,BiomassOxy_CC,,,,,,,,,,,,,,,,,,,,,,,
0.1,0.1,0.035,0.25,0.03,0.018,BiomassOxy_CC,,,,,,,,,,,,,,,,,,,,,,,
0.1,0.1,0.035,0.25,0.03,0.03,BioCH4Oxy_CC,,,,,,,,,,,,,,,,,,,,,,,
0.1,0.1,0.035,0.25,0.05,0.018,BiomassOxy_CC,,,,,,,,,,,,,,,,,,,,,,,
0.1,0.1,0.035,0.25,0.05,0.03,BiomassOxy_CC,,,,,,,,,,,,,,,,,,,,,,,
0.1,0.1,0.035,0.25,0.07,0.018,BiomassOxy_CC,,,,,,,,,,,,,,,,,,,,,,,
0.1,0.1,0.035,0.25,0.07,0.03,BiomassOxy_CC,,,,,,,,,,,,,,,,,,,,,,,
0.1,0.1,0.055,0.075,0.03,0.018,Biomass,,,,,,,,,,,,,,,,,,,,,,,
0.1,0.1,0.055,0.075,0.03,0.03,BioCH4,,,,,,,,,,,,,,,,,,,,,,,
0.1,0.1,0.055,0.075,0.05,0.018,Biomass,,,,,,,,,,,,,,,,,,,,,,,
0.1,0.1,0.055,0.075,0.05,0.03,Biomass,,,,,,,,,,,,,,,,,,,,,,,
0.1,0.1,0.055,0.075,0.07,0.018,Biomass,,,,,,,,,,,,,,,,,,,,,,,
0.1,0.1,0.055,0.075,0.07,0.03,Biomass,,,,,,,,,,,,,,,,,,,,,,,
0.1,0.1,0.055,0.1,0.03,0.018,Biomass,,,,,,,,,,,,,,,,,,,,,,,
0.1,0.1,0.055,0.1,0.03,0.03,BioCH4,,,,,,,,,,,,,,,,,,,,,,,
0.1,0.1,0.055,0.1,0.05,0.018,Biomass,,,,,,,,,,,,,,,,,,,,,,,
0.1,0.1,0.055,0.1,0.05,0.03,Biomass,,,,,,,,,,,,,,,,,,,,,,,
0.1,0.1,0.055,0.1,0.07,0.018,Biomass,,,,,,,,,,,,,,,,,,,,,,,
0.1,0.1,0.055,0.1,0.07,0.03,Biomass,,,,,,,,,,,,,,,,,,,,,,,
0.1,0.1,0.055,0.2,0.03,0.018,BiomassOxy_CC,,,,,,,,,,,,,,,,,,,,,,,
0.1,0.1,0.055,0.2,0.03,0.03,BioCH4Oxy_CC,,,,,,,,,,,,,,,,,,,,,,,
0.1,0.1,0.055,0.2,0.05,0.018,BiomassOxy_CC,,,,,,,,,,,,,,,,,,,,,,,
0.1,0.1,0.055,0.2,0.05,0.03,BiomassOxy_CC,,,,,,,,,,,,,,,,,,,,,,,
0.1,0.1,0.055,0.2,0.07,0.018,BiomassOxy_CC,,,,,,,,,,,,,,,,,,,,,,,
0.1,0.1,0.055,0.2,0.07,0.03,BiomassOxy_CC,,,,,,,,,,,,,,,,,,,,,,,
0.1,0.1,0.055,0.25,0.03,0.018,BiomassOxy_CC,,,,,,,,,,,,,,,,,,,,,,,
0.1,0.1,0.055,0.25,0.03,0.03,BioCH4Oxy_CC,,,,,,,,,,,,,,,,,,,,,,,
0.1,0.1,0.055,0.25,0.05,0.018,BiomassOxy_CC,,,,,,,,,,,,,,,,,,,,,,,
0.1,0.1,0.055,0.25,0.05,0.03,BiomassOxy_CC,,,,,,,,,,,,,,,,,,,,,,,
0.1,0.1,0.055,0.25,0.07,0.018,BiomassOxy_CC,,,,,,,,,,,,,,,,,,,,,,,
0.1,0.1,0.055,0.25,0.07,0.03,BiomassOxy_CC,,,,,,,,,,,,,,,,,,,,,,,
0.1,0.1,0.075,0.075,0.03,0.018,Biomass,,,,,,,,,,,,,,,,,,,,,,,
0.1,0.1,0.075,0.075,0.03,0.03,BioCH4,,,,,,,,,,,,,,,,,,,,,,,
0.1,0.1,0.075,0.075,0.05,0.018,Biomass,,,,,,,,,,,,,,,,,,,,,,,
0.1,0.1,0.075,0.075,0.05,0.03,Biomass,,,,,,,,,,,,,,,,,,,,,,,
0.1,0.1,0.075,0.075,0.07,0.018,Biomass,,,,,,,,,,,,,,,,,,,,,,,
0.1,0.1,0.075,0.075,0.07,0.03,Biomass,,,,,,,,,,,,,,,,,,,,,,,
0.1,0.1,0.075,0.1,0.03,0.018,Biomass,,,,,,,,,,,,,,,,,,,,,,,
0.1,0.1,0.075,0.1,0.03,0.03,BioCH4,,,,,,,,,,,,,,,,,,,,,,,
0.1,0.1,0.075,0.1,0.05,0.018,Biomass,,,,,,,,,,,,,,,,,,,,,,,
0.1,0.1,0.075,0.1,0.05,0.03,Biomass,,,,,,,,,,,,,,,,,,,,,,,
0.1,0.1,0.075,0.1,0.07,0.018,Biomass,,,,,,,,,,,,,,,,,,,,,,,
0.1,0.1,0.075,0.1,0.07,0.03,Biomass,,,,,,,,,,,,,,,,,,,,,,,
0.1,0.1,0.075,0.2,0.03,0.018,BiomassOxy_CC,,,,,,,,,,,,,,,,,,,,,,,
0.1,0.1,0.075,0.2,0.03,0.03,BioCH4Oxy_CC,,,,,,,,,,,,,,,,,,,,,,,
0.1,0.1,0.075,0.2,0.05,0.018,BiomassOxy_CC,,,,,,,,,,,,,,,,,,,,,,,
0.1,0.1,0.075,0.2,0.05,0.03,BiomassOxy_CC,,,,,,,,,,,,,,,,,,,,,,,
0.1,0.1,0.075,0.2,0.07,0.018,BiomassOxy_CC,,,,,,,,,,,,,,,,,,,,,,,
0.1,0.1,0.075,0.2,0.07,0.03,BiomassOxy_CC,,,,,,,,,,,,,,,,,,,,,,,
0.1,0.1,0.075,0.25,0.03,0.018,BiomassOxy_CC,,,,,,,,,,,,,,,,,,,,,,,
0.1,0.1,0.075,0.25,0.03,0.03,BioCH4Oxy_CC,,,,,,,,,,,,,,,,,,,,,,,
0.1,0.1,0.075,0.25,0.05,0.018,BiomassOxy_CC,,,,,,,,,,,,,,,,,,,,,,,
0.1,0.1,0.075,0.25,0.05,0.03,BiomassOxy_CC,,,,,,,,,,,,,,,,,,,,,,,
0.1,0.1,0.075,0.25,0.07,0.018,BiomassOxy_CC,,,,,,,,,,,,,,,,,,,,,,,
0.1,0.1,0.075,0.25,0.07,0.03,BiomassOxy_CC,,,,,,,,,,,,,,,,,,,,,,,
0.1,0.1,0.1,0.075,0.03,0.018,Biomass,,,,,,,,,,,,,,,,,,,,,,,
0.1,0.1,0.1,0.075,0.03,0.03,BioCH4,,,,,,,,,,,,,,,,,,,,,,,
0.1,0.1,0.1,0.075,0.05,0.018,Biomass,,,,,,,,,,,,,,,,,,,,,,,
0.1,0.1,0.1,0.075,0.05,0.03,Biomass,,,,,,,,,,,,,,,,,,,,,,,
0.1,0.1,0.1,0.075,0.07,0.018,Biomass,,,,,,,,,,,,,,,,,,,,,,,
0.1,0.1,0.1,0.075,0.07,0.03,Biomass,,,,,,,,,,,,,,,,,,,,,,,
0.1,0.1,0.1,0.1,0.03,0.018,Biomass,,,,,,,,,,,,,,,,,,,,,,,
0.1,0.1,0.1,0.1,0.03,0.03,BioCH4,,,,,,,,,,,,,,,,,,,,,,,
0.1,0.1,0.1,0.1,0.05,0.018,Biomass,,,,,,,,,,,,,,,,,,,,,,,
0.1,0.1,0.1,0.1,0.05,0.03,Biomass,,,,,,,,,,,,,,,,,,,,,,,
0.1,0.1,0.1,0.1,0.07,0.018,Biomass,,,,,,,,,,,,,,,,,,,,,,,
0.1,0.1,0.1,0.1,0.07,0.03,Biomass,,,,,,,,,,,,,,,,,,,,,,,
0.1,0.1,0.1,0.2,0.03,0.018,BiomassOxy_CC,,,,,,,,,,,,,,,,,,,,,,,
0.1,0.1,0.1,0.2,0.03,0.03,BioCH4Oxy_CC,,,,,,,,,,,,,,,,,,,,,,,
0.1,0.1,0.1,0.2,0.05,0.018,BiomassOxy_CC,,,,,,,,,,,,,,,,,,,,,,,
0.1,0.1,0.1,0.2,0.05,0.03,BiomassOxy_CC,,,,,,,,,,,,,,,,,,,,,,,
0.1,0.1,0.1,0.2,0.07,0.018,BiomassOxy_CC,,,,,,,,,,,,,,,,,,,,,,,
0.1,0.1,0.1,0.2,0.07,0.03,BiomassOxy_CC,,,,,,,,,,,,,,,,,,,,,,,
0.1,0.1,0.1,0.25,0.03,0.018,BiomassOxy_CC,,,,,,,,,,,,,,,,,,,,,,,
0.1,0.1,0.1,0.25,0.03,0.03,BioCH4Oxy_CC,,,,,,,,,,,,,,,,,,,,,,,
0.1,0.1,0.1,0.25,0.05,0.018,BiomassOxy_CC,,,,,,,,,,,,,,,,,,,,,,,
0.1,0.1,0.1,0.25,0.05,0.03,BiomassOxy_CC,,,,,,,,,,,,,,,,,,,,,,,
0.1,0.1,0.1,0.25,0.07,0.018,BiomassOxy_CC,,,,,,,,,,,,,,,,,,,,,,,
0.1,0.1,0.1,0.25,0.07,0.03,BiomassOxy_CC,,,,,,,,,,,,,,,,,,,,,,,
0.1,0.15,0.01,0.075,0.03,0.018,Biomass,,,,,,,,,,,,,,,,,,,,,,,
0.1,0.15,0.01,0.075,0.03,0.03,NG,,,,,,,,,,,,,,,,,,,,,,,
0.1,0.15,0.01,0.075,0.05,0.018,Biomass,,,,,,,,,,,,,,,,,,,,,,,
0.1,0.15,0.01,0.075,0.05,0.03,NG,,,,,,,,,,,,,,,,,,,,,,,
0.1,0.15,0.01,0.075,0.07,0.018,Biomass,,,,,,,,,,,,,,,,,,,,,,,
0.1,0.15,0.01,0.075,0.07,0.03,NG,,,,,,,,,,,,,,,,,,,,,,,
0.1,0.15,0.01,0.1,0.03,0.018,Biomass,,,,,,,,,,,,,,,,,,,,,,,
0.1,0.15,0.01,0.1,0.03,0.03,NG,,,,,,,,,,,,,,,,,,,,,,,
0.1,0.15,0.01,0.1,0.05,0.018,Biomass,,,,,,,,,,,,,,,,,,,,,,,
0.1,0.15,0.01,0.1,0.05,0.03,NG,,,,,,,,,,,,,,,,,,,,,,,
0.1,0.15,0.01,0.1,0.07,0.018,Biomass,,,,,,,,,,,,,,,,,,,,,,,
0.1,0.15,0.01,0.1,0.07,0.03,NG,,,,,,,,,,,,,,,,,,,,,,,
0.1,0.15,0.01,0.2,0.03,0.018,Biomass_CC,,,,,,,,,,,,,,,,,,,,,,,
0.1,0.15,0.01,0.2,0.03,0.03,Biomass_CC,,,,,,,,,,,,,,,,,,,,,,,
0.1,0.15,0.01,0.2,0.05,0.018,Biomass_CC,,,,,,,,,,,,,,,,,,,,,,,
0.1,0.15,0.01,0.2,0.05,0.03,Biomass_CC,,,,,,,,,,,,,,,,,,,,,,,
0.1,0.15,0.01,0.2,0.07,0.018,Biomass_CC,,,,,,,,,,,,,,,,,,,,,,,
0.1,0.15,0.01,0.2,0.07,0.03,Biomass_CC,,,,,,,,,,,,,,,,,,,,,,,
0.1,0.15,0.01,0.25,0.03,0.018,Biomass_CC,,,,,,,,,,,,,,,,,,,,,,,
0.1,0.15,0.01,0.25,0.03,0.03,Biomass_CC,,,,,,,,,,,,,,,,,,,,,,,
0.1,0.15,0.01,0.25,0.05,0.018,Biomass_CC,,,,,,,,,,,,,,,,,,,,,,,
0.1,0.15,0.01,0.25,0.05,0.03,Biomass_CC,,,,,,,,,,,,,,,,,,,,,,,
0.1,0.15,0.01,0.25,0.07,0.018,Biomass_CC,,,,,,,,,,,,,,,,,,,,,,,
0.1,0.15,0.01,0.25,0.07,0.03,Biomass_CC,,,,,,,,,,,,,,,,,,,,,,,
0.1,0.15,0.035,0.075,0.03,0.018,Biomass,,,,,,,,,,,,,,,,,,,,,,,
0.1,0.15,0.035,0.075,0.03,0.03,BioCH4,,,,,,,,,,,,,,,,,,,,,,,
0.1,0.15,0.035,0.075,0.05,0.018,Biomass,,,,,,,,,,,,,,,,,,,,,,,
0.1,0.15,0.035,0.075,0.05,0.03,Biomass,,,,,,,,,,,,,,,,,,,,,,,
0.1,0.15,0.035,0.075,0.07,0.018,Biomass,,,,,,,,,,,,,,,,,,,,,,,
0.1,0.15,0.035,0.075,0.07,0.03,Biomass,,,,,,,,,,,,,,,,,,,,,,,
0.1,0.15,0.035,0.1,0.03,0.018,Biomass,,,,,,,,,,,,,,,,,,,,,,,
0.1,0.15,0.035,0.1,0.03,0.03,BioCH4,,,,,,,,,,,,,,,,,,,,,,,
0.1,0.15,0.035,0.1,0.05,0.018,Biomass,,,,,,,,,,,,,,,,,,,,,,,
0.1,0.15,0.035,0.1,0.05,0.03,Biomass,,,,,,,,,,,,,,,,,,,,,,,
0.1,0.15,0.035,0.1,0.07,0.018,Biomass,,,,,,,,,,,,,,,,,,,,,,,
0.1,0.15,0.035,0.1,0.07,0.03,Biomass,,,,,,,,,,,,,,,,,,,,,,,
0.1,0.15,0.035,0.2,0.03,0.018,BiomassOxy_CC,,,,,,,,,,,,,,,,,,,,,,,
0.1,0.15,0.035,0.2,0.03,0.03,BioCH4Oxy_CC,,,,,,,,,,,,,,,,,,,,,,,
0.1,0.15,0.035,0.2,0.05,0.018,BiomassOxy_CC,,,,,,,,,,,,,,,,,,,,,,,
0.1,0.15,0.035,0.2,0.05,0.03,BiomassOxy_CC,,,,,,,,,,,,,,,,,,,,,,,
0.1,0.15,0.035,0.2,0.07,0.018,BiomassOxy_CC,,,,,,,,,,,,,,,,,,,,,,,
0.1,0.15,0.035,0.2,0.07,0.03,BiomassOxy_CC,,,,,,,,,,,,,,,,,,,,,,,
0.1,0.15,0.035,0.25,0.03,0.018,BiomassOxy_CC,,,,,,,,,,,,,,,,,,,,,,,
0.1,0.15,0.035,0.25,0.03,0.03,BioCH4Oxy_CC,,,,,,,,,,,,,,,,,,,,,,,
0.1,0.15,0.035,0.25,0.05,0.018,BiomassOxy_CC,,,,,,,,,,,,,,,,,,,,,,,
0.1,0.15,0.035,0.25,0.05,0.03,BiomassOxy_CC,,,,,,,,,,,,,,,,,,,,,,,
0.1,0.15,0.035,0.25,0.07,0.018,BiomassOxy_CC,,,,,,,,,,,,,,,,,,,,,,,
0.1,0.15,0.035,0.25,0.07,0.03,BiomassOxy_CC,,,,,,,,,,,,,,,,,,,,,,,
0.1,0.15,0.055,0.075,0.03,0.018,Biomass,,,,,,,,,,,,,,,,,,,,,,,
0.1,0.15,0.055,0.075,0.03,0.03,BioCH4,,,,,,,,,,,,,,,,,,,,,,,
0.1,0.15,0.055,0.075,0.05,0.018,Biomass,,,,,,,,,,,,,,,,,,,,,,,
0.1,0.15,0.055,0.075,0.05,0.03,Biomass,,,,,,,,,,,,,,,,,,,,,,,
0.1,0.15,0.055,0.075,0.07,0.018,Biomass,,,,,,,,,,,,,,,,,,,,,,,
0.1,0.15,0.055,0.075,0.07,0.03,Biomass,,,,,,,,,,,,,,,,,,,,,,,
0.1,0.15,0.055,0.1,0.03,0.018,Biomass,,,,,,,,,,,,,,,,,,,,,,,
0.1,0.15,0.055,0.1,0.03,0.03,BioCH4,,,,,,,,,,,,,,,,,,,,,,,
0.1,0.15,0.055,0.1,0.05,0.018,Biomass,,,,,,,,,,,,,,,,,,,,,,,
0.1,0.15,0.055,0.1,0.05,0.03,Biomass,,,,,,,,,,,,,,,,,,,,,,,
0.1,0.15,0.055,0.1,0.07,0.018,Biomass,,,,,,,,,,,,,,,,,,,,,,,
0.1,0.15,0.055,0.1,0.07,0.03,Biomass,,,,,,,,,,,,,,,,,,,,,,,
0.1,0.15,0.055,0.2,0.03,0.018,BiomassOxy_CC,,,,,,,,,,,,,,,,,,,,,,,
0.1,0.15,0.055,0.2,0.03,0.03,BioCH4Oxy_CC,,,,,,,,,,,,,,,,,,,,,,,
0.1,0.15,0.055,0.2,0.05,0.018,BiomassOxy_CC,,,,,,,,,,,,,,,,,,,,,,,
0.1,0.15,0.055,0.2,0.05,0.03,BiomassOxy_CC,,,,,,,,,,,,,,,,,,,,,,,
0.1,0.15,0.055,0.2,0.07,0.018,BiomassOxy_CC,,,,,,,,,,,,,,,,,,,,,,,
0.1,0.15,0.055,0.2,0.07,0.03,BiomassOxy_CC,,,,,,,,,,,,,,,,,,,,,,,
0.1,0.15,0.055,0.25,0.03,0.018,BiomassOxy_CC,,,,,,,,,,,,,,,,,,,,,,,
0.1,0.15,0.055,0.25,0.03,0.03,BioCH4Oxy_CC,,,,,,,,,,,,,,,,,,,,,,,
0.1,0.15,0.055,0.25,0.05,0.018,BiomassOxy_CC,,,,,,,,,,,,,,,,,,,,,,,
0.1,0.15,0.055,0.25,0.05,0.03,BiomassOxy_CC,,,,,,,,,,,,,,,,,,,,,,,
0.1,0.15,0.055,0.25,0.07,0.018,BiomassOxy_CC,,,,,,,,,,,,,,,,,,,,,,,
0.1,0.15,0.055,0.25,0.07,0.03,BiomassOxy_CC,,,,,,,,,,,,,,,,,,,,,,,
0.1,0.15,0.075,0.075,0.03,0.018,Biomass,,,,,,,,,,,,,,,,,,,,,,,
0.1,0.15,0.075,0.075,0.03,0.03,BioCH4,,,,,,,,,,,,,,,,,,,,,,,
0.1,0.15,0.075,0.075,0.05,0.018,Biomass,,,,,,,,,,,,,,,,,,,,,,,
0.1,0.15,0.075,0.075,0.05,0.03,Biomass,,,,,,,,,,,,,,,,,,,,,,,
0.1,0.15,0.075,0.075,0.07,0.018,Biomass,,,,,,,,,,,,,,,,,,,,,,,
0.1,0.15,0.075,0.075,0.07,0.03,Biomass,,,,,,,,,,,,,,,,,,,,,,,
0.1,0.15,0.075,0.1,0.03,0.018,Biomass,,,,,,,,,,,,,,,,,,,,,,,
0.1,0.15,0.075,0.1,0.03,0.03,BioCH4,,,,,,,,,,,,,,,,,,,,,,,
0.1,0.15,0.075,0.1,0.05,0.018,Biomass,,,,,,,,,,,,,,,,,,,,,,,
0.1,0.15,0.075,0.1,0.05,0.03,Biomass,,,,,,,,,,,,,,,,,,,,,,,
0.1,0.15,0.075,0.1,0.07,0.018,Biomass,,,,,,,,,,,,,,,,,,,,,,,
0.1,0.15,0.075,0.1,0.07,0.03,Biomass,,,,,,,,,,,,,,,,,,,,,,,
0.1,0.15,0.075,0.2,0.03,0.018,BiomassOxy_CC,,,,,,,,,,,,,,,,,,,,,,,
0.1,0.15,0.075,0.2,0.03,0.03,BioCH4Oxy_CC,,,,,,,,,,,,,,,,,,,,,,,
0.1,0.15,0.075,0.2,0.05,0.018,BiomassOxy_CC,,,,,,,,,,,,,,,,,,,,,,,
0.1,0.15,0.075,0.2,0.05,0.03,BiomassOxy_CC,,,,,,,,,,,,,,,,,,,,,,,
0.1,0.15,0.075,0.2,0.07,0.018,BiomassOxy_CC,,,,,,,,,,,,,,,,,,,,,,,
0.1,0.15,0.075,0.2,0.07,0.03,BiomassOxy_CC,,,,,,,,,,,,,,,,,,,,,,,
0.1,0.15,0.075,0.25,0.03,0.018,BiomassOxy_CC,,,,,,,,,,,,,,,,,,,,,,,
0.1,0.15,0.075,0.25,0.03,0.03,BioCH4Oxy_CC,,,,,,,,,,,,,,,,,,,,,,,
0.1,0.15,0.075,0.25,0.05,0.018,BiomassOxy_CC,,,,,,,,,,,,,,,,,,,,,,,
0.1,0.15,0.075,0.25,0.05,0.03,BiomassOxy_CC,,,,,,,,,,,,,,,,,,,,,,,
0.1,0.15,0.075,0.25,0.07,0.018,BiomassOxy_CC,,,,,,,,,,,,,,,,,,,,,,,
0.1,0.15,0.075,0.25,0.07,0.03,BiomassOxy_CC,,,,,,,,,,,,,,,,,,,,,,,
0.1,0.15,0.1,0.075,0.03,0.018,Biomass,,,,,,,,,,,,,,,,,,,,,,,
0.1,0.15,0.1,0.075,0.03,0.03,BioCH4,,,,,,,,,,,,,,,,,,,,,,,
0.1,0.15,0.1,0.075,0.05,0.018,Biomass,,,,,,,,,,,,,,,,,,,,,,,
0.1,0.15,0.1,0.075,0.05,0.03,Biomass,,,,,,,,,,,,,,,,,,,,,,,
0.1,0.15,0.1,0.075,0.07,0.018,Biomass,,,,,,,,,,,,,,,,,,,,,,,
0.1,0.15,0.1,0.075,0.07,0.03,Biomass,,,,,,,,,,,,,,,,,,,,,,,
0.1,0.15,0.1,0.1,0.03,0.018,Biomass,,,,,,,,,,,,,,,,,,,,,,,
0.1,0.15,0.1,0.1,0.03,0.03,BioCH4,,,,,,,,,,,,,,,,,,,,,,,
0.1,0.15,0.1,0.1,0.05,0.018,Biomass,,,,,,,,,,,,,,,,,,,,,,,
0.1,0.15,0.1,0.1,0.05,0.03,Biomass,,,,,,,,,,,,,,,,,,,,,,,
0.1,0.15,0.1,0.1,0.07,0.018,Biomass,,,,,,,,,,,,,,,,,,,,,,,
0.1,0.15,0.1,0.1,0.07,0.03,Biomass,,,,,,,,,,,,,,,,,,,,,,,
0.1,0.15,0.1,0.2,0.03,0.018,BiomassOxy_CC,,,,,,,,,,,,,,,,,,,,,,,
0.1,0.15,0.1,0.2,0.03,0.03,BioCH4Oxy_CC,,,,,,,,,,,,,,,,,,,,,,,
0.1,0.15,0.1,0.2,0.05,0.018,BiomassOxy_CC,,,,,,,,,,,,,,,,,,,,,,,
0.1,0.15,0.1,0.2,0.05,0.03,BiomassOxy_CC,,,,,,,,,,,,,,,,,,,,,,,
0.1,0.15,0.1,0.2,0.07,0.018,BiomassOxy_CC,,,,,,,,,,,,,,,,,,,,,,,
0.1,0.15,0.1,0.2,0.07,0.03,BiomassOxy_CC,,,,,,,,,,,,,,,,,,,,,,,
0.1,0.15,0.1,0.25,0.03,0.018,BiomassOxy_CC,,,,,,,,,,,,,,,,,,,,,,,
0.1,0.15,0.1,0.25,0.03,0.03,BioCH4Oxy_CC,,,,,,,,,,,,,,,,,,,,,,,
0.1,0.15,0.1,0.25,0.05,0.018,BiomassOxy_CC,,,,,,,,,,,,,,,,,,,,,,,
0.1,0.15,0.1,0.25,0.05,0.03,BiomassOxy_CC,,,,,,,,,,,,,,,,,,,,,,,
0.1,0.15,0.1,0.25,0.07,0.018,BiomassOxy_CC,,,,,,,,,,,,,,,,,,,,,,,
0.1,0.15,0.1,0.25,0.07,0.03,BiomassOxy_CC,,,,,,,,,,,,,,,,,,,,,,,
0.1,0.2,0.01,0.075,0.03,0.018,Biomass,,,,,,,,,,,,,,,,,,,,,,,
0.1,0.2,0.01,0.075,0.03,0.03,NG,,,,,,,,,,,,,,,,,,,,,,,
0.1,0.2,0.01,0.075,0.05,0.018,Biomass,,,,,,,,,,,,,,,,,,,,,,,
0.1,0.2,0.01,0.075,0.05,0.03,NG,,,,,,,,,,,,,,,,,,,,,,,
0.1,0.2,0.01,0.075,0.07,0.018,Biomass,,,,,,,,,,,,,,,,,,,,,,,
0.1,0.2,0.01,0.075,0.07,0.03,NG,,,,,,,,,,,,,,,,,,,,,,,
0.1,0.2,0.01,0.1,0.03,0.018,Biomass,,,,,,,,,,,,,,,,,,,,,,,
0.1,0.2,0.01,0.1,0.03,0.03,NG,,,,,,,,,,,,,,,,,,,,,,,
0.1,0.2,0.01,0.1,0.05,0.018,Biomass,,,,,,,,,,,,,,,,,,,,,,,
0.1,0.2,0.01,0.1,0.05,0.03,NG,,,,,,,,,,,,,,,,,,,,,,,
0.1,0.2,0.01,0.1,0.07,0.018,Biomass,,,,,,,,,,,,,,,,,,,,,,,
0.1,0.2,0.01,0.1,0.07,0.03,NG,,,,,,,,,,,,,,,,,,,,,,,
0.1,0.2,0.01,0.2,0.03,0.018,Biomass_CC,,,,,,,,,,,,,,,,,,,,,,,
0.1,0.2,0.01,0.2,0.03,0.03,Biomass_CC,,,,,,,,,,,,,,,,,,,,,,,
0.1,0.2,0.01,0.2,0.05,0.018,Biomass_CC,,,,,,,,,,,,,,,,,,,,,,,
0.1,0.2,0.01,0.2,0.05,0.03,Biomass_CC,,,,,,,,,,,,,,,,,,,,,,,
0.1,0.2,0.01,0.2,0.07,0.018,Biomass_CC,,,,,,,,,,,,,,,,,,,,,,,
0.1,0.2,0.01,0.2,0.07,0.03,Biomass_CC,,,,,,,,,,,,,,,,,,,,,,,
0.1,0.2,0.01,0.25,0.03,0.018,Biomass_CC,,,,,,,,,,,,,,,,,,,,,,,
0.1,0.2,0.01,0.25,0.03,0.03,Biomass_CC,,,,,,,,,,,,,,,,,,,,,,,
0.1,0.2,0.01,0.25,0.05,0.018,Biomass_CC,,,,,,,,,,,,,,,,,,,,,,,
0.1,0.2,0.01,0.25,0.05,0.03,Biomass_CC,,,,,,,,,,,,,,,,,,,,,,,
0.1,0.2,0.01,0.25,0.07,0.018,Biomass_CC,,,,,,,,,,,,,,,,,,,,,,,
0.1,0.2,0.01,0.25,0.07,0.03,Biomass_CC,,,,,,,,,,,,,,,,,,,,,,,
0.1,0.2,0.035,0.075,0.03,0.018,Biomass,,,,,,,,,,,,,,,,,,,,,,,
0.1,0.2,0.035,0.075,0.03,0.03,BioCH4,,,,,,,,,,,,,,,,,,,,,,,
0.1,0.2,0.035,0.075,0.05,0.018,Biomass,,,,,,,,,,,,,,,,,,,,,,,
0.1,0.2,0.035,0.075,0.05,0.03,Biomass,,,,,,,,,,,,,,,,,,,,,,,
0.1,0.2,0.035,0.075,0.07,0.018,Biomass,,,,,,,,,,,,,,,,,,,,,,,
0.1,0.2,0.035,0.075,0.07,0.03,Biomass,,,,,,,,,,,,,,,,,,,,,,,
0.1,0.2,0.035,0.1,0.03,0.018,Biomass,,,,,,,,,,,,,,,,,,,,,,,
0.1,0.2,0.035,0.1,0.03,0.03,BioCH4,,,,,,,,,,,,,,,,,,,,,,,
0.1,0.2,0.035,0.1,0.05,0.018,Biomass,,,,,,,,,,,,,,,,,,,,,,,
0.1,0.2,0.035,0.1,0.05,0.03,Biomass,,,,,,,,,,,,,,,,,,,,,,,
0.1,0.2,0.035,0.1,0.07,0.018,Biomass,,,,,,,,,,,,,,,,,,,,,,,
0.1,0.2,0.035,0.1,0.07,0.03,Biomass,,,,,,,,,,,,,,,,,,,,,,,
0.1,0.2,0.035,0.2,0.03,0.018,BiomassOxy_CC,,,,,,,,,,,,,,,,,,,,,,,
0.1,0.2,0.035,0.2,0.03,0.03,BioCH4Oxy_CC,,,,,,,,,,,,,,,,,,,,,,,
0.1,0.2,0.035,0.2,0.05,0.018,BiomassOxy_CC,,,,,,,,,,,,,,,,,,,,,,,
0.1,0.2,0.035,0.2,0.05,0.03,BiomassOxy_CC,,,,,,,,,,,,,,,,,,,,,,,
0.1,0.2,0.035,0.2,0.07,0.018,BiomassOxy_CC,,,,,,,,,,,,,,,,,,,,,,,
0.1,0.2,0.035,0.2,0.07,0.03,BiomassOxy_CC,,,,,,,,,,,,,,,,,,,,,,,
0.1,0.2,0.035,0.25,0.03,0.018,BiomassOxy_CC,,,,,,,,,,,,,,,,,,,,,,,
0.1,0.2,0.035,0.25,0.03,0.03,BioCH4Oxy_CC,,,,,,,,,,,,,,,,,,,,,,,
0.1,0.2,0.035,0.25,0.05,0.018,BiomassOxy_CC,,,,,,,,,,,,,,,,,,,,,,,
0.1,0.2,0.035,0.25,0.05,0.03,BiomassOxy_CC,,,,,,,,,,,,,,,,,,,,,,,
0.1,0.2,0.035,0.25,0.07,0.018,BiomassOxy_CC,,,,,,,,,,,,,,,,,,,,,,,
0.1,0.2,0.035,0.25,0.07,0.03,BiomassOxy_CC,,,,,,,,,,,,,,,,,,,,,,,
0.1,0.2,0.055,0.075,0.03,0.018,Biomass,,,,,,,,,,,,,,,,,,,,,,,
0.1,0.2,0.055,0.075,0.03,0.03,BioCH4,,,,,,,,,,,,,,,,,,,,,,,
0.1,0.2,0.055,0.075,0.05,0.018,Biomass,,,,,,,,,,,,,,,,,,,,,,,
0.1,0.2,0.055,0.075,0.05,0.03,Biomass,,,,,,,,,,,,,,,,,,,,,,,
0.1,0.2,0.055,0.075,0.07,0.018,Biomass,,,,,,,,,,,,,,,,,,,,,,,
0.1,0.2,0.055,0.075,0.07,0.03,Biomass,,,,,,,,,,,,,,,,,,,,,,,
0.1,0.2,0.055,0.1,0.03,0.018,Biomass,,,,,,,,,,,,,,,,,,,,,,,
0.1,0.2,0.055,0.1,0.03,0.03,BioCH4,,,,,,,,,,,,,,,,,,,,,,,
0.1,0.2,0.055,0.1,0.05,0.018,Biomass,,,,,,,,,,,,,,,,,,,,,,,
0.1,0.2,0.055,0.1,0.05,0.03,Biomass,,,,,,,,,,,,,,,,,,,,,,,
0.1,0.2,0.055,0.1,0.07,0.018,Biomass,,,,,,,,,,,,,,,,,,,,,,,
0.1,0.2,0.055,0.1,0.07,0.03,Biomass,,,,,,,,,,,,,,,,,,,,,,,
0.1,0.2,0.055,0.2,0.03,0.018,BiomassOxy_CC,,,,,,,,,,,,,,,,,,,,,,,
0.1,0.2,0.055,0.2,0.03,0.03,BioCH4Oxy_CC,,,,,,,,,,,,,,,,,,,,,,,
0.1,0.2,0.055,0.2,0.05,0.018,BiomassOxy_CC,,,,,,,,,,,,,,,,,,,,,,,
0.1,0.2,0.055,0.2,0.05,0.03,BiomassOxy_CC,,,,,,,,,,,,,,,,,,,,,,,
0.1,0.2,0.055,0.2,0.07,0.018,BiomassOxy_CC,,,,,,,,,,,,,,,,,,,,,,,
0.1,0.2,0.055,0.2,0.07,0.03,BiomassOxy_CC,,,,,,,,,,,,,,,,,,,,,,,
0.1,0.2,0.055,0.25,0.03,0.018,BiomassOxy_CC,,,,,,,,,,,,,,,,,,,,,,,
0.1,0.2,0.055,0.25,0.03,0.03,BioCH4Oxy_CC,,,,,,,,,,,,,,,,,,,,,,,
0.1,0.2,0.055,0.25,0.05,0.018,BiomassOxy_CC,,,,,,,,,,,,,,,,,,,,,,,
0.1,0.2,0.055,0.25,0.05,0.03,BiomassOxy_CC,,,,,,,,,,,,,,,,,,,,,,,
0.1,0.2,0.055,0.25,0.07,0.018,BiomassOxy_CC,,,,,,,,,,,,,,,,,,,,,,,
0.1,0.2,0.055,0.25,0.07,0.03,BiomassOxy_CC,,,,,,,,,,,,,,,,,,,,,,,
0.1,0.2,0.075,0.075,0.03,0.018,Biomass,,,,,,,,,,,,,,,,,,,,,,,
0.1,0.2,0.075,0.075,0.03,0.03,BioCH4,,,,,,,,,,,,,,,,,,,,,,,
0.1,0.2,0.075,0.075,0.05,0.018,Biomass,,,,,,,,,,,,,,,,,,,,,,,
0.1,0.2,0.075,0.075,0.05,0.03,Biomass,,,,,,,,,,,,,,,,,,,,,,,
0.1,0.2,0.075,0.075,0.07,0.018,Biomass,,,,,,,,,,,,,,,,,,,,,,,
0.1,0.2,0.075,0.075,0.07,0.03,Biomass,,,,,,,,,,,,,,,,,,,,,,,
0.1,0.2,0.075,0.1,0.03,0.018,Biomass,,,,,,,,,,,,,,,,,,,,,,,
0.1,0.2,0.075,0.1,0.03,0.03,BioCH4,,,,,,,,,,,,,,,,,,,,,,,
0.1,0.2,0.075,0.1,0.05,0.018,Biomass,,,,,,,,,,,,,,,,,,,,,,,
0.1,0.2,0.075,0.1,0.05,0.03,Biomass,,,,,,,,,,,,,,,,,,,,,,,
0.1,0.2,0.075,0.1,0.07,0.018,Biomass,,,,,,,,,,,,,,,,,,,,,,,
0.1,0.2,0.075,0.1,0.07,0.03,Biomass,,,,,,,,,,,,,,,,,,,,,,,
0.1,0.2,0.075,0.2,0.03,0.018,BiomassOxy_CC,,,,,,,,,,,,,,,,,,,,,,,
0.1,0.2,0.075,0.2,0.03,0.03,BioCH4Oxy_CC,,,,,,,,,,,,,,,,,,,,,,,
0.1,0.2,0.075,0.2,0.05,0.018,BiomassOxy_CC,,,,,,,,,,,,,,,,,,,,,,,
0.1,0.2,0.075,0.2,0.05,0.03,BiomassOxy_CC,,,,,,,,,,,,,,,,,,,,,,,
0.1,0.2,0.075,0.2,0.07,0.018,BiomassOxy_CC,,,,,,,,,,,,,,,,,,,,,,,
0.1,0.2,0.075,0.2,0.07,0.03,BiomassOxy_CC,,,,,,,,,,,,,,,,,,,,,,,
0.1,0.2,0.075,0.25,0.03,0.018,BiomassOxy_CC,,,,,,,,,,,,,,,,,,,,,,,
0.1,0.2,0.075,0.25,0.03,0.03,BioCH4Oxy_CC,,,,,,,,,,,,,,,,,,,,,,,
0.1,0.2,0.075,0.25,0.05,0.018,BiomassOxy_CC,,,,,,,,,,,,,,,,,,,,,,,
0.1,0.2,0.075,0.25,0.05,0.03,BiomassOxy_CC,,,,,,,,,,,,,,,,,,,,,,,
0.1,0.2,0.075,0.25,0.07,0.018,BiomassOxy_CC,,,,,,,,,,,,,,,,,,,,,,,
0.1,0.2,0.075,0.25,0.07,0.03,BiomassOxy_CC,,,,,,,,,,,,,,,,,,,,,,,
0.1,0.2,0.1,0.075,0.03,0.018,Biomass,,,,,,,,,,,,,,,,,,,,,,,
0.1,0.2,0.1,0.075,0.03,0.03,BioCH4,,,,,,,,,,,,,,,,,,,,,,,
0.1,0.2,0.1,0.075,0.05,0.018,Biomass,,,,,,,,,,,,,,,,,,,,,,,
0.1,0.2,0.1,0.075,0.05,0.03,Biomass,,,,,,,,,,,,,,,,,,,,,,,
0.1,0.2,0.1,0.075,0.07,0.018,Biomass,,,,,,,,,,,,,,,,,,,,,,,
0.1,0.2,0.1,0.075,0.07,0.03,Biomass,,,,,,,,,,,,,,,,,,,,,,,
0.1,0.2,0.1,0.1,0.03,0.018,Biomass,,,,,,,,,,,,,,,,,,,,,,,
0.1,0.2,0.1,0.1,0.03,0.03,BioCH4,,,,,,,,,,,,,,,,,,,,,,,
0.1,0.2,0.1,0.1,0.05,0.018,Biomass,,,,,,,,,,,,,,,,,,,,,,,
0.1,0.2,0.1,0.1,0.05,0.03,Biomass,,,,,,,,,,,,,,,,,,,,,,,
0.1,0.2,0.1,0.1,0.07,0.018,Biomass,,,,,,,,,,,,,,,,,,,,,,,
0.1,0.2,0.1,0.1,0.07,0.03,Biomass,,,,,,,,,,,,,,,,,,,,,,,
0.1,0.2,0.1,0.2,0.03,0.018,BiomassOxy_CC,,,,,,,,,,,,,,,,,,,,,,,
0.1,0.2,0.1,0.2,0.03,0.03,BioCH4Oxy_CC,,,,,,,,,,,,,,,,,,,,,,,
0.1,0.2,0.1,0.2,0.05,0.018,BiomassOxy_CC,,,,,,,,,,,,,,,,,,,,,,,
0.1,0.2,0.1,0.2,0.05,0.03,BiomassOxy_CC,,,,,,,,,,,,,,,,,,,,,,,
0.1,0.2,0.1,0.2,0.07,0.018,BiomassOxy_CC,,,,,,,,,,,,,,,,,,,,,,,
0.1,0.2,0.1,0.2,0.07,0.03,BiomassOxy_CC,,,,,,,,,,,,,,,,,,,,,,,
0.1,0.2,0.1,0.25,0.03,0.018,BiomassOxy_CC,,,,,,,,,,,,,,,,,,,,,,,
0.1,0.2,0.1,0.25,0.03,0.03,BioCH4Oxy_CC,,,,,,,,,,,,,,,,,,,,,,,
0.1,0.2,0.1,0.25,0.05,0.018,BiomassOxy_CC,,,,,,,,,,,,,,,,,,,,,,,
0.1,0.2,0.1,0.25,0.05,0.03,BiomassOxy_CC,,,,,,,,,,,,,,,,,,,,,,,
0.1,0.2,0.1,0.25,0.07,0.018,BiomassOxy_CC,,,,,,,,,,,,,,,,,,,,,,,
0.1,0.2,0.1,0.25,0.07,0.03,BiomassOxy_CC,,,,,,,,,,,,,,,,,,,,,,,
0.125,0.01,0.01,0.075,0.03,0.018,Biomass,,,,,,,,,,,,,,,,,,,,,,,
0.125,0.01,0.01,0.075,0.03,0.03,NG,,,,,,,,,,,,,,,,,,,,,,,
0.125,0.01,0.01,0.075,0.05,0.018,Biomass,,,,,,,,,,,,,,,,,,,,,,,
0.125,0.01,0.01,0.075,0.05,0.03,NG,,,,,,,,,,,,,,,,,,,,,,,
0.125,0.01,0.01,0.075,0.07,0.018,Biomass,,,,,,,,,,,,,,,,,,,,,,,
0.125,0.01,0.01,0.075,0.07,0.03,NG,,,,,,,,,,,,,,,,,,,,,,,
0.125,0.01,0.01,0.1,0.03,0.018,Biomass,,,,,,,,,,,,,,,,,,,,,,,
0.125,0.01,0.01,0.1,0.03,0.03,NG,,,,,,,,,,,,,,,,,,,,,,,
0.125,0.01,0.01,0.1,0.05,0.018,Biomass,,,,,,,,,,,,,,,,,,,,,,,
0.125,0.01,0.01,0.1,0.05,0.03,NG,,,,,,,,,,,,,,,,,,,,,,,
0.125,0.01,0.01,0.1,0.07,0.018,Biomass,,,,,,,,,,,,,,,,,,,,,,,
0.125,0.01,0.01,0.1,0.07,0.03,NG,,,,,,,,,,,,,,,,,,,,,,,
0.125,0.01,0.01,0.2,0.03,0.018,Biomass_CC,,,,,,,,,,,,,,,,,,,,,,,
0.125,0.01,0.01,0.2,0.03,0.03,H2Oxy_CC,,,,,,,,,,,,,,,,,,,,,,,
0.125,0.01,0.01,0.2,0.05,0.018,Biomass_CC,,,,,,,,,,,,,,,,,,,,,,,
0.125,0.01,0.01,0.2,0.05,0.03,H2Oxy_CC,,,,,,,,,,,,,,,,,,,,,,,
0.125,0.01,0.01,0.2,0.07,0.018,Biomass_CC,,,,,,,,,,,,,,,,,,,,,,,
0.125,0.01,0.01,0.2,0.07,0.03,H2Oxy_CC,,,,,,,,,,,,,,,,,,,,,,,
0.125,0.01,0.01,0.25,0.03,0.018,Biomass_CC,,,,,,,,,,,,,,,,,,,,,,,
0.125,0.01,0.01,0.25,0.03,0.03,Biomass_CC,,,,,,,,,,,,,,,,,,,,,,,
0.125,0.01,0.01,0.25,0.05,0.018,Biomass_CC,,,,,,,,,,,,,,,,,,,,,,,
0.125,0.01,0.01,0.25,0.05,0.03,Biomass_CC,,,,,,,,,,,,,,,,,,,,,,,
0.125,0.01,0.01,0.25,0.07,0.018,Biomass_CC,,,,,,,,,,,,,,,,,,,,,,,
0.125,0.01,0.01,0.25,0.07,0.03,Biomass_CC,,,,,,,,,,,,,,,,,,,,,,,
0.125,0.01,0.035,0.075,0.03,0.018,Biomass,,,,,,,,,,,,,,,,,,,,,,,
0.125,0.01,0.035,0.075,0.03,0.03,BioCH4,,,,,,,,,,,,,,,,,,,,,,,
0.125,0.01,0.035,0.075,0.05,0.018,Biomass,,,,,,,,,,,,,,,,,,,,,,,
0.125,0.01,0.035,0.075,0.05,0.03,Biomass,,,,,,,,,,,,,,,,,,,,,,,
0.125,0.01,0.035,0.075,0.07,0.018,Biomass,,,,,,,,,,,,,,,,,,,,,,,
0.125,0.01,0.035,0.075,0.07,0.03,Biomass,,,,,,,,,,,,,,,,,,,,,,,
0.125,0.01,0.035,0.1,0.03,0.018,Biomass,,,,,,,,,,,,,,,,,,,,,,,
0.125,0.01,0.035,0.1,0.03,0.03,BioCH4,,,,,,,,,,,,,,,,,,,,,,,
0.125,0.01,0.035,0.1,0.05,0.018,Biomass,,,,,,,,,,,,,,,,,,,,,,,
0.125,0.01,0.035,0.1,0.05,0.03,Biomass,,,,,,,,,,,,,,,,,,,,,,,
0.125,0.01,0.035,0.1,0.07,0.018,Biomass,,,,,,,,,,,,,,,,,,,,,,,
0.125,0.01,0.035,0.1,0.07,0.03,Biomass,,,,,,,,,,,,,,,,,,,,,,,
0.125,0.01,0.035,0.2,0.03,0.018,H2Oxy_CC,,,,,,,,,,,,,,,,,,,,,,,
0.125,0.01,0.035,0.2,0.03,0.03,H2Oxy_CC,,,,,,,,,,,,,,,,,,,,,,,
0.125,0.01,0.035,0.2,0.05,0.018,H2Oxy_CC,,,,,,,,,,,,,,,,,,,,,,,
0.125,0.01,0.035,0.2,0.05,0.03,H2Oxy_CC,,,,,,,,,,,,,,,,,,,,,,,
0.125,0.01,0.035,0.2,0.07,0.018,H2Oxy_CC,,,,,,,,,,,,,,,,,,,,,,,
0.125,0.01,0.035,0.2,0.07,0.03,H2Oxy_CC,,,,,,,,,,,,,,,,,,,,,,,
0.125,0.01,0.035,0.25,0.03,0.018,H2Oxy_CC,,,,,,,,,,,,,,,,,,,,,,,
0.125,0.01,0.035,0.25,0.03,0.03,H2Oxy_CC,,,,,,,,,,,,,,,,,,,,,,,
0.125,0.01,0.035,0.25,0.05,0.018,H2Oxy_CC,,,,,,,,,,,,,,,,,,,,,,,
0.125,0.01,0.035,0.25,0.05,0.03,H2Oxy_CC,,,,,,,,,,,,,,,,,,,,,,,
0.125,0.01,0.035,0.25,0.07,0.018,H2Oxy_CC,,,,,,,,,,,,,,,,,,,,,,,
0.125,0.01,0.035,0.25,0.07,0.03,H2Oxy_CC,,,,,,,,,,,,,,,,,,,,,,,
0.125,0.01,0.055,0.075,0.03,0.018,Biomass,,,,,,,,,,,,,,,,,,,,,,,
0.125,0.01,0.055,0.075,0.03,0.03,BioCH4,,,,,,,,,,,,,,,,,,,,,,,
0.125,0.01,0.055,0.075,0.05,0.018,Biomass,,,,,,,,,,,,,,,,,,,,,,,
0.125,0.01,0.055,0.075,0.05,0.03,Biomass,,,,,,,,,,,,,,,,,,,,,,,
0.125,0.01,0.055,0.075,0.07,0.018,Biomass,,,,,,,,,,,,,,,,,,,,,,,
0.125,0.01,0.055,0.075,0.07,0.03,Biomass,,,,,,,,,,,,,,,,,,,,,,,
0.125,0.01,0.055,0.1,0.03,0.018,Biomass,,,,,,,,,,,,,,,,,,,,,,,
0.125,0.01,0.055,0.1,0.03,0.03,BioCH4,,,,,,,,,,,,,,,,,,,,,,,
0.125,0.01,0.055,0.1,0.05,0.018,Biomass,,,,,,,,,,,,,,,,,,,,,,,
0.125,0.01,0.055,0.1,0.05,0.03,Biomass,,,,,,,,,,,,,,,,,,,,,,,
0.125,0.01,0.055,0.1,0.07,0.018,Biomass,,,,,,,,,,,,,,,,,,,,,,,
0.125,0.01,0.055,0.1,0.07,0.03,Biomass,,,,,,,,,,,,,,,,,,,,,,,
0.125,0.01,0.055,0.2,0.03,0.018,H2Oxy_CC,,,,,,,,,,,,,,,,,,,,,,,
0.125,0.01,0.055,0.2,0.03,0.03,H2Oxy_CC,,,,,,,,,,,,,,,,,,,,,,,
0.125,0.01,0.055,0.2,0.05,0.018,H2Oxy_CC,,,,,,,,,,,,,,,,,,,,,,,
0.125,0.01,0.055,0.2,0.05,0.03,H2Oxy_CC,,,,,,,,,,,,,,,,,,,,,,,
0.125,0.01,0.055,0.2,0.07,0.018,H2Oxy_CC,,,,,,,,,,,,,,,,,,,,,,,
0.125,0.01,0.055,0.2,0.07,0.03,H2Oxy_CC,,,,,,,,,,,,,,,,,,,,,,,
0.125,0.01,0.055,0.25,0.03,0.018,H2Oxy_CC,,,,,,,,,,,,,,,,,,,,,,,
0.125,0.01,0.055,0.25,0.03,0.03,H2Oxy_CC,,,,,,,,,,,,,,,,,,,,,,,
0.125,0.01,0.055,0.25,0.05,0.018,H2Oxy_CC,,,,,,,,,,,,,,,,,,,,,,,
0.125,0.01,0.055,0.25,0.05,0.03,H2Oxy_CC,,,,,,,,,,,,,,,,,,,,,,,
0.125,0.01,0.055,0.25,0.07,0.018,H2Oxy_CC,,,,,,,,,,,,,,,,,,,,,,,
0.125,0.01,0.055,0.25,0.07,0.03,H2Oxy_CC,,,,,,,,,,,,,,,,,,,,,,,
0.125,0.01,0.075,0.075,0.03,0.018,Biomass,,,,,,,,,,,,,,,,,,,,,,,
0.125,0.01,0.075,0.075,0.03,0.03,BioCH4,,,,,,,,,,,,,,,,,,,,,,,
0.125,0.01,0.075,0.075,0.05,0.018,Biomass,,,,,,,,,,,,,,,,,,,,,,,
0.125,0.01,0.075,0.075,0.05,0.03,Biomass,,,,,,,,,,,,,,,,,,,,,,,
0.125,0.01,0.075,0.075,0.07,0.018,Biomass,,,,,,,,,,,,,,,,,,,,,,,
0.125,0.01,0.075,0.075,0.07,0.03,Biomass,,,,,,,,,,,,,,,,,,,,,,,
0.125,0.01,0.075,0.1,0.03,0.018,Biomass,,,,,,,,,,,,,,,,,,,,,,,
0.125,0.01,0.075,0.1,0.03,0.03,BioCH4,,,,,,,,,,,,,,,,,,,,,,,
0.125,0.01,0.075,0.1,0.05,0.018,Biomass,,,,,,,,,,,,,,,,,,,,,,,
0.125,0.01,0.075,0.1,0.05,0.03,Biomass,,,,,,,,,,,,,,,,,,,,,,,
0.125,0.01,0.075,0.1,0.07,0.018,Biomass,,,,,,,,,,,,,,,,,,,,,,,
0.125,0.01,0.075,0.1,0.07,0.03,Biomass,,,,,,,,,,,,,,,,,,,,,,,
0.125,0.01,0.075,0.2,0.03,0.018,H2Oxy_CC,,,,,,,,,,,,,,,,,,,,,,,
0.125,0.01,0.075,0.2,0.03,0.03,H2Oxy_CC,,,,,,,,,,,,,,,,,,,,,,,
0.125,0.01,0.075,0.2,0.05,0.018,H2Oxy_CC,,,,,,,,,,,,,,,,,,,,,,,
0.125,0.01,0.075,0.2,0.05,0.03,H2Oxy_CC,,,,,,,,,,,,,,,,,,,,,,,
0.125,0.01,0.075,0.2,0.07,0.018,H2Oxy_CC,,,,,,,,,,,,,,,,,,,,,,,
0.125,0.01,0.075,0.2,0.07,0.03,H2Oxy_CC,,,,,,,,,,,,,,,,,,,,,,,
0.125,0.01,0.075,0.25,0.03,0.018,H2Oxy_CC,,,,,,,,,,,,,,,,,,,,,,,
0.125,0.01,0.075,0.25,0.03,0.03,H2Oxy_CC,,,,,,,,,,,,,,,,,,,,,,,
0.125,0.01,0.075,0.25,0.05,0.018,H2Oxy_CC,,,,,,,,,,,,,,,,,,,,,,,
0.125,0.01,0.075,0.25,0.05,0.03,H2Oxy_CC,,,,,,,,,,,,,,,,,,,,,,,
0.125,0.01,0.075,0.25,0.07,0.018,H2Oxy_CC,,,,,,,,,,,,,,,,,,,,,,,
0.125,0.01,0.075,0.25,0.07,0.03,H2Oxy_CC,,,,,,,,,,,,,,,,,,,,,,,
0.125,0.01,0.1,0.075,0.03,0.018,Biomass,,,,,,,,,,,,,,,,,,,,,,,
0.125,0.01,0.1,0.075,0.03,0.03,BioCH4,,,,,,,,,,,,,,,,,,,,,,,
0.125,0.01,0.1,0.075,0.05,0.018,Biomass,,,,,,,,,,,,,,,,,,,,,,,
0.125,0.01,0.1,0.075,0.05,0.03,Biomass,,,,,,,,,,,,,,,,,,,,,,,
0.125,0.01,0.1,0.075,0.07,0.018,Biomass,,,,,,,,,,,,,,,,,,,,,,,
0.125,0.01,0.1,0.075,0.07,0.03,Biomass,,,,,,,,,,,,,,,,,,,,,,,
0.125,0.01,0.1,0.1,0.03,0.018,Biomass,,,,,,,,,,,,,,,,,,,,,,,
0.125,0.01,0.1,0.1,0.03,0.03,BioCH4,,,,,,,,,,,,,,,,,,,,,,,
0.125,0.01,0.1,0.1,0.05,0.018,Biomass,,,,,,,,,,,,,,,,,,,,,,,
0.125,0.01,0.1,0.1,0.05,0.03,Biomass,,,,,,,,,,,,,,,,,,,,,,,
0.125,0.01,0.1,0.1,0.07,0.018,Biomass,,,,,,,,,,,,,,,,,,,,,,,
0.125,0.01,0.1,0.1,0.07,0.03,Biomass,,,,,,,,,,,,,,,,,,,,,,,
0.125,0.01,0.1,0.2,0.03,0.018,H2Oxy_CC,,,,,,,,,,,,,,,,,,,,,,,
0.125,0.01,0.1,0.2,0.03,0.03,H2Oxy_CC,,,,,,,,,,,,,,,,,,,,,,,
0.125,0.01,0.1,0.2,0.05,0.018,H2Oxy_CC,,,,,,,,,,,,,,,,,,,,,,,
0.125,0.01,0.1,0.2,0.05,0.03,H2Oxy_CC,,,,,,,,,,,,,,,,,,,,,,,
0.125,0.01,0.1,0.2,0.07,0.018,H2Oxy_CC,,,,,,,,,,,,,,,,,,,,,,,
0.125,0.01,0.1,0.2,0.07,0.03,H2Oxy_CC,,,,,,,,,,,,,,,,,,,,,,,
0.125,0.01,0.1,0.25,0.03,0.018,H2Oxy_CC,,,,,,,,,,,,,,,,,,,,,,,
0.125,0.01,0.1,0.25,0.03,0.03,H2Oxy_CC,,,,,,,,,,,,,,,,,,,,,,,
0.125,0.01,0.1,0.25,0.05,0.018,H2Oxy_CC,,,,,,,,,,,,,,,,,,,,,,,
0.125,0.01,0.1,0.25,0.05,0.03,H2Oxy_CC,,,,,,,,,,,,,,,,,,,,,,,
0.125,0.01,0.1,0.25,0.07,0.018,H2Oxy_CC,,,,,,,,,,,,,,,,,,,,,,,
0.125,0.01,0.1,0.25,0.07,0.03,H2Oxy_CC,,,,,,,,,,,,,,,,,,,,,,,
0.125,0.025,0.01,0.075,0.03,0.018,Biomass,,,,,,,,,,,,,,,,,,,,,,,
0.125,0.025,0.01,0.075,0.03,0.03,NG,,,,,,,,,,,,,,,,,,,,,,,
0.125,0.025,0.01,0.075,0.05,0.018,Biomass,,,,,,,,,,,,,,,,,,,,,,,
0.125,0.025,0.01,0.075,0.05,0.03,NG,,,,,,,,,,,,,,,,,,,,,,,
0.125,0.025,0.01,0.075,0.07,0.018,Biomass,,,,,,,,,,,,,,,,,,,,,,,
0.125,0.025,0.01,0.075,0.07,0.03,NG,,,,,,,,,,,,,,,,,,,,,,,
0.125,0.025,0.01,0.1,0.03,0.018,Biomass,,,,,,,,,,,,,,,,,,,,,,,
0.125,0.025,0.01,0.1,0.03,0.03,NG,,,,,,,,,,,,,,,,,,,,,,,
0.125,0.025,0.01,0.1,0.05,0.018,Biomass,,,,,,,,,,,,,,,,,,,,,,,
0.125,0.025,0.01,0.1,0.05,0.03,NG,,,,,,,,,,,,,,,,,,,,,,,
0.125,0.025,0.01,0.1,0.07,0.018,Biomass,,,,,,,,,,,,,,,,,,,,,,,
0.125,0.025,0.01,0.1,0.07,0.03,NG,,,,,,,,,,,,,,,,,,,,,,,
0.125,0.025,0.01,0.2,0.03,0.018,Biomass_CC,,,,,,,,,,,,,,,,,,,,,,,
0.125,0.025,0.01,0.2,0.03,0.03,Biomass_CC,,,,,,,,,,,,,,,,,,,,,,,
0.125,0.025,0.01,0.2,0.05,0.018,Biomass_CC,,,,,,,,,,,,,,,,,,,,,,,
0.125,0.025,0.01,0.2,0.05,0.03,Biomass_CC,,,,,,,,,,,,,,,,,,,,,,,
0.125,0.025,0.01,0.2,0.07,0.018,Biomass_CC,,,,,,,,,,,,,,,,,,,,,,,
0.125,0.025,0.01,0.2,0.07,0.03,Biomass_CC,,,,,,,,,,,,,,,,,,,,,,,
0.125,0.025,0.01,0.25,0.03,0.018,Biomass_CC,,,,,,,,,,,,,,,,,,,,,,,
0.125,0.025,0.01,0.25,0.03,0.03,Biomass_CC,,,,,,,,,,,,,,,,,,,,,,,
0.125,0.025,0.01,0.25,0.05,0.018,Biomass_CC,,,,,,,,,,,,,,,,,,,,,,,
0.125,0.025,0.01,0.25,0.05,0.03,Biomass_CC,,,,,,,,,,,,,,,,,,,,,,,
0.125,0.025,0.01,0.25,0.07,0.018,Biomass_CC,,,,,,,,,,,,,,,,,,,,,,,
0.125,0.025,0.01,0.25,0.07,0.03,Biomass_CC,,,,,,,,,,,,,,,,,,,,,,,
0.125,0.025,0.035,0.075,0.03,0.018,Biomass,,,,,,,,,,,,,,,,,,,,,,,
0.125,0.025,0.035,0.075,0.03,0.03,BioCH4,,,,,,,,,,,,,,,,,,,,,,,
0.125,0.025,0.035,0.075,0.05,0.018,Biomass,,,,,,,,,,,,,,,,,,,,,,,
0.125,0.025,0.035,0.075,0.05,0.03,Biomass,,,,,,,,,,,,,,,,,,,,,,,
0.125,0.025,0.035,0.075,0.07,0.018,Biomass,,,,,,,,,,,,,,,,,,,,,,,
0.125,0.025,0.035,0.075,0.07,0.03,Biomass,,,,,,,,,,,,,,,,,,,,,,,
0.125,0.025,0.035,0.1,0.03,0.018,Biomass,,,,,,,,,,,,,,,,,,,,,,,
0.125,0.025,0.035,0.1,0.03,0.03,BioCH4,,,,,,,,,,,,,,,,,,,,,,,
0.125,0.025,0.035,0.1,0.05,0.018,Biomass,,,,,,,,,,,,,,,,,,,,,,,
0.125,0.025,0.035,0.1,0.05,0.03,Biomass,,,,,,,,,,,,,,,,,,,,,,,
0.125,0.025,0.035,0.1,0.07,0.018,Biomass,,,,,,,,,,,,,,,,,,,,,,,
0.125,0.025,0.035,0.1,0.07,0.03,Biomass,,,,,,,,,,,,,,,,,,,,,,,
0.125,0.025,0.035,0.2,0.03,0.018,BiomassOxy_CC,,,,,,,,,,,,,,,,,,,,,,,
0.125,0.025,0.035,0.2,0.03,0.03,BioCH4Oxy_CC,,,,,,,,,,,,,,,,,,,,,,,
0.125,0.025,0.035,0.2,0.05,0.018,BiomassOxy_CC,,,,,,,,,,,,,,,,,,,,,,,
0.125,0.025,0.035,0.2,0.05,0.03,H2Oxy_CC,,,,,,,,,,,,,,,,,,,,,,,
0.125,0.025,0.035,0.2,0.07,0.018,BiomassOxy_CC,,,,,,,,,,,,,,,,,,,,,,,
0.125,0.025,0.035,0.2,0.07,0.03,H2Oxy_CC,,,,,,,,,,,,,,,,,,,,,,,
0.125,0.025,0.035,0.25,0.03,0.018,BiomassOxy_CC,,,,,,,,,,,,,,,,,,,,,,,
0.125,0.025,0.035,0.25,0.03,0.03,BioCH4Oxy_CC,,,,,,,,,,,,,,,,,,,,,,,
0.125,0.025,0.035,0.25,0.05,0.018,BiomassOxy_CC,,,,,,,,,,,,,,,,,,,,,,,
0.125,0.025,0.035,0.25,0.05,0.03,BiomassOxy_CC,,,,,,,,,,,,,,,,,,,,,,,
0.125,0.025,0.035,0.25,0.07,0.018,BiomassOxy_CC,,,,,,,,,,,,,,,,,,,,,,,
0.125,0.025,0.035,0.25,0.07,0.03,BiomassOxy_CC,,,,,,,,,,,,,,,,,,,,,,,
0.125,0.025,0.055,0.075,0.03,0.018,Biomass,,,,,,,,,,,,,,,,,,,,,,,
0.125,0.025,0.055,0.075,0.03,0.03,BioCH4,,,,,,,,,,,,,,,,,,,,,,,
0.125,0.025,0.055,0.075,0.05,0.018,Biomass,,,,,,,,,,,,,,,,,,,,,,,
0.125,0.025,0.055,0.075,0.05,0.03,Biomass,,,,,,,,,,,,,,,,,,,,,,,
0.125,0.025,0.055,0.075,0.07,0.018,Biomass,,,,,,,,,,,,,,,,,,,,,,,
0.125,0.025,0.055,0.075,0.07,0.03,Biomass,,,,,,,,,,,,,,,,,,,,,,,
0.125,0.025,0.055,0.1,0.03,0.018,Biomass,,,,,,,,,,,,,,,,,,,,,,,
0.125,0.025,0.055,0.1,0.03,0.03,BioCH4,,,,,,,,,,,,,,,,,,,,,,,
0.125,0.025,0.055,0.1,0.05,0.018,Biomass,,,,,,,,,,,,,,,,,,,,,,,
0.125,0.025,0.055,0.1,0.05,0.03,Biomass,,,,,,,,,,,,,,,,,,,,,,,
0.125,0.025,0.055,0.1,0.07,0.018,Biomass,,,,,,,,,,,,,,,,,,,,,,,
0.125,0.025,0.055,0.1,0.07,0.03,Biomass,,,,,,,,,,,,,,,,,,,,,,,
0.125,0.025,0.055,0.2,0.03,0.018,BiomassOxy_CC,,,,,,,,,,,,,,,,,,,,,,,
0.125,0.025,0.055,0.2,0.03,0.03,BioCH4Oxy_CC,,,,,,,,,,,,,,,,,,,,,,,
0.125,0.025,0.055,0.2,0.05,0.018,BiomassOxy_CC,,,,,,,,,,,,,,,,,,,,,,,
0.125,0.025,0.055,0.2,0.05,0.03,H2Oxy_CC,,,,,,,,,,,,,,,,,,,,,,,
0.125,0.025,0.055,0.2,0.07,0.018,BiomassOxy_CC,,,,,,,,,,,,,,,,,,,,,,,
0.125,0.025,0.055,0.2,0.07,0.03,H2Oxy_CC,,,,,,,,,,,,,,,,,,,,,,,
0.125,0.025,0.055,0.25,0.03,0.018,BiomassOxy_CC,,,,,,,,,,,,,,,,,,,,,,,
0.125,0.025,0.055,0.25,0.03,0.03,BioCH4Oxy_CC,,,,,,,,,,,,,,,,,,,,,,,
0.125,0.025,0.055,0.25,0.05,0.018,BiomassOxy_CC,,,,,,,,,,,,,,,,,,,,,,,
0.125,0.025,0.055,0.25,0.05,0.03,BiomassOxy_CC,,,,,,,,,,,,,,,,,,,,,,,
0.125,0.025,0.055,0.25,0.07,0.018,BiomassOxy_CC,,,,,,,,,,,,,,,,,,,,,,,
0.125,0.025,0.055,0.25,0.07,0.03,BiomassOxy_CC,,,,,,,,,,,,,,,,,,,,,,,
0.125,0.025,0.075,0.075,0.03,0.018,Biomass,,,,,,,,,,,,,,,,,,,,,,,
0.125,0.025,0.075,0.075,0.03,0.03,BioCH4,,,,,,,,,,,,,,,,,,,,,,,
0.125,0.025,0.075,0.075,0.05,0.018,Biomass,,,,,,,,,,,,,,,,,,,,,,,
0.125,0.025,0.075,0.075,0.05,0.03,Biomass,,,,,,,,,,,,,,,,,,,,,,,
0.125,0.025,0.075,0.075,0.07,0.018,Biomass,,,,,,,,,,,,,,,,,,,,,,,
0.125,0.025,0.075,0.075,0.07,0.03,Biomass,,,,,,,,,,,,,,,,,,,,,,,
0.125,0.025,0.075,0.1,0.03,0.018,Biomass,,,,,,,,,,,,,,,,,,,,,,,
0.125,0.025,0.075,0.1,0.03,0.03,BioCH4,,,,,,,,,,,,,,,,,,,,,,,
0.125,0.025,0.075,0.1,0.05,0.018,Biomass,,,,,,,,,,,,,,,,,,,,,,,
0.125,0.025,0.075,0.1,0.05,0.03,Biomass,,,,,,,,,,,,,,,,,,,,,,,
0.125,0.025,0.075,0.1,0.07,0.018,Biomass,,,,,,,,,,,,,,,,,,,,,,,
0.125,0.025,0.075,0.1,0.07,0.03,Biomass,,,,,,,,,,,,,,,,,,,,,,,
0.125,0.025,0.075,0.2,0.03,0.018,BiomassOxy_CC,,,,,,,,,,,,,,,,,,,,,,,
0.125,0.025,0.075,0.2,0.03,0.03,BioCH4Oxy_CC,,,,,,,,,,,,,,,,,,,,,,,
0.125,0.025,0.075,0.2,0.05,0.018,BiomassOxy_CC,,,,,,,,,,,,,,,,,,,,,,,
0.125,0.025,0.075,0.2,0.05,0.03,H2Oxy_CC,,,,,,,,,,,,,,,,,,,,,,,
0.125,0.025,0.075,0.2,0.07,0.018,BiomassOxy_CC,,,,,,,,,,,,,,,,,,,,,,,
0.125,0.025,0.075,0.2,0.07,0.03,H2Oxy_CC,,,,,,,,,,,,,,,,,,,,,,,
0.125,0.025,0.075,0.25,0.03,0.018,BiomassOxy_CC,,,,,,,,,,,,,,,,,,,,,,,
0.125,0.025,0.075,0.25,0.03,0.03,BioCH4Oxy_CC,,,,,,,,,,,,,,,,,,,,,,,
0.125,0.025,0.075,0.25,0.05,0.018,BiomassOxy_CC,,,,,,,,,,,,,,,,,,,,,,,
0.125,0.025,0.075,0.25,0.05,0.03,BiomassOxy_CC,,,,,,,,,,,,,,,,,,,,,,,
0.125,0.025,0.075,0.25,0.07,0.018,BiomassOxy_CC,,,,,,,,,,,,,,,,,,,,,,,
0.125,0.025,0.075,0.25,0.07,0.03,BiomassOxy_CC,,,,,,,,,,,,,,,,,,,,,,,
0.125,0.025,0.1,0.075,0.03,0.018,Biomass,,,,,,,,,,,,,,,,,,,,,,,
0.125,0.025,0.1,0.075,0.03,0.03,BioCH4,,,,,,,,,,,,,,,,,,,,,,,
0.125,0.025,0.1,0.075,0.05,0.018,Biomass,,,,,,,,,,,,,,,,,,,,,,,
0.125,0.025,0.1,0.075,0.05,0.03,Biomass,,,,,,,,,,,,,,,,,,,,,,,
0.125,0.025,0.1,0.075,0.07,0.018,Biomass,,,,,,,,,,,,,,,,,,,,,,,
0.125,0.025,0.1,0.075,0.07,0.03,Biomass,,,,,,,,,,,,,,,,,,,,,,,
0.125,0.025,0.1,0.1,0.03,0.018,Biomass,,,,,,,,,,,,,,,,,,,,,,,
0.125,0.025,0.1,0.1,0.03,0.03,BioCH4,,,,,,,,,,,,,,,,,,,,,,,
0.125,0.025,0.1,0.1,0.05,0.018,Biomass,,,,,,,,,,,,,,,,,,,,,,,
0.125,0.025,0.1,0.1,0.05,0.03,Biomass,,,,,,,,,,,,,,,,,,,,,,,
0.125,0.025,0.1,0.1,0.07,0.018,Biomass,,,,,,,,,,,,,,,,,,,,,,,
0.125,0.025,0.1,0.1,0.07,0.03,Biomass,,,,,,,,,,,,,,,,,,,,,,,
0.125,0.025,0.1,0.2,0.03,0.018,BiomassOxy_CC,,,,,,,,,,,,,,,,,,,,,,,
0.125,0.025,0.1,0.2,0.03,0.03,BioCH4Oxy_CC,,,,,,,,,,,,,,,,,,,,,,,
0.125,0.025,0.1,0.2,0.05,0.018,BiomassOxy_CC,,,,,,,,,,,,,,,,,,,,,,,
0.125,0.025,0.1,0.2,0.05,0.03,H2Oxy_CC,,,,,,,,,,,,,,,,,,,,,,,
0.125,0.025,0.1,0.2,0.07,0.018,BiomassOxy_CC,,,,,,,,,,,,,,,,,,,,,,,
0.125,0.025,0.1,0.2,0.07,0.03,H2Oxy_CC,,,,,,,,,,,,,,,,,,,,,,,
0.125,0.025,0.1,0.25,0.03,0.018,BiomassOxy_CC,,,,,,,,,,,,,,,,,,,,,,,
0.125,0.025,0.1,0.25,0.03,0.03,BioCH4Oxy_CC,,,,,,,,,,,,,,,,,,,,,,,
0.125,0.025,0.1,0.25,0.05,0.018,BiomassOxy_CC,,,,,,,,,,,,,,,,,,,,,,,
0.125,0.025,0.1,0.25,0.05,0.03,BiomassOxy_CC,,,,,,,,,,,,,,,,,,,,,,,
0.125,0.025,0.1,0.25,0.07,0.018,BiomassOxy_CC,,,,,,,,,,,,,,,,,,,,,,,
0.125,0.025,0.1,0.25,0.07,0.03,BiomassOxy_CC,,,,,,,,,,,,,,,,,,,,,,,
0.125,0.05,0.01,0.075,0.03,0.018,Biomass,,,,,,,,,,,,,,,,,,,,,,,
0.125,0.05,0.01,0.075,0.03,0.03,NG,,,,,,,,,,,,,,,,,,,,,,,
0.125,0.05,0.01,0.075,0.05,0.018,Biomass,,,,,,,,,,,,,,,,,,,,,,,
0.125,0.05,0.01,0.075,0.05,0.03,NG,,,,,,,,,,,,,,,,,,,,,,,
0.125,0.05,0.01,0.075,0.07,0.018,Biomass,,,,,,,,,,,,,,,,,,,,,,,
0.125,0.05,0.01,0.075,0.07,0.03,NG,,,,,,,,,,,,,,,,,,,,,,,
0.125,0.05,0.01,0.1,0.03,0.018,Biomass,,,,,,,,,,,,,,,,,,,,,,,
0.125,0.05,0.01,0.1,0.03,0.03,NG,,,,,,,,,,,,,,,,,,,,,,,
0.125,0.05,0.01,0.1,0.05,0.018,Biomass,,,,,,,,,,,,,,,,,,,,,,,
0.125,0.05,0.01,0.1,0.05,0.03,NG,,,,,,,,,,,,,,,,,,,,,,,
0.125,0.05,0.01,0.1,0.07,0.018,Biomass,,,,,,,,,,,,,,,,,,,,,,,
0.125,0.05,0.01,0.1,0.07,0.03,NG,,,,,,,,,,,,,,,,,,,,,,,
0.125,0.05,0.01,0.2,0.03,0.018,Biomass_CC,,,,,,,,,,,,,,,,,,,,,,,
0.125,0.05,0.01,0.2,0.03,0.03,Biomass_CC,,,,,,,,,,,,,,,,,,,,,,,
0.125,0.05,0.01,0.2,0.05,0.018,Biomass_CC,,,,,,,,,,,,,,,,,,,,,,,
0.125,0.05,0.01,0.2,0.05,0.03,Biomass_CC,,,,,,,,,,,,,,,,,,,,,,,
0.125,0.05,0.01,0.2,0.07,0.018,Biomass_CC,,,,,,,,,,,,,,,,,,,,,,,
0.125,0.05,0.01,0.2,0.07,0.03,Biomass_CC,,,,,,,,,,,,,,,,,,,,,,,
0.125,0.05,0.01,0.25,0.03,0.018,Biomass_CC,,,,,,,,,,,,,,,,,,,,,,,
0.125,0.05,0.01,0.25,0.03,0.03,Biomass_CC,,,,,,,,,,,,,,,,,,,,,,,
0.125,0.05,0.01,0.25,0.05,0.018,Biomass_CC,,,,,,,,,,,,,,,,,,,,,,,
0.125,0.05,0.01,0.25,0.05,0.03,Biomass_CC,,,,,,,,,,,,,,,,,,,,,,,
0.125,0.05,0.01,0.25,0.07,0.018,Biomass_CC,,,,,,,,,,,,,,,,,,,,,,,
0.125,0.05,0.01,0.25,0.07,0.03,Biomass_CC,,,,,,,,,,,,,,,,,,,,,,,
0.125,0.05,0.035,0.075,0.03,0.018,Biomass,,,,,,,,,,,,,,,,,,,,,,,
0.125,0.05,0.035,0.075,0.03,0.03,BioCH4,,,,,,,,,,,,,,,,,,,,,,,
0.125,0.05,0.035,0.075,0.05,0.018,Biomass,,,,,,,,,,,,,,,,,,,,,,,
0.125,0.05,0.035,0.075,0.05,0.03,Biomass,,,,,,,,,,,,,,,,,,,,,,,
0.125,0.05,0.035,0.075,0.07,0.018,Biomass,,,,,,,,,,,,,,,,,,,,,,,
0.125,0.05,0.035,0.075,0.07,0.03,Biomass,,,,,,,,,,,,,,,,,,,,,,,
0.125,0.05,0.035,0.1,0.03,0.018,Biomass,,,,,,,,,,,,,,,,,,,,,,,
0.125,0.05,0.035,0.1,0.03,0.03,BioCH4,,,,,,,,,,,,,,,,,,,,,,,
0.125,0.05,0.035,0.1,0.05,0.018,Biomass,,,,,,,,,,,,,,,,,,,,,,,
0.125,0.05,0.035,0.1,0.05,0.03,Biomass,,,,,,,,,,,,,,,,,,,,,,,
0.125,0.05,0.035,0.1,0.07,0.018,Biomass,,,,,,,,,,,,,,,,,,,,,,,
0.125,0.05,0.035,0.1,0.07,0.03,Biomass,,,,,,,,,,,,,,,,,,,,,,,
0.125,0.05,0.035,0.2,0.03,0.018,BiomassOxy_CC,,,,,,,,,,,,,,,,,,,,,,,
0.125,0.05,0.035,0.2,0.03,0.03,BioCH4Oxy_CC,,,,,,,,,,,,,,,,,,,,,,,
0.125,0.05,0.035,0.2,0.05,0.018,BiomassOxy_CC,,,,,,,,,,,,,,,,,,,,,,,
0.125,0.05,0.035,0.2,0.05,0.03,BiomassOxy_CC,,,,,,,,,,,,,,,,,,,,,,,
0.125,0.05,0.035,0.2,0.07,0.018,BiomassOxy_CC,,,,,,,,,,,,,,,,,,,,,,,
0.125,0.05,0.035,0.2,0.07,0.03,BiomassOxy_CC,,,,,,,,,,,,,,,,,,,,,,,
0.125,0.05,0.035,0.25,0.03,0.018,BiomassOxy_CC,,,,,,,,,,,,,,,,,,,,,,,
0.125,0.05,0.035,0.25,0.03,0.03,BioCH4Oxy_CC,,,,,,,,,,,,,,,,,,,,,,,
0.125,0.05,0.035,0.25,0.05,0.018,BiomassOxy_CC,,,,,,,,,,,,,,,,,,,,,,,
0.125,0.05,0.035,0.25,0.05,0.03,BiomassOxy_CC,,,,,,,,,,,,,,,,,,,,,,,
0.125,0.05,0.035,0.25,0.07,0.018,BiomassOxy_CC,,,,,,,,,,,,,,,,,,,,,,,
0.125,0.05,0.035,0.25,0.07,0.03,BiomassOxy_CC,,,,,,,,,,,,,,,,,,,,,,,
0.125,0.05,0.055,0.075,0.03,0.018,Biomass,,,,,,,,,,,,,,,,,,,,,,,
0.125,0.05,0.055,0.075,0.03,0.03,BioCH4,,,,,,,,,,,,,,,,,,,,,,,
0.125,0.05,0.055,0.075,0.05,0.018,Biomass,,,,,,,,,,,,,,,,,,,,,,,
0.125,0.05,0.055,0.075,0.05,0.03,Biomass,,,,,,,,,,,,,,,,,,,,,,,
0.125,0.05,0.055,0.075,0.07,0.018,Biomass,,,,,,,,,,,,,,,,,,,,,,,
0.125,0.05,0.055,0.075,0.07,0.03,Biomass,,,,,,,,,,,,,,,,,,,,,,,
0.125,0.05,0.055,0.1,0.03,0.018,Biomass,,,,,,,,,,,,,,,,,,,,,,,
0.125,0.05,0.055,0.1,0.03,0.03,BioCH4,,,,,,,,,,,,,,,,,,,,,,,
0.125,0.05,0.055,0.1,0.05,0.018,Biomass,,,,,,,,,,,,,,,,,,,,,,,
0.125,0.05,0.055,0.1,0.05,0.03,Biomass,,,,,,,,,,,,,,,,,,,,,,,
0.125,0.05,0.055,0.1,0.07,0.018,Biomass,,,,,,,,,,,,,,,,,,,,,,,
0.125,0.05,0.055,0.1,0.07,0.03,Biomass,,,,,,,,,,,,,,,,,,,,,,,
0.125,0.05,0.055,0.2,0.03,0.018,BiomassOxy_CC,,,,,,,,,,,,,,,,,,,,,,,
0.125,0.05,0.055,0.2,0.03,0.03,BioCH4Oxy_CC,,,,,,,,,,,,,,,,,,,,,,,
0.125,0.05,0.055,0.2,0.05,0.018,BiomassOxy_CC,,,,,,,,,,,,,,,,,,,,,,,
0.125,0.05,0.055,0.2,0.05,0.03,BiomassOxy_CC,,,,,,,,,,,,,,,,,,,,,,,
0.125,0.05,0.055,0.2,0.07,0.018,BiomassOxy_CC,,,,,,,,,,,,,,,,,,,,,,,
0.125,0.05,0.055,0.2,0.07,0.03,BiomassOxy_CC,,,,,,,,,,,,,,,,,,,,,,,
0.125,0.05,0.055,0.25,0.03,0.018,BiomassOxy_CC,,,,,,,,,,,,,,,,,,,,,,,
0.125,0.05,0.055,0.25,0.03,0.03,BioCH4Oxy_CC,,,,,,,,,,,,,,,,,,,,,,,
0.125,0.05,0.055,0.25,0.05,0.018,BiomassOxy_CC,,,,,,,,,,,,,,,,,,,,,,,
0.125,0.05,0.055,0.25,0.05,0.03,BiomassOxy_CC,,,,,,,,,,,,,,,,,,,,,,,
0.125,0.05,0.055,0.25,0.07,0.018,BiomassOxy_CC,,,,,,,,,,,,,,,,,,,,,,,
0.125,0.05,0.055,0.25,0.07,0.03,BiomassOxy_CC,,,,,,,,,,,,,,,,,,,,,,,
0.125,0.05,0.075,0.075,0.03,0.018,Biomass,,,,,,,,,,,,,,,,,,,,,,,
0.125,0.05,0.075,0.075,0.03,0.03,BioCH4,,,,,,,,,,,,,,,,,,,,,,,
0.125,0.05,0.075,0.075,0.05,0.018,Biomass,,,,,,,,,,,,,,,,,,,,,,,
0.125,0.05,0.075,0.075,0.05,0.03,Biomass,,,,,,,,,,,,,,,,,,,,,,,
0.125,0.05,0.075,0.075,0.07,0.018,Biomass,,,,,,,,,,,,,,,,,,,,,,,
0.125,0.05,0.075,0.075,0.07,0.03,Biomass,,,,,,,,,,,,,,,,,,,,,,,
0.125,0.05,0.075,0.1,0.03,0.018,Biomass,,,,,,,,,,,,,,,,,,,,,,,
0.125,0.05,0.075,0.1,0.03,0.03,BioCH4,,,,,,,,,,,,,,,,,,,,,,,
0.125,0.05,0.075,0.1,0.05,0.018,Biomass,,,,,,,,,,,,,,,,,,,,,,,
0.125,0.05,0.075,0.1,0.05,0.03,Biomass,,,,,,,,,,,,,,,,,,,,,,,
0.125,0.05,0.075,0.1,0.07,0.018,Biomass,,,,,,,,,,,,,,,,,,,,,,,
0.125,0.05,0.075,0.1,0.07,0.03,Biomass,,,,,,,,,,,,,,,,,,,,,,,
0.125,0.05,0.075,0.2,0.03,0.018,BiomassOxy_CC,,,,,,,,,,,,,,,,,,,,,,,
0.125,0.05,0.075,0.2,0.03,0.03,BioCH4Oxy_CC,,,,,,,,,,,,,,,,,,,,,,,
0.125,0.05,0.075,0.2,0.05,0.018,BiomassOxy_CC,,,,,,,,,,,,,,,,,,,,,,,
0.125,0.05,0.075,0.2,0.05,0.03,BiomassOxy_CC,,,,,,,,,,,,,,,,,,,,,,,
0.125,0.05,0.075,0.2,0.07,0.018,BiomassOxy_CC,,,,,,,,,,,,,,,,,,,,,,,
0.125,0.05,0.075,0.2,0.07,0.03,BiomassOxy_CC,,,,,,,,,,,,,,,,,,,,,,,
0.125,0.05,0.075,0.25,0.03,0.018,BiomassOxy_CC,,,,,,,,,,,,,,,,,,,,,,,
0.125,0.05,0.075,0.25,0.03,0.03,BioCH4Oxy_CC,,,,,,,,,,,,,,,,,,,,,,,
0.125,0.05,0.075,0.25,0.05,0.018,BiomassOxy_CC,,,,,,,,,,,,,,,,,,,,,,,
0.125,0.05,0.075,0.25,0.05,0.03,BiomassOxy_CC,,,,,,,,,,,,,,,,,,,,,,,
0.125,0.05,0.075,0.25,0.07,0.018,BiomassOxy_CC,,,,,,,,,,,,,,,,,,,,,,,
0.125,0.05,0.075,0.25,0.07,0.03,BiomassOxy_CC,,,,,,,,,,,,,,,,,,,,,,,
0.125,0.05,0.1,0.075,0.03,0.018,Biomass,,,,,,,,,,,,,,,,,,,,,,,
0.125,0.05,0.1,0.075,0.03,0.03,BioCH4,,,,,,,,,,,,,,,,,,,,,,,
0.125,0.05,0.1,0.075,0.05,0.018,Biomass,,,,,,,,,,,,,,,,,,,,,,,
0.125,0.05,0.1,0.075,0.05,0.03,Biomass,,,,,,,,,,,,,,,,,,,,,,,
0.125,0.05,0.1,0.075,0.07,0.018,Biomass,,,,,,,,,,,,,,,,,,,,,,,
0.125,0.05,0.1,0.075,0.07,0.03,Biomass,,,,,,,,,,,,,,,,,,,,,,,
0.125,0.05,0.1,0.1,0.03,0.018,Biomass,,,,,,,,,,,,,,,,,,,,,,,
0.125,0.05,0.1,0.1,0.03,0.03,BioCH4,,,,,,,,,,,,,,,,,,,,,,,
0.125,0.05,0.1,0.1,0.05,0.018,Biomass,,,,,,,,,,,,,,,,,,,,,,,
0.125,0.05,0.1,0.1,0.05,0.03,Biomass,,,,,,,,,,,,,,,,,,,,,,,
0.125,0.05,0.1,0.1,0.07,0.018,Biomass,,,,,,,,,,,,,,,,,,,,,,,
0.125,0.05,0.1,0.1,0.07,0.03,Biomass,,,,,,,,,,,,,,,,,,,,,,,
0.125,0.05,0.1,0.2,0.03,0.018,BiomassOxy_CC,,,,,,,,,,,,,,,,,,,,,,,
0.125,0.05,0.1,0.2,0.03,0.03,BioCH4Oxy_CC,,,,,,,,,,,,,,,,,,,,,,,
0.125,0.05,0.1,0.2,0.05,0.018,BiomassOxy_CC,,,,,,,,,,,,,,,,,,,,,,,
0.125,0.05,0.1,0.2,0.05,0.03,BiomassOxy_CC,,,,,,,,,,,,,,,,,,,,,,,
0.125,0.05,0.1,0.2,0.07,0.018,BiomassOxy_CC,,,,,,,,,,,,,,,,,,,,,,,
0.125,0.05,0.1,0.2,0.07,0.03,BiomassOxy_CC,,,,,,,,,,,,,,,,,,,,,,,
0.125,0.05,0.1,0.25,0.03,0.018,BiomassOxy_CC,,,,,,,,,,,,,,,,,,,,,,,
0.125,0.05,0.1,0.25,0.03,0.03,BioCH4Oxy_CC,,,,,,,,,,,,,,,,,,,,,,,
0.125,0.05,0.1,0.25,0.05,0.018,BiomassOxy_CC,,,,,,,,,,,,,,,,,,,,,,,
0.125,0.05,0.1,0.25,0.05,0.03,BiomassOxy_CC,,,,,,,,,,,,,,,,,,,,,,,
0.125,0.05,0.1,0.25,0.07,0.018,BiomassOxy_CC,,,,,,,,,,,,,,,,,,,,,,,
0.125,0.05,0.1,0.25,0.07,0.03,BiomassOxy_CC,,,,,,,,,,,,,,,,,,,,,,,
0.125,0.075,0.01,0.075,0.03,0.018,Biomass,,,,,,,,,,,,,,,,,,,,,,,
0.125,0.075,0.01,0.075,0.03,0.03,NG,,,,,,,,,,,,,,,,,,,,,,,
0.125,0.075,0.01,0.075,0.05,0.018,Biomass,,,,,,,,,,,,,,,,,,,,,,,
0.125,0.075,0.01,0.075,0.05,0.03,NG,,,,,,,,,,,,,,,,,,,,,,,
0.125,0.075,0.01,0.075,0.07,0.018,Biomass,,,,,,,,,,,,,,,,,,,,,,,
0.125,0.075,0.01,0.075,0.07,0.03,NG,,,,,,,,,,,,,,,,,,,,,,,
0.125,0.075,0.01,0.1,0.03,0.018,Biomass,,,,,,,,,,,,,,,,,,,,,,,
0.125,0.075,0.01,0.1,0.03,0.03,NG,,,,,,,,,,,,,,,,,,,,,,,
0.125,0.075,0.01,0.1,0.05,0.018,Biomass,,,,,,,,,,,,,,,,,,,,,,,
0.125,0.075,0.01,0.1,0.05,0.03,NG,,,,,,,,,,,,,,,,,,,,,,,
0.125,0.075,0.01,0.1,0.07,0.018,Biomass,,,,,,,,,,,,,,,,,,,,,,,
0.125,0.075,0.01,0.1,0.07,0.03,NG,,,,,,,,,,,,,,,,,,,,,,,
0.125,0.075,0.01,0.2,0.03,0.018,Biomass_CC,,,,,,,,,,,,,,,,,,,,,,,
0.125,0.075,0.01,0.2,0.03,0.03,Biomass_CC,,,,,,,,,,,,,,,,,,,,,,,
0.125,0.075,0.01,0.2,0.05,0.018,Biomass_CC,,,,,,,,,,,,,,,,,,,,,,,
0.125,0.075,0.01,0.2,0.05,0.03,Biomass_CC,,,,,,,,,,,,,,,,,,,,,,,
0.125,0.075,0.01,0.2,0.07,0.018,Biomass_CC,,,,,,,,,,,,,,,,,,,,,,,
0.125,0.075,0.01,0.2,0.07,0.03,Biomass_CC,,,,,,,,,,,,,,,,,,,,,,,
0.125,0.075,0.01,0.25,0.03,0.018,Biomass_CC,,,,,,,,,,,,,,,,,,,,,,,
0.125,0.075,0.01,0.25,0.03,0.03,Biomass_CC,,,,,,,,,,,,,,,,,,,,,,,
0.125,0.075,0.01,0.25,0.05,0.018,Biomass_CC,,,,,,,,,,,,,,,,,,,,,,,
0.125,0.075,0.01,0.25,0.05,0.03,Biomass_CC,,,,,,,,,,,,,,,,,,,,,,,
0.125,0.075,0.01,0.25,0.07,0.018,Biomass_CC,,,,,,,,,,,,,,,,,,,,,,,
0.125,0.075,0.01,0.25,0.07,0.03,Biomass_CC,,,,,,,,,,,,,,,,,,,,,,,
0.125,0.075,0.035,0.075,0.03,0.018,Biomass,,,,,,,,,,,,,,,,,,,,,,,
0.125,0.075,0.035,0.075,0.03,0.03,BioCH4,,,,,,,,,,,,,,,,,,,,,,,
0.125,0.075,0.035,0.075,0.05,0.018,Biomass,,,,,,,,,,,,,,,,,,,,,,,
0.125,0.075,0.035,0.075,0.05,0.03,Biomass,,,,,,,,,,,,,,,,,,,,,,,
0.125,0.075,0.035,0.075,0.07,0.018,Biomass,,,,,,,,,,,,,,,,,,,,,,,
0.125,0.075,0.035,0.075,0.07,0.03,Biomass,,,,,,,,,,,,,,,,,,,,,,,
0.125,0.075,0.035,0.1,0.03,0.018,Biomass,,,,,,,,,,,,,,,,,,,,,,,
0.125,0.075,0.035,0.1,0.03,0.03,BioCH4,,,,,,,,,,,,,,,,,,,,,,,
0.125,0.075,0.035,0.1,0.05,0.018,Biomass,,,,,,,,,,,,,,,,,,,,,,,
0.125,0.075,0.035,0.1,0.05,0.03,Biomass,,,,,,,,,,,,,,,,,,,,,,,
0.125,0.075,0.035,0.1,0.07,0.018,Biomass,,,,,,,,,,,,,,,,,,,,,,,
0.125,0.075,0.035,0.1,0.07,0.03,Biomass,,,,,,,,,,,,,,,,,,,,,,,
0.125,0.075,0.035,0.2,0.03,0.018,BiomassOxy_CC,,,,,,,,,,,,,,,,,,,,,,,
0.125,0.075,0.035,0.2,0.03,0.03,BioCH4Oxy_CC,,,,,,,,,,,,,,,,,,,,,,,
0.125,0.075,0.035,0.2,0.05,0.018,BiomassOxy_CC,,,,,,,,,,,,,,,,,,,,,,,
0.125,0.075,0.035,0.2,0.05,0.03,BiomassOxy_CC,,,,,,,,,,,,,,,,,,,,,,,
0.125,0.075,0.035,0.2,0.07,0.018,BiomassOxy_CC,,,,,,,,,,,,,,,,,,,,,,,
0.125,0.075,0.035,0.2,0.07,0.03,BiomassOxy_CC,,,,,,,,,,,,,,,,,,,,,,,
0.125,0.075,0.035,0.25,0.03,0.018,BiomassOxy_CC,,,,,,,,,,,,,,,,,,,,,,,
0.125,0.075,0.035,0.25,0.03,0.03,BioCH4Oxy_CC,,,,,,,,,,,,,,,,,,,,,,,
0.125,0.075,0.035,0.25,0.05,0.018,BiomassOxy_CC,,,,,,,,,,,,,,,,,,,,,,,
0.125,0.075,0.035,0.25,0.05,0.03,BiomassOxy_CC,,,,,,,,,,,,,,,,,,,,,,,
0.125,0.075,0.035,0.25,0.07,0.018,BiomassOxy_CC,,,,,,,,,,,,,,,,,,,,,,,
0.125,0.075,0.035,0.25,0.07,0.03,BiomassOxy_CC,,,,,,,,,,,,,,,,,,,,,,,
0.125,0.075,0.055,0.075,0.03,0.018,Biomass,,,,,,,,,,,,,,,,,,,,,,,
0.125,0.075,0.055,0.075,0.03,0.03,BioCH4,,,,,,,,,,,,,,,,,,,,,,,
0.125,0.075,0.055,0.075,0.05,0.018,Biomass,,,,,,,,,,,,,,,,,,,,,,,
0.125,0.075,0.055,0.075,0.05,0.03,Biomass,,,,,,,,,,,,,,,,,,,,,,,
0.125,0.075,0.055,0.075,0.07,0.018,Biomass,,,,,,,,,,,,,,,,,,,,,,,
0.125,0.075,0.055,0.075,0.07,0.03,Biomass,,,,,,,,,,,,,,,,,,,,,,,
0.125,0.075,0.055,0.1,0.03,0.018,Biomass,,,,,,,,,,,,,,,,,,,,,,,
0.125,0.075,0.055,0.1,0.03,0.03,BioCH4,,,,,,,,,,,,,,,,,,,,,,,
0.125,0.075,0.055,0.1,0.05,0.018,Biomass,,,,,,,,,,,,,,,,,,,,,,,
0.125,0.075,0.055,0.1,0.05,0.03,Biomass,,,,,,,,,,,,,,,,,,,,,,,
0.125,0.075,0.055,0.1,0.07,0.018,Biomass,,,,,,,,,,,,,,,,,,,,,,,
0.125,0.075,0.055,0.1,0.07,0.03,Biomass,,,,,,,,,,,,,,,,,,,,,,,
0.125,0.075,0.055,0.2,0.03,0.018,BiomassOxy_CC,,,,,,,,,,,,,,,,,,,,,,,
0.125,0.075,0.055,0.2,0.03,0.03,BioCH4Oxy_CC,,,,,,,,,,,,,,,,,,,,,,,
0.125,0.075,0.055,0.2,0.05,0.018,BiomassOxy_CC,,,,,,,,,,,,,,,,,,,,,,,
0.125,0.075,0.055,0.2,0.05,0.03,BiomassOxy_CC,,,,,,,,,,,,,,,,,,,,,,,
0.125,0.075,0.055,0.2,0.07,0.018,BiomassOxy_CC,,,,,,,,,,,,,,,,,,,,,,,
0.125,0.075,0.055,0.2,0.07,0.03,BiomassOxy_CC,,,,,,,,,,,,,,,,,,,,,,,
0.125,0.075,0.055,0.25,0.03,0.018,BiomassOxy_CC,,,,,,,,,,,,,,,,,,,,,,,
0.125,0.075,0.055,0.25,0.03,0.03,BioCH4Oxy_CC,,,,,,,,,,,,,,,,,,,,,,,
0.125,0.075,0.055,0.25,0.05,0.018,BiomassOxy_CC,,,,,,,,,,,,,,,,,,,,,,,
0.125,0.075,0.055,0.25,0.05,0.03,BiomassOxy_CC,,,,,,,,,,,,,,,,,,,,,,,
0.125,0.075,0.055,0.25,0.07,0.018,BiomassOxy_CC,,,,,,,,,,,,,,,,,,,,,,,
0.125,0.075,0.055,0.25,0.07,0.03,BiomassOxy_CC,,,,,,,,,,,,,,,,,,,,,,,
0.125,0.075,0.075,0.075,0.03,0.018,Biomass,,,,,,,,,,,,,,,,,,,,,,,
0.125,0.075,0.075,0.075,0.03,0.03,BioCH4,,,,,,,,,,,,,,,,,,,,,,,
0.125,0.075,0.075,0.075,0.05,0.018,Biomass,,,,,,,,,,,,,,,,,,,,,,,
0.125,0.075,0.075,0.075,0.05,0.03,Biomass,,,,,,,,,,,,,,,,,,,,,,,
0.125,0.075,0.075,0.075,0.07,0.018,Biomass,,,,,,,,,,,,,,,,,,,,,,,
0.125,0.075,0.075,0.075,0.07,0.03,Biomass,,,,,,,,,,,,,,,,,,,,,,,
0.125,0.075,0.075,0.1,0.03,0.018,Biomass,,,,,,,,,,,,,,,,,,,,,,,
0.125,0.075,0.075,0.1,0.03,0.03,BioCH4,,,,,,,,,,,,,,,,,,,,,,,
0.125,0.075,0.075,0.1,0.05,0.018,Biomass,,,,,,,,,,,,,,,,,,,,,,,
0.125,0.075,0.075,0.1,0.05,0.03,Biomass,,,,,,,,,,,,,,,,,,,,,,,
0.125,0.075,0.075,0.1,0.07,0.018,Biomass,,,,,,,,,,,,,,,,,,,,,,,
0.125,0.075,0.075,0.1,0.07,0.03,Biomass,,,,,,,,,,,,,,,,,,,,,,,
0.125,0.075,0.075,0.2,0.03,0.018,BiomassOxy_CC,,,,,,,,,,,,,,,,,,,,,,,
0.125,0.075,0.075,0.2,0.03,0.03,BioCH4Oxy_CC,,,,,,,,,,,,,,,,,,,,,,,
0.125,0.075,0.075,0.2,0.05,0.018,BiomassOxy_CC,,,,,,,,,,,,,,,,,,,,,,,
0.125,0.075,0.075,0.2,0.05,0.03,BiomassOxy_CC,,,,,,,,,,,,,,,,,,,,,,,
0.125,0.075,0.075,0.2,0.07,0.018,BiomassOxy_CC,,,,,,,,,,,,,,,,,,,,,,,
0.125,0.075,0.075,0.2,0.07,0.03,BiomassOxy_CC,,,,,,,,,,,,,,,,,,,,,,,
0.125,0.075,0.075,0.25,0.03,0.018,BiomassOxy_CC,,,,,,,,,,,,,,,,,,,,,,,
0.125,0.075,0.075,0.25,0.03,0.03,BioCH4Oxy_CC,,,,,,,,,,,,,,,,,,,,,,,
0.125,0.075,0.075,0.25,0.05,0.018,BiomassOxy_CC,,,,,,,,,,,,,,,,,,,,,,,
0.125,0.075,0.075,0.25,0.05,0.03,BiomassOxy_CC,,,,,,,,,,,,,,,,,,,,,,,
0.125,0.075,0.075,0.25,0.07,0.018,BiomassOxy_CC,,,,,,,,,,,,,,,,,,,,,,,
0.125,0.075,0.075,0.25,0.07,0.03,BiomassOxy_CC,,,,,,,,,,,,,,,,,,,,,,,
0.125,0.075,0.1,0.075,0.03,0.018,Biomass,,,,,,,,,,,,,,,,,,,,,,,
0.125,0.075,0.1,0.075,0.03,0.03,BioCH4,,,,,,,,,,,,,,,,,,,,,,,
0.125,0.075,0.1,0.075,0.05,0.018,Biomass,,,,,,,,,,,,,,,,,,,,,,,
0.125,0.075,0.1,0.075,0.05,0.03,Biomass,,,,,,,,,,,,,,,,,,,,,,,
0.125,0.075,0.1,0.075,0.07,0.018,Biomass,,,,,,,,,,,,,,,,,,,,,,,
0.125,0.075,0.1,0.075,0.07,0.03,Biomass,,,,,,,,,,,,,,,,,,,,,,,
0.125,0.075,0.1,0.1,0.03,0.018,Biomass,,,,,,,,,,,,,,,,,,,,,,,
0.125,0.075,0.1,0.1,0.03,0.03,BioCH4,,,,,,,,,,,,,,,,,,,,,,,
0.125,0.075,0.1,0.1,0.05,0.018,Biomass,,,,,,,,,,,,,,,,,,,,,,,
0.125,0.075,0.1,0.1,0.05,0.03,Biomass,,,,,,,,,,,,,,,,,,,,,,,
0.125,0.075,0.1,0.1,0.07,0.018,Biomass,,,,,,,,,,,,,,,,,,,,,,,
0.125,0.075,0.1,0.1,0.07,0.03,Biomass,,,,,,,,,,,,,,,,,,,,,,,
0.125,0.075,0.1,0.2,0.03,0.018,BiomassOxy_CC,,,,,,,,,,,,,,,,,,,,,,,
0.125,0.075,0.1,0.2,0.03,0.03,BioCH4Oxy_CC,,,,,,,,,,,,,,,,,,,,,,,
0.125,0.075,0.1,0.2,0.05,0.018,BiomassOxy_CC,,,,,,,,,,,,,,,,,,,,,,,
0.125,0.075,0.1,0.2,0.05,0.03,BiomassOxy_CC,,,,,,,,,,,,,,,,,,,,,,,
0.125,0.075,0.1,0.2,0.07,0.018,BiomassOxy_CC,,,,,,,,,,,,,,,,,,,,,,,
0.125,0.075,0.1,0.2,0.07,0.03,BiomassOxy_CC,,,,,,,,,,,,,,,,,,,,,,,
0.125,0.075,0.1,0.25,0.03,0.018,BiomassOxy_CC,,,,,,,,,,,,,,,,,,,,,,,
0.125,0.075,0.1,0.25,0.03,0.03,BioCH4Oxy_CC,,,,,,,,,,,,,,,,,,,,,,,
0.125,0.075,0.1,0.25,0.05,0.018,BiomassOxy_CC,,,,,,,,,,,,,,,,,,,,,,,
0.125,0.075,0.1,0.25,0.05,0.03,BiomassOxy_CC,,,,,,,,,,,,,,,,,,,,,,,
0.125,0.075,0.1,0.25,0.07,0.018,BiomassOxy_CC,,,,,,,,,,,,,,,,,,,,,,,
0.125,0.075,0.1,0.25,0.07,0.03,BiomassOxy_CC,,,,,,,,,,,,,,,,,,,,,,,
0.125,0.1,0.01,0.075,0.03,0.018,Biomass,,,,,,,,,,,,,,,,,,,,,,,
0.125,0.1,0.01,0.075,0.03,0.03,NG,,,,,,,,,,,,,,,,,,,,,,,
0.125,0.1,0.01,0.075,0.05,0.018,Biomass,,,,,,,,,,,,,,,,,,,,,,,
0.125,0.1,0.01,0.075,0.05,0.03,NG,,,,,,,,,,,,,,,,,,,,,,,
0.125,0.1,0.01,0.075,0.07,0.018,Biomass,,,,,,,,,,,,,,,,,,,,,,,
0.125,0.1,0.01,0.075,0.07,0.03,NG,,,,,,,,,,,,,,,,,,,,,,,
0.125,0.1,0.01,0.1,0.03,0.018,Biomass,,,,,,,,,,,,,,,,,,,,,,,
0.125,0.1,0.01,0.1,0.03,0.03,NG,,,,,,,,,,,,,,,,,,,,,,,
0.125,0.1,0.01,0.1,0.05,0.018,Biomass,,,,,,,,,,,,,,,,,,,,,,,
0.125,0.1,0.01,0.1,0.05,0.03,NG,,,,,,,,,,,,,,,,,,,,,,,
0.125,0.1,0.01,0.1,0.07,0.018,Biomass,,,,,,,,,,,,,,,,,,,,,,,
0.125,0.1,0.01,0.1,0.07,0.03,NG,,,,,,,,,,,,,,,,,,,,,,,
0.125,0.1,0.01,0.2,0.03,0.018,Biomass_CC,,,,,,,,,,,,,,,,,,,,,,,
0.125,0.1,0.01,0.2,0.03,0.03,Biomass_CC,,,,,,,,,,,,,,,,,,,,,,,
0.125,0.1,0.01,0.2,0.05,0.018,Biomass_CC,,,,,,,,,,,,,,,,,,,,,,,
0.125,0.1,0.01,0.2,0.05,0.03,Biomass_CC,,,,,,,,,,,,,,,,,,,,,,,
0.125,0.1,0.01,0.2,0.07,0.018,Biomass_CC,,,,,,,,,,,,,,,,,,,,,,,
0.125,0.1,0.01,0.2,0.07,0.03,Biomass_CC,,,,,,,,,,,,,,,,,,,,,,,
0.125,0.1,0.01,0.25,0.03,0.018,Biomass_CC,,,,,,,,,,,,,,,,,,,,,,,
0.125,0.1,0.01,0.25,0.03,0.03,Biomass_CC,,,,,,,,,,,,,,,,,,,,,,,
0.125,0.1,0.01,0.25,0.05,0.018,Biomass_CC,,,,,,,,,,,,,,,,,,,,,,,
0.125,0.1,0.01,0.25,0.05,0.03,Biomass_CC,,,,,,,,,,,,,,,,,,,,,,,
0.125,0.1,0.01,0.25,0.07,0.018,Biomass_CC,,,,,,,,,,,,,,,,,,,,,,,
0.125,0.1,0.01,0.25,0.07,0.03,Biomass_CC,,,,,,,,,,,,,,,,,,,,,,,
0.125,0.1,0.035,0.075,0.03,0.018,Biomass,,,,,,,,,,,,,,,,,,,,,,,
0.125,0.1,0.035,0.075,0.03,0.03,BioCH4,,,,,,,,,,,,,,,,,,,,,,,
0.125,0.1,0.035,0.075,0.05,0.018,Biomass,,,,,,,,,,,,,,,,,,,,,,,
0.125,0.1,0.035,0.075,0.05,0.03,Biomass,,,,,,,,,,,,,,,,,,,,,,,
0.125,0.1,0.035,0.075,0.07,0.018,Biomass,,,,,,,,,,,,,,,,,,,,,,,
0.125,0.1,0.035,0.075,0.07,0.03,Biomass,,,,,,,,,,,,,,,,,,,,,,,
0.125,0.1,0.035,0.1,0.03,0.018,Biomass,,,,,,,,,,,,,,,,,,,,,,,
0.125,0.1,0.035,0.1,0.03,0.03,BioCH4,,,,,,,,,,,,,,,,,,,,,,,
0.125,0.1,0.035,0.1,0.05,0.018,Biomass,,,,,,,,,,,,,,,,,,,,,,,
0.125,0.1,0.035,0.1,0.05,0.03,Biomass,,,,,,,,,,,,,,,,,,,,,,,
0.125,0.1,0.035,0.1,0.07,0.018,Biomass,,,,,,,,,,,,,,,,,,,,,,,
0.125,0.1,0.035,0.1,0.07,0.03,Biomass,,,,,,,,,,,,,,,,,,,,,,,
0.125,0.1,0.035,0.2,0.03,0.018,BiomassOxy_CC,,,,,,,,,,,,,,,,,,,,,,,
0.125,0.1,0.035,0.2,0.03,0.03,BioCH4Oxy_CC,,,,,,,,,,,,,,,,,,,,,,,
0.125,0.1,0.035,0.2,0.05,0.018,BiomassOxy_CC,,,,,,,,,,,,,,,,,,,,,,,
0.125,0.1,0.035,0.2,0.05,0.03,BiomassOxy_CC,,,,,,,,,,,,,,,,,,,,,,,
0.125,0.1,0.035,0.2,0.07,0.018,BiomassOxy_CC,,,,,,,,,,,,,,,,,,,,,,,
0.125,0.1,0.035,0.2,0.07,0.03,BiomassOxy_CC,,,,,,,,,,,,,,,,,,,,,,,
0.125,0.1,0.035,0.25,0.03,0.018,BiomassOxy_CC,,,,,,,,,,,,,,,,,,,,,,,
0.125,0.1,0.035,0.25,0.03,0.03,BioCH4Oxy_CC,,,,,,,,,,,,,,,,,,,,,,,
0.125,0.1,0.035,0.25,0.05,0.018,BiomassOxy_CC,,,,,,,,,,,,,,,,,,,,,,,
0.125,0.1,0.035,0.25,0.05,0.03,BiomassOxy_CC,,,,,,,,,,,,,,,,,,,,,,,
0.125,0.1,0.035,0.25,0.07,0.018,BiomassOxy_CC,,,,,,,,,,,,,,,,,,,,,,,
0.125,0.1,0.035,0.25,0.07,0.03,BiomassOxy_CC,,,,,,,,,,,,,,,,,,,,,,,
0.125,0.1,0.055,0.075,0.03,0.018,Biomass,,,,,,,,,,,,,,,,,,,,,,,
0.125,0.1,0.055,0.075,0.03,0.03,BioCH4,,,,,,,,,,,,,,,,,,,,,,,
0.125,0.1,0.055,0.075,0.05,0.018,Biomass,,,,,,,,,,,,,,,,,,,,,,,
0.125,0.1,0.055,0.075,0.05,0.03,Biomass,,,,,,,,,,,,,,,,,,,,,,,
0.125,0.1,0.055,0.075,0.07,0.018,Biomass,,,,,,,,,,,,,,,,,,,,,,,
0.125,0.1,0.055,0.075,0.07,0.03,Biomass,,,,,,,,,,,,,,,,,,,,,,,
0.125,0.1,0.055,0.1,0.03,0.018,Biomass,,,,,,,,,,,,,,,,,,,,,,,
0.125,0.1,0.055,0.1,0.03,0.03,BioCH4,,,,,,,,,,,,,,,,,,,,,,,
0.125,0.1,0.055,0.1,0.05,0.018,Biomass,,,,,,,,,,,,,,,,,,,,,,,
0.125,0.1,0.055,0.1,0.05,0.03,Biomass,,,,,,,,,,,,,,,,,,,,,,,
0.125,0.1,0.055,0.1,0.07,0.018,Biomass,,,,,,,,,,,,,,,,,,,,,,,
0.125,0.1,0.055,0.1,0.07,0.03,Biomass,,,,,,,,,,,,,,,,,,,,,,,
0.125,0.1,0.055,0.2,0.03,0.018,BiomassOxy_CC,,,,,,,,,,,,,,,,,,,,,,,
0.125,0.1,0.055,0.2,0.03,0.03,BioCH4Oxy_CC,,,,,,,,,,,,,,,,,,,,,,,
0.125,0.1,0.055,0.2,0.05,0.018,BiomassOxy_CC,,,,,,,,,,,,,,,,,,,,,,,
0.125,0.1,0.055,0.2,0.05,0.03,BiomassOxy_CC,,,,,,,,,,,,,,,,,,,,,,,
0.125,0.1,0.055,0.2,0.07,0.018,BiomassOxy_CC,,,,,,,,,,,,,,,,,,,,,,,
0.125,0.1,0.055,0.2,0.07,0.03,BiomassOxy_CC,,,,,,,,,,,,,,,,,,,,,,,
0.125,0.1,0.055,0.25,0.03,0.018,BiomassOxy_CC,,,,,,,,,,,,,,,,,,,,,,,
0.125,0.1,0.055,0.25,0.03,0.03,BioCH4Oxy_CC,,,,,,,,,,,,,,,,,,,,,,,
0.125,0.1,0.055,0.25,0.05,0.018,BiomassOxy_CC,,,,,,,,,,,,,,,,,,,,,,,
0.125,0.1,0.055,0.25,0.05,0.03,BiomassOxy_CC,,,,,,,,,,,,,,,,,,,,,,,
0.125,0.1,0.055,0.25,0.07,0.018,BiomassOxy_CC,,,,,,,,,,,,,,,,,,,,,,,
0.125,0.1,0.055,0.25,0.07,0.03,BiomassOxy_CC,,,,,,,,,,,,,,,,,,,,,,,
0.125,0.1,0.075,0.075,0.03,0.018,Biomass,,,,,,,,,,,,,,,,,,,,,,,
0.125,0.1,0.075,0.075,0.03,0.03,BioCH4,,,,,,,,,,,,,,,,,,,,,,,
0.125,0.1,0.075,0.075,0.05,0.018,Biomass,,,,,,,,,,,,,,,,,,,,,,,
0.125,0.1,0.075,0.075,0.05,0.03,Biomass,,,,,,,,,,,,,,,,,,,,,,,
0.125,0.1,0.075,0.075,0.07,0.018,Biomass,,,,,,,,,,,,,,,,,,,,,,,
0.125,0.1,0.075,0.075,0.07,0.03,Biomass,,,,,,,,,,,,,,,,,,,,,,,
0.125,0.1,0.075,0.1,0.03,0.018,Biomass,,,,,,,,,,,,,,,,,,,,,,,
0.125,0.1,0.075,0.1,0.03,0.03,BioCH4,,,,,,,,,,,,,,,,,,,,,,,
0.125,0.1,0.075,0.1,0.05,0.018,Biomass,,,,,,,,,,,,,,,,,,,,,,,
0.125,0.1,0.075,0.1,0.05,0.03,Biomass,,,,,,,,,,,,,,,,,,,,,,,
0.125,0.1,0.075,0.1,0.07,0.018,Biomass,,,,,,,,,,,,,,,,,,,,,,,
0.125,0.1,0.075,0.1,0.07,0.03,Biomass,,,,,,,,,,,,,,,,,,,,,,,
0.125,0.1,0.075,0.2,0.03,0.018,BiomassOxy_CC,,,,,,,,,,,,,,,,,,,,,,,
0.125,0.1,0.075,0.2,0.03,0.03,BioCH4Oxy_CC,,,,,,,,,,,,,,,,,,,,,,,
0.125,0.1,0.075,0.2,0.05,0.018,BiomassOxy_CC,,,,,,,,,,,,,,,,,,,,,,,
0.125,0.1,0.075,0.2,0.05,0.03,BiomassOxy_CC,,,,,,,,,,,,,,,,,,,,,,,
0.125,0.1,0.075,0.2,0.07,0.018,BiomassOxy_CC,,,,,,,,,,,,,,,,,,,,,,,
0.125,0.1,0.075,0.2,0.07,0.03,BiomassOxy_CC,,,,,,,,,,,,,,,,,,,,,,,
0.125,0.1,0.075,0.25,0.03,0.018,BiomassOxy_CC,,,,,,,,,,,,,,,,,,,,,,,
0.125,0.1,0.075,0.25,0.03,0.03,BioCH4Oxy_CC,,,,,,,,,,,,,,,,,,,,,,,
0.125,0.1,0.075,0.25,0.05,0.018,BiomassOxy_CC,,,,,,,,,,,,,,,,,,,,,,,
0.125,0.1,0.075,0.25,0.05,0.03,BiomassOxy_CC,,,,,,,,,,,,,,,,,,,,,,,
0.125,0.1,0.075,0.25,0.07,0.018,BiomassOxy_CC,,,,,,,,,,,,,,,,,,,,,,,
0.125,0.1,0.075,0.25,0.07,0.03,BiomassOxy_CC,,,,,,,,,,,,,,,,,,,,,,,
0.125,0.1,0.1,0.075,0.03,0.018,Biomass,,,,,,,,,,,,,,,,,,,,,,,
0.125,0.1,0.1,0.075,0.03,0.03,BioCH4,,,,,,,,,,,,,,,,,,,,,,,
0.125,0.1,0.1,0.075,0.05,0.018,Biomass,,,,,,,,,,,,,,,,,,,,,,,
0.125,0.1,0.1,0.075,0.05,0.03,Biomass,,,,,,,,,,,,,,,,,,,,,,,
0.125,0.1,0.1,0.075,0.07,0.018,Biomass,,,,,,,,,,,,,,,,,,,,,,,
0.125,0.1,0.1,0.075,0.07,0.03,Biomass,,,,,,,,,,,,,,,,,,,,,,,
0.125,0.1,0.1,0.1,0.03,0.018,Biomass,,,,,,,,,,,,,,,,,,,,,,,
0.125,0.1,0.1,0.1,0.03,0.03,BioCH4,,,,,,,,,,,,,,,,,,,,,,,
0.125,0.1,0.1,0.1,0.05,0.018,Biomass,,,,,,,,,,,,,,,,,,,,,,,
0.125,0.1,0.1,0.1,0.05,0.03,Biomass,,,,,,,,,,,,,,,,,,,,,,,
0.125,0.1,0.1,0.1,0.07,0.018,Biomass,,,,,,,,,,,,,,,,,,,,,,,
0.125,0.1,0.1,0.1,0.07,0.03,Biomass,,,,,,,,,,,,,,,,,,,,,,,
0.125,0.1,0.1,0.2,0.03,0.018,BiomassOxy_CC,,,,,,,,,,,,,,,,,,,,,,,
0.125,0.1,0.1,0.2,0.03,0.03,BioCH4Oxy_CC,,,,,,,,,,,,,,,,,,,,,,,
0.125,0.1,0.1,0.2,0.05,0.018,BiomassOxy_CC,,,,,,,,,,,,,,,,,,,,,,,
0.125,0.1,0.1,0.2,0.05,0.03,BiomassOxy_CC,,,,,,,,,,,,,,,,,,,,,,,
0.125,0.1,0.1,0.2,0.07,0.018,BiomassOxy_CC,,,,,,,,,,,,,,,,,,,,,,,
0.125,0.1,0.1,0.2,0.07,0.03,BiomassOxy_CC,,,,,,,,,,,,,,,,,,,,,,,
0.125,0.1,0.1,0.25,0.03,0.018,BiomassOxy_CC,,,,,,,,,,,,,,,,,,,,,,,
0.125,0.1,0.1,0.25,0.03,0.03,BioCH4Oxy_CC,,,,,,,,,,,,,,,,,,,,,,,
0.125,0.1,0.1,0.25,0.05,0.018,BiomassOxy_CC,,,,,,,,,,,,,,,,,,,,,,,
0.125,0.1,0.1,0.25,0.05,0.03,BiomassOxy_CC,,,,,,,,,,,,,,,,,,,,,,,
0.125,0.1,0.1,0.25,0.07,0.018,BiomassOxy_CC,,,,,,,,,,,,,,,,,,,,,,,
0.125,0.1,0.1,0.25,0.07,0.03,BiomassOxy_CC,,,,,,,,,,,,,,,,,,,,,,,
0.125,0.15,0.01,0.075,0.03,0.018,Biomass,,,,,,,,,,,,,,,,,,,,,,,
0.125,0.15,0.01,0.075,0.03,0.03,NG,,,,,,,,,,,,,,,,,,,,,,,
0.125,0.15,0.01,0.075,0.05,0.018,Biomass,,,,,,,,,,,,,,,,,,,,,,,
0.125,0.15,0.01,0.075,0.05,0.03,NG,,,,,,,,,,,,,,,,,,,,,,,
0.125,0.15,0.01,0.075,0.07,0.018,Biomass,,,,,,,,,,,,,,,,,,,,,,,
0.125,0.15,0.01,0.075,0.07,0.03,NG,,,,,,,,,,,,,,,,,,,,,,,
0.125,0.15,0.01,0.1,0.03,0.018,Biomass,,,,,,,,,,,,,,,,,,,,,,,
0.125,0.15,0.01,0.1,0.03,0.03,NG,,,,,,,,,,,,,,,,,,,,,,,
0.125,0.15,0.01,0.1,0.05,0.018,Biomass,,,,,,,,,,,,,,,,,,,,,,,
0.125,0.15,0.01,0.1,0.05,0.03,NG,,,,,,,,,,,,,,,,,,,,,,,
0.125,0.15,0.01,0.1,0.07,0.018,Biomass,,,,,,,,,,,,,,,,,,,,,,,
0.125,0.15,0.01,0.1,0.07,0.03,NG,,,,,,,,,,,,,,,,,,,,,,,
0.125,0.15,0.01,0.2,0.03,0.018,Biomass_CC,,,,,,,,,,,,,,,,,,,,,,,
0.125,0.15,0.01,0.2,0.03,0.03,Biomass_CC,,,,,,,,,,,,,,,,,,,,,,,
0.125,0.15,0.01,0.2,0.05,0.018,Biomass_CC,,,,,,,,,,,,,,,,,,,,,,,
0.125,0.15,0.01,0.2,0.05,0.03,Biomass_CC,,,,,,,,,,,,,,,,,,,,,,,
0.125,0.15,0.01,0.2,0.07,0.018,Biomass_CC,,,,,,,,,,,,,,,,,,,,,,,
0.125,0.15,0.01,0.2,0.07,0.03,Biomass_CC,,,,,,,,,,,,,,,,,,,,,,,
0.125,0.15,0.01,0.25,0.03,0.018,Biomass_CC,,,,,,,,,,,,,,,,,,,,,,,
0.125,0.15,0.01,0.25,0.03,0.03,Biomass_CC,,,,,,,,,,,,,,,,,,,,,,,
0.125,0.15,0.01,0.25,0.05,0.018,Biomass_CC,,,,,,,,,,,,,,,,,,,,,,,
0.125,0.15,0.01,0.25,0.05,0.03,Biomass_CC,,,,,,,,,,,,,,,,,,,,,,,
0.125,0.15,0.01,0.25,0.07,0.018,Biomass_CC,,,,,,,,,,,,,,,,,,,,,,,
0.125,0.15,0.01,0.25,0.07,0.03,Biomass_CC,,,,,,,,,,,,,,,,,,,,,,,
0.125,0.15,0.035,0.075,0.03,0.018,Biomass,,,,,,,,,,,,,,,,,,,,,,,
0.125,0.15,0.035,0.075,0.03,0.03,BioCH4,,,,,,,,,,,,,,,,,,,,,,,
0.125,0.15,0.035,0.075,0.05,0.018,Biomass,,,,,,,,,,,,,,,,,,,,,,,
0.125,0.15,0.035,0.075,0.05,0.03,Biomass,,,,,,,,,,,,,,,,,,,,,,,
0.125,0.15,0.035,0.075,0.07,0.018,Biomass,,,,,,,,,,,,,,,,,,,,,,,
0.125,0.15,0.035,0.075,0.07,0.03,Biomass,,,,,,,,,,,,,,,,,,,,,,,
0.125,0.15,0.035,0.1,0.03,0.018,Biomass,,,,,,,,,,,,,,,,,,,,,,,
0.125,0.15,0.035,0.1,0.03,0.03,BioCH4,,,,,,,,,,,,,,,,,,,,,,,
0.125,0.15,0.035,0.1,0.05,0.018,Biomass,,,,,,,,,,,,,,,,,,,,,,,
0.125,0.15,0.035,0.1,0.05,0.03,Biomass,,,,,,,,,,,,,,,,,,,,,,,
0.125,0.15,0.035,0.1,0.07,0.018,Biomass,,,,,,,,,,,,,,,,,,,,,,,
0.125,0.15,0.035,0.1,0.07,0.03,Biomass,,,,,,,,,,,,,,,,,,,,,,,
0.125,0.15,0.035,0.2,0.03,0.018,BiomassOxy_CC,,,,,,,,,,,,,,,,,,,,,,,
0.125,0.15,0.035,0.2,0.03,0.03,BioCH4Oxy_CC,,,,,,,,,,,,,,,,,,,,,,,
0.125,0.15,0.035,0.2,0.05,0.018,BiomassOxy_CC,,,,,,,,,,,,,,,,,,,,,,,
0.125,0.15,0.035,0.2,0.05,0.03,BiomassOxy_CC,,,,,,,,,,,,,,,,,,,,,,,
0.125,0.15,0.035,0.2,0.07,0.018,BiomassOxy_CC,,,,,,,,,,,,,,,,,,,,,,,
0.125,0.15,0.035,0.2,0.07,0.03,BiomassOxy_CC,,,,,,,,,,,,,,,,,,,,,,,
0.125,0.15,0.035,0.25,0.03,0.018,BiomassOxy_CC,,,,,,,,,,,,,,,,,,,,,,,
0.125,0.15,0.035,0.25,0.03,0.03,BioCH4Oxy_CC,,,,,,,,,,,,,,,,,,,,,,,
0.125,0.15,0.035,0.25,0.05,0.018,BiomassOxy_CC,,,,,,,,,,,,,,,,,,,,,,,
0.125,0.15,0.035,0.25,0.05,0.03,BiomassOxy_CC,,,,,,,,,,,,,,,,,,,,,,,
0.125,0.15,0.035,0.25,0.07,0.018,BiomassOxy_CC,,,,,,,,,,,,,,,,,,,,,,,
0.125,0.15,0.035,0.25,0.07,0.03,BiomassOxy_CC,,,,,,,,,,,,,,,,,,,,,,,
0.125,0.15,0.055,0.075,0.03,0.018,Biomass,,,,,,,,,,,,,,,,,,,,,,,
0.125,0.15,0.055,0.075,0.03,0.03,BioCH4,,,,,,,,,,,,,,,,,,,,,,,
0.125,0.15,0.055,0.075,0.05,0.018,Biomass,,,,,,,,,,,,,,,,,,,,,,,
0.125,0.15,0.055,0.075,0.05,0.03,Biomass,,,,,,,,,,,,,,,,,,,,,,,
0.125,0.15,0.055,0.075,0.07,0.018,Biomass,,,,,,,,,,,,,,,,,,,,,,,
0.125,0.15,0.055,0.075,0.07,0.03,Biomass,,,,,,,,,,,,,,,,,,,,,,,
0.125,0.15,0.055,0.1,0.03,0.018,Biomass,,,,,,,,,,,,,,,,,,,,,,,
0.125,0.15,0.055,0.1,0.03,0.03,BioCH4,,,,,,,,,,,,,,,,,,,,,,,
0.125,0.15,0.055,0.1,0.05,0.018,Biomass,,,,,,,,,,,,,,,,,,,,,,,
0.125,0.15,0.055,0.1,0.05,0.03,Biomass,,,,,,,,,,,,,,,,,,,,,,,
0.125,0.15,0.055,0.1,0.07,0.018,Biomass,,,,,,,,,,,,,,,,,,,,,,,
0.125,0.15,0.055,0.1,0.07,0.03,Biomass,,,,,,,,,,,,,,,,,,,,,,,
0.125,0.15,0.055,0.2,0.03,0.018,BiomassOxy_CC,,,,,,,,,,,,,,,,,,,,,,,
0.125,0.15,0.055,0.2,0.03,0.03,BioCH4Oxy_CC,,,,,,,,,,,,,,,,,,,,,,,
0.125,0.15,0.055,0.2,0.05,0.018,BiomassOxy_CC,,,,,,,,,,,,,,,,,,,,,,,
0.125,0.15,0.055,0.2,0.05,0.03,BiomassOxy_CC,,,,,,,,,,,,,,,,,,,,,,,
0.125,0.15,0.055,0.2,0.07,0.018,BiomassOxy_CC,,,,,,,,,,,,,,,,,,,,,,,
0.125,0.15,0.055,0.2,0.07,0.03,BiomassOxy_CC,,,,,,,,,,,,,,,,,,,,,,,
0.125,0.15,0.055,0.25,0.03,0.018,BiomassOxy_CC,,,,,,,,,,,,,,,,,,,,,,,
0.125,0.15,0.055,0.25,0.03,0.03,BioCH4Oxy_CC,,,,,,,,,,,,,,,,,,,,,,,
0.125,0.15,0.055,0.25,0.05,0.018,BiomassOxy_CC,,,,,,,,,,,,,,,,,,,,,,,
0.125,0.15,0.055,0.25,0.05,0.03,BiomassOxy_CC,,,,,,,,,,,,,,,,,,,,,,,
0.125,0.15,0.055,0.25,0.07,0.018,BiomassOxy_CC,,,,,,,,,,,,,,,,,,,,,,,
0.125,0.15,0.055,0.25,0.07,0.03,BiomassOxy_CC,,,,,,,,,,,,,,,,,,,,,,,
0.125,0.15,0.075,0.075,0.03,0.018,Biomass,,,,,,,,,,,,,,,,,,,,,,,
0.125,0.15,0.075,0.075,0.03,0.03,BioCH4,,,,,,,,,,,,,,,,,,,,,,,
0.125,0.15,0.075,0.075,0.05,0.018,Biomass,,,,,,,,,,,,,,,,,,,,,,,
0.125,0.15,0.075,0.075,0.05,0.03,Biomass,,,,,,,,,,,,,,,,,,,,,,,
0.125,0.15,0.075,0.075,0.07,0.018,Biomass,,,,,,,,,,,,,,,,,,,,,,,
0.125,0.15,0.075,0.075,0.07,0.03,Biomass,,,,,,,,,,,,,,,,,,,,,,,
0.125,0.15,0.075,0.1,0.03,0.018,Biomass,,,,,,,,,,,,,,,,,,,,,,,
0.125,0.15,0.075,0.1,0.03,0.03,BioCH4,,,,,,,,,,,,,,,,,,,,,,,
0.125,0.15,0.075,0.1,0.05,0.018,Biomass,,,,,,,,,,,,,,,,,,,,,,,
0.125,0.15,0.075,0.1,0.05,0.03,Biomass,,,,,,,,,,,,,,,,,,,,,,,
0.125,0.15,0.075,0.1,0.07,0.018,Biomass,,,,,,,,,,,,,,,,,,,,,,,
0.125,0.15,0.075,0.1,0.07,0.03,Biomass,,,,,,,,,,,,,,,,,,,,,,,
0.125,0.15,0.075,0.2,0.03,0.018,BiomassOxy_CC,,,,,,,,,,,,,,,,,,,,,,,
0.125,0.15,0.075,0.2,0.03,0.03,BioCH4Oxy_CC,,,,,,,,,,,,,,,,,,,,,,,
0.125,0.15,0.075,0.2,0.05,0.018,BiomassOxy_CC,,,,,,,,,,,,,,,,,,,,,,,
0.125,0.15,0.075,0.2,0.05,0.03,BiomassOxy_CC,,,,,,,,,,,,,,,,,,,,,,,
0.125,0.15,0.075,0.2,0.07,0.018,BiomassOxy_CC,,,,,,,,,,,,,,,,,,,,,,,
0.125,0.15,0.075,0.2,0.07,0.03,BiomassOxy_CC,,,,,,,,,,,,,,,,,,,,,,,
0.125,0.15,0.075,0.25,0.03,0.018,BiomassOxy_CC,,,,,,,,,,,,,,,,,,,,,,,
0.125,0.15,0.075,0.25,0.03,0.03,BioCH4Oxy_CC,,,,,,,,,,,,,,,,,,,,,,,
0.125,0.15,0.075,0.25,0.05,0.018,BiomassOxy_CC,,,,,,,,,,,,,,,,,,,,,,,
0.125,0.15,0.075,0.25,0.05,0.03,BiomassOxy_CC,,,,,,,,,,,,,,,,,,,,,,,
0.125,0.15,0.075,0.25,0.07,0.018,BiomassOxy_CC,,,,,,,,,,,,,,,,,,,,,,,
0.125,0.15,0.075,0.25,0.07,0.03,BiomassOxy_CC,,,,,,,,,,,,,,,,,,,,,,,
0.125,0.15,0.1,0.075,0.03,0.018,Biomass,,,,,,,,,,,,,,,,,,,,,,,
0.125,0.15,0.1,0.075,0.03,0.03,BioCH4,,,,,,,,,,,,,,,,,,,,,,,
0.125,0.15,0.1,0.075,0.05,0.018,Biomass,,,,,,,,,,,,,,,,,,,,,,,
0.125,0.15,0.1,0.075,0.05,0.03,Biomass,,,,,,,,,,,,,,,,,,,,,,,
0.125,0.15,0.1,0.075,0.07,0.018,Biomass,,,,,,,,,,,,,,,,,,,,,,,
0.125,0.15,0.1,0.075,0.07,0.03,Biomass,,,,,,,,,,,,,,,,,,,,,,,
0.125,0.15,0.1,0.1,0.03,0.018,Biomass,,,,,,,,,,,,,,,,,,,,,,,
0.125,0.15,0.1,0.1,0.03,0.03,BioCH4,,,,,,,,,,,,,,,,,,,,,,,
0.125,0.15,0.1,0.1,0.05,0.018,Biomass,,,,,,,,,,,,,,,,,,,,,,,
0.125,0.15,0.1,0.1,0.05,0.03,Biomass,,,,,,,,,,,,,,,,,,,,,,,
0.125,0.15,0.1,0.1,0.07,0.018,Biomass,,,,,,,,,,,,,,,,,,,,,,,
0.125,0.15,0.1,0.1,0.07,0.03,Biomass,,,,,,,,,,,,,,,,,,,,,,,
0.125,0.15,0.1,0.2,0.03,0.018,BiomassOxy_CC,,,,,,,,,,,,,,,,,,,,,,,
0.125,0.15,0.1,0.2,0.03,0.03,BioCH4Oxy_CC,,,,,,,,,,,,,,,,,,,,,,,
0.125,0.15,0.1,0.2,0.05,0.018,BiomassOxy_CC,,,,,,,,,,,,,,,,,,,,,,,
0.125,0.15,0.1,0.2,0.05,0.03,BiomassOxy_CC,,,,,,,,,,,,,,,,,,,,,,,
0.125,0.15,0.1,0.2,0.07,0.018,BiomassOxy_CC,,,,,,,,,,,,,,,,,,,,,,,
0.125,0.15,0.1,0.2,0.07,0.03,BiomassOxy_CC,,,,,,,,,,,,,,,,,,,,,,,
0.125,0.15,0.1,0.25,0.03,0.018,BiomassOxy_CC,,,,,,,,,,,,,,,,,,,,,,,
0.125,0.15,0.1,0.25,0.03,0.03,BioCH4Oxy_CC,,,,,,,,,,,,,,,,,,,,,,,
0.125,0.15,0.1,0.25,0.05,0.018,BiomassOxy_CC,,,,,,,,,,,,,,,,,,,,,,,
0.125,0.15,0.1,0.25,0.05,0.03,BiomassOxy_CC,,,,,,,,,,,,,,,,,,,,,,,
0.125,0.15,0.1,0.25,0.07,0.018,BiomassOxy_CC,,,,,,,,,,,,,,,,,,,,,,,
0.125,0.15,0.1,0.25,0.07,0.03,BiomassOxy_CC,,,,,,,,,,,,,,,,,,,,,,,
0.125,0.2,0.01,0.075,0.03,0.018,Biomass,,,,,,,,,,,,,,,,,,,,,,,
0.125,0.2,0.01,0.075,0.03,0.03,NG,,,,,,,,,,,,,,,,,,,,,,,
0.125,0.2,0.01,0.075,0.05,0.018,Biomass,,,,,,,,,,,,,,,,,,,,,,,
0.125,0.2,0.01,0.075,0.05,0.03,NG,,,,,,,,,,,,,,,,,,,,,,,
0.125,0.2,0.01,0.075,0.07,0.018,Biomass,,,,,,,,,,,,,,,,,,,,,,,
0.125,0.2,0.01,0.075,0.07,0.03,NG,,,,,,,,,,,,,,,,,,,,,,,
0.125,0.2,0.01,0.1,0.03,0.018,Biomass,,,,,,,,,,,,,,,,,,,,,,,
0.125,0.2,0.01,0.1,0.03,0.03,NG,,,,,,,,,,,,,,,,,,,,,,,
0.125,0.2,0.01,0.1,0.05,0.018,Biomass,,,,,,,,,,,,,,,,,,,,,,,
0.125,0.2,0.01,0.1,0.05,0.03,NG,,,,,,,,,,,,,,,,,,,,,,,
0.125,0.2,0.01,0.1,0.07,0.018,Biomass,,,,,,,,,,,,,,,,,,,,,,,
0.125,0.2,0.01,0.1,0.07,0.03,NG,,,,,,,,,,,,,,,,,,,,,,,
0.125,0.2,0.01,0.2,0.03,0.018,Biomass_CC,,,,,,,,,,,,,,,,,,,,,,,
0.125,0.2,0.01,0.2,0.03,0.03,Biomass_CC,,,,,,,,,,,,,,,,,,,,,,,
0.125,0.2,0.01,0.2,0.05,0.018,Biomass_CC,,,,,,,,,,,,,,,,,,,,,,,
0.125,0.2,0.01,0.2,0.05,0.03,Biomass_CC,,,,,,,,,,,,,,,,,,,,,,,
0.125,0.2,0.01,0.2,0.07,0.018,Biomass_CC,,,,,,,,,,,,,,,,,,,,,,,
0.125,0.2,0.01,0.2,0.07,0.03,Biomass_CC,,,,,,,,,,,,,,,,,,,,,,,
0.125,0.2,0.01,0.25,0.03,0.018,Biomass_CC,,,,,,,,,,,,,,,,,,,,,,,
0.125,0.2,0.01,0.25,0.03,0.03,Biomass_CC,,,,,,,,,,,,,,,,,,,,,,,
0.125,0.2,0.01,0.25,0.05,0.018,Biomass_CC,,,,,,,,,,,,,,,,,,,,,,,
0.125,0.2,0.01,0.25,0.05,0.03,Biomass_CC,,,,,,,,,,,,,,,,,,,,,,,
0.125,0.2,0.01,0.25,0.07,0.018,Biomass_CC,,,,,,,,,,,,,,,,,,,,,,,
0.125,0.2,0.01,0.25,0.07,0.03,Biomass_CC,,,,,,,,,,,,,,,,,,,,,,,
0.125,0.2,0.035,0.075,0.03,0.018,Biomass,,,,,,,,,,,,,,,,,,,,,,,
0.125,0.2,0.035,0.075,0.03,0.03,BioCH4,,,,,,,,,,,,,,,,,,,,,,,
0.125,0.2,0.035,0.075,0.05,0.018,Biomass,,,,,,,,,,,,,,,,,,,,,,,
0.125,0.2,0.035,0.075,0.05,0.03,Biomass,,,,,,,,,,,,,,,,,,,,,,,
0.125,0.2,0.035,0.075,0.07,0.018,Biomass,,,,,,,,,,,,,,,,,,,,,,,
0.125,0.2,0.035,0.075,0.07,0.03,Biomass,,,,,,,,,,,,,,,,,,,,,,,
0.125,0.2,0.035,0.1,0.03,0.018,Biomass,,,,,,,,,,,,,,,,,,,,,,,
0.125,0.2,0.035,0.1,0.03,0.03,BioCH4,,,,,,,,,,,,,,,,,,,,,,,
0.125,0.2,0.035,0.1,0.05,0.018,Biomass,,,,,,,,,,,,,,,,,,,,,,,
0.125,0.2,0.035,0.1,0.05,0.03,Biomass,,,,,,,,,,,,,,,,,,,,,,,
0.125,0.2,0.035,0.1,0.07,0.018,Biomass,,,,,,,,,,,,,,,,,,,,,,,
0.125,0.2,0.035,0.1,0.07,0.03,Biomass,,,,,,,,,,,,,,,,,,,,,,,
0.125,0.2,0.035,0.2,0.03,0.018,BiomassOxy_CC,,,,,,,,,,,,,,,,,,,,,,,
0.125,0.2,0.035,0.2,0.03,0.03,BioCH4Oxy_CC,,,,,,,,,,,,,,,,,,,,,,,
0.125,0.2,0.035,0.2,0.05,0.018,BiomassOxy_CC,,,,,,,,,,,,,,,,,,,,,,,
0.125,0.2,0.035,0.2,0.05,0.03,BiomassOxy_CC,,,,,,,,,,,,,,,,,,,,,,,
0.125,0.2,0.035,0.2,0.07,0.018,BiomassOxy_CC,,,,,,,,,,,,,,,,,,,,,,,
0.125,0.2,0.035,0.2,0.07,0.03,BiomassOxy_CC,,,,,,,,,,,,,,,,,,,,,,,
0.125,0.2,0.035,0.25,0.03,0.018,BiomassOxy_CC,,,,,,,,,,,,,,,,,,,,,,,
0.125,0.2,0.035,0.25,0.03,0.03,BioCH4Oxy_CC,,,,,,,,,,,,,,,,,,,,,,,
0.125,0.2,0.035,0.25,0.05,0.018,BiomassOxy_CC,,,,,,,,,,,,,,,,,,,,,,,
0.125,0.2,0.035,0.25,0.05,0.03,BiomassOxy_CC,,,,,,,,,,,,,,,,,,,,,,,
0.125,0.2,0.035,0.25,0.07,0.018,BiomassOxy_CC,,,,,,,,,,,,,,,,,,,,,,,
0.125,0.2,0.035,0.25,0.07,0.03,BiomassOxy_CC,,,,,,,,,,,,,,,,,,,,,,,
0.125,0.2,0.055,0.075,0.03,0.018,Biomass,,,,,,,,,,,,,,,,,,,,,,,
0.125,0.2,0.055,0.075,0.03,0.03,BioCH4,,,,,,,,,,,,,,,,,,,,,,,
0.125,0.2,0.055,0.075,0.05,0.018,Biomass,,,,,,,,,,,,,,,,,,,,,,,
0.125,0.2,0.055,0.075,0.05,0.03,Biomass,,,,,,,,,,,,,,,,,,,,,,,
0.125,0.2,0.055,0.075,0.07,0.018,Biomass,,,,,,,,,,,,,,,,,,,,,,,
0.125,0.2,0.055,0.075,0.07,0.03,Biomass,,,,,,,,,,,,,,,,,,,,,,,
0.125,0.2,0.055,0.1,0.03,0.018,Biomass,,,,,,,,,,,,,,,,,,,,,,,
0.125,0.2,0.055,0.1,0.03,0.03,BioCH4,,,,,,,,,,,,,,,,,,,,,,,
0.125,0.2,0.055,0.1,0.05,0.018,Biomass,,,,,,,,,,,,,,,,,,,,,,,
0.125,0.2,0.055,0.1,0.05,0.03,Biomass,,,,,,,,,,,,,,,,,,,,,,,
0.125,0.2,0.055,0.1,0.07,0.018,Biomass,,,,,,,,,,,,,,,,,,,,,,,
0.125,0.2,0.055,0.1,0.07,0.03,Biomass,,,,,,,,,,,,,,,,,,,,,,,
0.125,0.2,0.055,0.2,0.03,0.018,BiomassOxy_CC,,,,,,,,,,,,,,,,,,,,,,,
0.125,0.2,0.055,0.2,0.03,0.03,BioCH4Oxy_CC,,,,,,,,,,,,,,,,,,,,,,,
0.125,0.2,0.055,0.2,0.05,0.018,BiomassOxy_CC,,,,,,,,,,,,,,,,,,,,,,,
0.125,0.2,0.055,0.2,0.05,0.03,BiomassOxy_CC,,,,,,,,,,,,,,,,,,,,,,,
0.125,0.2,0.055,0.2,0.07,0.018,BiomassOxy_CC,,,,,,,,,,,,,,,,,,,,,,,
0.125,0.2,0.055,0.2,0.07,0.03,BiomassOxy_CC,,,,,,,,,,,,,,,,,,,,,,,
0.125,0.2,0.055,0.25,0.03,0.018,BiomassOxy_CC,,,,,,,,,,,,,,,,,,,,,,,
0.125,0.2,0.055,0.25,0.03,0.03,BioCH4Oxy_CC,,,,,,,,,,,,,,,,,,,,,,,
0.125,0.2,0.055,0.25,0.05,0.018,BiomassOxy_CC,,,,,,,,,,,,,,,,,,,,,,,
0.125,0.2,0.055,0.25,0.05,0.03,BiomassOxy_CC,,,,,,,,,,,,,,,,,,,,,,,
0.125,0.2,0.055,0.25,0.07,0.018,BiomassOxy_CC,,,,,,,,,,,,,,,,,,,,,,,
0.125,0.2,0.055,0.25,0.07,0.03,BiomassOxy_CC,,,,,,,,,,,,,,,,,,,,,,,
0.125,0.2,0.075,0.075,0.03,0.018,Biomass,,,,,,,,,,,,,,,,,,,,,,,
0.125,0.2,0.075,0.075,0.03,0.03,BioCH4,,,,,,,,,,,,,,,,,,,,,,,
0.125,0.2,0.075,0.075,0.05,0.018,Biomass,,,,,,,,,,,,,,,,,,,,,,,
0.125,0.2,0.075,0.075,0.05,0.03,Biomass,,,,,,,,,,,,,,,,,,,,,,,
0.125,0.2,0.075,0.075,0.07,0.018,Biomass,,,,,,,,,,,,,,,,,,,,,,,
0.125,0.2,0.075,0.075,0.07,0.03,Biomass,,,,,,,,,,,,,,,,,,,,,,,
0.125,0.2,0.075,0.1,0.03,0.018,Biomass,,,,,,,,,,,,,,,,,,,,,,,
0.125,0.2,0.075,0.1,0.03,0.03,BioCH4,,,,,,,,,,,,,,,,,,,,,,,
0.125,0.2,0.075,0.1,0.05,0.018,Biomass,,,,,,,,,,,,,,,,,,,,,,,
0.125,0.2,0.075,0.1,0.05,0.03,Biomass,,,,,,,,,,,,,,,,,,,,,,,
0.125,0.2,0.075,0.1,0.07,0.018,Biomass,,,,,,,,,,,,,,,,,,,,,,,
0.125,0.2,0.075,0.1,0.07,0.03,Biomass,,,,,,,,,,,,,,,,,,,,,,,
0.125,0.2,0.075,0.2,0.03,0.018,BiomassOxy_CC,,,,,,,,,,,,,,,,,,,,,,,
0.125,0.2,0.075,0.2,0.03,0.03,BioCH4Oxy_CC,,,,,,,,,,,,,,,,,,,,,,,
0.125,0.2,0.075,0.2,0.05,0.018,BiomassOxy_CC,,,,,,,,,,,,,,,,,,,,,,,
0.125,0.2,0.075,0.2,0.05,0.03,BiomassOxy_CC,,,,,,,,,,,,,,,,,,,,,,,
0.125,0.2,0.075,0.2,0.07,0.018,BiomassOxy_CC,,,,,,,,,,,,,,,,,,,,,,,
0.125,0.2,0.075,0.2,0.07,0.03,BiomassOxy_CC,,,,,,,,,,,,,,,,,,,,,,,
0.125,0.2,0.075,0.25,0.03,0.018,BiomassOxy_CC,,,,,,,,,,,,,,,,,,,,,,,
0.125,0.2,0.075,0.25,0.03,0.03,BioCH4Oxy_CC,,,,,,,,,,,,,,,,,,,,,,,
0.125,0.2,0.075,0.25,0.05,0.018,BiomassOxy_CC,,,,,,,,,,,,,,,,,,,,,,,
0.125,0.2,0.075,0.25,0.05,0.03,BiomassOxy_CC,,,,,,,,,,,,,,,,,,,,,,,
0.125,0.2,0.075,0.25,0.07,0.018,BiomassOxy_CC,,,,,,,,,,,,,,,,,,,,,,,
0.125,0.2,0.075,0.25,0.07,0.03,BiomassOxy_CC,,,,,,,,,,,,,,,,,,,,,,,
0.125,0.2,0.1,0.075,0.03,0.018,Biomass,,,,,,,,,,,,,,,,,,,,,,,
0.125,0.2,0.1,0.075,0.03,0.03,BioCH4,,,,,,,,,,,,,,,,,,,,,,,
0.125,0.2,0.1,0.075,0.05,0.018,Biomass,,,,,,,,,,,,,,,,,,,,,,,
0.125,0.2,0.1,0.075,0.05,0.03,Biomass,,,,,,,,,,,,,,,,,,,,,,,
0.125,0.2,0.1,0.075,0.07,0.018,Biomass,,,,,,,,,,,,,,,,,,,,,,,
0.125,0.2,0.1,0.075,0.07,0.03,Biomass,,,,,,,,,,,,,,,,,,,,,,,
0.125,0.2,0.1,0.1,0.03,0.018,Biomass,,,,,,,,,,,,,,,,,,,,,,,
0.125,0.2,0.1,0.1,0.03,0.03,BioCH4,,,,,,,,,,,,,,,,,,,,,,,
0.125,0.2,0.1,0.1,0.05,0.018,Biomass,,,,,,,,,,,,,,,,,,,,,,,
0.125,0.2,0.1,0.1,0.05,0.03,Biomass,,,,,,,,,,,,,,,,,,,,,,,
0.125,0.2,0.1,0.1,0.07,0.018,Biomass,,,,,,,,,,,,,,,,,,,,,,,
0.125,0.2,0.1,0.1,0.07,0.03,Biomass,,,,,,,,,,,,,,,,,,,,,,,
0.125,0.2,0.1,0.2,0.03,0.018,BiomassOxy_CC,,,,,,,,,,,,,,,,,,,,,,,
0.125,0.2,0.1,0.2,0.03,0.03,BioCH4Oxy_CC,,,,,,,,,,,,,,,,,,,,,,,
0.125,0.2,0.1,0.2,0.05,0.018,BiomassOxy_CC,,,,,,,,,,,,,,,,,,,,,,,
0.125,0.2,0.1,0.2,0.05,0.03,BiomassOxy_CC,,,,,,,,,,,,,,,,,,,,,,,
0.125,0.2,0.1,0.2,0.07,0.018,BiomassOxy_CC,,,,,,,,,,,,,,,,,,,,,,,
0.125,0.2,0.1,0.2,0.07,0.03,BiomassOxy_CC,,,,,,,,,,,,,,,,,,,,,,,
0.125,0.2,0.1,0.25,0.03,0.018,BiomassOxy_CC,,,,,,,,,,,,,,,,,,,,,,,
0.125,0.2,0.1,0.25,0.03,0.03,BioCH4Oxy_CC,,,,,,,,,,,,,,,,,,,,,,,
0.125,0.2,0.1,0.25,0.05,0.018,BiomassOxy_CC,,,,,,,,,,,,,,,,,,,,,,,
0.125,0.2,0.1,0.25,0.05,0.03,BiomassOxy_CC,,,,,,,,,,,,,,,,,,,,,,,
0.125,0.2,0.1,0.25,0.07,0.018,BiomassOxy_CC,,,,,,,,,,,,,,,,,,,,,,,
0.125,0.2,0.1,0.25,0.07,0.03,BiomassOxy_CC,,,,,,,,,,,,,,,,,,,,,,,
0.15,0.01,0.01,0.075,0.03,0.018,Biomass,,,,,,,,,,,,,,,,,,,,,,,
0.15,0.01,0.01,0.075,0.03,0.03,NG,,,,,,,,,,,,,,,,,,,,,,,
0.15,0.01,0.01,0.075,0.05,0.018,Biomass,,,,,,,,,,,,,,,,,,,,,,,
0.15,0.01,0.01,0.075,0.05,0.03,NG,,,,,,,,,,,,,,,,,,,,,,,
0.15,0.01,0.01,0.075,0.07,0.018,Biomass,,,,,,,,,,,,,,,,,,,,,,,
0.15,0.01,0.01,0.075,0.07,0.03,NG,,,,,,,,,,,,,,,,,,,,,,,
0.15,0.01,0.01,0.1,0.03,0.018,Biomass,,,,,,,,,,,,,,,,,,,,,,,
0.15,0.01,0.01,0.1,0.03,0.03,NG,,,,,,,,,,,,,,,,,,,,,,,
0.15,0.01,0.01,0.1,0.05,0.018,Biomass,,,,,,,,,,,,,,,,,,,,,,,
0.15,0.01,0.01,0.1,0.05,0.03,NG,,,,,,,,,,,,,,,,,,,,,,,
0.15,0.01,0.01,0.1,0.07,0.018,Biomass,,,,,,,,,,,,,,,,,,,,,,,
0.15,0.01,0.01,0.1,0.07,0.03,NG,,,,,,,,,,,,,,,,,,,,,,,
0.15,0.01,0.01,0.2,0.03,0.018,Biomass_CC,,,,,,,,,,,,,,,,,,,,,,,
0.15,0.01,0.01,0.2,0.03,0.03,Biomass_CC,,,,,,,,,,,,,,,,,,,,,,,
0.15,0.01,0.01,0.2,0.05,0.018,Biomass_CC,,,,,,,,,,,,,,,,,,,,,,,
0.15,0.01,0.01,0.2,0.05,0.03,Biomass_CC,,,,,,,,,,,,,,,,,,,,,,,
0.15,0.01,0.01,0.2,0.07,0.018,Biomass_CC,,,,,,,,,,,,,,,,,,,,,,,
0.15,0.01,0.01,0.2,0.07,0.03,Biomass_CC,,,,,,,,,,,,,,,,,,,,,,,
0.15,0.01,0.01,0.25,0.03,0.018,Biomass_CC,,,,,,,,,,,,,,,,,,,,,,,
0.15,0.01,0.01,0.25,0.03,0.03,Biomass_CC,,,,,,,,,,,,,,,,,,,,,,,
0.15,0.01,0.01,0.25,0.05,0.018,Biomass_CC,,,,,,,,,,,,,,,,,,,,,,,
0.15,0.01,0.01,0.25,0.05,0.03,Biomass_CC,,,,,,,,,,,,,,,,,,,,,,,
0.15,0.01,0.01,0.25,0.07,0.018,Biomass_CC,,,,,,,,,,,,,,,,,,,,,,,
0.15,0.01,0.01,0.25,0.07,0.03,Biomass_CC,,,,,,,,,,,,,,,,,,,,,,,
0.15,0.01,0.035,0.075,0.03,0.018,Biomass,,,,,,,,,,,,,,,,,,,,,,,
0.15,0.01,0.035,0.075,0.03,0.03,BioCH4,,,,,,,,,,,,,,,,,,,,,,,
0.15,0.01,0.035,0.075,0.05,0.018,Biomass,,,,,,,,,,,,,,,,,,,,,,,
0.15,0.01,0.035,0.075,0.05,0.03,Biomass,,,,,,,,,,,,,,,,,,,,,,,
0.15,0.01,0.035,0.075,0.07,0.018,Biomass,,,,,,,,,,,,,,,,,,,,,,,
0.15,0.01,0.035,0.075,0.07,0.03,Biomass,,,,,,,,,,,,,,,,,,,,,,,
0.15,0.01,0.035,0.1,0.03,0.018,Biomass,,,,,,,,,,,,,,,,,,,,,,,
0.15,0.01,0.035,0.1,0.03,0.03,BioCH4,,,,,,,,,,,,,,,,,,,,,,,
0.15,0.01,0.035,0.1,0.05,0.018,Biomass,,,,,,,,,,,,,,,,,,,,,,,
0.15,0.01,0.035,0.1,0.05,0.03,Biomass,,,,,,,,,,,,,,,,,,,,,,,
0.15,0.01,0.035,0.1,0.07,0.018,Biomass,,,,,,,,,,,,,,,,,,,,,,,
0.15,0.01,0.035,0.1,0.07,0.03,Biomass,,,,,,,,,,,,,,,,,,,,,,,
0.15,0.01,0.035,0.2,0.03,0.018,H2Oxy_CC,,,,,,,,,,,,,,,,,,,,,,,
0.15,0.01,0.035,0.2,0.03,0.03,H2Oxy_CC,,,,,,,,,,,,,,,,,,,,,,,
0.15,0.01,0.035,0.2,0.05,0.018,H2Oxy_CC,,,,,,,,,,,,,,,,,,,,,,,
0.15,0.01,0.035,0.2,0.05,0.03,H2Oxy_CC,,,,,,,,,,,,,,,,,,,,,,,
0.15,0.01,0.035,0.2,0.07,0.018,H2Oxy_CC,,,,,,,,,,,,,,,,,,,,,,,
0.15,0.01,0.035,0.2,0.07,0.03,H2Oxy_CC,,,,,,,,,,,,,,,,,,,,,,,
0.15,0.01,0.035,0.25,0.03,0.018,H2Oxy_CC,,,,,,,,,,,,,,,,,,,,,,,
0.15,0.01,0.035,0.25,0.03,0.03,H2Oxy_CC,,,,,,,,,,,,,,,,,,,,,,,
0.15,0.01,0.035,0.25,0.05,0.018,H2Oxy_CC,,,,,,,,,,,,,,,,,,,,,,,
0.15,0.01,0.035,0.25,0.05,0.03,H2Oxy_CC,,,,,,,,,,,,,,,,,,,,,,,
0.15,0.01,0.035,0.25,0.07,0.018,H2Oxy_CC,,,,,,,,,,,,,,,,,,,,,,,
0.15,0.01,0.035,0.25,0.07,0.03,H2Oxy_CC,,,,,,,,,,,,,,,,,,,,,,,
0.15,0.01,0.055,0.075,0.03,0.018,Biomass,,,,,,,,,,,,,,,,,,,,,,,
0.15,0.01,0.055,0.075,0.03,0.03,BioCH4,,,,,,,,,,,,,,,,,,,,,,,
0.15,0.01,0.055,0.075,0.05,0.018,Biomass,,,,,,,,,,,,,,,,,,,,,,,
0.15,0.01,0.055,0.075,0.05,0.03,Biomass,,,,,,,,,,,,,,,,,,,,,,,
0.15,0.01,0.055,0.075,0.07,0.018,Biomass,,,,,,,,,,,,,,,,,,,,,,,
0.15,0.01,0.055,0.075,0.07,0.03,Biomass,,,,,,,,,,,,,,,,,,,,,,,
0.15,0.01,0.055,0.1,0.03,0.018,Biomass,,,,,,,,,,,,,,,,,,,,,,,
0.15,0.01,0.055,0.1,0.03,0.03,BioCH4,,,,,,,,,,,,,,,,,,,,,,,
0.15,0.01,0.055,0.1,0.05,0.018,Biomass,,,,,,,,,,,,,,,,,,,,,,,
0.15,0.01,0.055,0.1,0.05,0.03,Biomass,,,,,,,,,,,,,,,,,,,,,,,
0.15,0.01,0.055,0.1,0.07,0.018,Biomass,,,,,,,,,,,,,,,,,,,,,,,
0.15,0.01,0.055,0.1,0.07,0.03,Biomass,,,,,,,,,,,,,,,,,,,,,,,
0.15,0.01,0.055,0.2,0.03,0.018,H2Oxy_CC,,,,,,,,,,,,,,,,,,,,,,,
0.15,0.01,0.055,0.2,0.03,0.03,H2Oxy_CC,,,,,,,,,,,,,,,,,,,,,,,
0.15,0.01,0.055,0.2,0.05,0.018,H2Oxy_CC,,,,,,,,,,,,,,,,,,,,,,,
0.15,0.01,0.055,0.2,0.05,0.03,H2Oxy_CC,,,,,,,,,,,,,,,,,,,,,,,
0.15,0.01,0.055,0.2,0.07,0.018,H2Oxy_CC,,,,,,,,,,,,,,,,,,,,,,,
0.15,0.01,0.055,0.2,0.07,0.03,H2Oxy_CC,,,,,,,,,,,,,,,,,,,,,,,
0.15,0.01,0.055,0.25,0.03,0.018,H2Oxy_CC,,,,,,,,,,,,,,,,,,,,,,,
0.15,0.01,0.055,0.25,0.03,0.03,H2Oxy_CC,,,,,,,,,,,,,,,,,,,,,,,
0.15,0.01,0.055,0.25,0.05,0.018,H2Oxy_CC,,,,,,,,,,,,,,,,,,,,,,,
0.15,0.01,0.055,0.25,0.05,0.03,H2Oxy_CC,,,,,,,,,,,,,,,,,,,,,,,
0.15,0.01,0.055,0.25,0.07,0.018,H2Oxy_CC,,,,,,,,,,,,,,,,,,,,,,,
0.15,0.01,0.055,0.25,0.07,0.03,H2Oxy_CC,,,,,,,,,,,,,,,,,,,,,,,
0.15,0.01,0.075,0.075,0.03,0.018,Biomass,,,,,,,,,,,,,,,,,,,,,,,
0.15,0.01,0.075,0.075,0.03,0.03,BioCH4,,,,,,,,,,,,,,,,,,,,,,,
0.15,0.01,0.075,0.075,0.05,0.018,Biomass,,,,,,,,,,,,,,,,,,,,,,,
0.15,0.01,0.075,0.075,0.05,0.03,Biomass,,,,,,,,,,,,,,,,,,,,,,,
0.15,0.01,0.075,0.075,0.07,0.018,Biomass,,,,,,,,,,,,,,,,,,,,,,,
0.15,0.01,0.075,0.075,0.07,0.03,Biomass,,,,,,,,,,,,,,,,,,,,,,,
0.15,0.01,0.075,0.1,0.03,0.018,Biomass,,,,,,,,,,,,,,,,,,,,,,,
0.15,0.01,0.075,0.1,0.03,0.03,BioCH4,,,,,,,,,,,,,,,,,,,,,,,
0.15,0.01,0.075,0.1,0.05,0.018,Biomass,,,,,,,,,,,,,,,,,,,,,,,
0.15,0.01,0.075,0.1,0.05,0.03,Biomass,,,,,,,,,,,,,,,,,,,,,,,
0.15,0.01,0.075,0.1,0.07,0.018,Biomass,,,,,,,,,,,,,,,,,,,,,,,
0.15,0.01,0.075,0.1,0.07,0.03,Biomass,,,,,,,,,,,,,,,,,,,,,,,
0.15,0.01,0.075,0.2,0.03,0.018,H2Oxy_CC,,,,,,,,,,,,,,,,,,,,,,,
0.15,0.01,0.075,0.2,0.03,0.03,H2Oxy_CC,,,,,,,,,,,,,,,,,,,,,,,
0.15,0.01,0.075,0.2,0.05,0.018,H2Oxy_CC,,,,,,,,,,,,,,,,,,,,,,,
0.15,0.01,0.075,0.2,0.05,0.03,H2Oxy_CC,,,,,,,,,,,,,,,,,,,,,,,
0.15,0.01,0.075,0.2,0.07,0.018,H2Oxy_CC,,,,,,,,,,,,,,,,,,,,,,,
0.15,0.01,0.075,0.2,0.07,0.03,H2Oxy_CC,,,,,,,,,,,,,,,,,,,,,,,
0.15,0.01,0.075,0.25,0.03,0.018,H2Oxy_CC,,,,,,,,,,,,,,,,,,,,,,,
0.15,0.01,0.075,0.25,0.03,0.03,H2Oxy_CC,,,,,,,,,,,,,,,,,,,,,,,
0.15,0.01,0.075,0.25,0.05,0.018,H2Oxy_CC,,,,,,,,,,,,,,,,,,,,,,,
0.15,0.01,0.075,0.25,0.05,0.03,H2Oxy_CC,,,,,,,,,,,,,,,,,,,,,,,
0.15,0.01,0.075,0.25,0.07,0.018,H2Oxy_CC,,,,,,,,,,,,,,,,,,,,,,,
0.15,0.01,0.075,0.25,0.07,0.03,H2Oxy_CC,,,,,,,,,,,,,,,,,,,,,,,
0.15,0.01,0.1,0.075,0.03,0.018,Biomass,,,,,,,,,,,,,,,,,,,,,,,
0.15,0.01,0.1,0.075,0.03,0.03,BioCH4,,,,,,,,,,,,,,,,,,,,,,,
0.15,0.01,0.1,0.075,0.05,0.018,Biomass,,,,,,,,,,,,,,,,,,,,,,,
0.15,0.01,0.1,0.075,0.05,0.03,Biomass,,,,,,,,,,,,,,,,,,,,,,,
0.15,0.01,0.1,0.075,0.07,0.018,Biomass,,,,,,,,,,,,,,,,,,,,,,,
0.15,0.01,0.1,0.075,0.07,0.03,Biomass,,,,,,,,,,,,,,,,,,,,,,,
0.15,0.01,0.1,0.1,0.03,0.018,Biomass,,,,,,,,,,,,,,,,,,,,,,,
0.15,0.01,0.1,0.1,0.03,0.03,BioCH4,,,,,,,,,,,,,,,,,,,,,,,
0.15,0.01,0.1,0.1,0.05,0.018,Biomass,,,,,,,,,,,,,,,,,,,,,,,
0.15,0.01,0.1,0.1,0.05,0.03,Biomass,,,,,,,,,,,,,,,,,,,,,,,
0.15,0.01,0.1,0.1,0.07,0.018,Biomass,,,,,,,,,,,,,,,,,,,,,,,
0.15,0.01,0.1,0.1,0.07,0.03,Biomass,,,,,,,,,,,,,,,,,,,,,,,
0.15,0.01,0.1,0.2,0.03,0.018,H2Oxy_CC,,,,,,,,,,,,,,,,,,,,,,,
0.15,0.01,0.1,0.2,0.03,0.03,H2Oxy_CC,,,,,,,,,,,,,,,,,,,,,,,
0.15,0.01,0.1,0.2,0.05,0.018,H2Oxy_CC,,,,,,,,,,,,,,,,,,,,,,,
0.15,0.01,0.1,0.2,0.05,0.03,H2Oxy_CC,,,,,,,,,,,,,,,,,,,,,,,
0.15,0.01,0.1,0.2,0.07,0.018,H2Oxy_CC,,,,,,,,,,,,,,,,,,,,,,,
0.15,0.01,0.1,0.2,0.07,0.03,H2Oxy_CC,,,,,,,,,,,,,,,,,,,,,,,
0.15,0.01,0.1,0.25,0.03,0.018,H2Oxy_CC,,,,,,,,,,,,,,,,,,,,,,,
0.15,0.01,0.1,0.25,0.03,0.03,H2Oxy_CC,,,,,,,,,,,,,,,,,,,,,,,
0.15,0.01,0.1,0.25,0.05,0.018,H2Oxy_CC,,,,,,,,,,,,,,,,,,,,,,,
0.15,0.01,0.1,0.25,0.05,0.03,H2Oxy_CC,,,,,,,,,,,,,,,,,,,,,,,
0.15,0.01,0.1,0.25,0.07,0.018,H2Oxy_CC,,,,,,,,,,,,,,,,,,,,,,,
0.15,0.01,0.1,0.25,0.07,0.03,H2Oxy_CC,,,,,,,,,,,,,,,,,,,,,,,
0.15,0.025,0.01,0.075,0.03,0.018,Biomass,,,,,,,,,,,,,,,,,,,,,,,
0.15,0.025,0.01,0.075,0.03,0.03,NG,,,,,,,,,,,,,,,,,,,,,,,
0.15,0.025,0.01,0.075,0.05,0.018,Biomass,,,,,,,,,,,,,,,,,,,,,,,
0.15,0.025,0.01,0.075,0.05,0.03,NG,,,,,,,,,,,,,,,,,,,,,,,
0.15,0.025,0.01,0.075,0.07,0.018,Biomass,,,,,,,,,,,,,,,,,,,,,,,
0.15,0.025,0.01,0.075,0.07,0.03,NG,,,,,,,,,,,,,,,,,,,,,,,
0.15,0.025,0.01,0.1,0.03,0.018,Biomass,,,,,,,,,,,,,,,,,,,,,,,
0.15,0.025,0.01,0.1,0.03,0.03,NG,,,,,,,,,,,,,,,,,,,,,,,
0.15,0.025,0.01,0.1,0.05,0.018,Biomass,,,,,,,,,,,,,,,,,,,,,,,
0.15,0.025,0.01,0.1,0.05,0.03,NG,,,,,,,,,,,,,,,,,,,,,,,
0.15,0.025,0.01,0.1,0.07,0.018,Biomass,,,,,,,,,,,,,,,,,,,,,,,
0.15,0.025,0.01,0.1,0.07,0.03,NG,,,,,,,,,,,,,,,,,,,,,,,
0.15,0.025,0.01,0.2,0.03,0.018,Biomass_CC,,,,,,,,,,,,,,,,,,,,,,,
0.15,0.025,0.01,0.2,0.03,0.03,Biomass_CC,,,,,,,,,,,,,,,,,,,,,,,
0.15,0.025,0.01,0.2,0.05,0.018,Biomass_CC,,,,,,,,,,,,,,,,,,,,,,,
0.15,0.025,0.01,0.2,0.05,0.03,Biomass_CC,,,,,,,,,,,,,,,,,,,,,,,
0.15,0.025,0.01,0.2,0.07,0.018,Biomass_CC,,,,,,,,,,,,,,,,,,,,,,,
0.15,0.025,0.01,0.2,0.07,0.03,Biomass_CC,,,,,,,,,,,,,,,,,,,,,,,
0.15,0.025,0.01,0.25,0.03,0.018,Biomass_CC,,,,,,,,,,,,,,,,,,,,,,,
0.15,0.025,0.01,0.25,0.03,0.03,Biomass_CC,,,,,,,,,,,,,,,,,,,,,,,
0.15,0.025,0.01,0.25,0.05,0.018,Biomass_CC,,,,,,,,,,,,,,,,,,,,,,,
0.15,0.025,0.01,0.25,0.05,0.03,Biomass_CC,,,,,,,,,,,,,,,,,,,,,,,
0.15,0.025,0.01,0.25,0.07,0.018,Biomass_CC,,,,,,,,,,,,,,,,,,,,,,,
0.15,0.025,0.01,0.25,0.07,0.03,Biomass_CC,,,,,,,,,,,,,,,,,,,,,,,
0.15,0.025,0.035,0.075,0.03,0.018,Biomass,,,,,,,,,,,,,,,,,,,,,,,
0.15,0.025,0.035,0.075,0.03,0.03,BioCH4,,,,,,,,,,,,,,,,,,,,,,,
0.15,0.025,0.035,0.075,0.05,0.018,Biomass,,,,,,,,,,,,,,,,,,,,,,,
0.15,0.025,0.035,0.075,0.05,0.03,Biomass,,,,,,,,,,,,,,,,,,,,,,,
0.15,0.025,0.035,0.075,0.07,0.018,Biomass,,,,,,,,,,,,,,,,,,,,,,,
0.15,0.025,0.035,0.075,0.07,0.03,Biomass,,,,,,,,,,,,,,,,,,,,,,,
0.15,0.025,0.035,0.1,0.03,0.018,Biomass,,,,,,,,,,,,,,,,,,,,,,,
0.15,0.025,0.035,0.1,0.03,0.03,BioCH4,,,,,,,,,,,,,,,,,,,,,,,
0.15,0.025,0.035,0.1,0.05,0.018,Biomass,,,,,,,,,,,,,,,,,,,,,,,
0.15,0.025,0.035,0.1,0.05,0.03,Biomass,,,,,,,,,,,,,,,,,,,,,,,
0.15,0.025,0.035,0.1,0.07,0.018,Biomass,,,,,,,,,,,,,,,,,,,,,,,
0.15,0.025,0.035,0.1,0.07,0.03,Biomass,,,,,,,,,,,,,,,,,,,,,,,
0.15,0.025,0.035,0.2,0.03,0.018,BiomassOxy_CC,,,,,,,,,,,,,,,,,,,,,,,
0.15,0.025,0.035,0.2,0.03,0.03,BioCH4Oxy_CC,,,,,,,,,,,,,,,,,,,,,,,
0.15,0.025,0.035,0.2,0.05,0.018,BiomassOxy_CC,,,,,,,,,,,,,,,,,,,,,,,
0.15,0.025,0.035,0.2,0.05,0.03,H2Oxy_CC,,,,,,,,,,,,,,,,,,,,,,,
0.15,0.025,0.035,0.2,0.07,0.018,BiomassOxy_CC,,,,,,,,,,,,,,,,,,,,,,,
0.15,0.025,0.035,0.2,0.07,0.03,H2Oxy_CC,,,,,,,,,,,,,,,,,,,,,,,
0.15,0.025,0.035,0.25,0.03,0.018,BiomassOxy_CC,,,,,,,,,,,,,,,,,,,,,,,
0.15,0.025,0.035,0.25,0.03,0.03,BioCH4Oxy_CC,,,,,,,,,,,,,,,,,,,,,,,
0.15,0.025,0.035,0.25,0.05,0.018,BiomassOxy_CC,,,,,,,,,,,,,,,,,,,,,,,
0.15,0.025,0.035,0.25,0.05,0.03,H2Oxy_CC,,,,,,,,,,,,,,,,,,,,,,,
0.15,0.025,0.035,0.25,0.07,0.018,BiomassOxy_CC,,,,,,,,,,,,,,,,,,,,,,,
0.15,0.025,0.035,0.25,0.07,0.03,H2Oxy_CC,,,,,,,,,,,,,,,,,,,,,,,
0.15,0.025,0.055,0.075,0.03,0.018,Biomass,,,,,,,,,,,,,,,,,,,,,,,
0.15,0.025,0.055,0.075,0.03,0.03,BioCH4,,,,,,,,,,,,,,,,,,,,,,,
0.15,0.025,0.055,0.075,0.05,0.018,Biomass,,,,,,,,,,,,,,,,,,,,,,,
0.15,0.025,0.055,0.075,0.05,0.03,Biomass,,,,,,,,,,,,,,,,,,,,,,,
0.15,0.025,0.055,0.075,0.07,0.018,Biomass,,,,,,,,,,,,,,,,,,,,,,,
0.15,0.025,0.055,0.075,0.07,0.03,Biomass,,,,,,,,,,,,,,,,,,,,,,,
0.15,0.025,0.055,0.1,0.03,0.018,Biomass,,,,,,,,,,,,,,,,,,,,,,,
0.15,0.025,0.055,0.1,0.03,0.03,BioCH4,,,,,,,,,,,,,,,,,,,,,,,
0.15,0.025,0.055,0.1,0.05,0.018,Biomass,,,,,,,,,,,,,,,,,,,,,,,
0.15,0.025,0.055,0.1,0.05,0.03,Biomass,,,,,,,,,,,,,,,,,,,,,,,
0.15,0.025,0.055,0.1,0.07,0.018,Biomass,,,,,,,,,,,,,,,,,,,,,,,
0.15,0.025,0.055,0.1,0.07,0.03,Biomass,,,,,,,,,,,,,,,,,,,,,,,
0.15,0.025,0.055,0.2,0.03,0.018,BiomassOxy_CC,,,,,,,,,,,,,,,,,,,,,,,
0.15,0.025,0.055,0.2,0.03,0.03,BioCH4Oxy_CC,,,,,,,,,,,,,,,,,,,,,,,
0.15,0.025,0.055,0.2,0.05,0.018,BiomassOxy_CC,,,,,,,,,,,,,,,,,,,,,,,
0.15,0.025,0.055,0.2,0.05,0.03,H2Oxy_CC,,,,,,,,,,,,,,,,,,,,,,,
0.15,0.025,0.055,0.2,0.07,0.018,BiomassOxy_CC,,,,,,,,,,,,,,,,,,,,,,,
0.15,0.025,0.055,0.2,0.07,0.03,H2Oxy_CC,,,,,,,,,,,,,,,,,,,,,,,
0.15,0.025,0.055,0.25,0.03,0.018,BiomassOxy_CC,,,,,,,,,,,,,,,,,,,,,,,
0.15,0.025,0.055,0.25,0.03,0.03,BioCH4Oxy_CC,,,,,,,,,,,,,,,,,,,,,,,
0.15,0.025,0.055,0.25,0.05,0.018,BiomassOxy_CC,,,,,,,,,,,,,,,,,,,,,,,
0.15,0.025,0.055,0.25,0.05,0.03,H2Oxy_CC,,,,,,,,,,,,,,,,,,,,,,,
0.15,0.025,0.055,0.25,0.07,0.018,BiomassOxy_CC,,,,,,,,,,,,,,,,,,,,,,,
0.15,0.025,0.055,0.25,0.07,0.03,H2Oxy_CC,,,,,,,,,,,,,,,,,,,,,,,
0.15,0.025,0.075,0.075,0.03,0.018,Biomass,,,,,,,,,,,,,,,,,,,,,,,
0.15,0.025,0.075,0.075,0.03,0.03,BioCH4,,,,,,,,,,,,,,,,,,,,,,,
0.15,0.025,0.075,0.075,0.05,0.018,Biomass,,,,,,,,,,,,,,,,,,,,,,,
0.15,0.025,0.075,0.075,0.05,0.03,Biomass,,,,,,,,,,,,,,,,,,,,,,,
0.15,0.025,0.075,0.075,0.07,0.018,Biomass,,,,,,,,,,,,,,,,,,,,,,,
0.15,0.025,0.075,0.075,0.07,0.03,Biomass,,,,,,,,,,,,,,,,,,,,,,,
0.15,0.025,0.075,0.1,0.03,0.018,Biomass,,,,,,,,,,,,,,,,,,,,,,,
0.15,0.025,0.075,0.1,0.03,0.03,BioCH4,,,,,,,,,,,,,,,,,,,,,,,
0.15,0.025,0.075,0.1,0.05,0.018,Biomass,,,,,,,,,,,,,,,,,,,,,,,
0.15,0.025,0.075,0.1,0.05,0.03,Biomass,,,,,,,,,,,,,,,,,,,,,,,
0.15,0.025,0.075,0.1,0.07,0.018,Biomass,,,,,,,,,,,,,,,,,,,,,,,
0.15,0.025,0.075,0.1,0.07,0.03,Biomass,,,,,,,,,,,,,,,,,,,,,,,
0.15,0.025,0.075,0.2,0.03,0.018,BiomassOxy_CC,,,,,,,,,,,,,,,,,,,,,,,
0.15,0.025,0.075,0.2,0.03,0.03,BioCH4Oxy_CC,,,,,,,,,,,,,,,,,,,,,,,
0.15,0.025,0.075,0.2,0.05,0.018,BiomassOxy_CC,,,,,,,,,,,,,,,,,,,,,,,
0.15,0.025,0.075,0.2,0.05,0.03,H2Oxy_CC,,,,,,,,,,,,,,,,,,,,,,,
0.15,0.025,0.075,0.2,0.07,0.018,BiomassOxy_CC,,,,,,,,,,,,,,,,,,,,,,,
0.15,0.025,0.075,0.2,0.07,0.03,H2Oxy_CC,,,,,,,,,,,,,,,,,,,,,,,
0.15,0.025,0.075,0.25,0.03,0.018,BiomassOxy_CC,,,,,,,,,,,,,,,,,,,,,,,
0.15,0.025,0.075,0.25,0.03,0.03,BioCH4Oxy_CC,,,,,,,,,,,,,,,,,,,,,,,
0.15,0.025,0.075,0.25,0.05,0.018,BiomassOxy_CC,,,,,,,,,,,,,,,,,,,,,,,
0.15,0.025,0.075,0.25,0.05,0.03,H2Oxy_CC,,,,,,,,,,,,,,,,,,,,,,,
0.15,0.025,0.075,0.25,0.07,0.018,BiomassOxy_CC,,,,,,,,,,,,,,,,,,,,,,,
0.15,0.025,0.075,0.25,0.07,0.03,H2Oxy_CC,,,,,,,,,,,,,,,,,,,,,,,
0.15,0.025,0.1,0.075,0.03,0.018,Biomass,,,,,,,,,,,,,,,,,,,,,,,
0.15,0.025,0.1,0.075,0.03,0.03,BioCH4,,,,,,,,,,,,,,,,,,,,,,,
0.15,0.025,0.1,0.075,0.05,0.018,Biomass,,,,,,,,,,,,,,,,,,,,,,,
0.15,0.025,0.1,0.075,0.05,0.03,Biomass,,,,,,,,,,,,,,,,,,,,,,,
0.15,0.025,0.1,0.075,0.07,0.018,Biomass,,,,,,,,,,,,,,,,,,,,,,,
0.15,0.025,0.1,0.075,0.07,0.03,Biomass,,,,,,,,,,,,,,,,,,,,,,,
0.15,0.025,0.1,0.1,0.03,0.018,Biomass,,,,,,,,,,,,,,,,,,,,,,,
0.15,0.025,0.1,0.1,0.03,0.03,BioCH4,,,,,,,,,,,,,,,,,,,,,,,
0.15,0.025,0.1,0.1,0.05,0.018,Biomass,,,,,,,,,,,,,,,,,,,,,,,
0.15,0.025,0.1,0.1,0.05,0.03,Biomass,,,,,,,,,,,,,,,,,,,,,,,
0.15,0.025,0.1,0.1,0.07,0.018,Biomass,,,,,,,,,,,,,,,,,,,,,,,
0.15,0.025,0.1,0.1,0.07,0.03,Biomass,,,,,,,,,,,,,,,,,,,,,,,
0.15,0.025,0.1,0.2,0.03,0.018,BiomassOxy_CC,,,,,,,,,,,,,,,,,,,,,,,
0.15,0.025,0.1,0.2,0.03,0.03,BioCH4Oxy_CC,,,,,,,,,,,,,,,,,,,,,,,
0.15,0.025,0.1,0.2,0.05,0.018,BiomassOxy_CC,,,,,,,,,,,,,,,,,,,,,,,
0.15,0.025,0.1,0.2,0.05,0.03,H2Oxy_CC,,,,,,,,,,,,,,,,,,,,,,,
0.15,0.025,0.1,0.2,0.07,0.018,BiomassOxy_CC,,,,,,,,,,,,,,,,,,,,,,,
0.15,0.025,0.1,0.2,0.07,0.03,H2Oxy_CC,,,,,,,,,,,,,,,,,,,,,,,
0.15,0.025,0.1,0.25,0.03,0.018,BiomassOxy_CC,,,,,,,,,,,,,,,,,,,,,,,
0.15,0.025,0.1,0.25,0.03,0.03,BioCH4Oxy_CC,,,,,,,,,,,,,,,,,,,,,,,
0.15,0.025,0.1,0.25,0.05,0.018,BiomassOxy_CC,,,,,,,,,,,,,,,,,,,,,,,
0.15,0.025,0.1,0.25,0.05,0.03,H2Oxy_CC,,,,,,,,,,,,,,,,,,,,,,,
0.15,0.025,0.1,0.25,0.07,0.018,BiomassOxy_CC,,,,,,,,,,,,,,,,,,,,,,,
0.15,0.025,0.1,0.25,0.07,0.03,H2Oxy_CC,,,,,,,,,,,,,,,,,,,,,,,
0.15,0.05,0.01,0.075,0.03,0.018,Biomass,,,,,,,,,,,,,,,,,,,,,,,
0.15,0.05,0.01,0.075,0.03,0.03,NG,,,,,,,,,,,,,,,,,,,,,,,
0.15,0.05,0.01,0.075,0.05,0.018,Biomass,,,,,,,,,,,,,,,,,,,,,,,
0.15,0.05,0.01,0.075,0.05,0.03,NG,,,,,,,,,,,,,,,,,,,,,,,
0.15,0.05,0.01,0.075,0.07,0.018,Biomass,,,,,,,,,,,,,,,,,,,,,,,
0.15,0.05,0.01,0.075,0.07,0.03,NG,,,,,,,,,,,,,,,,,,,,,,,
0.15,0.05,0.01,0.1,0.03,0.018,Biomass,,,,,,,,,,,,,,,,,,,,,,,
0.15,0.05,0.01,0.1,0.03,0.03,NG,,,,,,,,,,,,,,,,,,,,,,,
0.15,0.05,0.01,0.1,0.05,0.018,Biomass,,,,,,,,,,,,,,,,,,,,,,,
0.15,0.05,0.01,0.1,0.05,0.03,NG,,,,,,,,,,,,,,,,,,,,,,,
0.15,0.05,0.01,0.1,0.07,0.018,Biomass,,,,,,,,,,,,,,,,,,,,,,,
0.15,0.05,0.01,0.1,0.07,0.03,NG,,,,,,,,,,,,,,,,,,,,,,,
0.15,0.05,0.01,0.2,0.03,0.018,Biomass_CC,,,,,,,,,,,,,,,,,,,,,,,
0.15,0.05,0.01,0.2,0.03,0.03,Biomass_CC,,,,,,,,,,,,,,,,,,,,,,,
0.15,0.05,0.01,0.2,0.05,0.018,Biomass_CC,,,,,,,,,,,,,,,,,,,,,,,
0.15,0.05,0.01,0.2,0.05,0.03,Biomass_CC,,,,,,,,,,,,,,,,,,,,,,,
0.15,0.05,0.01,0.2,0.07,0.018,Biomass_CC,,,,,,,,,,,,,,,,,,,,,,,
0.15,0.05,0.01,0.2,0.07,0.03,Biomass_CC,,,,,,,,,,,,,,,,,,,,,,,
0.15,0.05,0.01,0.25,0.03,0.018,Biomass_CC,,,,,,,,,,,,,,,,,,,,,,,
0.15,0.05,0.01,0.25,0.03,0.03,Biomass_CC,,,,,,,,,,,,,,,,,,,,,,,
0.15,0.05,0.01,0.25,0.05,0.018,Biomass_CC,,,,,,,,,,,,,,,,,,,,,,,
0.15,0.05,0.01,0.25,0.05,0.03,Biomass_CC,,,,,,,,,,,,,,,,,,,,,,,
0.15,0.05,0.01,0.25,0.07,0.018,Biomass_CC,,,,,,,,,,,,,,,,,,,,,,,
0.15,0.05,0.01,0.25,0.07,0.03,Biomass_CC,,,,,,,,,,,,,,,,,,,,,,,
0.15,0.05,0.035,0.075,0.03,0.018,Biomass,,,,,,,,,,,,,,,,,,,,,,,
0.15,0.05,0.035,0.075,0.03,0.03,BioCH4,,,,,,,,,,,,,,,,,,,,,,,
0.15,0.05,0.035,0.075,0.05,0.018,Biomass,,,,,,,,,,,,,,,,,,,,,,,
0.15,0.05,0.035,0.075,0.05,0.03,Biomass,,,,,,,,,,,,,,,,,,,,,,,
0.15,0.05,0.035,0.075,0.07,0.018,Biomass,,,,,,,,,,,,,,,,,,,,,,,
0.15,0.05,0.035,0.075,0.07,0.03,Biomass,,,,,,,,,,,,,,,,,,,,,,,
0.15,0.05,0.035,0.1,0.03,0.018,Biomass,,,,,,,,,,,,,,,,,,,,,,,
0.15,0.05,0.035,0.1,0.03,0.03,BioCH4,,,,,,,,,,,,,,,,,,,,,,,
0.15,0.05,0.035,0.1,0.05,0.018,Biomass,,,,,,,,,,,,,,,,,,,,,,,
0.15,0.05,0.035,0.1,0.05,0.03,Biomass,,,,,,,,,,,,,,,,,,,,,,,
0.15,0.05,0.035,0.1,0.07,0.018,Biomass,,,,,,,,,,,,,,,,,,,,,,,
0.15,0.05,0.035,0.1,0.07,0.03,Biomass,,,,,,,,,,,,,,,,,,,,,,,
0.15,0.05,0.035,0.2,0.03,0.018,BiomassOxy_CC,,,,,,,,,,,,,,,,,,,,,,,
0.15,0.05,0.035,0.2,0.03,0.03,BioCH4Oxy_CC,,,,,,,,,,,,,,,,,,,,,,,
0.15,0.05,0.035,0.2,0.05,0.018,BiomassOxy_CC,,,,,,,,,,,,,,,,,,,,,,,
0.15,0.05,0.035,0.2,0.05,0.03,BiomassOxy_CC,,,,,,,,,,,,,,,,,,,,,,,
0.15,0.05,0.035,0.2,0.07,0.018,BiomassOxy_CC,,,,,,,,,,,,,,,,,,,,,,,
0.15,0.05,0.035,0.2,0.07,0.03,BiomassOxy_CC,,,,,,,,,,,,,,,,,,,,,,,
0.15,0.05,0.035,0.25,0.03,0.018,BiomassOxy_CC,,,,,,,,,,,,,,,,,,,,,,,
0.15,0.05,0.035,0.25,0.03,0.03,BioCH4Oxy_CC,,,,,,,,,,,,,,,,,,,,,,,
0.15,0.05,0.035,0.25,0.05,0.018,BiomassOxy_CC,,,,,,,,,,,,,,,,,,,,,,,
0.15,0.05,0.035,0.25,0.05,0.03,BiomassOxy_CC,,,,,,,,,,,,,,,,,,,,,,,
0.15,0.05,0.035,0.25,0.07,0.018,BiomassOxy_CC,,,,,,,,,,,,,,,,,,,,,,,
0.15,0.05,0.035,0.25,0.07,0.03,BiomassOxy_CC,,,,,,,,,,,,,,,,,,,,,,,
0.15,0.05,0.055,0.075,0.03,0.018,Biomass,,,,,,,,,,,,,,,,,,,,,,,
0.15,0.05,0.055,0.075,0.03,0.03,BioCH4,,,,,,,,,,,,,,,,,,,,,,,
0.15,0.05,0.055,0.075,0.05,0.018,Biomass,,,,,,,,,,,,,,,,,,,,,,,
0.15,0.05,0.055,0.075,0.05,0.03,Biomass,,,,,,,,,,,,,,,,,,,,,,,
0.15,0.05,0.055,0.075,0.07,0.018,Biomass,,,,,,,,,,,,,,,,,,,,,,,
0.15,0.05,0.055,0.075,0.07,0.03,Biomass,,,,,,,,,,,,,,,,,,,,,,,
0.15,0.05,0.055,0.1,0.03,0.018,Biomass,,,,,,,,,,,,,,,,,,,,,,,
0.15,0.05,0.055,0.1,0.03,0.03,BioCH4,,,,,,,,,,,,,,,,,,,,,,,
0.15,0.05,0.055,0.1,0.05,0.018,Biomass,,,,,,,,,,,,,,,,,,,,,,,
0.15,0.05,0.055,0.1,0.05,0.03,Biomass,,,,,,,,,,,,,,,,,,,,,,,
0.15,0.05,0.055,0.1,0.07,0.018,Biomass,,,,,,,,,,,,,,,,,,,,,,,
0.15,0.05,0.055,0.1,0.07,0.03,Biomass,,,,,,,,,,,,,,,,,,,,,,,
0.15,0.05,0.055,0.2,0.03,0.018,BiomassOxy_CC,,,,,,,,,,,,,,,,,,,,,,,
0.15,0.05,0.055,0.2,0.03,0.03,BioCH4Oxy_CC,,,,,,,,,,,,,,,,,,,,,,,
0.15,0.05,0.055,0.2,0.05,0.018,BiomassOxy_CC,,,,,,,,,,,,,,,,,,,,,,,
0.15,0.05,0.055,0.2,0.05,0.03,BiomassOxy_CC,,,,,,,,,,,,,,,,,,,,,,,
0.15,0.05,0.055,0.2,0.07,0.018,BiomassOxy_CC,,,,,,,,,,,,,,,,,,,,,,,
0.15,0.05,0.055,0.2,0.07,0.03,BiomassOxy_CC,,,,,,,,,,,,,,,,,,,,,,,
0.15,0.05,0.055,0.25,0.03,0.018,BiomassOxy_CC,,,,,,,,,,,,,,,,,,,,,,,
0.15,0.05,0.055,0.25,0.03,0.03,BioCH4Oxy_CC,,,,,,,,,,,,,,,,,,,,,,,
0.15,0.05,0.055,0.25,0.05,0.018,BiomassOxy_CC,,,,,,,,,,,,,,,,,,,,,,,
0.15,0.05,0.055,0.25,0.05,0.03,BiomassOxy_CC,,,,,,,,,,,,,,,,,,,,,,,
0.15,0.05,0.055,0.25,0.07,0.018,BiomassOxy_CC,,,,,,,,,,,,,,,,,,,,,,,
0.15,0.05,0.055,0.25,0.07,0.03,BiomassOxy_CC,,,,,,,,,,,,,,,,,,,,,,,
0.15,0.05,0.075,0.075,0.03,0.018,Biomass,,,,,,,,,,,,,,,,,,,,,,,
0.15,0.05,0.075,0.075,0.03,0.03,BioCH4,,,,,,,,,,,,,,,,,,,,,,,
0.15,0.05,0.075,0.075,0.05,0.018,Biomass,,,,,,,,,,,,,,,,,,,,,,,
0.15,0.05,0.075,0.075,0.05,0.03,Biomass,,,,,,,,,,,,,,,,,,,,,,,
0.15,0.05,0.075,0.075,0.07,0.018,Biomass,,,,,,,,,,,,,,,,,,,,,,,
0.15,0.05,0.075,0.075,0.07,0.03,Biomass,,,,,,,,,,,,,,,,,,,,,,,
0.15,0.05,0.075,0.1,0.03,0.018,Biomass,,,,,,,,,,,,,,,,,,,,,,,
0.15,0.05,0.075,0.1,0.03,0.03,BioCH4,,,,,,,,,,,,,,,,,,,,,,,
0.15,0.05,0.075,0.1,0.05,0.018,Biomass,,,,,,,,,,,,,,,,,,,,,,,
0.15,0.05,0.075,0.1,0.05,0.03,Biomass,,,,,,,,,,,,,,,,,,,,,,,
0.15,0.05,0.075,0.1,0.07,0.018,Biomass,,,,,,,,,,,,,,,,,,,,,,,
0.15,0.05,0.075,0.1,0.07,0.03,Biomass,,,,,,,,,,,,,,,,,,,,,,,
0.15,0.05,0.075,0.2,0.03,0.018,BiomassOxy_CC,,,,,,,,,,,,,,,,,,,,,,,
0.15,0.05,0.075,0.2,0.03,0.03,BioCH4Oxy_CC,,,,,,,,,,,,,,,,,,,,,,,
0.15,0.05,0.075,0.2,0.05,0.018,BiomassOxy_CC,,,,,,,,,,,,,,,,,,,,,,,
0.15,0.05,0.075,0.2,0.05,0.03,BiomassOxy_CC,,,,,,,,,,,,,,,,,,,,,,,
0.15,0.05,0.075,0.2,0.07,0.018,BiomassOxy_CC,,,,,,,,,,,,,,,,,,,,,,,
0.15,0.05,0.075,0.2,0.07,0.03,BiomassOxy_CC,,,,,,,,,,,,,,,,,,,,,,,
0.15,0.05,0.075,0.25,0.03,0.018,BiomassOxy_CC,,,,,,,,,,,,,,,,,,,,,,,
0.15,0.05,0.075,0.25,0.03,0.03,BioCH4Oxy_CC,,,,,,,,,,,,,,,,,,,,,,,
0.15,0.05,0.075,0.25,0.05,0.018,BiomassOxy_CC,,,,,,,,,,,,,,,,,,,,,,,
0.15,0.05,0.075,0.25,0.05,0.03,BiomassOxy_CC,,,,,,,,,,,,,,,,,,,,,,,
0.15,0.05,0.075,0.25,0.07,0.018,BiomassOxy_CC,,,,,,,,,,,,,,,,,,,,,,,
0.15,0.05,0.075,0.25,0.07,0.03,BiomassOxy_CC,,,,,,,,,,,,,,,,,,,,,,,
0.15,0.05,0.1,0.075,0.03,0.018,Biomass,,,,,,,,,,,,,,,,,,,,,,,
0.15,0.05,0.1,0.075,0.03,0.03,NG,,,,,,,,,,,,,,,,,,,,,,,
0.15,0.05,0.1,0.075,0.05,0.018,Biomass,,,,,,,,,,,,,,,,,,,,,,,
0.15,0.05,0.1,0.075,0.05,0.03,NG,,,,,,,,,,,,,,,,,,,,,,,
0.15,0.05,0.1,0.075,0.07,0.018,Biomass,,,,,,,,,,,,,,,,,,,,,,,
0.15,0.05,0.1,0.075,0.07,0.03,NG,,,,,,,,,,,,,,,,,,,,,,,
0.15,0.05,0.1,0.1,0.03,0.018,Biomass,,,,,,,,,,,,,,,,,,,,,,,
0.15,0.05,0.1,0.1,0.03,0.03,NG,,,,,,,,,,,,,,,,,,,,,,,
0.15,0.05,0.1,0.1,0.05,0.018,Biomass,,,,,,,,,,,,,,,,,,,,,,,
0.15,0.05,0.1,0.1,0.05,0.03,NG,,,,,,,,,,,,,,,,,,,,,,,
0.15,0.05,0.1,0.1,0.07,0.018,Biomass,,,,,,,,,,,,,,,,,,,,,,,
0.15,0.05,0.1,0.1,0.07,0.03,NG,,,,,,,,,,,,,,,,,,,,,,,
0.15,0.05,0.1,0.2,0.03,0.018,Biomass_CC,,,,,,,,,,,,,,,,,,,,,,,
0.15,0.05,0.1,0.2,0.03,0.03,Biomass_CC,,,,,,,,,,,,,,,,,,,,,,,
0.15,0.05,0.1,0.2,0.05,0.018,Biomass_CC,,,,,,,,,,,,,,,,,,,,,,,
0.15,0.05,0.1,0.2,0.05,0.03,Biomass_CC,,,,,,,,,,,,,,,,,,,,,,,
0.15,0.05,0.1,0.2,0.07,0.018,Biomass_CC,,,,,,,,,,,,,,,,,,,,,,,
0.15,0.05,0.1,0.2,0.07,0.03,Biomass_CC,,,,,,,,,,,,,,,,,,,,,,,
0.15,0.05,0.1,0.25,0.03,0.018,Biomass_CC,,,,,,,,,,,,,,,,,,,,,,,
0.15,0.05,0.1,0.25,0.03,0.03,Biomass_CC,,,,,,,,,,,,,,,,,,,,,,,
0.15,0.05,0.1,0.25,0.05,0.018,Biomass_CC,,,,,,,,,,,,,,,,,,,,,,,
0.15,0.05,0.1,0.25,0.05,0.03,Biomass_CC,,,,,,,,,,,,,,,,,,,,,,,
0.15,0.05,0.1,0.25,0.07,0.018,Biomass_CC,,,,,,,,,,,,,,,,,,,,,,,
0.15,0.05,0.1,0.25,0.07,0.03,Biomass_CC,,,,,,,,,,,,,,,,,,,,,,,
0.15,0.075,0.01,0.075,0.03,0.018,Biomass,,,,,,,,,,,,,,,,,,,,,,,
0.15,0.075,0.01,0.075,0.03,0.03,BioCH4,,,,,,,,,,,,,,,,,,,,,,,
0.15,0.075,0.01,0.075,0.05,0.018,Biomass,,,,,,,,,,,,,,,,,,,,,,,
0.15,0.075,0.01,0.075,0.05,0.03,Biomass,,,,,,,,,,,,,,,,,,,,,,,
0.15,0.075,0.01,0.075,0.07,0.018,Biomass,,,,,,,,,,,,,,,,,,,,,,,
0.15,0.075,0.01,0.075,0.07,0.03,Biomass,,,,,,,,,,,,,,,,,,,,,,,
0.15,0.075,0.01,0.1,0.03,0.018,Biomass,,,,,,,,,,,,,,,,,,,,,,,
0.15,0.075,0.01,0.1,0.03,0.03,BioCH4,,,,,,,,,,,,,,,,,,,,,,,
0.15,0.075,0.01,0.1,0.05,0.018,Biomass,,,,,,,,,,,,,,,,,,,,,,,
0.15,0.075,0.01,0.1,0.05,0.03,Biomass,,,,,,,,,,,,,,,,,,,,,,,
0.15,0.075,0.01,0.1,0.07,0.018,Biomass,,,,,,,,,,,,,,,,,,,,,,,
0.15,0.075,0.01,0.1,0.07,0.03,Biomass,,,,,,,,,,,,,,,,,,,,,,,
0.15,0.075,0.01,0.2,0.03,0.018,H2Oxy_CC,,,,,,,,,,,,,,,,,,,,,,,
0.15,0.075,0.01,0.2,0.03,0.03,H2Oxy_CC,,,,,,,,,,,,,,,,,,,,,,,
0.15,0.075,0.01,0.2,0.05,0.018,H2Oxy_CC,,,,,,,,,,,,,,,,,,,,,,,
0.15,0.075,0.01,0.2,0.05,0.03,H2Oxy_CC,,,,,,,,,,,,,,,,,,,,,,,
0.15,0.075,0.01,0.2,0.07,0.018,H2Oxy_CC,,,,,,,,,,,,,,,,,,,,,,,
0.15,0.075,0.01,0.2,0.07,0.03,H2Oxy_CC,,,,,,,,,,,,,,,,,,,,,,,
0.15,0.075,0.01,0.25,0.03,0.018,H2Oxy_CC,,,,,,,,,,,,,,,,,,,,,,,
0.15,0.075,0.01,0.25,0.03,0.03,H2Oxy_CC,,,,,,,,,,,,,,,,,,,,,,,
0.15,0.075,0.01,0.25,0.05,0.018,H2Oxy_CC,,,,,,,,,,,,,,,,,,,,,,,
0.15,0.075,0.01,0.25,0.05,0.03,H2Oxy_CC,,,,,,,,,,,,,,,,,,,,,,,
0.15,0.075,0.01,0.25,0.07,0.018,H2Oxy_CC,,,,,,,,,,,,,,,,,,,,,,,
0.15,0.075,0.01,0.25,0.07,0.03,H2Oxy_CC,,,,,,,,,,,,,,,,,,,,,,,
0.15,0.075,0.035,0.075,0.03,0.018,Biomass,,,,,,,,,,,,,,,,,,,,,,,
0.15,0.075,0.035,0.075,0.03,0.03,BioCH4,,,,,,,,,,,,,,,,,,,,,,,
0.15,0.075,0.035,0.075,0.05,0.018,Biomass,,,,,,,,,,,,,,,,,,,,,,,
0.15,0.075,0.035,0.075,0.05,0.03,Biomass,,,,,,,,,,,,,,,,,,,,,,,
0.15,0.075,0.035,0.075,0.07,0.018,Biomass,,,,,,,,,,,,,,,,,,,,,,,
0.15,0.075,0.035,0.075,0.07,0.03,Biomass,,,,,,,,,,,,,,,,,,,,,,,
0.15,0.075,0.035,0.1,0.03,0.018,Biomass,,,,,,,,,,,,,,,,,,,,,,,
0.15,0.075,0.035,0.1,0.03,0.03,BioCH4,,,,,,,,,,,,,,,,,,,,,,,
0.15,0.075,0.035,0.1,0.05,0.018,Biomass,,,,,,,,,,,,,,,,,,,,,,,
0.15,0.075,0.035,0.1,0.05,0.03,Biomass,,,,,,,,,,,,,,,,,,,,,,,
0.15,0.075,0.035,0.1,0.07,0.018,Biomass,,,,,,,,,,,,,,,,,,,,,,,
0.15,0.075,0.035,0.1,0.07,0.03,Biomass,,,,,,,,,,,,,,,,,,,,,,,
0.15,0.075,0.035,0.2,0.03,0.018,H2Oxy_CC,,,,,,,,,,,,,,,,,,,,,,,
0.15,0.075,0.035,0.2,0.03,0.03,H2Oxy_CC,,,,,,,,,,,,,,,,,,,,,,,
0.15,0.075,0.035,0.2,0.05,0.018,H2Oxy_CC,,,,,,,,,,,,,,,,,,,,,,,
0.15,0.075,0.035,0.2,0.05,0.03,H2Oxy_CC,,,,,,,,,,,,,,,,,,,,,,,
0.15,0.075,0.035,0.2,0.07,0.018,H2Oxy_CC,,,,,,,,,,,,,,,,,,,,,,,
0.15,0.075,0.035,0.2,0.07,0.03,H2Oxy_CC,,,,,,,,,,,,,,,,,,,,,,,
0.15,0.075,0.035,0.25,0.03,0.018,H2Oxy_CC,,,,,,,,,,,,,,,,,,,,,,,
0.15,0.075,0.035,0.25,0.03,0.03,H2Oxy_CC,,,,,,,,,,,,,,,,,,,,,,,
0.15,0.075,0.035,0.25,0.05,0.018,H2Oxy_CC,,,,,,,,,,,,,,,,,,,,,,,
0.15,0.075,0.035,0.25,0.05,0.03,H2Oxy_CC,,,,,,,,,,,,,,,,,,,,,,,
0.15,0.075,0.035,0.25,0.07,0.018,H2Oxy_CC,,,,,,,,,,,,,,,,,,,,,,,
0.15,0.075,0.035,0.25,0.07,0.03,H2Oxy_CC,,,,,,,,,,,,,,,,,,,,,,,
0.15,0.075,0.055,0.075,0.03,0.018,Biomass,,,,,,,,,,,,,,,,,,,,,,,
0.15,0.075,0.055,0.075,0.03,0.03,BioCH4,,,,,,,,,,,,,,,,,,,,,,,
0.15,0.075,0.055,0.075,0.05,0.018,Biomass,,,,,,,,,,,,,,,,,,,,,,,
0.15,0.075,0.055,0.075,0.05,0.03,Biomass,,,,,,,,,,,,,,,,,,,,,,,
0.15,0.075,0.055,0.075,0.07,0.018,Biomass,,,,,,,,,,,,,,,,,,,,,,,
0.15,0.075,0.055,0.075,0.07,0.03,Biomass,,,,,,,,,,,,,,,,,,,,,,,
0.15,0.075,0.055,0.1,0.03,0.018,Biomass,,,,,,,,,,,,,,,,,,,,,,,
0.15,0.075,0.055,0.1,0.03,0.03,BioCH4,,,,,,,,,,,,,,,,,,,,,,,
0.15,0.075,0.055,0.1,0.05,0.018,Biomass,,,,,,,,,,,,,,,,,,,,,,,
0.15,0.075,0.055,0.1,0.05,0.03,Biomass,,,,,,,,,,,,,,,,,,,,,,,
0.15,0.075,0.055,0.1,0.07,0.018,Biomass,,,,,,,,,,,,,,,,,,,,,,,
0.15,0.075,0.055,0.1,0.07,0.03,Biomass,,,,,,,,,,,,,,,,,,,,,,,
0.15,0.075,0.055,0.2,0.03,0.018,H2Oxy_CC,,,,,,,,,,,,,,,,,,,,,,,
0.15,0.075,0.055,0.2,0.03,0.03,H2Oxy_CC,,,,,,,,,,,,,,,,,,,,,,,
0.15,0.075,0.055,0.2,0.05,0.018,H2Oxy_CC,,,,,,,,,,,,,,,,,,,,,,,
0.15,0.075,0.055,0.2,0.05,0.03,H2Oxy_CC,,,,,,,,,,,,,,,,,,,,,,,
0.15,0.075,0.055,0.2,0.07,0.018,H2Oxy_CC,,,,,,,,,,,,,,,,,,,,,,,
0.15,0.075,0.055,0.2,0.07,0.03,H2Oxy_CC,,,,,,,,,,,,,,,,,,,,,,,
0.15,0.075,0.055,0.25,0.03,0.018,H2Oxy_CC,,,,,,,,,,,,,,,,,,,,,,,
0.15,0.075,0.055,0.25,0.03,0.03,H2Oxy_CC,,,,,,,,,,,,,,,,,,,,,,,
0.15,0.075,0.055,0.25,0.05,0.018,H2Oxy_CC,,,,,,,,,,,,,,,,,,,,,,,
0.15,0.075,0.055,0.25,0.05,0.03,H2Oxy_CC,,,,,,,,,,,,,,,,,,,,,,,
0.15,0.075,0.055,0.25,0.07,0.018,H2Oxy_CC,,,,,,,,,,,,,,,,,,,,,,,
0.15,0.075,0.055,0.25,0.07,0.03,H2Oxy_CC,,,,,,,,,,,,,,,,,,,,,,,
0.15,0.075,0.075,0.075,0.03,0.018,Biomass,,,,,,,,,,,,,,,,,,,,,,,
0.15,0.075,0.075,0.075,0.03,0.03,BioCH4,,,,,,,,,,,,,,,,,,,,,,,
0.15,0.075,0.075,0.075,0.05,0.018,Biomass,,,,,,,,,,,,,,,,,,,,,,,
0.15,0.075,0.075,0.075,0.05,0.03,Biomass,,,,,,,,,,,,,,,,,,,,,,,
0.15,0.075,0.075,0.075,0.07,0.018,Biomass,,,,,,,,,,,,,,,,,,,,,,,
0.15,0.075,0.075,0.075,0.07,0.03,Biomass,,,,,,,,,,,,,,,,,,,,,,,
0.15,0.075,0.075,0.1,0.03,0.018,Biomass,,,,,,,,,,,,,,,,,,,,,,,
0.15,0.075,0.075,0.1,0.03,0.03,BioCH4,,,,,,,,,,,,,,,,,,,,,,,
0.15,0.075,0.075,0.1,0.05,0.018,Biomass,,,,,,,,,,,,,,,,,,,,,,,
0.15,0.075,0.075,0.1,0.05,0.03,Biomass,,,,,,,,,,,,,,,,,,,,,,,
0.15,0.075,0.075,0.1,0.07,0.018,Biomass,,,,,,,,,,,,,,,,,,,,,,,
0.15,0.075,0.075,0.1,0.07,0.03,Biomass,,,,,,,,,,,,,,,,,,,,,,,
0.15,0.075,0.075,0.2,0.03,0.018,H2Oxy_CC,,,,,,,,,,,,,,,,,,,,,,,
0.15,0.075,0.075,0.2,0.03,0.03,H2Oxy_CC,,,,,,,,,,,,,,,,,,,,,,,
0.15,0.075,0.075,0.2,0.05,0.018,H2Oxy_CC,,,,,,,,,,,,,,,,,,,,,,,
0.15,0.075,0.075,0.2,0.05,0.03,H2Oxy_CC,,,,,,,,,,,,,,,,,,,,,,,
0.15,0.075,0.075,0.2,0.07,0.018,H2Oxy_CC,,,,,,,,,,,,,,,,,,,,,,,
0.15,0.075,0.075,0.2,0.07,0.03,H2Oxy_CC,,,,,,,,,,,,,,,,,,,,,,,
0.15,0.075,0.075,0.25,0.03,0.018,H2Oxy_CC,,,,,,,,,,,,,,,,,,,,,,,
0.15,0.075,0.075,0.25,0.03,0.03,H2Oxy_CC,,,,,,,,,,,,,,,,,,,,,,,
0.15,0.075,0.075,0.25,0.05,0.018,H2Oxy_CC,,,,,,,,,,,,,,,,,,,,,,,
0.15,0.075,0.075,0.25,0.05,0.03,H2Oxy_CC,,,,,,,,,,,,,,,,,,,,,,,
0.15,0.075,0.075,0.25,0.07,0.018,H2Oxy_CC,,,,,,,,,,,,,,,,,,,,,,,
0.15,0.075,0.075,0.25,0.07,0.03,H2Oxy_CC,,,,,,,,,,,,,,,,,,,,,,,
0.15,0.075,0.1,0.075,0.03,0.018,Biomass,,,,,,,,,,,,,,,,,,,,,,,
0.15,0.075,0.1,0.075,0.03,0.03,NG,,,,,,,,,,,,,,,,,,,,,,,
0.15,0.075,0.1,0.075,0.05,0.018,Biomass,,,,,,,,,,,,,,,,,,,,,,,
0.15,0.075,0.1,0.075,0.05,0.03,NG,,,,,,,,,,,,,,,,,,,,,,,
0.15,0.075,0.1,0.075,0.07,0.018,Biomass,,,,,,,,,,,,,,,,,,,,,,,
0.15,0.075,0.1,0.075,0.07,0.03,NG,,,,,,,,,,,,,,,,,,,,,,,
0.15,0.075,0.1,0.1,0.03,0.018,Biomass,,,,,,,,,,,,,,,,,,,,,,,
0.15,0.075,0.1,0.1,0.03,0.03,NG,,,,,,,,,,,,,,,,,,,,,,,
0.15,0.075,0.1,0.1,0.05,0.018,Biomass,,,,,,,,,,,,,,,,,,,,,,,
0.15,0.075,0.1,0.1,0.05,0.03,NG,,,,,,,,,,,,,,,,,,,,,,,
0.15,0.075,0.1,0.1,0.07,0.018,Biomass,,,,,,,,,,,,,,,,,,,,,,,
0.15,0.075,0.1,0.1,0.07,0.03,NG,,,,,,,,,,,,,,,,,,,,,,,
0.15,0.075,0.1,0.2,0.03,0.018,Biomass_CC,,,,,,,,,,,,,,,,,,,,,,,
0.15,0.075,0.1,0.2,0.03,0.03,Biomass_CC,,,,,,,,,,,,,,,,,,,,,,,
0.15,0.075,0.1,0.2,0.05,0.018,Biomass_CC,,,,,,,,,,,,,,,,,,,,,,,
0.15,0.075,0.1,0.2,0.05,0.03,Biomass_CC,,,,,,,,,,,,,,,,,,,,,,,
0.15,0.075,0.1,0.2,0.07,0.018,Biomass_CC,,,,,,,,,,,,,,,,,,,,,,,
0.15,0.075,0.1,0.2,0.07,0.03,Biomass_CC,,,,,,,,,,,,,,,,,,,,,,,
0.15,0.075,0.1,0.25,0.03,0.018,Biomass_CC,,,,,,,,,,,,,,,,,,,,,,,
0.15,0.075,0.1,0.25,0.03,0.03,Biomass_CC,,,,,,,,,,,,,,,,,,,,,,,
0.15,0.075,0.1,0.25,0.05,0.018,Biomass_CC,,,,,,,,,,,,,,,,,,,,,,,
0.15,0.075,0.1,0.25,0.05,0.03,Biomass_CC,,,,,,,,,,,,,,,,,,,,,,,
0.15,0.075,0.1,0.25,0.07,0.018,Biomass_CC,,,,,,,,,,,,,,,,,,,,,,,
0.15,0.075,0.1,0.25,0.07,0.03,Biomass_CC,,,,,,,,,,,,,,,,,,,,,,,
0.15,0.1,0.01,0.075,0.03,0.018,Biomass,,,,,,,,,,,,,,,,,,,,,,,
0.15,0.1,0.01,0.075,0.03,0.03,BioCH4,,,,,,,,,,,,,,,,,,,,,,,
0.15,0.1,0.01,0.075,0.05,0.018,Biomass,,,,,,,,,,,,,,,,,,,,,,,
0.15,0.1,0.01,0.075,0.05,0.03,Biomass,,,,,,,,,,,,,,,,,,,,,,,
0.15,0.1,0.01,0.075,0.07,0.018,Biomass,,,,,,,,,,,,,,,,,,,,,,,
0.15,0.1,0.01,0.075,0.07,0.03,Biomass,,,,,,,,,,,,,,,,,,,,,,,
0.15,0.1,0.01,0.1,0.03,0.018,Biomass,,,,,,,,,,,,,,,,,,,,,,,
0.15,0.1,0.01,0.1,0.03,0.03,BioCH4,,,,,,,,,,,,,,,,,,,,,,,
0.15,0.1,0.01,0.1,0.05,0.018,Biomass,,,,,,,,,,,,,,,,,,,,,,,
0.15,0.1,0.01,0.1,0.05,0.03,Biomass,,,,,,,,,,,,,,,,,,,,,,,
0.15,0.1,0.01,0.1,0.07,0.018,Biomass,,,,,,,,,,,,,,,,,,,,,,,
0.15,0.1,0.01,0.1,0.07,0.03,Biomass,,,,,,,,,,,,,,,,,,,,,,,
0.15,0.1,0.01,0.2,0.03,0.018,BiomassOxy_CC,,,,,,,,,,,,,,,,,,,,,,,
0.15,0.1,0.01,0.2,0.03,0.03,BioCH4Oxy_CC,,,,,,,,,,,,,,,,,,,,,,,
0.15,0.1,0.01,0.2,0.05,0.018,BiomassOxy_CC,,,,,,,,,,,,,,,,,,,,,,,
0.15,0.1,0.01,0.2,0.05,0.03,H2Oxy_CC,,,,,,,,,,,,,,,,,,,,,,,
0.15,0.1,0.01,0.2,0.07,0.018,BiomassOxy_CC,,,,,,,,,,,,,,,,,,,,,,,
0.15,0.1,0.01,0.2,0.07,0.03,H2Oxy_CC,,,,,,,,,,,,,,,,,,,,,,,
0.15,0.1,0.01,0.25,0.03,0.018,BiomassOxy_CC,,,,,,,,,,,,,,,,,,,,,,,
0.15,0.1,0.01,0.25,0.03,0.03,BioCH4Oxy_CC,,,,,,,,,,,,,,,,,,,,,,,
0.15,0.1,0.01,0.25,0.05,0.018,BiomassOxy_CC,,,,,,,,,,,,,,,,,,,,,,,
0.15,0.1,0.01,0.25,0.05,0.03,H2Oxy_CC,,,,,,,,,,,,,,,,,,,,,,,
0.15,0.1,0.01,0.25,0.07,0.018,BiomassOxy_CC,,,,,,,,,,,,,,,,,,,,,,,
0.15,0.1,0.01,0.25,0.07,0.03,H2Oxy_CC,,,,,,,,,,,,,,,,,,,,,,,
0.15,0.1,0.035,0.075,0.03,0.018,Biomass,,,,,,,,,,,,,,,,,,,,,,,
0.15,0.1,0.035,0.075,0.03,0.03,BioCH4,,,,,,,,,,,,,,,,,,,,,,,
0.15,0.1,0.035,0.075,0.05,0.018,Biomass,,,,,,,,,,,,,,,,,,,,,,,
0.15,0.1,0.035,0.075,0.05,0.03,Biomass,,,,,,,,,,,,,,,,,,,,,,,
0.15,0.1,0.035,0.075,0.07,0.018,Biomass,,,,,,,,,,,,,,,,,,,,,,,
0.15,0.1,0.035,0.075,0.07,0.03,Biomass,,,,,,,,,,,,,,,,,,,,,,,
0.15,0.1,0.035,0.1,0.03,0.018,Biomass,,,,,,,,,,,,,,,,,,,,,,,
0.15,0.1,0.035,0.1,0.03,0.03,BioCH4,,,,,,,,,,,,,,,,,,,,,,,
0.15,0.1,0.035,0.1,0.05,0.018,Biomass,,,,,,,,,,,,,,,,,,,,,,,
0.15,0.1,0.035,0.1,0.05,0.03,Biomass,,,,,,,,,,,,,,,,,,,,,,,
0.15,0.1,0.035,0.1,0.07,0.018,Biomass,,,,,,,,,,,,,,,,,,,,,,,
0.15,0.1,0.035,0.1,0.07,0.03,Biomass,,,,,,,,,,,,,,,,,,,,,,,
0.15,0.1,0.035,0.2,0.03,0.018,BiomassOxy_CC,,,,,,,,,,,,,,,,,,,,,,,
0.15,0.1,0.035,0.2,0.03,0.03,BioCH4Oxy_CC,,,,,,,,,,,,,,,,,,,,,,,
0.15,0.1,0.035,0.2,0.05,0.018,BiomassOxy_CC,,,,,,,,,,,,,,,,,,,,,,,
0.15,0.1,0.035,0.2,0.05,0.03,H2Oxy_CC,,,,,,,,,,,,,,,,,,,,,,,
0.15,0.1,0.035,0.2,0.07,0.018,BiomassOxy_CC,,,,,,,,,,,,,,,,,,,,,,,
0.15,0.1,0.035,0.2,0.07,0.03,H2Oxy_CC,,,,,,,,,,,,,,,,,,,,,,,
0.15,0.1,0.035,0.25,0.03,0.018,BiomassOxy_CC,,,,,,,,,,,,,,,,,,,,,,,
0.15,0.1,0.035,0.25,0.03,0.03,BioCH4Oxy_CC,,,,,,,,,,,,,,,,,,,,,,,
0.15,0.1,0.035,0.25,0.05,0.018,BiomassOxy_CC,,,,,,,,,,,,,,,,,,,,,,,
0.15,0.1,0.035,0.25,0.05,0.03,H2Oxy_CC,,,,,,,,,,,,,,,,,,,,,,,
0.15,0.1,0.035,0.25,0.07,0.018,BiomassOxy_CC,,,,,,,,,,,,,,,,,,,,,,,
0.15,0.1,0.035,0.25,0.07,0.03,H2Oxy_CC,,,,,,,,,,,,,,,,,,,,,,,
0.15,0.1,0.055,0.075,0.03,0.018,Biomass,,,,,,,,,,,,,,,,,,,,,,,
0.15,0.1,0.055,0.075,0.03,0.03,BioCH4,,,,,,,,,,,,,,,,,,,,,,,
0.15,0.1,0.055,0.075,0.05,0.018,Biomass,,,,,,,,,,,,,,,,,,,,,,,
0.15,0.1,0.055,0.075,0.05,0.03,Biomass,,,,,,,,,,,,,,,,,,,,,,,
0.15,0.1,0.055,0.075,0.07,0.018,Biomass,,,,,,,,,,,,,,,,,,,,,,,
0.15,0.1,0.055,0.075,0.07,0.03,Biomass,,,,,,,,,,,,,,,,,,,,,,,
0.15,0.1,0.055,0.1,0.03,0.018,Biomass,,,,,,,,,,,,,,,,,,,,,,,
0.15,0.1,0.055,0.1,0.03,0.03,BioCH4,,,,,,,,,,,,,,,,,,,,,,,
0.15,0.1,0.055,0.1,0.05,0.018,Biomass,,,,,,,,,,,,,,,,,,,,,,,
0.15,0.1,0.055,0.1,0.05,0.03,Biomass,,,,,,,,,,,,,,,,,,,,,,,
0.15,0.1,0.055,0.1,0.07,0.018,Biomass,,,,,,,,,,,,,,,,,,,,,,,
0.15,0.1,0.055,0.1,0.07,0.03,Biomass,,,,,,,,,,,,,,,,,,,,,,,
0.15,0.1,0.055,0.2,0.03,0.018,BiomassOxy_CC,,,,,,,,,,,,,,,,,,,,,,,
0.15,0.1,0.055,0.2,0.03,0.03,BioCH4Oxy_CC,,,,,,,,,,,,,,,,,,,,,,,
0.15,0.1,0.055,0.2,0.05,0.018,BiomassOxy_CC,,,,,,,,,,,,,,,,,,,,,,,
0.15,0.1,0.055,0.2,0.05,0.03,H2Oxy_CC,,,,,,,,,,,,,,,,,,,,,,,
0.15,0.1,0.055,0.2,0.07,0.018,BiomassOxy_CC,,,,,,,,,,,,,,,,,,,,,,,
0.15,0.1,0.055,0.2,0.07,0.03,H2Oxy_CC,,,,,,,,,,,,,,,,,,,,,,,
0.15,0.1,0.055,0.25,0.03,0.018,BiomassOxy_CC,,,,,,,,,,,,,,,,,,,,,,,
0.15,0.1,0.055,0.25,0.03,0.03,BioCH4Oxy_CC,,,,,,,,,,,,,,,,,,,,,,,
0.15,0.1,0.055,0.25,0.05,0.018,BiomassOxy_CC,,,,,,,,,,,,,,,,,,,,,,,
0.15,0.1,0.055,0.25,0.05,0.03,H2Oxy_CC,,,,,,,,,,,,,,,,,,,,,,,
0.15,0.1,0.055,0.25,0.07,0.018,BiomassOxy_CC,,,,,,,,,,,,,,,,,,,,,,,
0.15,0.1,0.055,0.25,0.07,0.03,H2Oxy_CC,,,,,,,,,,,,,,,,,,,,,,,
0.15,0.1,0.075,0.075,0.03,0.018,Biomass,,,,,,,,,,,,,,,,,,,,,,,
0.15,0.1,0.075,0.075,0.03,0.03,BioCH4,,,,,,,,,,,,,,,,,,,,,,,
0.15,0.1,0.075,0.075,0.05,0.018,Biomass,,,,,,,,,,,,,,,,,,,,,,,
0.15,0.1,0.075,0.075,0.05,0.03,Biomass,,,,,,,,,,,,,,,,,,,,,,,
0.15,0.1,0.075,0.075,0.07,0.018,Biomass,,,,,,,,,,,,,,,,,,,,,,,
0.15,0.1,0.075,0.075,0.07,0.03,Biomass,,,,,,,,,,,,,,,,,,,,,,,
0.15,0.1,0.075,0.1,0.03,0.018,Biomass,,,,,,,,,,,,,,,,,,,,,,,
0.15,0.1,0.075,0.1,0.03,0.03,BioCH4,,,,,,,,,,,,,,,,,,,,,,,
0.15,0.1,0.075,0.1,0.05,0.018,Biomass,,,,,,,,,,,,,,,,,,,,,,,
0.15,0.1,0.075,0.1,0.05,0.03,Biomass,,,,,,,,,,,,,,,,,,,,,,,
0.15,0.1,0.075,0.1,0.07,0.018,Biomass,,,,,,,,,,,,,,,,,,,,,,,
0.15,0.1,0.075,0.1,0.07,0.03,Biomass,,,,,,,,,,,,,,,,,,,,,,,
0.15,0.1,0.075,0.2,0.03,0.018,BiomassOxy_CC,,,,,,,,,,,,,,,,,,,,,,,
0.15,0.1,0.075,0.2,0.03,0.03,BioCH4Oxy_CC,,,,,,,,,,,,,,,,,,,,,,,
0.15,0.1,0.075,0.2,0.05,0.018,BiomassOxy_CC,,,,,,,,,,,,,,,,,,,,,,,
0.15,0.1,0.075,0.2,0.05,0.03,H2Oxy_CC,,,,,,,,,,,,,,,,,,,,,,,
0.15,0.1,0.075,0.2,0.07,0.018,BiomassOxy_CC,,,,,,,,,,,,,,,,,,,,,,,
0.15,0.1,0.075,0.2,0.07,0.03,H2Oxy_CC,,,,,,,,,,,,,,,,,,,,,,,
0.15,0.1,0.075,0.25,0.03,0.018,BiomassOxy_CC,,,,,,,,,,,,,,,,,,,,,,,
0.15,0.1,0.075,0.25,0.03,0.03,BioCH4Oxy_CC,,,,,,,,,,,,,,,,,,,,,,,
0.15,0.1,0.075,0.25,0.05,0.018,BiomassOxy_CC,,,,,,,,,,,,,,,,,,,,,,,
0.15,0.1,0.075,0.25,0.05,0.03,H2Oxy_CC,,,,,,,,,,,,,,,,,,,,,,,
0.15,0.1,0.075,0.25,0.07,0.018,BiomassOxy_CC,,,,,,,,,,,,,,,,,,,,,,,
0.15,0.1,0.075,0.25,0.07,0.03,H2Oxy_CC,,,,,,,,,,,,,,,,,,,,,,,
0.15,0.1,0.1,0.075,0.03,0.018,Biomass,,,,,,,,,,,,,,,,,,,,,,,
0.15,0.1,0.1,0.075,0.03,0.03,NG,,,,,,,,,,,,,,,,,,,,,,,
0.15,0.1,0.1,0.075,0.05,0.018,Biomass,,,,,,,,,,,,,,,,,,,,,,,
0.15,0.1,0.1,0.075,0.05,0.03,NG,,,,,,,,,,,,,,,,,,,,,,,
0.15,0.1,0.1,0.075,0.07,0.018,Biomass,,,,,,,,,,,,,,,,,,,,,,,
0.15,0.1,0.1,0.075,0.07,0.03,NG,,,,,,,,,,,,,,,,,,,,,,,
0.15,0.1,0.1,0.1,0.03,0.018,Biomass,,,,,,,,,,,,,,,,,,,,,,,
0.15,0.1,0.1,0.1,0.03,0.03,NG,,,,,,,,,,,,,,,,,,,,,,,
0.15,0.1,0.1,0.1,0.05,0.018,Biomass,,,,,,,,,,,,,,,,,,,,,,,
0.15,0.1,0.1,0.1,0.05,0.03,NG,,,,,,,,,,,,,,,,,,,,,,,
0.15,0.1,0.1,0.1,0.07,0.018,Biomass,,,,,,,,,,,,,,,,,,,,,,,
0.15,0.1,0.1,0.1,0.07,0.03,NG,,,,,,,,,,,,,,,,,,,,,,,
0.15,0.1,0.1,0.2,0.03,0.018,Biomass_CC,,,,,,,,,,,,,,,,,,,,,,,
0.15,0.1,0.1,0.2,0.03,0.03,Biomass_CC,,,,,,,,,,,,,,,,,,,,,,,
0.15,0.1,0.1,0.2,0.05,0.018,Biomass_CC,,,,,,,,,,,,,,,,,,,,,,,
0.15,0.1,0.1,0.2,0.05,0.03,Biomass_CC,,,,,,,,,,,,,,,,,,,,,,,
0.15,0.1,0.1,0.2,0.07,0.018,Biomass_CC,,,,,,,,,,,,,,,,,,,,,,,
0.15,0.1,0.1,0.2,0.07,0.03,Biomass_CC,,,,,,,,,,,,,,,,,,,,,,,
0.15,0.1,0.1,0.25,0.03,0.018,Biomass_CC,,,,,,,,,,,,,,,,,,,,,,,
0.15,0.1,0.1,0.25,0.03,0.03,Biomass_CC,,,,,,,,,,,,,,,,,,,,,,,
0.15,0.1,0.1,0.25,0.05,0.018,Biomass_CC,,,,,,,,,,,,,,,,,,,,,,,
0.15,0.1,0.1,0.25,0.05,0.03,Biomass_CC,,,,,,,,,,,,,,,,,,,,,,,
0.15,0.1,0.1,0.25,0.07,0.018,Biomass_CC,,,,,,,,,,,,,,,,,,,,,,,
0.15,0.1,0.1,0.25,0.07,0.03,Biomass_CC,,,,,,,,,,,,,,,,,,,,,,,
0.15,0.15,0.01,0.075,0.03,0.018,Biomass,,,,,,,,,,,,,,,,,,,,,,,
0.15,0.15,0.01,0.075,0.03,0.03,BioCH4,,,,,,,,,,,,,,,,,,,,,,,
0.15,0.15,0.01,0.075,0.05,0.018,Biomass,,,,,,,,,,,,,,,,,,,,,,,
0.15,0.15,0.01,0.075,0.05,0.03,Biomass,,,,,,,,,,,,,,,,,,,,,,,
0.15,0.15,0.01,0.075,0.07,0.018,Biomass,,,,,,,,,,,,,,,,,,,,,,,
0.15,0.15,0.01,0.075,0.07,0.03,Biomass,,,,,,,,,,,,,,,,,,,,,,,
0.15,0.15,0.01,0.1,0.03,0.018,Biomass,,,,,,,,,,,,,,,,,,,,,,,
0.15,0.15,0.01,0.1,0.03,0.03,BioCH4,,,,,,,,,,,,,,,,,,,,,,,
0.15,0.15,0.01,0.1,0.05,0.018,Biomass,,,,,,,,,,,,,,,,,,,,,,,
0.15,0.15,0.01,0.1,0.05,0.03,Biomass,,,,,,,,,,,,,,,,,,,,,,,
0.15,0.15,0.01,0.1,0.07,0.018,Biomass,,,,,,,,,,,,,,,,,,,,,,,
0.15,0.15,0.01,0.1,0.07,0.03,Biomass,,,,,,,,,,,,,,,,,,,,,,,
0.15,0.15,0.01,0.2,0.03,0.018,BiomassOxy_CC,,,,,,,,,,,,,,,,,,,,,,,
0.15,0.15,0.01,0.2,0.03,0.03,BioCH4Oxy_CC,,,,,,,,,,,,,,,,,,,,,,,
0.15,0.15,0.01,0.2,0.05,0.018,BiomassOxy_CC,,,,,,,,,,,,,,,,,,,,,,,
0.15,0.15,0.01,0.2,0.05,0.03,BiomassOxy_CC,,,,,,,,,,,,,,,,,,,,,,,
0.15,0.15,0.01,0.2,0.07,0.018,BiomassOxy_CC,,,,,,,,,,,,,,,,,,,,,,,
0.15,0.15,0.01,0.2,0.07,0.03,BiomassOxy_CC,,,,,,,,,,,,,,,,,,,,,,,
0.15,0.15,0.01,0.25,0.03,0.018,BiomassOxy_CC,,,,,,,,,,,,,,,,,,,,,,,
0.15,0.15,0.01,0.25,0.03,0.03,BioCH4Oxy_CC,,,,,,,,,,,,,,,,,,,,,,,
0.15,0.15,0.01,0.25,0.05,0.018,BiomassOxy_CC,,,,,,,,,,,,,,,,,,,,,,,
0.15,0.15,0.01,0.25,0.05,0.03,BiomassOxy_CC,,,,,,,,,,,,,,,,,,,,,,,
0.15,0.15,0.01,0.25,0.07,0.018,BiomassOxy_CC,,,,,,,,,,,,,,,,,,,,,,,
0.15,0.15,0.01,0.25,0.07,0.03,BiomassOxy_CC,,,,,,,,,,,,,,,,,,,,,,,
0.15,0.15,0.035,0.075,0.03,0.018,Biomass,,,,,,,,,,,,,,,,,,,,,,,
0.15,0.15,0.035,0.075,0.03,0.03,BioCH4,,,,,,,,,,,,,,,,,,,,,,,
0.15,0.15,0.035,0.075,0.05,0.018,Biomass,,,,,,,,,,,,,,,,,,,,,,,
0.15,0.15,0.035,0.075,0.05,0.03,Biomass,,,,,,,,,,,,,,,,,,,,,,,
0.15,0.15,0.035,0.075,0.07,0.018,Biomass,,,,,,,,,,,,,,,,,,,,,,,
0.15,0.15,0.035,0.075,0.07,0.03,Biomass,,,,,,,,,,,,,,,,,,,,,,,
0.15,0.15,0.035,0.1,0.03,0.018,Biomass,,,,,,,,,,,,,,,,,,,,,,,
0.15,0.15,0.035,0.1,0.03,0.03,BioCH4,,,,,,,,,,,,,,,,,,,,,,,
0.15,0.15,0.035,0.1,0.05,0.018,Biomass,,,,,,,,,,,,,,,,,,,,,,,
0.15,0.15,0.035,0.1,0.05,0.03,Biomass,,,,,,,,,,,,,,,,,,,,,,,
0.15,0.15,0.035,0.1,0.07,0.018,Biomass,,,,,,,,,,,,,,,,,,,,,,,
0.15,0.15,0.035,0.1,0.07,0.03,Biomass,,,,,,,,,,,,,,,,,,,,,,,
0.15,0.15,0.035,0.2,0.03,0.018,BiomassOxy_CC,,,,,,,,,,,,,,,,,,,,,,,
0.15,0.15,0.035,0.2,0.03,0.03,BioCH4Oxy_CC,,,,,,,,,,,,,,,,,,,,,,,
0.15,0.15,0.035,0.2,0.05,0.018,BiomassOxy_CC,,,,,,,,,,,,,,,,,,,,,,,
0.15,0.15,0.035,0.2,0.05,0.03,BiomassOxy_CC,,,,,,,,,,,,,,,,,,,,,,,
0.15,0.15,0.035,0.2,0.07,0.018,BiomassOxy_CC,,,,,,,,,,,,,,,,,,,,,,,
0.15,0.15,0.035,0.2,0.07,0.03,BiomassOxy_CC,,,,,,,,,,,,,,,,,,,,,,,
0.15,0.15,0.035,0.25,0.03,0.018,BiomassOxy_CC,,,,,,,,,,,,,,,,,,,,,,,
0.15,0.15,0.035,0.25,0.03,0.03,BioCH4Oxy_CC,,,,,,,,,,,,,,,,,,,,,,,
0.15,0.15,0.035,0.25,0.05,0.018,BiomassOxy_CC,,,,,,,,,,,,,,,,,,,,,,,
0.15,0.15,0.035,0.25,0.05,0.03,BiomassOxy_CC,,,,,,,,,,,,,,,,,,,,,,,
0.15,0.15,0.035,0.25,0.07,0.018,BiomassOxy_CC,,,,,,,,,,,,,,,,,,,,,,,
0.15,0.15,0.035,0.25,0.07,0.03,BiomassOxy_CC,,,,,,,,,,,,,,,,,,,,,,,
0.15,0.15,0.055,0.075,0.03,0.018,Biomass,,,,,,,,,,,,,,,,,,,,,,,
0.15,0.15,0.055,0.075,0.03,0.03,BioCH4,,,,,,,,,,,,,,,,,,,,,,,
0.15,0.15,0.055,0.075,0.05,0.018,Biomass,,,,,,,,,,,,,,,,,,,,,,,
0.15,0.15,0.055,0.075,0.05,0.03,Biomass,,,,,,,,,,,,,,,,,,,,,,,
0.15,0.15,0.055,0.075,0.07,0.018,Biomass,,,,,,,,,,,,,,,,,,,,,,,
0.15,0.15,0.055,0.075,0.07,0.03,Biomass,,,,,,,,,,,,,,,,,,,,,,,
0.15,0.15,0.055,0.1,0.03,0.018,Biomass,,,,,,,,,,,,,,,,,,,,,,,
0.15,0.15,0.055,0.1,0.03,0.03,BioCH4,,,,,,,,,,,,,,,,,,,,,,,
0.15,0.15,0.055,0.1,0.05,0.018,Biomass,,,,,,,,,,,,,,,,,,,,,,,
0.15,0.15,0.055,0.1,0.05,0.03,Biomass,,,,,,,,,,,,,,,,,,,,,,,
0.15,0.15,0.055,0.1,0.07,0.018,Biomass,,,,,,,,,,,,,,,,,,,,,,,
0.15,0.15,0.055,0.1,0.07,0.03,Biomass,,,,,,,,,,,,,,,,,,,,,,,
0.15,0.15,0.055,0.2,0.03,0.018,BiomassOxy_CC,,,,,,,,,,,,,,,,,,,,,,,
0.15,0.15,0.055,0.2,0.03,0.03,BioCH4Oxy_CC,,,,,,,,,,,,,,,,,,,,,,,
0.15,0.15,0.055,0.2,0.05,0.018,BiomassOxy_CC,,,,,,,,,,,,,,,,,,,,,,,
0.15,0.15,0.055,0.2,0.05,0.03,BiomassOxy_CC,,,,,,,,,,,,,,,,,,,,,,,
0.15,0.15,0.055,0.2,0.07,0.018,BiomassOxy_CC,,,,,,,,,,,,,,,,,,,,,,,
0.15,0.15,0.055,0.2,0.07,0.03,BiomassOxy_CC,,,,,,,,,,,,,,,,,,,,,,,
0.15,0.15,0.055,0.25,0.03,0.018,BiomassOxy_CC,,,,,,,,,,,,,,,,,,,,,,,
0.15,0.15,0.055,0.25,0.03,0.03,BioCH4Oxy_CC,,,,,,,,,,,,,,,,,,,,,,,
0.15,0.15,0.055,0.25,0.05,0.018,BiomassOxy_CC,,,,,,,,,,,,,,,,,,,,,,,
0.15,0.15,0.055,0.25,0.05,0.03,BiomassOxy_CC,,,,,,,,,,,,,,,,,,,,,,,
0.15,0.15,0.055,0.25,0.07,0.018,BiomassOxy_CC,,,,,,,,,,,,,,,,,,,,,,,
0.15,0.15,0.055,0.25,0.07,0.03,BiomassOxy_CC,,,,,,,,,,,,,,,,,,,,,,,
0.15,0.15,0.075,0.075,0.03,0.018,Biomass,,,,,,,,,,,,,,,,,,,,,,,
0.15,0.15,0.075,0.075,0.03,0.03,BioCH4,,,,,,,,,,,,,,,,,,,,,,,
0.15,0.15,0.075,0.075,0.05,0.018,Biomass,,,,,,,,,,,,,,,,,,,,,,,
0.15,0.15,0.075,0.075,0.05,0.03,Biomass,,,,,,,,,,,,,,,,,,,,,,,
0.15,0.15,0.075,0.075,0.07,0.018,Biomass,,,,,,,,,,,,,,,,,,,,,,,
0.15,0.15,0.075,0.075,0.07,0.03,Biomass,,,,,,,,,,,,,,,,,,,,,,,
0.15,0.15,0.075,0.1,0.03,0.018,Biomass,,,,,,,,,,,,,,,,,,,,,,,
0.15,0.15,0.075,0.1,0.03,0.03,BioCH4,,,,,,,,,,,,,,,,,,,,,,,
0.15,0.15,0.075,0.1,0.05,0.018,Biomass,,,,,,,,,,,,,,,,,,,,,,,
0.15,0.15,0.075,0.1,0.05,0.03,Biomass,,,,,,,,,,,,,,,,,,,,,,,
0.15,0.15,0.075,0.1,0.07,0.018,Biomass,,,,,,,,,,,,,,,,,,,,,,,
0.15,0.15,0.075,0.1,0.07,0.03,Biomass,,,,,,,,,,,,,,,,,,,,,,,
0.15,0.15,0.075,0.2,0.03,0.018,BiomassOxy_CC,,,,,,,,,,,,,,,,,,,,,,,
0.15,0.15,0.075,0.2,0.03,0.03,BioCH4Oxy_CC,,,,,,,,,,,,,,,,,,,,,,,
0.15,0.15,0.075,0.2,0.05,0.018,BiomassOxy_CC,,,,,,,,,,,,,,,,,,,,,,,
0.15,0.15,0.075,0.2,0.05,0.03,BiomassOxy_CC,,,,,,,,,,,,,,,,,,,,,,,
0.15,0.15,0.075,0.2,0.07,0.018,BiomassOxy_CC,,,,,,,,,,,,,,,,,,,,,,,
0.15,0.15,0.075,0.2,0.07,0.03,BiomassOxy_CC,,,,,,,,,,,,,,,,,,,,,,,
0.15,0.15,0.075,0.25,0.03,0.018,BiomassOxy_CC,,,,,,,,,,,,,,,,,,,,,,,
0.15,0.15,0.075,0.25,0.03,0.03,BioCH4Oxy_CC,,,,,,,,,,,,,,,,,,,,,,,
0.15,0.15,0.075,0.25,0.05,0.018,BiomassOxy_CC,,,,,,,,,,,,,,,,,,,,,,,
0.15,0.15,0.075,0.25,0.05,0.03,BiomassOxy_CC,,,,,,,,,,,,,,,,,,,,,,,
0.15,0.15,0.075,0.25,0.07,0.018,BiomassOxy_CC,,,,,,,,,,,,,,,,,,,,,,,
0.15,0.15,0.075,0.25,0.07,0.03,BiomassOxy_CC,,,,,,,,,,,,,,,,,,,,,,,
0.15,0.15,0.1,0.075,0.03,0.018,Biomass,,,,,,,,,,,,,,,,,,,,,,,
0.15,0.15,0.1,0.075,0.03,0.03,BioCH4,,,,,,,,,,,,,,,,,,,,,,,
0.15,0.15,0.1,0.075,0.05,0.018,Biomass,,,,,,,,,,,,,,,,,,,,,,,
0.15,0.15,0.1,0.075,0.05,0.03,Biomass,,,,,,,,,,,,,,,,,,,,,,,
0.15,0.15,0.1,0.075,0.07,0.018,Biomass,,,,,,,,,,,,,,,,,,,,,,,
0.15,0.15,0.1,0.075,0.07,0.03,Biomass,,,,,,,,,,,,,,,,,,,,,,,
0.15,0.15,0.1,0.1,0.03,0.018,Biomass,,,,,,,,,,,,,,,,,,,,,,,
0.15,0.15,0.1,0.1,0.03,0.03,BioCH4,,,,,,,,,,,,,,,,,,,,,,,
0.15,0.15,0.1,0.1,0.05,0.018,Biomass,,,,,,,,,,,,,,,,,,,,,,,
0.15,0.15,0.1,0.1,0.05,0.03,Biomass,,,,,,,,,,,,,,,,,,,,,,,
0.15,0.15,0.1,0.1,0.07,0.018,Biomass,,,,,,,,,,,,,,,,,,,,,,,
0.15,0.15,0.1,0.1,0.07,0.03,Biomass,,,,,,,,,,,,,,,,,,,,,,,
0.15,0.15,0.1,0.2,0.03,0.018,BiomassOxy_CC,,,,,,,,,,,,,,,,,,,,,,,
0.15,0.15,0.1,0.2,0.03,0.03,BioCH4Oxy_CC,,,,,,,,,,,,,,,,,,,,,,,
0.15,0.15,0.1,0.2,0.05,0.018,BiomassOxy_CC,,,,,,,,,,,,,,,,,,,,,,,
0.15,0.15,0.1,0.2,0.05,0.03,BiomassOxy_CC,,,,,,,,,,,,,,,,,,,,,,,
0.15,0.15,0.1,0.2,0.07,0.018,BiomassOxy_CC,,,,,,,,,,,,,,,,,,,,,,,
0.15,0.15,0.1,0.2,0.07,0.03,BiomassOxy_CC,,,,,,,,,,,,,,,,,,,,,,,
0.15,0.15,0.1,0.25,0.03,0.018,BiomassOxy_CC,,,,,,,,,,,,,,,,,,,,,,,
0.15,0.15,0.1,0.25,0.03,0.03,BioCH4Oxy_CC,,,,,,,,,,,,,,,,,,,,,,,
0.15,0.15,0.1,0.25,0.05,0.018,BiomassOxy_CC,,,,,,,,,,,,,,,,,,,,,,,
0.15,0.15,0.1,0.25,0.05,0.03,BiomassOxy_CC,,,,,,,,,,,,,,,,,,,,,,,
0.15,0.15,0.1,0.25,0.07,0.018,BiomassOxy_CC,,,,,,,,,,,,,,,,,,,,,,,
0.15,0.15,0.1,0.25,0.07,0.03,BiomassOxy_CC,,,,,,,,,,,,,,,,,,,,,,,
0.15,0.2,0.01,0.075,0.03,0.018,Biomass,,,,,,,,,,,,,,,,,,,,,,,
0.15,0.2,0.01,0.075,0.03,0.03,NG,,,,,,,,,,,,,,,,,,,,,,,
0.15,0.2,0.01,0.075,0.05,0.018,Biomass,,,,,,,,,,,,,,,,,,,,,,,
0.15,0.2,0.01,0.075,0.05,0.03,NG,,,,,,,,,,,,,,,,,,,,,,,
0.15,0.2,0.01,0.075,0.07,0.018,Biomass,,,,,,,,,,,,,,,,,,,,,,,
0.15,0.2,0.01,0.075,0.07,0.03,NG,,,,,,,,,,,,,,,,,,,,,,,
0.15,0.2,0.01,0.1,0.03,0.018,Biomass,,,,,,,,,,,,,,,,,,,,,,,
0.15,0.2,0.01,0.1,0.03,0.03,NG,,,,,,,,,,,,,,,,,,,,,,,
0.15,0.2,0.01,0.1,0.05,0.018,Biomass,,,,,,,,,,,,,,,,,,,,,,,
0.15,0.2,0.01,0.1,0.05,0.03,NG,,,,,,,,,,,,,,,,,,,,,,,
0.15,0.2,0.01,0.1,0.07,0.018,Biomass,,,,,,,,,,,,,,,,,,,,,,,
0.15,0.2,0.01,0.1,0.07,0.03,NG,,,,,,,,,,,,,,,,,,,,,,,
0.15,0.2,0.01,0.2,0.03,0.018,Biomass_CC,,,,,,,,,,,,,,,,,,,,,,,
0.15,0.2,0.01,0.2,0.03,0.03,Biomass_CC,,,,,,,,,,,,,,,,,,,,,,,
0.15,0.2,0.01,0.2,0.05,0.018,Biomass_CC,,,,,,,,,,,,,,,,,,,,,,,
0.15,0.2,0.01,0.2,0.05,0.03,Biomass_CC,,,,,,,,,,,,,,,,,,,,,,,
0.15,0.2,0.01,0.2,0.07,0.018,Biomass_CC,,,,,,,,,,,,,,,,,,,,,,,
0.15,0.2,0.01,0.2,0.07,0.03,Biomass_CC,,,,,,,,,,,,,,,,,,,,,,,
0.15,0.2,0.01,0.25,0.03,0.018,Biomass_CC,,,,,,,,,,,,,,,,,,,,,,,
0.15,0.2,0.01,0.25,0.03,0.03,Biomass_CC,,,,,,,,,,,,,,,,,,,,,,,
0.15,0.2,0.01,0.25,0.05,0.018,Biomass_CC,,,,,,,,,,,,,,,,,,,,,,,
0.15,0.2,0.01,0.25,0.05,0.03,Biomass_CC,,,,,,,,,,,,,,,,,,,,,,,
0.15,0.2,0.01,0.25,0.07,0.018,Biomass_CC,,,,,,,,,,,,,,,,,,,,,,,
0.15,0.2,0.01,0.25,0.07,0.03,Biomass_CC,,,,,,,,,,,,,,,,,,,,,,,
0.15,0.2,0.035,0.075,0.03,0.018,Biomass,,,,,,,,,,,,,,,,,,,,,,,
0.15,0.2,0.035,0.075,0.03,0.03,BioCH4,,,,,,,,,,,,,,,,,,,,,,,
0.15,0.2,0.035,0.075,0.05,0.018,Biomass,,,,,,,,,,,,,,,,,,,,,,,
0.15,0.2,0.035,0.075,0.05,0.03,Biomass,,,,,,,,,,,,,,,,,,,,,,,
0.15,0.2,0.035,0.075,0.07,0.018,Biomass,,,,,,,,,,,,,,,,,,,,,,,
0.15,0.2,0.035,0.075,0.07,0.03,Biomass,,,,,,,,,,,,,,,,,,,,,,,
0.15,0.2,0.035,0.1,0.03,0.018,Biomass,,,,,,,,,,,,,,,,,,,,,,,
0.15,0.2,0.035,0.1,0.03,0.03,BioCH4,,,,,,,,,,,,,,,,,,,,,,,
0.15,0.2,0.035,0.1,0.05,0.018,Biomass,,,,,,,,,,,,,,,,,,,,,,,
0.15,0.2,0.035,0.1,0.05,0.03,Biomass,,,,,,,,,,,,,,,,,,,,,,,
0.15,0.2,0.035,0.1,0.07,0.018,Biomass,,,,,,,,,,,,,,,,,,,,,,,
0.15,0.2,0.035,0.1,0.07,0.03,Biomass,,,,,,,,,,,,,,,,,,,,,,,
0.15,0.2,0.035,0.2,0.03,0.018,BiomassOxy_CC,,,,,,,,,,,,,,,,,,,,,,,
0.15,0.2,0.035,0.2,0.03,0.03,BioCH4Oxy_CC,,,,,,,,,,,,,,,,,,,,,,,
0.15,0.2,0.035,0.2,0.05,0.018,BiomassOxy_CC,,,,,,,,,,,,,,,,,,,,,,,
0.15,0.2,0.035,0.2,0.05,0.03,BiomassOxy_CC,,,,,,,,,,,,,,,,,,,,,,,
0.15,0.2,0.035,0.2,0.07,0.018,BiomassOxy_CC,,,,,,,,,,,,,,,,,,,,,,,
0.15,0.2,0.035,0.2,0.07,0.03,BiomassOxy_CC,,,,,,,,,,,,,,,,,,,,,,,
0.15,0.2,0.035,0.25,0.03,0.018,BiomassOxy_CC,,,,,,,,,,,,,,,,,,,,,,,
0.15,0.2,0.035,0.25,0.03,0.03,BioCH4Oxy_CC,,,,,,,,,,,,,,,,,,,,,,,
0.15,0.2,0.035,0.25,0.05,0.018,BiomassOxy_CC,,,,,,,,,,,,,,,,,,,,,,,
0.15,0.2,0.035,0.25,0.05,0.03,BiomassOxy_CC,,,,,,,,,,,,,,,,,,,,,,,
0.15,0.2,0.035,0.25,0.07,0.018,BiomassOxy_CC,,,,,,,,,,,,,,,,,,,,,,,
0.15,0.2,0.035,0.25,0.07,0.03,BiomassOxy_CC,,,,,,,,,,,,,,,,,,,,,,,
0.15,0.2,0.055,0.075,0.03,0.018,Biomass,,,,,,,,,,,,,,,,,,,,,,,
0.15,0.2,0.055,0.075,0.03,0.03,BioCH4,,,,,,,,,,,,,,,,,,,,,,,
0.15,0.2,0.055,0.075,0.05,0.018,Biomass,,,,,,,,,,,,,,,,,,,,,,,
0.15,0.2,0.055,0.075,0.05,0.03,Biomass,,,,,,,,,,,,,,,,,,,,,,,
0.15,0.2,0.055,0.075,0.07,0.018,Biomass,,,,,,,,,,,,,,,,,,,,,,,
0.15,0.2,0.055,0.075,0.07,0.03,Biomass,,,,,,,,,,,,,,,,,,,,,,,
0.15,0.2,0.055,0.1,0.03,0.018,Biomass,,,,,,,,,,,,,,,,,,,,,,,
0.15,0.2,0.055,0.1,0.03,0.03,BioCH4,,,,,,,,,,,,,,,,,,,,,,,
0.15,0.2,0.055,0.1,0.05,0.018,Biomass,,,,,,,,,,,,,,,,,,,,,,,
0.15,0.2,0.055,0.1,0.05,0.03,Biomass,,,,,,,,,,,,,,,,,,,,,,,
0.15,0.2,0.055,0.1,0.07,0.018,Biomass,,,,,,,,,,,,,,,,,,,,,,,
0.15,0.2,0.055,0.1,0.07,0.03,Biomass,,,,,,,,,,,,,,,,,,,,,,,
0.15,0.2,0.055,0.2,0.03,0.018,BiomassOxy_CC,,,,,,,,,,,,,,,,,,,,,,,
0.15,0.2,0.055,0.2,0.03,0.03,BioCH4Oxy_CC,,,,,,,,,,,,,,,,,,,,,,,
0.15,0.2,0.055,0.2,0.05,0.018,BiomassOxy_CC,,,,,,,,,,,,,,,,,,,,,,,
0.15,0.2,0.055,0.2,0.05,0.03,BiomassOxy_CC,,,,,,,,,,,,,,,,,,,,,,,
0.15,0.2,0.055,0.2,0.07,0.018,BiomassOxy_CC,,,,,,,,,,,,,,,,,,,,,,,
0.15,0.2,0.055,0.2,0.07,0.03,BiomassOxy_CC,,,,,,,,,,,,,,,,,,,,,,,
0.15,0.2,0.055,0.25,0.03,0.018,BiomassOxy_CC,,,,,,,,,,,,,,,,,,,,,,,
0.15,0.2,0.055,0.25,0.03,0.03,BioCH4Oxy_CC,,,,,,,,,,,,,,,,,,,,,,,
0.15,0.2,0.055,0.25,0.05,0.018,BiomassOxy_CC,,,,,,,,,,,,,,,,,,,,,,,
0.15,0.2,0.055,0.25,0.05,0.03,BiomassOxy_CC,,,,,,,,,,,,,,,,,,,,,,,
0.15,0.2,0.055,0.25,0.07,0.018,BiomassOxy_CC,,,,,,,,,,,,,,,,,,,,,,,
0.15,0.2,0.055,0.25,0.07,0.03,BiomassOxy_CC,,,,,,,,,,,,,,,,,,,,,,,
0.15,0.2,0.075,0.075,0.03,0.018,Biomass,,,,,,,,,,,,,,,,,,,,,,,
0.15,0.2,0.075,0.075,0.03,0.03,BioCH4,,,,,,,,,,,,,,,,,,,,,,,
0.15,0.2,0.075,0.075,0.05,0.018,Biomass,,,,,,,,,,,,,,,,,,,,,,,
0.15,0.2,0.075,0.075,0.05,0.03,Biomass,,,,,,,,,,,,,,,,,,,,,,,
0.15,0.2,0.075,0.075,0.07,0.018,Biomass,,,,,,,,,,,,,,,,,,,,,,,
0.15,0.2,0.075,0.075,0.07,0.03,Biomass,,,,,,,,,,,,,,,,,,,,,,,
0.15,0.2,0.075,0.1,0.03,0.018,Biomass,,,,,,,,,,,,,,,,,,,,,,,
0.15,0.2,0.075,0.1,0.03,0.03,BioCH4,,,,,,,,,,,,,,,,,,,,,,,
0.15,0.2,0.075,0.1,0.05,0.018,Biomass,,,,,,,,,,,,,,,,,,,,,,,
0.15,0.2,0.075,0.1,0.05,0.03,Biomass,,,,,,,,,,,,,,,,,,,,,,,
0.15,0.2,0.075,0.1,0.07,0.018,Biomass,,,,,,,,,,,,,,,,,,,,,,,
0.15,0.2,0.075,0.1,0.07,0.03,Biomass,,,,,,,,,,,,,,,,,,,,,,,
0.15,0.2,0.075,0.2,0.03,0.018,BiomassOxy_CC,,,,,,,,,,,,,,,,,,,,,,,
0.15,0.2,0.075,0.2,0.03,0.03,BioCH4Oxy_CC,,,,,,,,,,,,,,,,,,,,,,,
0.15,0.2,0.075,0.2,0.05,0.018,BiomassOxy_CC,,,,,,,,,,,,,,,,,,,,,,,
0.15,0.2,0.075,0.2,0.05,0.03,BiomassOxy_CC,,,,,,,,,,,,,,,,,,,,,,,
0.15,0.2,0.075,0.2,0.07,0.018,BiomassOxy_CC,,,,,,,,,,,,,,,,,,,,,,,
0.15,0.2,0.075,0.2,0.07,0.03,BiomassOxy_CC,,,,,,,,,,,,,,,,,,,,,,,
0.15,0.2,0.075,0.25,0.03,0.018,BiomassOxy_CC,,,,,,,,,,,,,,,,,,,,,,,
0.15,0.2,0.075,0.25,0.03,0.03,BioCH4Oxy_CC,,,,,,,,,,,,,,,,,,,,,,,
0.15,0.2,0.075,0.25,0.05,0.018,BiomassOxy_CC,,,,,,,,,,,,,,,,,,,,,,,
0.15,0.2,0.075,0.25,0.05,0.03,BiomassOxy_CC,,,,,,,,,,,,,,,,,,,,,,,
0.15,0.2,0.075,0.25,0.07,0.018,BiomassOxy_CC,,,,,,,,,,,,,,,,,,,,,,,
0.15,0.2,0.075,0.25,0.07,0.03,BiomassOxy_CC,,,,,,,,,,,,,,,,,,,,,,,
0.15,0.2,0.1,0.075,0.03,0.018,Biomass,,,,,,,,,,,,,,,,,,,,,,,
0.15,0.2,0.1,0.075,0.03,0.03,BioCH4,,,,,,,,,,,,,,,,,,,,,,,
0.15,0.2,0.1,0.075,0.05,0.018,Biomass,,,,,,,,,,,,,,,,,,,,,,,
0.15,0.2,0.1,0.075,0.05,0.03,Biomass,,,,,,,,,,,,,,,,,,,,,,,
0.15,0.2,0.1,0.075,0.07,0.018,Biomass,,,,,,,,,,,,,,,,,,,,,,,
0.15,0.2,0.1,0.075,0.07,0.03,Biomass,,,,,,,,,,,,,,,,,,,,,,,
0.15,0.2,0.1,0.1,0.03,0.018,Biomass,,,,,,,,,,,,,,,,,,,,,,,
0.15,0.2,0.1,0.1,0.03,0.03,BioCH4,,,,,,,,,,,,,,,,,,,,,,,
0.15,0.2,0.1,0.1,0.05,0.018,Biomass,,,,,,,,,,,,,,,,,,,,,,,
0.15,0.2,0.1,0.1,0.05,0.03,Biomass,,,,,,,,,,,,,,,,,,,,,,,
0.15,0.2,0.1,0.1,0.07,0.018,Biomass,,,,,,,,,,,,,,,,,,,,,,,
0.15,0.2,0.1,0.1,0.07,0.03,Biomass,,,,,,,,,,,,,,,,,,,,,,,
0.15,0.2,0.1,0.2,0.03,0.018,BiomassOxy_CC,,,,,,,,,,,,,,,,,,,,,,,
0.15,0.2,0.1,0.2,0.03,0.03,BioCH4Oxy_CC,,,,,,,,,,,,,,,,,,,,,,,
0.15,0.2,0.1,0.2,0.05,0.018,BiomassOxy_CC,,,,,,,,,,,,,,,,,,,,,,,
0.15,0.2,0.1,0.2,0.05,0.03,BiomassOxy_CC,,,,,,,,,,,,,,,,,,,,,,,
0.15,0.2,0.1,0.2,0.07,0.018,BiomassOxy_CC,,,,,,,,,,,,,,,,,,,,,,,
0.15,0.2,0.1,0.2,0.07,0.03,BiomassOxy_CC,,,,,,,,,,,,,,,,,,,,,,,
0.15,0.2,0.1,0.25,0.03,0.018,BiomassOxy_CC,,,,,,,,,,,,,,,,,,,,,,,
0.15,0.2,0.1,0.25,0.03,0.03,BioCH4Oxy_CC,,,,,,,,,,,,,,,,,,,,,,,
0.15,0.2,0.1,0.25,0.05,0.018,BiomassOxy_CC,,,,,,,,,,,,,,,,,,,,,,,
0.15,0.2,0.1,0.25,0.05,0.03,BiomassOxy_CC,,,,,,,,,,,,,,,,,,,,,,,
0.15,0.2,0.1,0.25,0.07,0.018,BiomassOxy_CC,,,,,,,,,,,,,,,,,,,,,,,
0.15,0.2,0.1,0.25,0.07,0.03,BiomassOxy_CC,,,,,,,,,,,,,,,,,,,,,,,
0.175,0.01,0.01,0.075,0.03,0.018,Biomass,,,,,,,,,,,,,,,,,,,,,,,
0.175,0.01,0.01,0.075,0.03,0.03,NG,,,,,,,,,,,,,,,,,,,,,,,
0.175,0.01,0.01,0.075,0.05,0.018,Biomass,,,,,,,,,,,,,,,,,,,,,,,
0.175,0.01,0.01,0.075,0.05,0.03,NG,,,,,,,,,,,,,,,,,,,,,,,
0.175,0.01,0.01,0.075,0.07,0.018,Biomass,,,,,,,,,,,,,,,,,,,,,,,
0.175,0.01,0.01,0.075,0.07,0.03,NG,,,,,,,,,,,,,,,,,,,,,,,
0.175,0.01,0.01,0.1,0.03,0.018,Biomass,,,,,,,,,,,,,,,,,,,,,,,
0.175,0.01,0.01,0.1,0.03,0.03,NG,,,,,,,,,,,,,,,,,,,,,,,
0.175,0.01,0.01,0.1,0.05,0.018,Biomass,,,,,,,,,,,,,,,,,,,,,,,
0.175,0.01,0.01,0.1,0.05,0.03,NG,,,,,,,,,,,,,,,,,,,,,,,
0.175,0.01,0.01,0.1,0.07,0.018,Biomass,,,,,,,,,,,,,,,,,,,,,,,
0.175,0.01,0.01,0.1,0.07,0.03,NG,,,,,,,,,,,,,,,,,,,,,,,
0.175,0.01,0.01,0.2,0.03,0.018,Biomass_CC,,,,,,,,,,,,,,,,,,,,,,,
0.175,0.01,0.01,0.2,0.03,0.03,Biomass_CC,,,,,,,,,,,,,,,,,,,,,,,
0.175,0.01,0.01,0.2,0.05,0.018,Biomass_CC,,,,,,,,,,,,,,,,,,,,,,,
0.175,0.01,0.01,0.2,0.05,0.03,Biomass_CC,,,,,,,,,,,,,,,,,,,,,,,
0.175,0.01,0.01,0.2,0.07,0.018,Biomass_CC,,,,,,,,,,,,,,,,,,,,,,,
0.175,0.01,0.01,0.2,0.07,0.03,Biomass_CC,,,,,,,,,,,,,,,,,,,,,,,
0.175,0.01,0.01,0.25,0.03,0.018,Biomass_CC,,,,,,,,,,,,,,,,,,,,,,,
0.175,0.01,0.01,0.25,0.03,0.03,Biomass_CC,,,,,,,,,,,,,,,,,,,,,,,
0.175,0.01,0.01,0.25,0.05,0.018,Biomass_CC,,,,,,,,,,,,,,,,,,,,,,,
0.175,0.01,0.01,0.25,0.05,0.03,Biomass_CC,,,,,,,,,,,,,,,,,,,,,,,
0.175,0.01,0.01,0.25,0.07,0.018,Biomass_CC,,,,,,,,,,,,,,,,,,,,,,,
0.175,0.01,0.01,0.25,0.07,0.03,Biomass_CC,,,,,,,,,,,,,,,,,,,,,,,
0.175,0.01,0.035,0.075,0.03,0.018,Biomass,,,,,,,,,,,,,,,,,,,,,,,
0.175,0.01,0.035,0.075,0.03,0.03,BioCH4,,,,,,,,,,,,,,,,,,,,,,,
0.175,0.01,0.035,0.075,0.05,0.018,Biomass,,,,,,,,,,,,,,,,,,,,,,,
0.175,0.01,0.035,0.075,0.05,0.03,Biomass,,,,,,,,,,,,,,,,,,,,,,,
0.175,0.01,0.035,0.075,0.07,0.018,Biomass,,,,,,,,,,,,,,,,,,,,,,,
0.175,0.01,0.035,0.075,0.07,0.03,Biomass,,,,,,,,,,,,,,,,,,,,,,,
0.175,0.01,0.035,0.1,0.03,0.018,Biomass,,,,,,,,,,,,,,,,,,,,,,,
0.175,0.01,0.035,0.1,0.03,0.03,BioCH4,,,,,,,,,,,,,,,,,,,,,,,
0.175,0.01,0.035,0.1,0.05,0.018,Biomass,,,,,,,,,,,,,,,,,,,,,,,
0.175,0.01,0.035,0.1,0.05,0.03,Biomass,,,,,,,,,,,,,,,,,,,,,,,
0.175,0.01,0.035,0.1,0.07,0.018,Biomass,,,,,,,,,,,,,,,,,,,,,,,
0.175,0.01,0.035,0.1,0.07,0.03,Biomass,,,,,,,,,,,,,,,,,,,,,,,
0.175,0.01,0.035,0.2,0.03,0.018,H2Oxy_CC,,,,,,,,,,,,,,,,,,,,,,,
0.175,0.01,0.035,0.2,0.03,0.03,H2Oxy_CC,,,,,,,,,,,,,,,,,,,,,,,
0.175,0.01,0.035,0.2,0.05,0.018,H2Oxy_CC,,,,,,,,,,,,,,,,,,,,,,,
0.175,0.01,0.035,0.2,0.05,0.03,H2Oxy_CC,,,,,,,,,,,,,,,,,,,,,,,
0.175,0.01,0.035,0.2,0.07,0.018,H2Oxy_CC,,,,,,,,,,,,,,,,,,,,,,,
0.175,0.01,0.035,0.2,0.07,0.03,H2Oxy_CC,,,,,,,,,,,,,,,,,,,,,,,
0.175,0.01,0.035,0.25,0.03,0.018,H2Oxy_CC,,,,,,,,,,,,,,,,,,,,,,,
0.175,0.01,0.035,0.25,0.03,0.03,H2Oxy_CC,,,,,,,,,,,,,,,,,,,,,,,
0.175,0.01,0.035,0.25,0.05,0.018,H2Oxy_CC,,,,,,,,,,,,,,,,,,,,,,,
0.175,0.01,0.035,0.25,0.05,0.03,H2Oxy_CC,,,,,,,,,,,,,,,,,,,,,,,
0.175,0.01,0.035,0.25,0.07,0.018,H2Oxy_CC,,,,,,,,,,,,,,,,,,,,,,,
0.175,0.01,0.035,0.25,0.07,0.03,H2Oxy_CC,,,,,,,,,,,,,,,,,,,,,,,
0.175,0.01,0.055,0.075,0.03,0.018,Biomass,,,,,,,,,,,,,,,,,,,,,,,
0.175,0.01,0.055,0.075,0.03,0.03,BioCH4,,,,,,,,,,,,,,,,,,,,,,,
0.175,0.01,0.055,0.075,0.05,0.018,Biomass,,,,,,,,,,,,,,,,,,,,,,,
0.175,0.01,0.055,0.075,0.05,0.03,Biomass,,,,,,,,,,,,,,,,,,,,,,,
0.175,0.01,0.055,0.075,0.07,0.018,Biomass,,,,,,,,,,,,,,,,,,,,,,,
0.175,0.01,0.055,0.075,0.07,0.03,Biomass,,,,,,,,,,,,,,,,,,,,,,,
0.175,0.01,0.055,0.1,0.03,0.018,Biomass,,,,,,,,,,,,,,,,,,,,,,,
0.175,0.01,0.055,0.1,0.03,0.03,BioCH4,,,,,,,,,,,,,,,,,,,,,,,
0.175,0.01,0.055,0.1,0.05,0.018,Biomass,,,,,,,,,,,,,,,,,,,,,,,
0.175,0.01,0.055,0.1,0.05,0.03,Biomass,,,,,,,,,,,,,,,,,,,,,,,
0.175,0.01,0.055,0.1,0.07,0.018,Biomass,,,,,,,,,,,,,,,,,,,,,,,
0.175,0.01,0.055,0.1,0.07,0.03,Biomass,,,,,,,,,,,,,,,,,,,,,,,
0.175,0.01,0.055,0.2,0.03,0.018,H2Oxy_CC,,,,,,,,,,,,,,,,,,,,,,,
0.175,0.01,0.055,0.2,0.03,0.03,H2Oxy_CC,,,,,,,,,,,,,,,,,,,,,,,
0.175,0.01,0.055,0.2,0.05,0.018,H2Oxy_CC,,,,,,,,,,,,,,,,,,,,,,,
0.175,0.01,0.055,0.2,0.05,0.03,H2Oxy_CC,,,,,,,,,,,,,,,,,,,,,,,
0.175,0.01,0.055,0.2,0.07,0.018,H2Oxy_CC,,,,,,,,,,,,,,,,,,,,,,,
0.175,0.01,0.055,0.2,0.07,0.03,H2Oxy_CC,,,,,,,,,,,,,,,,,,,,,,,
0.175,0.01,0.055,0.25,0.03,0.018,H2Oxy_CC,,,,,,,,,,,,,,,,,,,,,,,
0.175,0.01,0.055,0.25,0.03,0.03,H2Oxy_CC,,,,,,,,,,,,,,,,,,,,,,,
0.175,0.01,0.055,0.25,0.05,0.018,H2Oxy_CC,,,,,,,,,,,,,,,,,,,,,,,
0.175,0.01,0.055,0.25,0.05,0.03,H2Oxy_CC,,,,,,,,,,,,,,,,,,,,,,,
0.175,0.01,0.055,0.25,0.07,0.018,H2Oxy_CC,,,,,,,,,,,,,,,,,,,,,,,
0.175,0.01,0.055,0.25,0.07,0.03,H2Oxy_CC,,,,,,,,,,,,,,,,,,,,,,,
0.175,0.01,0.075,0.075,0.03,0.018,Biomass,,,,,,,,,,,,,,,,,,,,,,,
0.175,0.01,0.075,0.075,0.03,0.03,BioCH4,,,,,,,,,,,,,,,,,,,,,,,
0.175,0.01,0.075,0.075,0.05,0.018,Biomass,,,,,,,,,,,,,,,,,,,,,,,
0.175,0.01,0.075,0.075,0.05,0.03,Biomass,,,,,,,,,,,,,,,,,,,,,,,
0.175,0.01,0.075,0.075,0.07,0.018,Biomass,,,,,,,,,,,,,,,,,,,,,,,
0.175,0.01,0.075,0.075,0.07,0.03,Biomass,,,,,,,,,,,,,,,,,,,,,,,
0.175,0.01,0.075,0.1,0.03,0.018,Biomass,,,,,,,,,,,,,,,,,,,,,,,
0.175,0.01,0.075,0.1,0.03,0.03,BioCH4,,,,,,,,,,,,,,,,,,,,,,,
0.175,0.01,0.075,0.1,0.05,0.018,Biomass,,,,,,,,,,,,,,,,,,,,,,,
0.175,0.01,0.075,0.1,0.05,0.03,Biomass,,,,,,,,,,,,,,,,,,,,,,,
0.175,0.01,0.075,0.1,0.07,0.018,Biomass,,,,,,,,,,,,,,,,,,,,,,,
0.175,0.01,0.075,0.1,0.07,0.03,Biomass,,,,,,,,,,,,,,,,,,,,,,,
0.175,0.01,0.075,0.2,0.03,0.018,H2Oxy_CC,,,,,,,,,,,,,,,,,,,,,,,
0.175,0.01,0.075,0.2,0.03,0.03,H2Oxy_CC,,,,,,,,,,,,,,,,,,,,,,,
0.175,0.01,0.075,0.2,0.05,0.018,H2Oxy_CC,,,,,,,,,,,,,,,,,,,,,,,
0.175,0.01,0.075,0.2,0.05,0.03,H2Oxy_CC,,,,,,,,,,,,,,,,,,,,,,,
0.175,0.01,0.075,0.2,0.07,0.018,H2Oxy_CC,,,,,,,,,,,,,,,,,,,,,,,
0.175,0.01,0.075,0.2,0.07,0.03,H2Oxy_CC,,,,,,,,,,,,,,,,,,,,,,,
0.175,0.01,0.075,0.25,0.03,0.018,H2Oxy_CC,,,,,,,,,,,,,,,,,,,,,,,
0.175,0.01,0.075,0.25,0.03,0.03,H2Oxy_CC,,,,,,,,,,,,,,,,,,,,,,,
0.175,0.01,0.075,0.25,0.05,0.018,H2Oxy_CC,,,,,,,,,,,,,,,,,,,,,,,
0.175,0.01,0.075,0.25,0.05,0.03,H2Oxy_CC,,,,,,,,,,,,,,,,,,,,,,,
0.175,0.01,0.075,0.25,0.07,0.018,H2Oxy_CC,,,,,,,,,,,,,,,,,,,,,,,
0.175,0.01,0.075,0.25,0.07,0.03,H2Oxy_CC,,,,,,,,,,,,,,,,,,,,,,,
0.175,0.01,0.1,0.075,0.03,0.018,Biomass,,,,,,,,,,,,,,,,,,,,,,,
0.175,0.01,0.1,0.075,0.03,0.03,BioCH4,,,,,,,,,,,,,,,,,,,,,,,
0.175,0.01,0.1,0.075,0.05,0.018,Biomass,,,,,,,,,,,,,,,,,,,,,,,
0.175,0.01,0.1,0.075,0.05,0.03,Biomass,,,,,,,,,,,,,,,,,,,,,,,
0.175,0.01,0.1,0.075,0.07,0.018,Biomass,,,,,,,,,,,,,,,,,,,,,,,
0.175,0.01,0.1,0.075,0.07,0.03,Biomass,,,,,,,,,,,,,,,,,,,,,,,
0.175,0.01,0.1,0.1,0.03,0.018,Biomass,,,,,,,,,,,,,,,,,,,,,,,
0.175,0.01,0.1,0.1,0.03,0.03,BioCH4,,,,,,,,,,,,,,,,,,,,,,,
0.175,0.01,0.1,0.1,0.05,0.018,Biomass,,,,,,,,,,,,,,,,,,,,,,,
0.175,0.01,0.1,0.1,0.05,0.03,Biomass,,,,,,,,,,,,,,,,,,,,,,,
0.175,0.01,0.1,0.1,0.07,0.018,Biomass,,,,,,,,,,,,,,,,,,,,,,,
0.175,0.01,0.1,0.1,0.07,0.03,Biomass,,,,,,,,,,,,,,,,,,,,,,,
0.175,0.01,0.1,0.2,0.03,0.018,H2Oxy_CC,,,,,,,,,,,,,,,,,,,,,,,
0.175,0.01,0.1,0.2,0.03,0.03,H2Oxy_CC,,,,,,,,,,,,,,,,,,,,,,,
0.175,0.01,0.1,0.2,0.05,0.018,H2Oxy_CC,,,,,,,,,,,,,,,,,,,,,,,
0.175,0.01,0.1,0.2,0.05,0.03,H2Oxy_CC,,,,,,,,,,,,,,,,,,,,,,,
0.175,0.01,0.1,0.2,0.07,0.018,H2Oxy_CC,,,,,,,,,,,,,,,,,,,,,,,
0.175,0.01,0.1,0.2,0.07,0.03,H2Oxy_CC,,,,,,,,,,,,,,,,,,,,,,,
0.175,0.01,0.1,0.25,0.03,0.018,H2Oxy_CC,,,,,,,,,,,,,,,,,,,,,,,
0.175,0.01,0.1,0.25,0.03,0.03,H2Oxy_CC,,,,,,,,,,,,,,,,,,,,,,,
0.175,0.01,0.1,0.25,0.05,0.018,H2Oxy_CC,,,,,,,,,,,,,,,,,,,,,,,
0.175,0.01,0.1,0.25,0.05,0.03,H2Oxy_CC,,,,,,,,,,,,,,,,,,,,,,,
0.175,0.01,0.1,0.25,0.07,0.018,H2Oxy_CC,,,,,,,,,,,,,,,,,,,,,,,
0.175,0.01,0.1,0.25,0.07,0.03,H2Oxy_CC,,,,,,,,,,,,,,,,,,,,,,,
0.175,0.025,0.01,0.075,0.03,0.018,Biomass,,,,,,,,,,,,,,,,,,,,,,,
0.175,0.025,0.01,0.075,0.03,0.03,NG,,,,,,,,,,,,,,,,,,,,,,,
0.175,0.025,0.01,0.075,0.05,0.018,Biomass,,,,,,,,,,,,,,,,,,,,,,,
0.175,0.025,0.01,0.075,0.05,0.03,NG,,,,,,,,,,,,,,,,,,,,,,,
0.175,0.025,0.01,0.075,0.07,0.018,Biomass,,,,,,,,,,,,,,,,,,,,,,,
0.175,0.025,0.01,0.075,0.07,0.03,NG,,,,,,,,,,,,,,,,,,,,,,,
0.175,0.025,0.01,0.1,0.03,0.018,Biomass,,,,,,,,,,,,,,,,,,,,,,,
0.175,0.025,0.01,0.1,0.03,0.03,NG,,,,,,,,,,,,,,,,,,,,,,,
0.175,0.025,0.01,0.1,0.05,0.018,Biomass,,,,,,,,,,,,,,,,,,,,,,,
0.175,0.025,0.01,0.1,0.05,0.03,NG,,,,,,,,,,,,,,,,,,,,,,,
0.175,0.025,0.01,0.1,0.07,0.018,Biomass,,,,,,,,,,,,,,,,,,,,,,,
0.175,0.025,0.01,0.1,0.07,0.03,NG,,,,,,,,,,,,,,,,,,,,,,,
0.175,0.025,0.01,0.2,0.03,0.018,Biomass_CC,,,,,,,,,,,,,,,,,,,,,,,
0.175,0.025,0.01,0.2,0.03,0.03,Biomass_CC,,,,,,,,,,,,,,,,,,,,,,,
0.175,0.025,0.01,0.2,0.05,0.018,Biomass_CC,,,,,,,,,,,,,,,,,,,,,,,
0.175,0.025,0.01,0.2,0.05,0.03,Biomass_CC,,,,,,,,,,,,,,,,,,,,,,,
0.175,0.025,0.01,0.2,0.07,0.018,Biomass_CC,,,,,,,,,,,,,,,,,,,,,,,
0.175,0.025,0.01,0.2,0.07,0.03,Biomass_CC,,,,,,,,,,,,,,,,,,,,,,,
0.175,0.025,0.01,0.25,0.03,0.018,Biomass_CC,,,,,,,,,,,,,,,,,,,,,,,
0.175,0.025,0.01,0.25,0.03,0.03,Biomass_CC,,,,,,,,,,,,,,,,,,,,,,,
0.175,0.025,0.01,0.25,0.05,0.018,Biomass_CC,,,,,,,,,,,,,,,,,,,,,,,
0.175,0.025,0.01,0.25,0.05,0.03,Biomass_CC,,,,,,,,,,,,,,,,,,,,,,,
0.175,0.025,0.01,0.25,0.07,0.018,Biomass_CC,,,,,,,,,,,,,,,,,,,,,,,
0.175,0.025,0.01,0.25,0.07,0.03,Biomass_CC,,,,,,,,,,,,,,,,,,,,,,,
0.175,0.025,0.035,0.075,0.03,0.018,Biomass,,,,,,,,,,,,,,,,,,,,,,,
0.175,0.025,0.035,0.075,0.03,0.03,BioCH4,,,,,,,,,,,,,,,,,,,,,,,
0.175,0.025,0.035,0.075,0.05,0.018,Biomass,,,,,,,,,,,,,,,,,,,,,,,
0.175,0.025,0.035,0.075,0.05,0.03,Biomass,,,,,,,,,,,,,,,,,,,,,,,
0.175,0.025,0.035,0.075,0.07,0.018,Biomass,,,,,,,,,,,,,,,,,,,,,,,
0.175,0.025,0.035,0.075,0.07,0.03,Biomass,,,,,,,,,,,,,,,,,,,,,,,
0.175,0.025,0.035,0.1,0.03,0.018,Biomass,,,,,,,,,,,,,,,,,,,,,,,
0.175,0.025,0.035,0.1,0.03,0.03,BioCH4,,,,,,,,,,,,,,,,,,,,,,,
0.175,0.025,0.035,0.1,0.05,0.018,Biomass,,,,,,,,,,,,,,,,,,,,,,,
0.175,0.025,0.035,0.1,0.05,0.03,Biomass,,,,,,,,,,,,,,,,,,,,,,,
0.175,0.025,0.035,0.1,0.07,0.018,Biomass,,,,,,,,,,,,,,,,,,,,,,,
0.175,0.025,0.035,0.1,0.07,0.03,Biomass,,,,,,,,,,,,,,,,,,,,,,,
0.175,0.025,0.035,0.2,0.03,0.018,Biomass_CC,,,,,,,,,,,,,,,,,,,,,,,
0.175,0.025,0.035,0.2,0.03,0.03,BioCH4Oxy_CC,,,,,,,,,,,,,,,,,,,,,,,
0.175,0.025,0.035,0.2,0.05,0.018,Biomass_CC,,,,,,,,,,,,,,,,,,,,,,,
0.175,0.025,0.035,0.2,0.05,0.03,H2Oxy_CC,,,,,,,,,,,,,,,,,,,,,,,
0.175,0.025,0.035,0.2,0.07,0.018,Biomass_CC,,,,,,,,,,,,,,,,,,,,,,,
0.175,0.025,0.035,0.2,0.07,0.03,H2Oxy_CC,,,,,,,,,,,,,,,,,,,,,,,
0.175,0.025,0.035,0.25,0.03,0.018,Biomass_CC,,,,,,,,,,,,,,,,,,,,,,,
0.175,0.025,0.035,0.25,0.03,0.03,BioCH4Oxy_CC,,,,,,,,,,,,,,,,,,,,,,,
0.175,0.025,0.035,0.25,0.05,0.018,Biomass_CC,,,,,,,,,,,,,,,,,,,,,,,
0.175,0.025,0.035,0.25,0.05,0.03,H2Oxy_CC,,,,,,,,,,,,,,,,,,,,,,,
0.175,0.025,0.035,0.25,0.07,0.018,Biomass_CC,,,,,,,,,,,,,,,,,,,,,,,
0.175,0.025,0.035,0.25,0.07,0.03,H2Oxy_CC,,,,,,,,,,,,,,,,,,,,,,,
0.175,0.025,0.055,0.075,0.03,0.018,Biomass,,,,,,,,,,,,,,,,,,,,,,,
0.175,0.025,0.055,0.075,0.03,0.03,BioCH4,,,,,,,,,,,,,,,,,,,,,,,
0.175,0.025,0.055,0.075,0.05,0.018,Biomass,,,,,,,,,,,,,,,,,,,,,,,
0.175,0.025,0.055,0.075,0.05,0.03,Biomass,,,,,,,,,,,,,,,,,,,,,,,
0.175,0.025,0.055,0.075,0.07,0.018,Biomass,,,,,,,,,,,,,,,,,,,,,,,
0.175,0.025,0.055,0.075,0.07,0.03,Biomass,,,,,,,,,,,,,,,,,,,,,,,
0.175,0.025,0.055,0.1,0.03,0.018,Biomass,,,,,,,,,,,,,,,,,,,,,,,
0.175,0.025,0.055,0.1,0.03,0.03,BioCH4,,,,,,,,,,,,,,,,,,,,,,,
0.175,0.025,0.055,0.1,0.05,0.018,Biomass,,,,,,,,,,,,,,,,,,,,,,,
0.175,0.025,0.055,0.1,0.05,0.03,Biomass,,,,,,,,,,,,,,,,,,,,,,,
0.175,0.025,0.055,0.1,0.07,0.018,Biomass,,,,,,,,,,,,,,,,,,,,,,,
0.175,0.025,0.055,0.1,0.07,0.03,Biomass,,,,,,,,,,,,,,,,,,,,,,,
0.175,0.025,0.055,0.2,0.03,0.018,BiomassOxy_CC,,,,,,,,,,,,,,,,,,,,,,,
0.175,0.025,0.055,0.2,0.03,0.03,BioCH4Oxy_CC,,,,,,,,,,,,,,,,,,,,,,,
0.175,0.025,0.055,0.2,0.05,0.018,BiomassOxy_CC,,,,,,,,,,,,,,,,,,,,,,,
0.175,0.025,0.055,0.2,0.05,0.03,H2Oxy_CC,,,,,,,,,,,,,,,,,,,,,,,
0.175,0.025,0.055,0.2,0.07,0.018,BiomassOxy_CC,,,,,,,,,,,,,,,,,,,,,,,
0.175,0.025,0.055,0.2,0.07,0.03,H2Oxy_CC,,,,,,,,,,,,,,,,,,,,,,,
0.175,0.025,0.055,0.25,0.03,0.018,BiomassOxy_CC,,,,,,,,,,,,,,,,,,,,,,,
0.175,0.025,0.055,0.25,0.03,0.03,BioCH4Oxy_CC,,,,,,,,,,,,,,,,,,,,,,,
0.175,0.025,0.055,0.25,0.05,0.018,BiomassOxy_CC,,,,,,,,,,,,,,,,,,,,,,,
0.175,0.025,0.055,0.25,0.05,0.03,H2Oxy_CC,,,,,,,,,,,,,,,,,,,,,,,
0.175,0.025,0.055,0.25,0.07,0.018,BiomassOxy_CC,,,,,,,,,,,,,,,,,,,,,,,
0.175,0.025,0.055,0.25,0.07,0.03,H2Oxy_CC,,,,,,,,,,,,,,,,,,,,,,,
0.175,0.025,0.075,0.075,0.03,0.018,Biomass,,,,,,,,,,,,,,,,,,,,,,,
0.175,0.025,0.075,0.075,0.03,0.03,BioCH4,,,,,,,,,,,,,,,,,,,,,,,
0.175,0.025,0.075,0.075,0.05,0.018,Biomass,,,,,,,,,,,,,,,,,,,,,,,
0.175,0.025,0.075,0.075,0.05,0.03,Biomass,,,,,,,,,,,,,,,,,,,,,,,
0.175,0.025,0.075,0.075,0.07,0.018,Biomass,,,,,,,,,,,,,,,,,,,,,,,
0.175,0.025,0.075,0.075,0.07,0.03,Biomass,,,,,,,,,,,,,,,,,,,,,,,
0.175,0.025,0.075,0.1,0.03,0.018,Biomass,,,,,,,,,,,,,,,,,,,,,,,
0.175,0.025,0.075,0.1,0.03,0.03,BioCH4,,,,,,,,,,,,,,,,,,,,,,,
0.175,0.025,0.075,0.1,0.05,0.018,Biomass,,,,,,,,,,,,,,,,,,,,,,,
0.175,0.025,0.075,0.1,0.05,0.03,Biomass,,,,,,,,,,,,,,,,,,,,,,,
0.175,0.025,0.075,0.1,0.07,0.018,Biomass,,,,,,,,,,,,,,,,,,,,,,,
0.175,0.025,0.075,0.1,0.07,0.03,Biomass,,,,,,,,,,,,,,,,,,,,,,,
0.175,0.025,0.075,0.2,0.03,0.018,BiomassOxy_CC,,,,,,,,,,,,,,,,,,,,,,,
0.175,0.025,0.075,0.2,0.03,0.03,BioCH4Oxy_CC,,,,,,,,,,,,,,,,,,,,,,,
0.175,0.025,0.075,0.2,0.05,0.018,BiomassOxy_CC,,,,,,,,,,,,,,,,,,,,,,,
0.175,0.025,0.075,0.2,0.05,0.03,H2Oxy_CC,,,,,,,,,,,,,,,,,,,,,,,
0.175,0.025,0.075,0.2,0.07,0.018,BiomassOxy_CC,,,,,,,,,,,,,,,,,,,,,,,
0.175,0.025,0.075,0.2,0.07,0.03,H2Oxy_CC,,,,,,,,,,,,,,,,,,,,,,,
0.175,0.025,0.075,0.25,0.03,0.018,BiomassOxy_CC,,,,,,,,,,,,,,,,,,,,,,,
0.175,0.025,0.075,0.25,0.03,0.03,BioCH4Oxy_CC,,,,,,,,,,,,,,,,,,,,,,,
0.175,0.025,0.075,0.25,0.05,0.018,BiomassOxy_CC,,,,,,,,,,,,,,,,,,,,,,,
0.175,0.025,0.075,0.25,0.05,0.03,H2Oxy_CC,,,,,,,,,,,,,,,,,,,,,,,
0.175,0.025,0.075,0.25,0.07,0.018,BiomassOxy_CC,,,,,,,,,,,,,,,,,,,,,,,
0.175,0.025,0.075,0.25,0.07,0.03,H2Oxy_CC,,,,,,,,,,,,,,,,,,,,,,,
0.175,0.025,0.1,0.075,0.03,0.018,Biomass,,,,,,,,,,,,,,,,,,,,,,,
0.175,0.025,0.1,0.075,0.03,0.03,BioCH4,,,,,,,,,,,,,,,,,,,,,,,
0.175,0.025,0.1,0.075,0.05,0.018,Biomass,,,,,,,,,,,,,,,,,,,,,,,
0.175,0.025,0.1,0.075,0.05,0.03,Biomass,,,,,,,,,,,,,,,,,,,,,,,
0.175,0.025,0.1,0.075,0.07,0.018,Biomass,,,,,,,,,,,,,,,,,,,,,,,
0.175,0.025,0.1,0.075,0.07,0.03,Biomass,,,,,,,,,,,,,,,,,,,,,,,
0.175,0.025,0.1,0.1,0.03,0.018,Biomass,,,,,,,,,,,,,,,,,,,,,,,
0.175,0.025,0.1,0.1,0.03,0.03,BioCH4,,,,,,,,,,,,,,,,,,,,,,,
0.175,0.025,0.1,0.1,0.05,0.018,Biomass,,,,,,,,,,,,,,,,,,,,,,,
0.175,0.025,0.1,0.1,0.05,0.03,Biomass,,,,,,,,,,,,,,,,,,,,,,,
0.175,0.025,0.1,0.1,0.07,0.018,Biomass,,,,,,,,,,,,,,,,,,,,,,,
0.175,0.025,0.1,0.1,0.07,0.03,Biomass,,,,,,,,,,,,,,,,,,,,,,,
0.175,0.025,0.1,0.2,0.03,0.018,BiomassOxy_CC,,,,,,,,,,,,,,,,,,,,,,,
0.175,0.025,0.1,0.2,0.03,0.03,BioCH4Oxy_CC,,,,,,,,,,,,,,,,,,,,,,,
0.175,0.025,0.1,0.2,0.05,0.018,BiomassOxy_CC,,,,,,,,,,,,,,,,,,,,,,,
0.175,0.025,0.1,0.2,0.05,0.03,H2Oxy_CC,,,,,,,,,,,,,,,,,,,,,,,
0.175,0.025,0.1,0.2,0.07,0.018,BiomassOxy_CC,,,,,,,,,,,,,,,,,,,,,,,
0.175,0.025,0.1,0.2,0.07,0.03,H2Oxy_CC,,,,,,,,,,,,,,,,,,,,,,,
0.175,0.025,0.1,0.25,0.03,0.018,BiomassOxy_CC,,,,,,,,,,,,,,,,,,,,,,,
0.175,0.025,0.1,0.25,0.03,0.03,BioCH4Oxy_CC,,,,,,,,,,,,,,,,,,,,,,,
0.175,0.025,0.1,0.25,0.05,0.018,BiomassOxy_CC,,,,,,,,,,,,,,,,,,,,,,,
0.175,0.025,0.1,0.25,0.05,0.03,H2Oxy_CC,,,,,,,,,,,,,,,,,,,,,,,
0.175,0.025,0.1,0.25,0.07,0.018,BiomassOxy_CC,,,,,,,,,,,,,,,,,,,,,,,
0.175,0.025,0.1,0.25,0.07,0.03,H2Oxy_CC,,,,,,,,,,,,,,,,,,,,,,,
0.175,0.05,0.01,0.075,0.03,0.018,Biomass,,,,,,,,,,,,,,,,,,,,,,,
0.175,0.05,0.01,0.075,0.03,0.03,NG,,,,,,,,,,,,,,,,,,,,,,,
0.175,0.05,0.01,0.075,0.05,0.018,Biomass,,,,,,,,,,,,,,,,,,,,,,,
0.175,0.05,0.01,0.075,0.05,0.03,NG,,,,,,,,,,,,,,,,,,,,,,,
0.175,0.05,0.01,0.075,0.07,0.018,Biomass,,,,,,,,,,,,,,,,,,,,,,,
0.175,0.05,0.01,0.075,0.07,0.03,NG,,,,,,,,,,,,,,,,,,,,,,,
0.175,0.05,0.01,0.1,0.03,0.018,Biomass,,,,,,,,,,,,,,,,,,,,,,,
0.175,0.05,0.01,0.1,0.03,0.03,NG,,,,,,,,,,,,,,,,,,,,,,,
0.175,0.05,0.01,0.1,0.05,0.018,Biomass,,,,,,,,,,,,,,,,,,,,,,,
0.175,0.05,0.01,0.1,0.05,0.03,NG,,,,,,,,,,,,,,,,,,,,,,,
0.175,0.05,0.01,0.1,0.07,0.018,Biomass,,,,,,,,,,,,,,,,,,,,,,,
0.175,0.05,0.01,0.1,0.07,0.03,NG,,,,,,,,,,,,,,,,,,,,,,,
0.175,0.05,0.01,0.2,0.03,0.018,Biomass_CC,,,,,,,,,,,,,,,,,,,,,,,
0.175,0.05,0.01,0.2,0.03,0.03,Biomass_CC,,,,,,,,,,,,,,,,,,,,,,,
0.175,0.05,0.01,0.2,0.05,0.018,Biomass_CC,,,,,,,,,,,,,,,,,,,,,,,
0.175,0.05,0.01,0.2,0.05,0.03,Biomass_CC,,,,,,,,,,,,,,,,,,,,,,,
0.175,0.05,0.01,0.2,0.07,0.018,Biomass_CC,,,,,,,,,,,,,,,,,,,,,,,
0.175,0.05,0.01,0.2,0.07,0.03,Biomass_CC,,,,,,,,,,,,,,,,,,,,,,,
0.175,0.05,0.01,0.25,0.03,0.018,Biomass_CC,,,,,,,,,,,,,,,,,,,,,,,
0.175,0.05,0.01,0.25,0.03,0.03,Biomass_CC,,,,,,,,,,,,,,,,,,,,,,,
0.175,0.05,0.01,0.25,0.05,0.018,Biomass_CC,,,,,,,,,,,,,,,,,,,,,,,
0.175,0.05,0.01,0.25,0.05,0.03,Biomass_CC,,,,,,,,,,,,,,,,,,,,,,,
0.175,0.05,0.01,0.25,0.07,0.018,Biomass_CC,,,,,,,,,,,,,,,,,,,,,,,
0.175,0.05,0.01,0.25,0.07,0.03,Biomass_CC,,,,,,,,,,,,,,,,,,,,,,,
0.175,0.05,0.035,0.075,0.03,0.018,Biomass,,,,,,,,,,,,,,,,,,,,,,,
0.175,0.05,0.035,0.075,0.03,0.03,BioCH4,,,,,,,,,,,,,,,,,,,,,,,
0.175,0.05,0.035,0.075,0.05,0.018,Biomass,,,,,,,,,,,,,,,,,,,,,,,
0.175,0.05,0.035,0.075,0.05,0.03,Biomass,,,,,,,,,,,,,,,,,,,,,,,
0.175,0.05,0.035,0.075,0.07,0.018,Biomass,,,,,,,,,,,,,,,,,,,,,,,
0.175,0.05,0.035,0.075,0.07,0.03,Biomass,,,,,,,,,,,,,,,,,,,,,,,
0.175,0.05,0.035,0.1,0.03,0.018,Biomass,,,,,,,,,,,,,,,,,,,,,,,
0.175,0.05,0.035,0.1,0.03,0.03,BioCH4,,,,,,,,,,,,,,,,,,,,,,,
0.175,0.05,0.035,0.1,0.05,0.018,Biomass,,,,,,,,,,,,,,,,,,,,,,,
0.175,0.05,0.035,0.1,0.05,0.03,Biomass,,,,,,,,,,,,,,,,,,,,,,,
0.175,0.05,0.035,0.1,0.07,0.018,Biomass,,,,,,,,,,,,,,,,,,,,,,,
0.175,0.05,0.035,0.1,0.07,0.03,Biomass,,,,,,,,,,,,,,,,,,,,,,,
0.175,0.05,0.035,0.2,0.03,0.018,Biomass_CC,,,,,,,,,,,,,,,,,,,,,,,
0.175,0.05,0.035,0.2,0.03,0.03,BioCH4Oxy_CC,,,,,,,,,,,,,,,,,,,,,,,
0.175,0.05,0.035,0.2,0.05,0.018,Biomass_CC,,,,,,,,,,,,,,,,,,,,,,,
0.175,0.05,0.035,0.2,0.05,0.03,Biomass_CC,,,,,,,,,,,,,,,,,,,,,,,
0.175,0.05,0.035,0.2,0.07,0.018,Biomass_CC,,,,,,,,,,,,,,,,,,,,,,,
0.175,0.05,0.035,0.2,0.07,0.03,Biomass_CC,,,,,,,,,,,,,,,,,,,,,,,
0.175,0.05,0.035,0.25,0.03,0.018,Biomass_CC,,,,,,,,,,,,,,,,,,,,,,,
0.175,0.05,0.035,0.25,0.03,0.03,BioCH4Oxy_CC,,,,,,,,,,,,,,,,,,,,,,,
0.175,0.05,0.035,0.25,0.05,0.018,Biomass_CC,,,,,,,,,,,,,,,,,,,,,,,
0.175,0.05,0.035,0.25,0.05,0.03,Biomass_CC,,,,,,,,,,,,,,,,,,,,,,,
0.175,0.05,0.035,0.25,0.07,0.018,Biomass_CC,,,,,,,,,,,,,,,,,,,,,,,
0.175,0.05,0.035,0.25,0.07,0.03,Biomass_CC,,,,,,,,,,,,,,,,,,,,,,,
0.175,0.05,0.055,0.075,0.03,0.018,Biomass,,,,,,,,,,,,,,,,,,,,,,,
0.175,0.05,0.055,0.075,0.03,0.03,BioCH4,,,,,,,,,,,,,,,,,,,,,,,
0.175,0.05,0.055,0.075,0.05,0.018,Biomass,,,,,,,,,,,,,,,,,,,,,,,
0.175,0.05,0.055,0.075,0.05,0.03,Biomass,,,,,,,,,,,,,,,,,,,,,,,
0.175,0.05,0.055,0.075,0.07,0.018,Biomass,,,,,,,,,,,,,,,,,,,,,,,
0.175,0.05,0.055,0.075,0.07,0.03,Biomass,,,,,,,,,,,,,,,,,,,,,,,
0.175,0.05,0.055,0.1,0.03,0.018,Biomass,,,,,,,,,,,,,,,,,,,,,,,
0.175,0.05,0.055,0.1,0.03,0.03,BioCH4,,,,,,,,,,,,,,,,,,,,,,,
0.175,0.05,0.055,0.1,0.05,0.018,Biomass,,,,,,,,,,,,,,,,,,,,,,,
0.175,0.05,0.055,0.1,0.05,0.03,Biomass,,,,,,,,,,,,,,,,,,,,,,,
0.175,0.05,0.055,0.1,0.07,0.018,Biomass,,,,,,,,,,,,,,,,,,,,,,,
0.175,0.05,0.055,0.1,0.07,0.03,Biomass,,,,,,,,,,,,,,,,,,,,,,,
0.175,0.05,0.055,0.2,0.03,0.018,BiomassOxy_CC,,,,,,,,,,,,,,,,,,,,,,,
0.175,0.05,0.055,0.2,0.03,0.03,BioCH4Oxy_CC,,,,,,,,,,,,,,,,,,,,,,,
0.175,0.05,0.055,0.2,0.05,0.018,BiomassOxy_CC,,,,,,,,,,,,,,,,,,,,,,,
0.175,0.05,0.055,0.2,0.05,0.03,BiomassOxy_CC,,,,,,,,,,,,,,,,,,,,,,,
0.175,0.05,0.055,0.2,0.07,0.018,BiomassOxy_CC,,,,,,,,,,,,,,,,,,,,,,,
0.175,0.05,0.055,0.2,0.07,0.03,BiomassOxy_CC,,,,,,,,,,,,,,,,,,,,,,,
0.175,0.05,0.055,0.25,0.03,0.018,BiomassOxy_CC,,,,,,,,,,,,,,,,,,,,,,,
0.175,0.05,0.055,0.25,0.03,0.03,BioCH4Oxy_CC,,,,,,,,,,,,,,,,,,,,,,,
0.175,0.05,0.055,0.25,0.05,0.018,BiomassOxy_CC,,,,,,,,,,,,,,,,,,,,,,,
0.175,0.05,0.055,0.25,0.05,0.03,BiomassOxy_CC,,,,,,,,,,,,,,,,,,,,,,,
0.175,0.05,0.055,0.25,0.07,0.018,BiomassOxy_CC,,,,,,,,,,,,,,,,,,,,,,,
0.175,0.05,0.055,0.25,0.07,0.03,BiomassOxy_CC,,,,,,,,,,,,,,,,,,,,,,,
0.175,0.05,0.075,0.075,0.03,0.018,Biomass,,,,,,,,,,,,,,,,,,,,,,,
0.175,0.05,0.075,0.075,0.03,0.03,BioCH4,,,,,,,,,,,,,,,,,,,,,,,
0.175,0.05,0.075,0.075,0.05,0.018,Biomass,,,,,,,,,,,,,,,,,,,,,,,
0.175,0.05,0.075,0.075,0.05,0.03,Biomass,,,,,,,,,,,,,,,,,,,,,,,
0.175,0.05,0.075,0.075,0.07,0.018,Biomass,,,,,,,,,,,,,,,,,,,,,,,
0.175,0.05,0.075,0.075,0.07,0.03,Biomass,,,,,,,,,,,,,,,,,,,,,,,
0.175,0.05,0.075,0.1,0.03,0.018,Biomass,,,,,,,,,,,,,,,,,,,,,,,
0.175,0.05,0.075,0.1,0.03,0.03,BioCH4,,,,,,,,,,,,,,,,,,,,,,,
0.175,0.05,0.075,0.1,0.05,0.018,Biomass,,,,,,,,,,,,,,,,,,,,,,,
0.175,0.05,0.075,0.1,0.05,0.03,Biomass,,,,,,,,,,,,,,,,,,,,,,,
0.175,0.05,0.075,0.1,0.07,0.018,Biomass,,,,,,,,,,,,,,,,,,,,,,,
0.175,0.05,0.075,0.1,0.07,0.03,Biomass,,,,,,,,,,,,,,,,,,,,,,,
0.175,0.05,0.075,0.2,0.03,0.018,BiomassOxy_CC,,,,,,,,,,,,,,,,,,,,,,,
0.175,0.05,0.075,0.2,0.03,0.03,BioCH4Oxy_CC,,,,,,,,,,,,,,,,,,,,,,,
0.175,0.05,0.075,0.2,0.05,0.018,BiomassOxy_CC,,,,,,,,,,,,,,,,,,,,,,,
0.175,0.05,0.075,0.2,0.05,0.03,BiomassOxy_CC,,,,,,,,,,,,,,,,,,,,,,,
0.175,0.05,0.075,0.2,0.07,0.018,BiomassOxy_CC,,,,,,,,,,,,,,,,,,,,,,,
0.175,0.05,0.075,0.2,0.07,0.03,BiomassOxy_CC,,,,,,,,,,,,,,,,,,,,,,,
0.175,0.05,0.075,0.25,0.03,0.018,BiomassOxy_CC,,,,,,,,,,,,,,,,,,,,,,,
0.175,0.05,0.075,0.25,0.03,0.03,BioCH4Oxy_CC,,,,,,,,,,,,,,,,,,,,,,,
0.175,0.05,0.075,0.25,0.05,0.018,BiomassOxy_CC,,,,,,,,,,,,,,,,,,,,,,,
0.175,0.05,0.075,0.25,0.05,0.03,BiomassOxy_CC,,,,,,,,,,,,,,,,,,,,,,,
0.175,0.05,0.075,0.25,0.07,0.018,BiomassOxy_CC,,,,,,,,,,,,,,,,,,,,,,,
0.175,0.05,0.075,0.25,0.07,0.03,BiomassOxy_CC,,,,,,,,,,,,,,,,,,,,,,,
0.175,0.05,0.1,0.075,0.03,0.018,Biomass,,,,,,,,,,,,,,,,,,,,,,,
0.175,0.05,0.1,0.075,0.03,0.03,BioCH4,,,,,,,,,,,,,,,,,,,,,,,
0.175,0.05,0.1,0.075,0.05,0.018,Biomass,,,,,,,,,,,,,,,,,,,,,,,
0.175,0.05,0.1,0.075,0.05,0.03,Biomass,,,,,,,,,,,,,,,,,,,,,,,
0.175,0.05,0.1,0.075,0.07,0.018,Biomass,,,,,,,,,,,,,,,,,,,,,,,
0.175,0.05,0.1,0.075,0.07,0.03,Biomass,,,,,,,,,,,,,,,,,,,,,,,
0.175,0.05,0.1,0.1,0.03,0.018,Biomass,,,,,,,,,,,,,,,,,,,,,,,
0.175,0.05,0.1,0.1,0.03,0.03,BioCH4,,,,,,,,,,,,,,,,,,,,,,,
0.175,0.05,0.1,0.1,0.05,0.018,Biomass,,,,,,,,,,,,,,,,,,,,,,,
0.175,0.05,0.1,0.1,0.05,0.03,Biomass,,,,,,,,,,,,,,,,,,,,,,,
0.175,0.05,0.1,0.1,0.07,0.018,Biomass,,,,,,,,,,,,,,,,,,,,,,,
0.175,0.05,0.1,0.1,0.07,0.03,Biomass,,,,,,,,,,,,,,,,,,,,,,,
0.175,0.05,0.1,0.2,0.03,0.018,BiomassOxy_CC,,,,,,,,,,,,,,,,,,,,,,,
0.175,0.05,0.1,0.2,0.03,0.03,BioCH4Oxy_CC,,,,,,,,,,,,,,,,,,,,,,,
0.175,0.05,0.1,0.2,0.05,0.018,BiomassOxy_CC,,,,,,,,,,,,,,,,,,,,,,,
0.175,0.05,0.1,0.2,0.05,0.03,BiomassOxy_CC,,,,,,,,,,,,,,,,,,,,,,,
0.175,0.05,0.1,0.2,0.07,0.018,BiomassOxy_CC,,,,,,,,,,,,,,,,,,,,,,,
0.175,0.05,0.1,0.2,0.07,0.03,BiomassOxy_CC,,,,,,,,,,,,,,,,,,,,,,,
0.175,0.05,0.1,0.25,0.03,0.018,BiomassOxy_CC,,,,,,,,,,,,,,,,,,,,,,,
0.175,0.05,0.1,0.25,0.03,0.03,BioCH4Oxy_CC,,,,,,,,,,,,,,,,,,,,,,,
0.175,0.05,0.1,0.25,0.05,0.018,BiomassOxy_CC,,,,,,,,,,,,,,,,,,,,,,,
0.175,0.05,0.1,0.25,0.05,0.03,BiomassOxy_CC,,,,,,,,,,,,,,,,,,,,,,,
0.175,0.05,0.1,0.25,0.07,0.018,BiomassOxy_CC,,,,,,,,,,,,,,,,,,,,,,,
0.175,0.05,0.1,0.25,0.07,0.03,BiomassOxy_CC,,,,,,,,,,,,,,,,,,,,,,,
0.175,0.075,0.01,0.075,0.03,0.018,Biomass,,,,,,,,,,,,,,,,,,,,,,,
0.175,0.075,0.01,0.075,0.03,0.03,NG,,,,,,,,,,,,,,,,,,,,,,,
0.175,0.075,0.01,0.075,0.05,0.018,Biomass,,,,,,,,,,,,,,,,,,,,,,,
0.175,0.075,0.01,0.075,0.05,0.03,NG,,,,,,,,,,,,,,,,,,,,,,,
0.175,0.075,0.01,0.075,0.07,0.018,Biomass,,,,,,,,,,,,,,,,,,,,,,,
0.175,0.075,0.01,0.075,0.07,0.03,NG,,,,,,,,,,,,,,,,,,,,,,,
0.175,0.075,0.01,0.1,0.03,0.018,Biomass,,,,,,,,,,,,,,,,,,,,,,,
0.175,0.075,0.01,0.1,0.03,0.03,NG,,,,,,,,,,,,,,,,,,,,,,,
0.175,0.075,0.01,0.1,0.05,0.018,Biomass,,,,,,,,,,,,,,,,,,,,,,,
0.175,0.075,0.01,0.1,0.05,0.03,NG,,,,,,,,,,,,,,,,,,,,,,,
0.175,0.075,0.01,0.1,0.07,0.018,Biomass,,,,,,,,,,,,,,,,,,,,,,,
0.175,0.075,0.01,0.1,0.07,0.03,NG,,,,,,,,,,,,,,,,,,,,,,,
0.175,0.075,0.01,0.2,0.03,0.018,Biomass_CC,,,,,,,,,,,,,,,,,,,,,,,
0.175,0.075,0.01,0.2,0.03,0.03,Biomass_CC,,,,,,,,,,,,,,,,,,,,,,,
0.175,0.075,0.01,0.2,0.05,0.018,Biomass_CC,,,,,,,,,,,,,,,,,,,,,,,
0.175,0.075,0.01,0.2,0.05,0.03,Biomass_CC,,,,,,,,,,,,,,,,,,,,,,,
0.175,0.075,0.01,0.2,0.07,0.018,Biomass_CC,,,,,,,,,,,,,,,,,,,,,,,
0.175,0.075,0.01,0.2,0.07,0.03,Biomass_CC,,,,,,,,,,,,,,,,,,,,,,,
0.175,0.075,0.01,0.25,0.03,0.018,Biomass_CC,,,,,,,,,,,,,,,,,,,,,,,
0.175,0.075,0.01,0.25,0.03,0.03,Biomass_CC,,,,,,,,,,,,,,,,,,,,,,,
0.175,0.075,0.01,0.25,0.05,0.018,Biomass_CC,,,,,,,,,,,,,,,,,,,,,,,
0.175,0.075,0.01,0.25,0.05,0.03,Biomass_CC,,,,,,,,,,,,,,,,,,,,,,,
0.175,0.075,0.01,0.25,0.07,0.018,Biomass_CC,,,,,,,,,,,,,,,,,,,,,,,
0.175,0.075,0.01,0.25,0.07,0.03,Biomass_CC,,,,,,,,,,,,,,,,,,,,,,,
0.175,0.075,0.035,0.075,0.03,0.018,Biomass,,,,,,,,,,,,,,,,,,,,,,,
0.175,0.075,0.035,0.075,0.03,0.03,BioCH4,,,,,,,,,,,,,,,,,,,,,,,
0.175,0.075,0.035,0.075,0.05,0.018,Biomass,,,,,,,,,,,,,,,,,,,,,,,
0.175,0.075,0.035,0.075,0.05,0.03,Biomass,,,,,,,,,,,,,,,,,,,,,,,
0.175,0.075,0.035,0.075,0.07,0.018,Biomass,,,,,,,,,,,,,,,,,,,,,,,
0.175,0.075,0.035,0.075,0.07,0.03,Biomass,,,,,,,,,,,,,,,,,,,,,,,
0.175,0.075,0.035,0.1,0.03,0.018,Biomass,,,,,,,,,,,,,,,,,,,,,,,
0.175,0.075,0.035,0.1,0.03,0.03,BioCH4,,,,,,,,,,,,,,,,,,,,,,,
0.175,0.075,0.035,0.1,0.05,0.018,Biomass,,,,,,,,,,,,,,,,,,,,,,,
0.175,0.075,0.035,0.1,0.05,0.03,Biomass,,,,,,,,,,,,,,,,,,,,,,,
0.175,0.075,0.035,0.1,0.07,0.018,Biomass,,,,,,,,,,,,,,,,,,,,,,,
0.175,0.075,0.035,0.1,0.07,0.03,Biomass,,,,,,,,,,,,,,,,,,,,,,,
0.175,0.075,0.035,0.2,0.03,0.018,Biomass_CC,,,,,,,,,,,,,,,,,,,,,,,
0.175,0.075,0.035,0.2,0.03,0.03,BioCH4Oxy_CC,,,,,,,,,,,,,,,,,,,,,,,
0.175,0.075,0.035,0.2,0.05,0.018,Biomass_CC,,,,,,,,,,,,,,,,,,,,,,,
0.175,0.075,0.035,0.2,0.05,0.03,Biomass_CC,,,,,,,,,,,,,,,,,,,,,,,
0.175,0.075,0.035,0.2,0.07,0.018,Biomass_CC,,,,,,,,,,,,,,,,,,,,,,,
0.175,0.075,0.035,0.2,0.07,0.03,Biomass_CC,,,,,,,,,,,,,,,,,,,,,,,
0.175,0.075,0.035,0.25,0.03,0.018,Biomass_CC,,,,,,,,,,,,,,,,,,,,,,,
0.175,0.075,0.035,0.25,0.03,0.03,BioCH4Oxy_CC,,,,,,,,,,,,,,,,,,,,,,,
0.175,0.075,0.035,0.25,0.05,0.018,Biomass_CC,,,,,,,,,,,,,,,,,,,,,,,
0.175,0.075,0.035,0.25,0.05,0.03,Biomass_CC,,,,,,,,,,,,,,,,,,,,,,,
0.175,0.075,0.035,0.25,0.07,0.018,Biomass_CC,,,,,,,,,,,,,,,,,,,,,,,
0.175,0.075,0.035,0.25,0.07,0.03,Biomass_CC,,,,,,,,,,,,,,,,,,,,,,,
0.175,0.075,0.055,0.075,0.03,0.018,Biomass,,,,,,,,,,,,,,,,,,,,,,,
0.175,0.075,0.055,0.075,0.03,0.03,BioCH4,,,,,,,,,,,,,,,,,,,,,,,
0.175,0.075,0.055,0.075,0.05,0.018,Biomass,,,,,,,,,,,,,,,,,,,,,,,
0.175,0.075,0.055,0.075,0.05,0.03,Biomass,,,,,,,,,,,,,,,,,,,,,,,
0.175,0.075,0.055,0.075,0.07,0.018,Biomass,,,,,,,,,,,,,,,,,,,,,,,
0.175,0.075,0.055,0.075,0.07,0.03,Biomass,,,,,,,,,,,,,,,,,,,,,,,
0.175,0.075,0.055,0.1,0.03,0.018,Biomass,,,,,,,,,,,,,,,,,,,,,,,
0.175,0.075,0.055,0.1,0.03,0.03,BioCH4,,,,,,,,,,,,,,,,,,,,,,,
0.175,0.075,0.055,0.1,0.05,0.018,Biomass,,,,,,,,,,,,,,,,,,,,,,,
0.175,0.075,0.055,0.1,0.05,0.03,Biomass,,,,,,,,,,,,,,,,,,,,,,,
0.175,0.075,0.055,0.1,0.07,0.018,Biomass,,,,,,,,,,,,,,,,,,,,,,,
0.175,0.075,0.055,0.1,0.07,0.03,Biomass,,,,,,,,,,,,,,,,,,,,,,,
0.175,0.075,0.055,0.2,0.03,0.018,BiomassOxy_CC,,,,,,,,,,,,,,,,,,,,,,,
0.175,0.075,0.055,0.2,0.03,0.03,BioCH4Oxy_CC,,,,,,,,,,,,,,,,,,,,,,,
0.175,0.075,0.055,0.2,0.05,0.018,BiomassOxy_CC,,,,,,,,,,,,,,,,,,,,,,,
0.175,0.075,0.055,0.2,0.05,0.03,BiomassOxy_CC,,,,,,,,,,,,,,,,,,,,,,,
0.175,0.075,0.055,0.2,0.07,0.018,BiomassOxy_CC,,,,,,,,,,,,,,,,,,,,,,,
0.175,0.075,0.055,0.2,0.07,0.03,BiomassOxy_CC,,,,,,,,,,,,,,,,,,,,,,,
0.175,0.075,0.055,0.25,0.03,0.018,BiomassOxy_CC,,,,,,,,,,,,,,,,,,,,,,,
0.175,0.075,0.055,0.25,0.03,0.03,BioCH4Oxy_CC,,,,,,,,,,,,,,,,,,,,,,,
0.175,0.075,0.055,0.25,0.05,0.018,BiomassOxy_CC,,,,,,,,,,,,,,,,,,,,,,,
0.175,0.075,0.055,0.25,0.05,0.03,BiomassOxy_CC,,,,,,,,,,,,,,,,,,,,,,,
0.175,0.075,0.055,0.25,0.07,0.018,BiomassOxy_CC,,,,,,,,,,,,,,,,,,,,,,,
0.175,0.075,0.055,0.25,0.07,0.03,BiomassOxy_CC,,,,,,,,,,,,,,,,,,,,,,,
0.175,0.075,0.075,0.075,0.03,0.018,Biomass,,,,,,,,,,,,,,,,,,,,,,,
0.175,0.075,0.075,0.075,0.03,0.03,BioCH4,,,,,,,,,,,,,,,,,,,,,,,
0.175,0.075,0.075,0.075,0.05,0.018,Biomass,,,,,,,,,,,,,,,,,,,,,,,
0.175,0.075,0.075,0.075,0.05,0.03,Biomass,,,,,,,,,,,,,,,,,,,,,,,
0.175,0.075,0.075,0.075,0.07,0.018,Biomass,,,,,,,,,,,,,,,,,,,,,,,
0.175,0.075,0.075,0.075,0.07,0.03,Biomass,,,,,,,,,,,,,,,,,,,,,,,
0.175,0.075,0.075,0.1,0.03,0.018,Biomass,,,,,,,,,,,,,,,,,,,,,,,
0.175,0.075,0.075,0.1,0.03,0.03,BioCH4,,,,,,,,,,,,,,,,,,,,,,,
0.175,0.075,0.075,0.1,0.05,0.018,Biomass,,,,,,,,,,,,,,,,,,,,,,,
0.175,0.075,0.075,0.1,0.05,0.03,Biomass,,,,,,,,,,,,,,,,,,,,,,,
0.175,0.075,0.075,0.1,0.07,0.018,Biomass,,,,,,,,,,,,,,,,,,,,,,,
0.175,0.075,0.075,0.1,0.07,0.03,Biomass,,,,,,,,,,,,,,,,,,,,,,,
0.175,0.075,0.075,0.2,0.03,0.018,BiomassOxy_CC,,,,,,,,,,,,,,,,,,,,,,,
0.175,0.075,0.075,0.2,0.03,0.03,BioCH4Oxy_CC,,,,,,,,,,,,,,,,,,,,,,,
0.175,0.075,0.075,0.2,0.05,0.018,BiomassOxy_CC,,,,,,,,,,,,,,,,,,,,,,,
0.175,0.075,0.075,0.2,0.05,0.03,BiomassOxy_CC,,,,,,,,,,,,,,,,,,,,,,,
0.175,0.075,0.075,0.2,0.07,0.018,BiomassOxy_CC,,,,,,,,,,,,,,,,,,,,,,,
0.175,0.075,0.075,0.2,0.07,0.03,BiomassOxy_CC,,,,,,,,,,,,,,,,,,,,,,,
0.175,0.075,0.075,0.25,0.03,0.018,BiomassOxy_CC,,,,,,,,,,,,,,,,,,,,,,,
0.175,0.075,0.075,0.25,0.03,0.03,BioCH4Oxy_CC,,,,,,,,,,,,,,,,,,,,,,,
0.175,0.075,0.075,0.25,0.05,0.018,BiomassOxy_CC,,,,,,,,,,,,,,,,,,,,,,,
0.175,0.075,0.075,0.25,0.05,0.03,BiomassOxy_CC,,,,,,,,,,,,,,,,,,,,,,,
0.175,0.075,0.075,0.25,0.07,0.018,BiomassOxy_CC,,,,,,,,,,,,,,,,,,,,,,,
0.175,0.075,0.075,0.25,0.07,0.03,BiomassOxy_CC,,,,,,,,,,,,,,,,,,,,,,,
0.175,0.075,0.1,0.075,0.03,0.018,Biomass,,,,,,,,,,,,,,,,,,,,,,,
0.175,0.075,0.1,0.075,0.03,0.03,BioCH4,,,,,,,,,,,,,,,,,,,,,,,
0.175,0.075,0.1,0.075,0.05,0.018,Biomass,,,,,,,,,,,,,,,,,,,,,,,
0.175,0.075,0.1,0.075,0.05,0.03,Biomass,,,,,,,,,,,,,,,,,,,,,,,
0.175,0.075,0.1,0.075,0.07,0.018,Biomass,,,,,,,,,,,,,,,,,,,,,,,
0.175,0.075,0.1,0.075,0.07,0.03,Biomass,,,,,,,,,,,,,,,,,,,,,,,
0.175,0.075,0.1,0.1,0.03,0.018,Biomass,,,,,,,,,,,,,,,,,,,,,,,
0.175,0.075,0.1,0.1,0.03,0.03,BioCH4,,,,,,,,,,,,,,,,,,,,,,,
0.175,0.075,0.1,0.1,0.05,0.018,Biomass,,,,,,,,,,,,,,,,,,,,,,,
0.175,0.075,0.1,0.1,0.05,0.03,Biomass,,,,,,,,,,,,,,,,,,,,,,,
0.175,0.075,0.1,0.1,0.07,0.018,Biomass,,,,,,,,,,,,,,,,,,,,,,,
0.175,0.075,0.1,0.1,0.07,0.03,Biomass,,,,,,,,,,,,,,,,,,,,,,,
0.175,0.075,0.1,0.2,0.03,0.018,BiomassOxy_CC,,,,,,,,,,,,,,,,,,,,,,,
0.175,0.075,0.1,0.2,0.03,0.03,BioCH4Oxy_CC,,,,,,,,,,,,,,,,,,,,,,,
0.175,0.075,0.1,0.2,0.05,0.018,BiomassOxy_CC,,,,,,,,,,,,,,,,,,,,,,,
0.175,0.075,0.1,0.2,0.05,0.03,BiomassOxy_CC,,,,,,,,,,,,,,,,,,,,,,,
0.175,0.075,0.1,0.2,0.07,0.018,BiomassOxy_CC,,,,,,,,,,,,,,,,,,,,,,,
0.175,0.075,0.1,0.2,0.07,0.03,BiomassOxy_CC,,,,,,,,,,,,,,,,,,,,,,,
0.175,0.075,0.1,0.25,0.03,0.018,BiomassOxy_CC,,,,,,,,,,,,,,,,,,,,,,,
0.175,0.075,0.1,0.25,0.03,0.03,BioCH4Oxy_CC,,,,,,,,,,,,,,,,,,,,,,,
0.175,0.075,0.1,0.25,0.05,0.018,BiomassOxy_CC,,,,,,,,,,,,,,,,,,,,,,,
0.175,0.075,0.1,0.25,0.05,0.03,BiomassOxy_CC,,,,,,,,,,,,,,,,,,,,,,,
0.175,0.075,0.1,0.25,0.07,0.018,BiomassOxy_CC,,,,,,,,,,,,,,,,,,,,,,,
0.175,0.075,0.1,0.25,0.07,0.03,BiomassOxy_CC,,,,,,,,,,,,,,,,,,,,,,,
0.175,0.1,0.01,0.075,0.03,0.018,Biomass,,,,,,,,,,,,,,,,,,,,,,,
0.175,0.1,0.01,0.075,0.03,0.03,NG,,,,,,,,,,,,,,,,,,,,,,,
0.175,0.1,0.01,0.075,0.05,0.018,Biomass,,,,,,,,,,,,,,,,,,,,,,,
0.175,0.1,0.01,0.075,0.05,0.03,NG,,,,,,,,,,,,,,,,,,,,,,,
0.175,0.1,0.01,0.075,0.07,0.018,Biomass,,,,,,,,,,,,,,,,,,,,,,,
0.175,0.1,0.01,0.075,0.07,0.03,NG,,,,,,,,,,,,,,,,,,,,,,,
0.175,0.1,0.01,0.1,0.03,0.018,Biomass,,,,,,,,,,,,,,,,,,,,,,,
0.175,0.1,0.01,0.1,0.03,0.03,NG,,,,,,,,,,,,,,,,,,,,,,,
0.175,0.1,0.01,0.1,0.05,0.018,Biomass,,,,,,,,,,,,,,,,,,,,,,,
0.175,0.1,0.01,0.1,0.05,0.03,NG,,,,,,,,,,,,,,,,,,,,,,,
0.175,0.1,0.01,0.1,0.07,0.018,Biomass,,,,,,,,,,,,,,,,,,,,,,,
0.175,0.1,0.01,0.1,0.07,0.03,NG,,,,,,,,,,,,,,,,,,,,,,,
0.175,0.1,0.01,0.2,0.03,0.018,Biomass_CC,,,,,,,,,,,,,,,,,,,,,,,
0.175,0.1,0.01,0.2,0.03,0.03,Biomass_CC,,,,,,,,,,,,,,,,,,,,,,,
0.175,0.1,0.01,0.2,0.05,0.018,Biomass_CC,,,,,,,,,,,,,,,,,,,,,,,
0.175,0.1,0.01,0.2,0.05,0.03,Biomass_CC,,,,,,,,,,,,,,,,,,,,,,,
0.175,0.1,0.01,0.2,0.07,0.018,Biomass_CC,,,,,,,,,,,,,,,,,,,,,,,
0.175,0.1,0.01,0.2,0.07,0.03,Biomass_CC,,,,,,,,,,,,,,,,,,,,,,,
0.175,0.1,0.01,0.25,0.03,0.018,Biomass_CC,,,,,,,,,,,,,,,,,,,,,,,
0.175,0.1,0.01,0.25,0.03,0.03,Biomass_CC,,,,,,,,,,,,,,,,,,,,,,,
0.175,0.1,0.01,0.25,0.05,0.018,Biomass_CC,,,,,,,,,,,,,,,,,,,,,,,
0.175,0.1,0.01,0.25,0.05,0.03,Biomass_CC,,,,,,,,,,,,,,,,,,,,,,,
0.175,0.1,0.01,0.25,0.07,0.018,Biomass_CC,,,,,,,,,,,,,,,,,,,,,,,
0.175,0.1,0.01,0.25,0.07,0.03,Biomass_CC,,,,,,,,,,,,,,,,,,,,,,,
0.175,0.1,0.035,0.075,0.03,0.018,Biomass,,,,,,,,,,,,,,,,,,,,,,,
0.175,0.1,0.035,0.075,0.03,0.03,BioCH4,,,,,,,,,,,,,,,,,,,,,,,
0.175,0.1,0.035,0.075,0.05,0.018,Biomass,,,,,,,,,,,,,,,,,,,,,,,
0.175,0.1,0.035,0.075,0.05,0.03,Biomass,,,,,,,,,,,,,,,,,,,,,,,
0.175,0.1,0.035,0.075,0.07,0.018,Biomass,,,,,,,,,,,,,,,,,,,,,,,
0.175,0.1,0.035,0.075,0.07,0.03,Biomass,,,,,,,,,,,,,,,,,,,,,,,
0.175,0.1,0.035,0.1,0.03,0.018,Biomass,,,,,,,,,,,,,,,,,,,,,,,
0.175,0.1,0.035,0.1,0.03,0.03,BioCH4,,,,,,,,,,,,,,,,,,,,,,,
0.175,0.1,0.035,0.1,0.05,0.018,Biomass,,,,,,,,,,,,,,,,,,,,,,,
0.175,0.1,0.035,0.1,0.05,0.03,Biomass,,,,,,,,,,,,,,,,,,,,,,,
0.175,0.1,0.035,0.1,0.07,0.018,Biomass,,,,,,,,,,,,,,,,,,,,,,,
0.175,0.1,0.035,0.1,0.07,0.03,Biomass,,,,,,,,,,,,,,,,,,,,,,,
0.175,0.1,0.035,0.2,0.03,0.018,Biomass_CC,,,,,,,,,,,,,,,,,,,,,,,
0.175,0.1,0.035,0.2,0.03,0.03,BioCH4Oxy_CC,,,,,,,,,,,,,,,,,,,,,,,
0.175,0.1,0.035,0.2,0.05,0.018,Biomass_CC,,,,,,,,,,,,,,,,,,,,,,,
0.175,0.1,0.035,0.2,0.05,0.03,Biomass_CC,,,,,,,,,,,,,,,,,,,,,,,
0.175,0.1,0.035,0.2,0.07,0.018,Biomass_CC,,,,,,,,,,,,,,,,,,,,,,,
0.175,0.1,0.035,0.2,0.07,0.03,Biomass_CC,,,,,,,,,,,,,,,,,,,,,,,
0.175,0.1,0.035,0.25,0.03,0.018,Biomass_CC,,,,,,,,,,,,,,,,,,,,,,,
0.175,0.1,0.035,0.25,0.03,0.03,BioCH4Oxy_CC,,,,,,,,,,,,,,,,,,,,,,,
0.175,0.1,0.035,0.25,0.05,0.018,Biomass_CC,,,,,,,,,,,,,,,,,,,,,,,
0.175,0.1,0.035,0.25,0.05,0.03,Biomass_CC,,,,,,,,,,,,,,,,,,,,,,,
0.175,0.1,0.035,0.25,0.07,0.018,Biomass_CC,,,,,,,,,,,,,,,,,,,,,,,
0.175,0.1,0.035,0.25,0.07,0.03,Biomass_CC,,,,,,,,,,,,,,,,,,,,,,,
0.175,0.1,0.055,0.075,0.03,0.018,Biomass,,,,,,,,,,,,,,,,,,,,,,,
0.175,0.1,0.055,0.075,0.03,0.03,BioCH4,,,,,,,,,,,,,,,,,,,,,,,
0.175,0.1,0.055,0.075,0.05,0.018,Biomass,,,,,,,,,,,,,,,,,,,,,,,
0.175,0.1,0.055,0.075,0.05,0.03,Biomass,,,,,,,,,,,,,,,,,,,,,,,
0.175,0.1,0.055,0.075,0.07,0.018,Biomass,,,,,,,,,,,,,,,,,,,,,,,
0.175,0.1,0.055,0.075,0.07,0.03,Biomass,,,,,,,,,,,,,,,,,,,,,,,
0.175,0.1,0.055,0.1,0.03,0.018,Biomass,,,,,,,,,,,,,,,,,,,,,,,
0.175,0.1,0.055,0.1,0.03,0.03,BioCH4,,,,,,,,,,,,,,,,,,,,,,,
0.175,0.1,0.055,0.1,0.05,0.018,Biomass,,,,,,,,,,,,,,,,,,,,,,,
0.175,0.1,0.055,0.1,0.05,0.03,Biomass,,,,,,,,,,,,,,,,,,,,,,,
0.175,0.1,0.055,0.1,0.07,0.018,Biomass,,,,,,,,,,,,,,,,,,,,,,,
0.175,0.1,0.055,0.1,0.07,0.03,Biomass,,,,,,,,,,,,,,,,,,,,,,,
0.175,0.1,0.055,0.2,0.03,0.018,BiomassOxy_CC,,,,,,,,,,,,,,,,,,,,,,,
0.175,0.1,0.055,0.2,0.03,0.03,BioCH4Oxy_CC,,,,,,,,,,,,,,,,,,,,,,,
0.175,0.1,0.055,0.2,0.05,0.018,BiomassOxy_CC,,,,,,,,,,,,,,,,,,,,,,,
0.175,0.1,0.055,0.2,0.05,0.03,BiomassOxy_CC,,,,,,,,,,,,,,,,,,,,,,,
0.175,0.1,0.055,0.2,0.07,0.018,BiomassOxy_CC,,,,,,,,,,,,,,,,,,,,,,,
0.175,0.1,0.055,0.2,0.07,0.03,BiomassOxy_CC,,,,,,,,,,,,,,,,,,,,,,,
0.175,0.1,0.055,0.25,0.03,0.018,BiomassOxy_CC,,,,,,,,,,,,,,,,,,,,,,,
0.175,0.1,0.055,0.25,0.03,0.03,BioCH4Oxy_CC,,,,,,,,,,,,,,,,,,,,,,,
0.175,0.1,0.055,0.25,0.05,0.018,BiomassOxy_CC,,,,,,,,,,,,,,,,,,,,,,,
0.175,0.1,0.055,0.25,0.05,0.03,BiomassOxy_CC,,,,,,,,,,,,,,,,,,,,,,,
0.175,0.1,0.055,0.25,0.07,0.018,BiomassOxy_CC,,,,,,,,,,,,,,,,,,,,,,,
0.175,0.1,0.055,0.25,0.07,0.03,BiomassOxy_CC,,,,,,,,,,,,,,,,,,,,,,,
0.175,0.1,0.075,0.075,0.03,0.018,Biomass,,,,,,,,,,,,,,,,,,,,,,,
0.175,0.1,0.075,0.075,0.03,0.03,BioCH4,,,,,,,,,,,,,,,,,,,,,,,
0.175,0.1,0.075,0.075,0.05,0.018,Biomass,,,,,,,,,,,,,,,,,,,,,,,
0.175,0.1,0.075,0.075,0.05,0.03,Biomass,,,,,,,,,,,,,,,,,,,,,,,
0.175,0.1,0.075,0.075,0.07,0.018,Biomass,,,,,,,,,,,,,,,,,,,,,,,
0.175,0.1,0.075,0.075,0.07,0.03,Biomass,,,,,,,,,,,,,,,,,,,,,,,
0.175,0.1,0.075,0.1,0.03,0.018,Biomass,,,,,,,,,,,,,,,,,,,,,,,
0.175,0.1,0.075,0.1,0.03,0.03,BioCH4,,,,,,,,,,,,,,,,,,,,,,,
0.175,0.1,0.075,0.1,0.05,0.018,Biomass,,,,,,,,,,,,,,,,,,,,,,,
0.175,0.1,0.075,0.1,0.05,0.03,Biomass,,,,,,,,,,,,,,,,,,,,,,,
0.175,0.1,0.075,0.1,0.07,0.018,Biomass,,,,,,,,,,,,,,,,,,,,,,,
0.175,0.1,0.075,0.1,0.07,0.03,Biomass,,,,,,,,,,,,,,,,,,,,,,,
0.175,0.1,0.075,0.2,0.03,0.018,BiomassOxy_CC,,,,,,,,,,,,,,,,,,,,,,,
0.175,0.1,0.075,0.2,0.03,0.03,BioCH4Oxy_CC,,,,,,,,,,,,,,,,,,,,,,,
0.175,0.1,0.075,0.2,0.05,0.018,BiomassOxy_CC,,,,,,,,,,,,,,,,,,,,,,,
0.175,0.1,0.075,0.2,0.05,0.03,BiomassOxy_CC,,,,,,,,,,,,,,,,,,,,,,,
0.175,0.1,0.075,0.2,0.07,0.018,BiomassOxy_CC,,,,,,,,,,,,,,,,,,,,,,,
0.175,0.1,0.075,0.2,0.07,0.03,BiomassOxy_CC,,,,,,,,,,,,,,,,,,,,,,,
0.175,0.1,0.075,0.25,0.03,0.018,BiomassOxy_CC,,,,,,,,,,,,,,,,,,,,,,,
0.175,0.1,0.075,0.25,0.03,0.03,BioCH4Oxy_CC,,,,,,,,,,,,,,,,,,,,,,,
0.175,0.1,0.075,0.25,0.05,0.018,BiomassOxy_CC,,,,,,,,,,,,,,,,,,,,,,,
0.175,0.1,0.075,0.25,0.05,0.03,BiomassOxy_CC,,,,,,,,,,,,,,,,,,,,,,,
0.175,0.1,0.075,0.25,0.07,0.018,BiomassOxy_CC,,,,,,,,,,,,,,,,,,,,,,,
0.175,0.1,0.075,0.25,0.07,0.03,BiomassOxy_CC,,,,,,,,,,,,,,,,,,,,,,,
0.175,0.1,0.1,0.075,0.03,0.018,Biomass,,,,,,,,,,,,,,,,,,,,,,,
0.175,0.1,0.1,0.075,0.03,0.03,BioCH4,,,,,,,,,,,,,,,,,,,,,,,
0.175,0.1,0.1,0.075,0.05,0.018,Biomass,,,,,,,,,,,,,,,,,,,,,,,
0.175,0.1,0.1,0.075,0.05,0.03,Biomass,,,,,,,,,,,,,,,,,,,,,,,
0.175,0.1,0.1,0.075,0.07,0.018,Biomass,,,,,,,,,,,,,,,,,,,,,,,
0.175,0.1,0.1,0.075,0.07,0.03,Biomass,,,,,,,,,,,,,,,,,,,,,,,
0.175,0.1,0.1,0.1,0.03,0.018,Biomass,,,,,,,,,,,,,,,,,,,,,,,
0.175,0.1,0.1,0.1,0.03,0.03,BioCH4,,,,,,,,,,,,,,,,,,,,,,,
0.175,0.1,0.1,0.1,0.05,0.018,Biomass,,,,,,,,,,,,,,,,,,,,,,,
0.175,0.1,0.1,0.1,0.05,0.03,Biomass,,,,,,,,,,,,,,,,,,,,,,,
0.175,0.1,0.1,0.1,0.07,0.018,Biomass,,,,,,,,,,,,,,,,,,,,,,,
0.175,0.1,0.1,0.1,0.07,0.03,Biomass,,,,,,,,,,,,,,,,,,,,,,,
0.175,0.1,0.1,0.2,0.03,0.018,BiomassOxy_CC,,,,,,,,,,,,,,,,,,,,,,,
0.175,0.1,0.1,0.2,0.03,0.03,BioCH4Oxy_CC,,,,,,,,,,,,,,,,,,,,,,,
0.175,0.1,0.1,0.2,0.05,0.018,BiomassOxy_CC,,,,,,,,,,,,,,,,,,,,,,,
0.175,0.1,0.1,0.2,0.05,0.03,BiomassOxy_CC,,,,,,,,,,,,,,,,,,,,,,,
0.175,0.1,0.1,0.2,0.07,0.018,BiomassOxy_CC,,,,,,,,,,,,,,,,,,,,,,,
0.175,0.1,0.1,0.2,0.07,0.03,BiomassOxy_CC,,,,,,,,,,,,,,,,,,,,,,,
0.175,0.1,0.1,0.25,0.03,0.018,BiomassOxy_CC,,,,,,,,,,,,,,,,,,,,,,,
0.175,0.1,0.1,0.25,0.03,0.03,BioCH4Oxy_CC,,,,,,,,,,,,,,,,,,,,,,,
0.175,0.1,0.1,0.25,0.05,0.018,BiomassOxy_CC,,,,,,,,,,,,,,,,,,,,,,,
0.175,0.1,0.1,0.25,0.05,0.03,BiomassOxy_CC,,,,,,,,,,,,,,,,,,,,,,,
0.175,0.1,0.1,0.25,0.07,0.018,BiomassOxy_CC,,,,,,,,,,,,,,,,,,,,,,,
0.175,0.1,0.1,0.25,0.07,0.03,BiomassOxy_CC,,,,,,,,,,,,,,,,,,,,,,,
0.175,0.15,0.01,0.075,0.03,0.018,Biomass,,,,,,,,,,,,,,,,,,,,,,,
0.175,0.15,0.01,0.075,0.03,0.03,NG,,,,,,,,,,,,,,,,,,,,,,,
0.175,0.15,0.01,0.075,0.05,0.018,Biomass,,,,,,,,,,,,,,,,,,,,,,,
0.175,0.15,0.01,0.075,0.05,0.03,NG,,,,,,,,,,,,,,,,,,,,,,,
0.175,0.15,0.01,0.075,0.07,0.018,Biomass,,,,,,,,,,,,,,,,,,,,,,,
0.175,0.15,0.01,0.075,0.07,0.03,NG,,,,,,,,,,,,,,,,,,,,,,,
0.175,0.15,0.01,0.1,0.03,0.018,Biomass,,,,,,,,,,,,,,,,,,,,,,,
0.175,0.15,0.01,0.1,0.03,0.03,NG,,,,,,,,,,,,,,,,,,,,,,,
0.175,0.15,0.01,0.1,0.05,0.018,Biomass,,,,,,,,,,,,,,,,,,,,,,,
0.175,0.15,0.01,0.1,0.05,0.03,NG,,,,,,,,,,,,,,,,,,,,,,,
0.175,0.15,0.01,0.1,0.07,0.018,Biomass,,,,,,,,,,,,,,,,,,,,,,,
0.175,0.15,0.01,0.1,0.07,0.03,NG,,,,,,,,,,,,,,,,,,,,,,,
0.175,0.15,0.01,0.2,0.03,0.018,Biomass_CC,,,,,,,,,,,,,,,,,,,,,,,
0.175,0.15,0.01,0.2,0.03,0.03,Biomass_CC,,,,,,,,,,,,,,,,,,,,,,,
0.175,0.15,0.01,0.2,0.05,0.018,Biomass_CC,,,,,,,,,,,,,,,,,,,,,,,
0.175,0.15,0.01,0.2,0.05,0.03,Biomass_CC,,,,,,,,,,,,,,,,,,,,,,,
0.175,0.15,0.01,0.2,0.07,0.018,Biomass_CC,,,,,,,,,,,,,,,,,,,,,,,
0.175,0.15,0.01,0.2,0.07,0.03,Biomass_CC,,,,,,,,,,,,,,,,,,,,,,,
0.175,0.15,0.01,0.25,0.03,0.018,Biomass_CC,,,,,,,,,,,,,,,,,,,,,,,
0.175,0.15,0.01,0.25,0.03,0.03,Biomass_CC,,,,,,,,,,,,,,,,,,,,,,,
0.175,0.15,0.01,0.25,0.05,0.018,Biomass_CC,,,,,,,,,,,,,,,,,,,,,,,
0.175,0.15,0.01,0.25,0.05,0.03,Biomass_CC,,,,,,,,,,,,,,,,,,,,,,,
0.175,0.15,0.01,0.25,0.07,0.018,Biomass_CC,,,,,,,,,,,,,,,,,,,,,,,
0.175,0.15,0.01,0.25,0.07,0.03,Biomass_CC,,,,,,,,,,,,,,,,,,,,,,,
0.175,0.15,0.035,0.075,0.03,0.018,Biomass,,,,,,,,,,,,,,,,,,,,,,,
0.175,0.15,0.035,0.075,0.03,0.03,BioCH4,,,,,,,,,,,,,,,,,,,,,,,
0.175,0.15,0.035,0.075,0.05,0.018,Biomass,,,,,,,,,,,,,,,,,,,,,,,
0.175,0.15,0.035,0.075,0.05,0.03,Biomass,,,,,,,,,,,,,,,,,,,,,,,
0.175,0.15,0.035,0.075,0.07,0.018,Biomass,,,,,,,,,,,,,,,,,,,,,,,
0.175,0.15,0.035,0.075,0.07,0.03,Biomass,,,,,,,,,,,,,,,,,,,,,,,
0.175,0.15,0.035,0.1,0.03,0.018,Biomass,,,,,,,,,,,,,,,,,,,,,,,
0.175,0.15,0.035,0.1,0.03,0.03,BioCH4,,,,,,,,,,,,,,,,,,,,,,,
0.175,0.15,0.035,0.1,0.05,0.018,Biomass,,,,,,,,,,,,,,,,,,,,,,,
0.175,0.15,0.035,0.1,0.05,0.03,Biomass,,,,,,,,,,,,,,,,,,,,,,,
0.175,0.15,0.035,0.1,0.07,0.018,Biomass,,,,,,,,,,,,,,,,,,,,,,,
0.175,0.15,0.035,0.1,0.07,0.03,Biomass,,,,,,,,,,,,,,,,,,,,,,,
0.175,0.15,0.035,0.2,0.03,0.018,Biomass_CC,,,,,,,,,,,,,,,,,,,,,,,
0.175,0.15,0.035,0.2,0.03,0.03,BioCH4Oxy_CC,,,,,,,,,,,,,,,,,,,,,,,
0.175,0.15,0.035,0.2,0.05,0.018,Biomass_CC,,,,,,,,,,,,,,,,,,,,,,,
0.175,0.15,0.035,0.2,0.05,0.03,Biomass_CC,,,,,,,,,,,,,,,,,,,,,,,
0.175,0.15,0.035,0.2,0.07,0.018,Biomass_CC,,,,,,,,,,,,,,,,,,,,,,,
0.175,0.15,0.035,0.2,0.07,0.03,Biomass_CC,,,,,,,,,,,,,,,,,,,,,,,
0.175,0.15,0.035,0.25,0.03,0.018,Biomass_CC,,,,,,,,,,,,,,,,,,,,,,,
0.175,0.15,0.035,0.25,0.03,0.03,BioCH4Oxy_CC,,,,,,,,,,,,,,,,,,,,,,,
0.175,0.15,0.035,0.25,0.05,0.018,Biomass_CC,,,,,,,,,,,,,,,,,,,,,,,
0.175,0.15,0.035,0.25,0.05,0.03,Biomass_CC,,,,,,,,,,,,,,,,,,,,,,,
0.175,0.15,0.035,0.25,0.07,0.018,Biomass_CC,,,,,,,,,,,,,,,,,,,,,,,
0.175,0.15,0.035,0.25,0.07,0.03,Biomass_CC,,,,,,,,,,,,,,,,,,,,,,,
0.175,0.15,0.055,0.075,0.03,0.018,Biomass,,,,,,,,,,,,,,,,,,,,,,,
0.175,0.15,0.055,0.075,0.03,0.03,BioCH4,,,,,,,,,,,,,,,,,,,,,,,
0.175,0.15,0.055,0.075,0.05,0.018,Biomass,,,,,,,,,,,,,,,,,,,,,,,
0.175,0.15,0.055,0.075,0.05,0.03,Biomass,,,,,,,,,,,,,,,,,,,,,,,
0.175,0.15,0.055,0.075,0.07,0.018,Biomass,,,,,,,,,,,,,,,,,,,,,,,
0.175,0.15,0.055,0.075,0.07,0.03,Biomass,,,,,,,,,,,,,,,,,,,,,,,
0.175,0.15,0.055,0.1,0.03,0.018,Biomass,,,,,,,,,,,,,,,,,,,,,,,
0.175,0.15,0.055,0.1,0.03,0.03,BioCH4,,,,,,,,,,,,,,,,,,,,,,,
0.175,0.15,0.055,0.1,0.05,0.018,Biomass,,,,,,,,,,,,,,,,,,,,,,,
0.175,0.15,0.055,0.1,0.05,0.03,Biomass,,,,,,,,,,,,,,,,,,,,,,,
0.175,0.15,0.055,0.1,0.07,0.018,Biomass,,,,,,,,,,,,,,,,,,,,,,,
0.175,0.15,0.055,0.1,0.07,0.03,Biomass,,,,,,,,,,,,,,,,,,,,,,,
0.175,0.15,0.055,0.2,0.03,0.018,BiomassOxy_CC,,,,,,,,,,,,,,,,,,,,,,,
0.175,0.15,0.055,0.2,0.03,0.03,BioCH4Oxy_CC,,,,,,,,,,,,,,,,,,,,,,,
0.175,0.15,0.055,0.2,0.05,0.018,BiomassOxy_CC,,,,,,,,,,,,,,,,,,,,,,,
0.175,0.15,0.055,0.2,0.05,0.03,BiomassOxy_CC,,,,,,,,,,,,,,,,,,,,,,,
0.175,0.15,0.055,0.2,0.07,0.018,BiomassOxy_CC,,,,,,,,,,,,,,,,,,,,,,,
0.175,0.15,0.055,0.2,0.07,0.03,BiomassOxy_CC,,,,,,,,,,,,,,,,,,,,,,,
0.175,0.15,0.055,0.25,0.03,0.018,BiomassOxy_CC,,,,,,,,,,,,,,,,,,,,,,,
0.175,0.15,0.055,0.25,0.03,0.03,BioCH4Oxy_CC,,,,,,,,,,,,,,,,,,,,,,,
0.175,0.15,0.055,0.25,0.05,0.018,BiomassOxy_CC,,,,,,,,,,,,,,,,,,,,,,,
0.175,0.15,0.055,0.25,0.05,0.03,BiomassOxy_CC,,,,,,,,,,,,,,,,,,,,,,,
0.175,0.15,0.055,0.25,0.07,0.018,BiomassOxy_CC,,,,,,,,,,,,,,,,,,,,,,,
0.175,0.15,0.055,0.25,0.07,0.03,BiomassOxy_CC,,,,,,,,,,,,,,,,,,,,,,,
0.175,0.15,0.075,0.075,0.03,0.018,Biomass,,,,,,,,,,,,,,,,,,,,,,,
0.175,0.15,0.075,0.075,0.03,0.03,BioCH4,,,,,,,,,,,,,,,,,,,,,,,
0.175,0.15,0.075,0.075,0.05,0.018,Biomass,,,,,,,,,,,,,,,,,,,,,,,
0.175,0.15,0.075,0.075,0.05,0.03,Biomass,,,,,,,,,,,,,,,,,,,,,,,
0.175,0.15,0.075,0.075,0.07,0.018,Biomass,,,,,,,,,,,,,,,,,,,,,,,
0.175,0.15,0.075,0.075,0.07,0.03,Biomass,,,,,,,,,,,,,,,,,,,,,,,
0.175,0.15,0.075,0.1,0.03,0.018,Biomass,,,,,,,,,,,,,,,,,,,,,,,
0.175,0.15,0.075,0.1,0.03,0.03,BioCH4,,,,,,,,,,,,,,,,,,,,,,,
0.175,0.15,0.075,0.1,0.05,0.018,Biomass,,,,,,,,,,,,,,,,,,,,,,,
0.175,0.15,0.075,0.1,0.05,0.03,Biomass,,,,,,,,,,,,,,,,,,,,,,,
0.175,0.15,0.075,0.1,0.07,0.018,Biomass,,,,,,,,,,,,,,,,,,,,,,,
0.175,0.15,0.075,0.1,0.07,0.03,Biomass,,,,,,,,,,,,,,,,,,,,,,,
0.175,0.15,0.075,0.2,0.03,0.018,BiomassOxy_CC,,,,,,,,,,,,,,,,,,,,,,,
0.175,0.15,0.075,0.2,0.03,0.03,BioCH4Oxy_CC,,,,,,,,,,,,,,,,,,,,,,,
0.175,0.15,0.075,0.2,0.05,0.018,BiomassOxy_CC,,,,,,,,,,,,,,,,,,,,,,,
0.175,0.15,0.075,0.2,0.05,0.03,BiomassOxy_CC,,,,,,,,,,,,,,,,,,,,,,,
0.175,0.15,0.075,0.2,0.07,0.018,BiomassOxy_CC,,,,,,,,,,,,,,,,,,,,,,,
0.175,0.15,0.075,0.2,0.07,0.03,BiomassOxy_CC,,,,,,,,,,,,,,,,,,,,,,,
0.175,0.15,0.075,0.25,0.03,0.018,BiomassOxy_CC,,,,,,,,,,,,,,,,,,,,,,,
0.175,0.15,0.075,0.25,0.03,0.03,BioCH4Oxy_CC,,,,,,,,,,,,,,,,,,,,,,,
0.175,0.15,0.075,0.25,0.05,0.018,BiomassOxy_CC,,,,,,,,,,,,,,,,,,,,,,,
0.175,0.15,0.075,0.25,0.05,0.03,BiomassOxy_CC,,,,,,,,,,,,,,,,,,,,,,,
0.175,0.15,0.075,0.25,0.07,0.018,BiomassOxy_CC,,,,,,,,,,,,,,,,,,,,,,,
0.175,0.15,0.075,0.25,0.07,0.03,BiomassOxy_CC,,,,,,,,,,,,,,,,,,,,,,,
0.175,0.15,0.1,0.075,0.03,0.018,Biomass,,,,,,,,,,,,,,,,,,,,,,,
0.175,0.15,0.1,0.075,0.03,0.03,BioCH4,,,,,,,,,,,,,,,,,,,,,,,
0.175,0.15,0.1,0.075,0.05,0.018,Biomass,,,,,,,,,,,,,,,,,,,,,,,
0.175,0.15,0.1,0.075,0.05,0.03,Biomass,,,,,,,,,,,,,,,,,,,,,,,
0.175,0.15,0.1,0.075,0.07,0.018,Biomass,,,,,,,,,,,,,,,,,,,,,,,
0.175,0.15,0.1,0.075,0.07,0.03,Biomass,,,,,,,,,,,,,,,,,,,,,,,
0.175,0.15,0.1,0.1,0.03,0.018,Biomass,,,,,,,,,,,,,,,,,,,,,,,
0.175,0.15,0.1,0.1,0.03,0.03,BioCH4,,,,,,,,,,,,,,,,,,,,,,,
0.175,0.15,0.1,0.1,0.05,0.018,Biomass,,,,,,,,,,,,,,,,,,,,,,,
0.175,0.15,0.1,0.1,0.05,0.03,Biomass,,,,,,,,,,,,,,,,,,,,,,,
0.175,0.15,0.1,0.1,0.07,0.018,Biomass,,,,,,,,,,,,,,,,,,,,,,,
0.175,0.15,0.1,0.1,0.07,0.03,Biomass,,,,,,,,,,,,,,,,,,,,,,,
0.175,0.15,0.1,0.2,0.03,0.018,BiomassOxy_CC,,,,,,,,,,,,,,,,,,,,,,,
0.175,0.15,0.1,0.2,0.03,0.03,BioCH4Oxy_CC,,,,,,,,,,,,,,,,,,,,,,,
0.175,0.15,0.1,0.2,0.05,0.018,BiomassOxy_CC,,,,,,,,,,,,,,,,,,,,,,,
0.175,0.15,0.1,0.2,0.05,0.03,BiomassOxy_CC,,,,,,,,,,,,,,,,,,,,,,,
0.175,0.15,0.1,0.2,0.07,0.018,BiomassOxy_CC,,,,,,,,,,,,,,,,,,,,,,,
0.175,0.15,0.1,0.2,0.07,0.03,BiomassOxy_CC,,,,,,,,,,,,,,,,,,,,,,,
0.175,0.15,0.1,0.25,0.03,0.018,BiomassOxy_CC,,,,,,,,,,,,,,,,,,,,,,,
0.175,0.15,0.1,0.25,0.03,0.03,BioCH4Oxy_CC,,,,,,,,,,,,,,,,,,,,,,,
0.175,0.15,0.1,0.25,0.05,0.018,BiomassOxy_CC,,,,,,,,,,,,,,,,,,,,,,,
0.175,0.15,0.1,0.25,0.05,0.03,BiomassOxy_CC,,,,,,,,,,,,,,,,,,,,,,,
0.175,0.15,0.1,0.25,0.07,0.018,BiomassOxy_CC,,,,,,,,,,,,,,,,,,,,,,,
0.175,0.15,0.1,0.25,0.07,0.03,BiomassOxy_CC,,,,,,,,,,,,,,,,,,,,,,,
0.175,0.2,0.01,0.075,0.03,0.018,Biomass,,,,,,,,,,,,,,,,,,,,,,,
0.175,0.2,0.01,0.075,0.03,0.03,NG,,,,,,,,,,,,,,,,,,,,,,,
0.175,0.2,0.01,0.075,0.05,0.018,Biomass,,,,,,,,,,,,,,,,,,,,,,,
0.175,0.2,0.01,0.075,0.05,0.03,NG,,,,,,,,,,,,,,,,,,,,,,,
0.175,0.2,0.01,0.075,0.07,0.018,Biomass,,,,,,,,,,,,,,,,,,,,,,,
0.175,0.2,0.01,0.075,0.07,0.03,NG,,,,,,,,,,,,,,,,,,,,,,,
0.175,0.2,0.01,0.1,0.03,0.018,Biomass,,,,,,,,,,,,,,,,,,,,,,,
0.175,0.2,0.01,0.1,0.03,0.03,NG,,,,,,,,,,,,,,,,,,,,,,,
0.175,0.2,0.01,0.1,0.05,0.018,Biomass,,,,,,,,,,,,,,,,,,,,,,,
0.175,0.2,0.01,0.1,0.05,0.03,NG,,,,,,,,,,,,,,,,,,,,,,,
0.175,0.2,0.01,0.1,0.07,0.018,Biomass,,,,,,,,,,,,,,,,,,,,,,,
0.175,0.2,0.01,0.1,0.07,0.03,NG,,,,,,,,,,,,,,,,,,,,,,,
0.175,0.2,0.01,0.2,0.03,0.018,Biomass_CC,,,,,,,,,,,,,,,,,,,,,,,
0.175,0.2,0.01,0.2,0.03,0.03,Biomass_CC,,,,,,,,,,,,,,,,,,,,,,,
0.175,0.2,0.01,0.2,0.05,0.018,Biomass_CC,,,,,,,,,,,,,,,,,,,,,,,
0.175,0.2,0.01,0.2,0.05,0.03,Biomass_CC,,,,,,,,,,,,,,,,,,,,,,,
0.175,0.2,0.01,0.2,0.07,0.018,Biomass_CC,,,,,,,,,,,,,,,,,,,,,,,
0.175,0.2,0.01,0.2,0.07,0.03,Biomass_CC,,,,,,,,,,,,,,,,,,,,,,,
0.175,0.2,0.01,0.25,0.03,0.018,Biomass_CC,,,,,,,,,,,,,,,,,,,,,,,
0.175,0.2,0.01,0.25,0.03,0.03,Biomass_CC,,,,,,,,,,,,,,,,,,,,,,,
0.175,0.2,0.01,0.25,0.05,0.018,Biomass_CC,,,,,,,,,,,,,,,,,,,,,,,
0.175,0.2,0.01,0.25,0.05,0.03,Biomass_CC,,,,,,,,,,,,,,,,,,,,,,,
0.175,0.2,0.01,0.25,0.07,0.018,Biomass_CC,,,,,,,,,,,,,,,,,,,,,,,
0.175,0.2,0.01,0.25,0.07,0.03,Biomass_CC,,,,,,,,,,,,,,,,,,,,,,,
0.175,0.2,0.035,0.075,0.03,0.018,Biomass,,,,,,,,,,,,,,,,,,,,,,,
0.175,0.2,0.035,0.075,0.03,0.03,BioCH4,,,,,,,,,,,,,,,,,,,,,,,
0.175,0.2,0.035,0.075,0.05,0.018,Biomass,,,,,,,,,,,,,,,,,,,,,,,
0.175,0.2,0.035,0.075,0.05,0.03,Biomass,,,,,,,,,,,,,,,,,,,,,,,
0.175,0.2,0.035,0.075,0.07,0.018,Biomass,,,,,,,,,,,,,,,,,,,,,,,
0.175,0.2,0.035,0.075,0.07,0.03,Biomass,,,,,,,,,,,,,,,,,,,,,,,
0.175,0.2,0.035,0.1,0.03,0.018,Biomass,,,,,,,,,,,,,,,,,,,,,,,
0.175,0.2,0.035,0.1,0.03,0.03,BioCH4,,,,,,,,,,,,,,,,,,,,,,,
0.175,0.2,0.035,0.1,0.05,0.018,Biomass,,,,,,,,,,,,,,,,,,,,,,,
0.175,0.2,0.035,0.1,0.05,0.03,Biomass,,,,,,,,,,,,,,,,,,,,,,,
0.175,0.2,0.035,0.1,0.07,0.018,Biomass,,,,,,,,,,,,,,,,,,,,,,,
0.175,0.2,0.035,0.1,0.07,0.03,Biomass,,,,,,,,,,,,,,,,,,,,,,,
0.175,0.2,0.035,0.2,0.03,0.018,Biomass_CC,,,,,,,,,,,,,,,,,,,,,,,
0.175,0.2,0.035,0.2,0.03,0.03,BioCH4Oxy_CC,,,,,,,,,,,,,,,,,,,,,,,
0.175,0.2,0.035,0.2,0.05,0.018,Biomass_CC,,,,,,,,,,,,,,,,,,,,,,,
0.175,0.2,0.035,0.2,0.05,0.03,Biomass_CC,,,,,,,,,,,,,,,,,,,,,,,
0.175,0.2,0.035,0.2,0.07,0.018,Biomass_CC,,,,,,,,,,,,,,,,,,,,,,,
0.175,0.2,0.035,0.2,0.07,0.03,Biomass_CC,,,,,,,,,,,,,,,,,,,,,,,
0.175,0.2,0.035,0.25,0.03,0.018,Biomass_CC,,,,,,,,,,,,,,,,,,,,,,,
0.175,0.2,0.035,0.25,0.03,0.03,BioCH4Oxy_CC,,,,,,,,,,,,,,,,,,,,,,,
0.175,0.2,0.035,0.25,0.05,0.018,Biomass_CC,,,,,,,,,,,,,,,,,,,,,,,
0.175,0.2,0.035,0.25,0.05,0.03,Biomass_CC,,,,,,,,,,,,,,,,,,,,,,,
0.175,0.2,0.035,0.25,0.07,0.018,Biomass_CC,,,,,,,,,,,,,,,,,,,,,,,
0.175,0.2,0.035,0.25,0.07,0.03,Biomass_CC,,,,,,,,,,,,,,,,,,,,,,,
0.175,0.2,0.055,0.075,0.03,0.018,Biomass,,,,,,,,,,,,,,,,,,,,,,,
0.175,0.2,0.055,0.075,0.03,0.03,BioCH4,,,,,,,,,,,,,,,,,,,,,,,
0.175,0.2,0.055,0.075,0.05,0.018,Biomass,,,,,,,,,,,,,,,,,,,,,,,
0.175,0.2,0.055,0.075,0.05,0.03,Biomass,,,,,,,,,,,,,,,,,,,,,,,
0.175,0.2,0.055,0.075,0.07,0.018,Biomass,,,,,,,,,,,,,,,,,,,,,,,
0.175,0.2,0.055,0.075,0.07,0.03,Biomass,,,,,,,,,,,,,,,,,,,,,,,
0.175,0.2,0.055,0.1,0.03,0.018,Biomass,,,,,,,,,,,,,,,,,,,,,,,
0.175,0.2,0.055,0.1,0.03,0.03,BioCH4,,,,,,,,,,,,,,,,,,,,,,,
0.175,0.2,0.055,0.1,0.05,0.018,Biomass,,,,,,,,,,,,,,,,,,,,,,,
0.175,0.2,0.055,0.1,0.05,0.03,Biomass,,,,,,,,,,,,,,,,,,,,,,,
0.175,0.2,0.055,0.1,0.07,0.018,Biomass,,,,,,,,,,,,,,,,,,,,,,,
0.175,0.2,0.055,0.1,0.07,0.03,Biomass,,,,,,,,,,,,,,,,,,,,,,,
0.175,0.2,0.055,0.2,0.03,0.018,BiomassOxy_CC,,,,,,,,,,,,,,,,,,,,,,,
0.175,0.2,0.055,0.2,0.03,0.03,BioCH4Oxy_CC,,,,,,,,,,,,,,,,,,,,,,,
0.175,0.2,0.055,0.2,0.05,0.018,BiomassOxy_CC,,,,,,,,,,,,,,,,,,,,,,,
0.175,0.2,0.055,0.2,0.05,0.03,BiomassOxy_CC,,,,,,,,,,,,,,,,,,,,,,,
0.175,0.2,0.055,0.2,0.07,0.018,BiomassOxy_CC,,,,,,,,,,,,,,,,,,,,,,,
0.175,0.2,0.055,0.2,0.07,0.03,BiomassOxy_CC,,,,,,,,,,,,,,,,,,,,,,,
0.175,0.2,0.055,0.25,0.03,0.018,BiomassOxy_CC,,,,,,,,,,,,,,,,,,,,,,,
0.175,0.2,0.055,0.25,0.03,0.03,BioCH4Oxy_CC,,,,,,,,,,,,,,,,,,,,,,,
0.175,0.2,0.055,0.25,0.05,0.018,BiomassOxy_CC,,,,,,,,,,,,,,,,,,,,,,,
0.175,0.2,0.055,0.25,0.05,0.03,BiomassOxy_CC,,,,,,,,,,,,,,,,,,,,,,,
0.175,0.2,0.055,0.25,0.07,0.018,BiomassOxy_CC,,,,,,,,,,,,,,,,,,,,,,,
0.175,0.2,0.055,0.25,0.07,0.03,BiomassOxy_CC,,,,,,,,,,,,,,,,,,,,,,,
0.175,0.2,0.075,0.075,0.03,0.018,Biomass,,,,,,,,,,,,,,,,,,,,,,,
0.175,0.2,0.075,0.075,0.03,0.03,BioCH4,,,,,,,,,,,,,,,,,,,,,,,
0.175,0.2,0.075,0.075,0.05,0.018,Biomass,,,,,,,,,,,,,,,,,,,,,,,
0.175,0.2,0.075,0.075,0.05,0.03,Biomass,,,,,,,,,,,,,,,,,,,,,,,
0.175,0.2,0.075,0.075,0.07,0.018,Biomass,,,,,,,,,,,,,,,,,,,,,,,
0.175,0.2,0.075,0.075,0.07,0.03,Biomass,,,,,,,,,,,,,,,,,,,,,,,
0.175,0.2,0.075,0.1,0.03,0.018,Biomass,,,,,,,,,,,,,,,,,,,,,,,
0.175,0.2,0.075,0.1,0.03,0.03,BioCH4,,,,,,,,,,,,,,,,,,,,,,,
0.175,0.2,0.075,0.1,0.05,0.018,Biomass,,,,,,,,,,,,,,,,,,,,,,,
0.175,0.2,0.075,0.1,0.05,0.03,Biomass,,,,,,,,,,,,,,,,,,,,,,,
0.175,0.2,0.075,0.1,0.07,0.018,Biomass,,,,,,,,,,,,,,,,,,,,,,,
0.175,0.2,0.075,0.1,0.07,0.03,Biomass,,,,,,,,,,,,,,,,,,,,,,,
0.175,0.2,0.075,0.2,0.03,0.018,BiomassOxy_CC,,,,,,,,,,,,,,,,,,,,,,,
0.175,0.2,0.075,0.2,0.03,0.03,BioCH4Oxy_CC,,,,,,,,,,,,,,,,,,,,,,,
0.175,0.2,0.075,0.2,0.05,0.018,BiomassOxy_CC,,,,,,,,,,,,,,,,,,,,,,,
0.175,0.2,0.075,0.2,0.05,0.03,BiomassOxy_CC,,,,,,,,,,,,,,,,,,,,,,,
0.175,0.2,0.075,0.2,0.07,0.018,BiomassOxy_CC,,,,,,,,,,,,,,,,,,,,,,,
0.175,0.2,0.075,0.2,0.07,0.03,BiomassOxy_CC,,,,,,,,,,,,,,,,,,,,,,,
0.175,0.2,0.075,0.25,0.03,0.018,BiomassOxy_CC,,,,,,,,,,,,,,,,,,,,,,,
0.175,0.2,0.075,0.25,0.03,0.03,BioCH4Oxy_CC,,,,,,,,,,,,,,,,,,,,,,,
0.175,0.2,0.075,0.25,0.05,0.018,BiomassOxy_CC,,,,,,,,,,,,,,,,,,,,,,,
0.175,0.2,0.075,0.25,0.05,0.03,BiomassOxy_CC,,,,,,,,,,,,,,,,,,,,,,,
0.175,0.2,0.075,0.25,0.07,0.018,BiomassOxy_CC,,,,,,,,,,,,,,,,,,,,,,,
0.175,0.2,0.075,0.25,0.07,0.03,BiomassOxy_CC,,,,,,,,,,,,,,,,,,,,,,,
0.175,0.2,0.1,0.075,0.03,0.018,Biomass,,,,,,,,,,,,,,,,,,,,,,,
0.175,0.2,0.1,0.075,0.03,0.03,BioCH4,,,,,,,,,,,,,,,,,,,,,,,
0.175,0.2,0.1,0.075,0.05,0.018,Biomass,,,,,,,,,,,,,,,,,,,,,,,
0.175,0.2,0.1,0.075,0.05,0.03,Biomass,,,,,,,,,,,,,,,,,,,,,,,
0.175,0.2,0.1,0.075,0.07,0.018,Biomass,,,,,,,,,,,,,,,,,,,,,,,
0.175,0.2,0.1,0.075,0.07,0.03,Biomass,,,,,,,,,,,,,,,,,,,,,,,
0.175,0.2,0.1,0.1,0.03,0.018,Biomass,,,,,,,,,,,,,,,,,,,,,,,
0.175,0.2,0.1,0.1,0.03,0.03,BioCH4,,,,,,,,,,,,,,,,,,,,,,,
0.175,0.2,0.1,0.1,0.05,0.018,Biomass,,,,,,,,,,,,,,,,,,,,,,,
0.175,0.2,0.1,0.1,0.05,0.03,Biomass,,,,,,,,,,,,,,,,,,,,,,,
0.175,0.2,0.1,0.1,0.07,0.018,Biomass,,,,,,,,,,,,,,,,,,,,,,,
0.175,0.2,0.1,0.1,0.07,0.03,Biomass,,,,,,,,,,,,,,,,,,,,,,,
0.175,0.2,0.1,0.2,0.03,0.018,BiomassOxy_CC,,,,,,,,,,,,,,,,,,,,,,,
0.175,0.2,0.1,0.2,0.03,0.03,BioCH4Oxy_CC,,,,,,,,,,,,,,,,,,,,,,,
0.175,0.2,0.1,0.2,0.05,0.018,BiomassOxy_CC,,,,,,,,,,,,,,,,,,,,,,,
0.175,0.2,0.1,0.2,0.05,0.03,BiomassOxy_CC,,,,,,,,,,,,,,,,,,,,,,,
0.175,0.2,0.1,0.2,0.07,0.018,BiomassOxy_CC,,,,,,,,,,,,,,,,,,,,,,,
0.175,0.2,0.1,0.2,0.07,0.03,BiomassOxy_CC,,,,,,,,,,,,,,,,,,,,,,,
0.175,0.2,0.1,0.25,0.03,0.018,BiomassOxy_CC,,,,,,,,,,,,,,,,,,,,,,,
0.175,0.2,0.1,0.25,0.03,0.03,BioCH4Oxy_CC,,,,,,,,,,,,,,,,,,,,,,,
0.175,0.2,0.1,0.25,0.05,0.018,BiomassOxy_CC,,,,,,,,,,,,,,,,,,,,,,,
0.175,0.2,0.1,0.25,0.05,0.03,BiomassOxy_CC,,,,,,,,,,,,,,,,,,,,,,,
0.175,0.2,0.1,0.25,0.07,0.018,BiomassOxy_CC,,,,,,,,,,,,,,,,,,,,,,,
0.175,0.2,0.1,0.25,0.07,0.03,BiomassOxy_CC,,,,,,,,,,,,,,,,,,,,,,,
0.01,0.01,0.01,0.075,0.03,0.05,Plasma,,,,,,,,,,,,,,,,,,,,,,,
0.01,0.01,0.01,0.075,0.05,0.05,Plasma,,,,,,,,,,,,,,,,,,,,,,,
0.01,0.01,0.01,0.075,0.07,0.05,Plasma,,,,,,,,,,,,,,,,,,,,,,,
0.01,0.01,0.01,0.1,0.03,0.05,PlasmaOxy_CC,,,,,,,,,,,,,,,,,,,,,,,
0.01,0.01,0.01,0.1,0.05,0.05,PlasmaOxy_CC,,,,,,,,,,,,,,,,,,,,,,,
0.01,0.01,0.01,0.1,0.07,0.05,PlasmaOxy_CC,,,,,,,,,,,,,,,,,,,,,,,
0.01,0.01,0.01,0.2,0.03,0.05,PlasmaOxy_CC,,,,,,,,,,,,,,,,,,,,,,,
0.01,0.01,0.01,0.2,0.05,0.05,PlasmaOxy_CC,,,,,,,,,,,,,,,,,,,,,,,
0.01,0.01,0.01,0.2,0.07,0.05,PlasmaOxy_CC,,,,,,,,,,,,,,,,,,,,,,,
0.01,0.01,0.01,0.25,0.03,0.05,PlasmaOxy_CC,,,,,,,,,,,,,,,,,,,,,,,
0.01,0.01,0.01,0.25,0.05,0.05,PlasmaOxy_CC,,,,,,,,,,,,,,,,,,,,,,,
0.01,0.01,0.01,0.25,0.07,0.05,PlasmaOxy_CC,,,,,,,,,,,,,,,,,,,,,,,
0.01,0.01,0.035,0.075,0.03,0.05,Plasma,,,,,,,,,,,,,,,,,,,,,,,
0.01,0.01,0.035,0.075,0.05,0.05,Plasma,,,,,,,,,,,,,,,,,,,,,,,
0.01,0.01,0.035,0.075,0.07,0.05,Plasma,,,,,,,,,,,,,,,,,,,,,,,
0.01,0.01,0.035,0.1,0.03,0.05,PlasmaOxy_CC,,,,,,,,,,,,,,,,,,,,,,,
0.01,0.01,0.035,0.1,0.05,0.05,PlasmaOxy_CC,,,,,,,,,,,,,,,,,,,,,,,
0.01,0.01,0.035,0.1,0.07,0.05,PlasmaOxy_CC,,,,,,,,,,,,,,,,,,,,,,,
0.01,0.01,0.035,0.2,0.03,0.05,PlasmaOxy_CC,,,,,,,,,,,,,,,,,,,,,,,
0.01,0.01,0.035,0.2,0.05,0.05,PlasmaOxy_CC,,,,,,,,,,,,,,,,,,,,,,,
0.01,0.01,0.035,0.2,0.07,0.05,PlasmaOxy_CC,,,,,,,,,,,,,,,,,,,,,,,
0.01,0.01,0.035,0.25,0.03,0.05,PlasmaOxy_CC,,,,,,,,,,,,,,,,,,,,,,,
0.01,0.01,0.035,0.25,0.05,0.05,PlasmaOxy_CC,,,,,,,,,,,,,,,,,,,,,,,
0.01,0.01,0.035,0.25,0.07,0.05,PlasmaOxy_CC,,,,,,,,,,,,,,,,,,,,,,,
0.01,0.01,0.055,0.075,0.03,0.05,Plasma,,,,,,,,,,,,,,,,,,,,,,,
0.01,0.01,0.055,0.075,0.05,0.05,Plasma,,,,,,,,,,,,,,,,,,,,,,,
0.01,0.01,0.055,0.075,0.07,0.05,Plasma,,,,,,,,,,,,,,,,,,,,,,,
0.01,0.01,0.055,0.1,0.03,0.05,PlasmaOxy_CC,,,,,,,,,,,,,,,,,,,,,,,
0.01,0.01,0.055,0.1,0.05,0.05,PlasmaOxy_CC,,,,,,,,,,,,,,,,,,,,,,,
0.01,0.01,0.055,0.1,0.07,0.05,PlasmaOxy_CC,,,,,,,,,,,,,,,,,,,,,,,
0.01,0.01,0.055,0.2,0.03,0.05,PlasmaOxy_CC,,,,,,,,,,,,,,,,,,,,,,,
0.01,0.01,0.055,0.2,0.05,0.05,PlasmaOxy_CC,,,,,,,,,,,,,,,,,,,,,,,
0.01,0.01,0.055,0.2,0.07,0.05,PlasmaOxy_CC,,,,,,,,,,,,,,,,,,,,,,,
0.01,0.01,0.055,0.25,0.03,0.05,PlasmaOxy_CC,,,,,,,,,,,,,,,,,,,,,,,
0.01,0.01,0.055,0.25,0.05,0.05,PlasmaOxy_CC,,,,,,,,,,,,,,,,,,,,,,,
0.01,0.01,0.055,0.25,0.07,0.05,PlasmaOxy_CC,,,,,,,,,,,,,,,,,,,,,,,
0.01,0.01,0.075,0.075,0.03,0.05,Plasma,,,,,,,,,,,,,,,,,,,,,,,
0.01,0.01,0.075,0.075,0.05,0.05,Plasma,,,,,,,,,,,,,,,,,,,,,,,
0.01,0.01,0.075,0.075,0.07,0.05,Plasma,,,,,,,,,,,,,,,,,,,,,,,
0.01,0.01,0.075,0.1,0.03,0.05,PlasmaOxy_CC,,,,,,,,,,,,,,,,,,,,,,,
0.01,0.01,0.075,0.1,0.05,0.05,PlasmaOxy_CC,,,,,,,,,,,,,,,,,,,,,,,
0.01,0.01,0.075,0.1,0.07,0.05,PlasmaOxy_CC,,,,,,,,,,,,,,,,,,,,,,,
0.01,0.01,0.075,0.2,0.03,0.05,PlasmaOxy_CC,,,,,,,,,,,,,,,,,,,,,,,
0.01,0.01,0.075,0.2,0.05,0.05,PlasmaOxy_CC,,,,,,,,,,,,,,,,,,,,,,,
0.01,0.01,0.075,0.2,0.07,0.05,PlasmaOxy_CC,,,,,,,,,,,,,,,,,,,,,,,
0.01,0.01,0.075,0.25,0.03,0.05,PlasmaOxy_CC,,,,,,,,,,,,,,,,,,,,,,,
0.01,0.01,0.075,0.25,0.05,0.05,PlasmaOxy_CC,,,,,,,,,,,,,,,,,,,,,,,
0.01,0.01,0.075,0.25,0.07,0.05,PlasmaOxy_CC,,,,,,,,,,,,,,,,,,,,,,,
0.01,0.01,0.1,0.075,0.03,0.05,Plasma,,,,,,,,,,,,,,,,,,,,,,,
0.01,0.01,0.1,0.075,0.05,0.05,Plasma,,,,,,,,,,,,,,,,,,,,,,,
0.01,0.01,0.1,0.075,0.07,0.05,Plasma,,,,,,,,,,,,,,,,,,,,,,,
0.01,0.01,0.1,0.1,0.03,0.05,PlasmaOxy_CC,,,,,,,,,,,,,,,,,,,,,,,
0.01,0.01,0.1,0.1,0.05,0.05,PlasmaOxy_CC,,,,,,,,,,,,,,,,,,,,,,,
0.01,0.01,0.1,0.1,0.07,0.05,PlasmaOxy_CC,,,,,,,,,,,,,,,,,,,,,,,
0.01,0.01,0.1,0.2,0.03,0.05,PlasmaOxy_CC,,,,,,,,,,,,,,,,,,,,,,,
0.01,0.01,0.1,0.2,0.05,0.05,PlasmaOxy_CC,,,,,,,,,,,,,,,,,,,,,,,
0.01,0.01,0.1,0.2,0.07,0.05,PlasmaOxy_CC,,,,,,,,,,,,,,,,,,,,,,,
0.01,0.01,0.1,0.25,0.03,0.05,PlasmaOxy_CC,,,,,,,,,,,,,,,,,,,,,,,
0.01,0.01,0.1,0.25,0.05,0.05,PlasmaOxy_CC,,,,,,,,,,,,,,,,,,,,,,,
0.01,0.01,0.1,0.25,0.07,0.05,PlasmaOxy_CC,,,,,,,,,,,,,,,,,,,,,,,
0.01,0.025,0.01,0.075,0.03,0.05,Plasma,,,,,,,,,,,,,,,,,,,,,,,
0.01,0.025,0.01,0.075,0.05,0.05,Plasma,,,,,,,,,,,,,,,,,,,,,,,
0.01,0.025,0.01,0.075,0.07,0.05,Plasma,,,,,,,,,,,,,,,,,,,,,,,
0.01,0.025,0.01,0.1,0.03,0.05,PlasmaOxy_CC,,,,,,,,,,,,,,,,,,,,,,,
0.01,0.025,0.01,0.1,0.05,0.05,PlasmaOxy_CC,,,,,,,,,,,,,,,,,,,,,,,
0.01,0.025,0.01,0.1,0.07,0.05,PlasmaOxy_CC,,,,,,,,,,,,,,,,,,,,,,,
0.01,0.025,0.01,0.2,0.03,0.05,PlasmaOxy_CC,,,,,,,,,,,,,,,,,,,,,,,
0.01,0.025,0.01,0.2,0.05,0.05,PlasmaOxy_CC,,,,,,,,,,,,,,,,,,,,,,,
0.01,0.025,0.01,0.2,0.07,0.05,PlasmaOxy_CC,,,,,,,,,,,,,,,,,,,,,,,
0.01,0.025,0.01,0.25,0.03,0.05,PlasmaOxy_CC,,,,,,,,,,,,,,,,,,,,,,,
0.01,0.025,0.01,0.25,0.05,0.05,PlasmaOxy_CC,,,,,,,,,,,,,,,,,,,,,,,
0.01,0.025,0.01,0.25,0.07,0.05,PlasmaOxy_CC,,,,,,,,,,,,,,,,,,,,,,,
0.01,0.025,0.035,0.075,0.03,0.05,Plasma,,,,,,,,,,,,,,,,,,,,,,,
0.01,0.025,0.035,0.075,0.05,0.05,Plasma,,,,,,,,,,,,,,,,,,,,,,,
0.01,0.025,0.035,0.075,0.07,0.05,Plasma,,,,,,,,,,,,,,,,,,,,,,,
0.01,0.025,0.035,0.1,0.03,0.05,PlasmaOxy_CC,,,,,,,,,,,,,,,,,,,,,,,
0.01,0.025,0.035,0.1,0.05,0.05,PlasmaOxy_CC,,,,,,,,,,,,,,,,,,,,,,,
0.01,0.025,0.035,0.1,0.07,0.05,PlasmaOxy_CC,,,,,,,,,,,,,,,,,,,,,,,
0.01,0.025,0.035,0.2,0.03,0.05,PlasmaOxy_CC,,,,,,,,,,,,,,,,,,,,,,,
0.01,0.025,0.035,0.2,0.05,0.05,PlasmaOxy_CC,,,,,,,,,,,,,,,,,,,,,,,
0.01,0.025,0.035,0.2,0.07,0.05,PlasmaOxy_CC,,,,,,,,,,,,,,,,,,,,,,,
0.01,0.025,0.035,0.25,0.03,0.05,PlasmaOxy_CC,,,,,,,,,,,,,,,,,,,,,,,
0.01,0.025,0.035,0.25,0.05,0.05,PlasmaOxy_CC,,,,,,,,,,,,,,,,,,,,,,,
0.01,0.025,0.035,0.25,0.07,0.05,PlasmaOxy_CC,,,,,,,,,,,,,,,,,,,,,,,
0.01,0.025,0.055,0.075,0.03,0.05,Plasma,,,,,,,,,,,,,,,,,,,,,,,
0.01,0.025,0.055,0.075,0.05,0.05,Plasma,,,,,,,,,,,,,,,,,,,,,,,
0.01,0.025,0.055,0.075,0.07,0.05,Plasma,,,,,,,,,,,,,,,,,,,,,,,
0.01,0.025,0.055,0.1,0.03,0.05,PlasmaOxy_CC,,,,,,,,,,,,,,,,,,,,,,,
0.01,0.025,0.055,0.1,0.05,0.05,PlasmaOxy_CC,,,,,,,,,,,,,,,,,,,,,,,
0.01,0.025,0.055,0.1,0.07,0.05,PlasmaOxy_CC,,,,,,,,,,,,,,,,,,,,,,,
0.01,0.025,0.055,0.2,0.03,0.05,PlasmaOxy_CC,,,,,,,,,,,,,,,,,,,,,,,
0.01,0.025,0.055,0.2,0.05,0.05,PlasmaOxy_CC,,,,,,,,,,,,,,,,,,,,,,,
0.01,0.025,0.055,0.2,0.07,0.05,PlasmaOxy_CC,,,,,,,,,,,,,,,,,,,,,,,
0.01,0.025,0.055,0.25,0.03,0.05,PlasmaOxy_CC,,,,,,,,,,,,,,,,,,,,,,,
0.01,0.025,0.055,0.25,0.05,0.05,PlasmaOxy_CC,,,,,,,,,,,,,,,,,,,,,,,
0.01,0.025,0.055,0.25,0.07,0.05,PlasmaOxy_CC,,,,,,,,,,,,,,,,,,,,,,,
0.01,0.025,0.075,0.075,0.03,0.05,Plasma,,,,,,,,,,,,,,,,,,,,,,,
0.01,0.025,0.075,0.075,0.05,0.05,Plasma,,,,,,,,,,,,,,,,,,,,,,,
0.01,0.025,0.075,0.075,0.07,0.05,Plasma,,,,,,,,,,,,,,,,,,,,,,,
0.01,0.025,0.075,0.1,0.03,0.05,PlasmaOxy_CC,,,,,,,,,,,,,,,,,,,,,,,
0.01,0.025,0.075,0.1,0.05,0.05,PlasmaOxy_CC,,,,,,,,,,,,,,,,,,,,,,,
0.01,0.025,0.075,0.1,0.07,0.05,PlasmaOxy_CC,,,,,,,,,,,,,,,,,,,,,,,
0.01,0.025,0.075,0.2,0.03,0.05,PlasmaOxy_CC,,,,,,,,,,,,,,,,,,,,,,,
0.01,0.025,0.075,0.2,0.05,0.05,PlasmaOxy_CC,,,,,,,,,,,,,,,,,,,,,,,
0.01,0.025,0.075,0.2,0.07,0.05,PlasmaOxy_CC,,,,,,,,,,,,,,,,,,,,,,,
0.01,0.025,0.075,0.25,0.03,0.05,PlasmaOxy_CC,,,,,,,,,,,,,,,,,,,,,,,
0.01,0.025,0.075,0.25,0.05,0.05,PlasmaOxy_CC,,,,,,,,,,,,,,,,,,,,,,,
0.01,0.025,0.075,0.25,0.07,0.05,PlasmaOxy_CC,,,,,,,,,,,,,,,,,,,,,,,
0.01,0.025,0.1,0.075,0.03,0.05,Plasma,,,,,,,,,,,,,,,,,,,,,,,
0.01,0.025,0.1,0.075,0.05,0.05,Plasma,,,,,,,,,,,,,,,,,,,,,,,
0.01,0.025,0.1,0.075,0.07,0.05,Plasma,,,,,,,,,,,,,,,,,,,,,,,
0.01,0.025,0.1,0.1,0.03,0.05,PlasmaOxy_CC,,,,,,,,,,,,,,,,,,,,,,,
0.01,0.025,0.1,0.1,0.05,0.05,PlasmaOxy_CC,,,,,,,,,,,,,,,,,,,,,,,
0.01,0.025,0.1,0.1,0.07,0.05,PlasmaOxy_CC,,,,,,,,,,,,,,,,,,,,,,,
0.01,0.025,0.1,0.2,0.03,0.05,PlasmaOxy_CC,,,,,,,,,,,,,,,,,,,,,,,
0.01,0.025,0.1,0.2,0.05,0.05,PlasmaOxy_CC,,,,,,,,,,,,,,,,,,,,,,,
0.01,0.025,0.1,0.2,0.07,0.05,PlasmaOxy_CC,,,,,,,,,,,,,,,,,,,,,,,
0.01,0.025,0.1,0.25,0.03,0.05,PlasmaOxy_CC,,,,,,,,,,,,,,,,,,,,,,,
0.01,0.025,0.1,0.25,0.05,0.05,PlasmaOxy_CC,,,,,,,,,,,,,,,,,,,,,,,
0.01,0.025,0.1,0.25,0.07,0.05,PlasmaOxy_CC,,,,,,,,,,,,,,,,,,,,,,,
0.01,0.05,0.01,0.075,0.03,0.05,Plasma,,,,,,,,,,,,,,,,,,,,,,,
0.01,0.05,0.01,0.075,0.05,0.05,Plasma,,,,,,,,,,,,,,,,,,,,,,,
0.01,0.05,0.01,0.075,0.07,0.05,Plasma,,,,,,,,,,,,,,,,,,,,,,,
0.01,0.05,0.01,0.1,0.03,0.05,PlasmaOxy_CC,,,,,,,,,,,,,,,,,,,,,,,
0.01,0.05,0.01,0.1,0.05,0.05,PlasmaOxy_CC,,,,,,,,,,,,,,,,,,,,,,,
0.01,0.05,0.01,0.1,0.07,0.05,PlasmaOxy_CC,,,,,,,,,,,,,,,,,,,,,,,
0.01,0.05,0.01,0.2,0.03,0.05,PlasmaOxy_CC,,,,,,,,,,,,,,,,,,,,,,,
0.01,0.05,0.01,0.2,0.05,0.05,PlasmaOxy_CC,,,,,,,,,,,,,,,,,,,,,,,
0.01,0.05,0.01,0.2,0.07,0.05,PlasmaOxy_CC,,,,,,,,,,,,,,,,,,,,,,,
0.01,0.05,0.01,0.25,0.03,0.05,PlasmaOxy_CC,,,,,,,,,,,,,,,,,,,,,,,
0.01,0.05,0.01,0.25,0.05,0.05,PlasmaOxy_CC,,,,,,,,,,,,,,,,,,,,,,,
0.01,0.05,0.01,0.25,0.07,0.05,PlasmaOxy_CC,,,,,,,,,,,,,,,,,,,,,,,
0.01,0.05,0.035,0.075,0.03,0.05,Plasma,,,,,,,,,,,,,,,,,,,,,,,
0.01,0.05,0.035,0.075,0.05,0.05,Plasma,,,,,,,,,,,,,,,,,,,,,,,
0.01,0.05,0.035,0.075,0.07,0.05,Plasma,,,,,,,,,,,,,,,,,,,,,,,
0.01,0.05,0.035,0.1,0.03,0.05,PlasmaOxy_CC,,,,,,,,,,,,,,,,,,,,,,,
0.01,0.05,0.035,0.1,0.05,0.05,PlasmaOxy_CC,,,,,,,,,,,,,,,,,,,,,,,
0.01,0.05,0.035,0.1,0.07,0.05,PlasmaOxy_CC,,,,,,,,,,,,,,,,,,,,,,,
0.01,0.05,0.035,0.2,0.03,0.05,PlasmaOxy_CC,,,,,,,,,,,,,,,,,,,,,,,
0.01,0.05,0.035,0.2,0.05,0.05,PlasmaOxy_CC,,,,,,,,,,,,,,,,,,,,,,,
0.01,0.05,0.035,0.2,0.07,0.05,PlasmaOxy_CC,,,,,,,,,,,,,,,,,,,,,,,
0.01,0.05,0.035,0.25,0.03,0.05,PlasmaOxy_CC,,,,,,,,,,,,,,,,,,,,,,,
0.01,0.05,0.035,0.25,0.05,0.05,PlasmaOxy_CC,,,,,,,,,,,,,,,,,,,,,,,
0.01,0.05,0.035,0.25,0.07,0.05,PlasmaOxy_CC,,,,,,,,,,,,,,,,,,,,,,,
0.01,0.05,0.055,0.075,0.03,0.05,Plasma,,,,,,,,,,,,,,,,,,,,,,,
0.01,0.05,0.055,0.075,0.05,0.05,Plasma,,,,,,,,,,,,,,,,,,,,,,,
0.01,0.05,0.055,0.075,0.07,0.05,Plasma,,,,,,,,,,,,,,,,,,,,,,,
0.01,0.05,0.055,0.1,0.03,0.05,PlasmaOxy_CC,,,,,,,,,,,,,,,,,,,,,,,
0.01,0.05,0.055,0.1,0.05,0.05,PlasmaOxy_CC,,,,,,,,,,,,,,,,,,,,,,,
0.01,0.05,0.055,0.1,0.07,0.05,PlasmaOxy_CC,,,,,,,,,,,,,,,,,,,,,,,
0.01,0.05,0.055,0.2,0.03,0.05,PlasmaOxy_CC,,,,,,,,,,,,,,,,,,,,,,,
0.01,0.05,0.055,0.2,0.05,0.05,PlasmaOxy_CC,,,,,,,,,,,,,,,,,,,,,,,
0.01,0.05,0.055,0.2,0.07,0.05,PlasmaOxy_CC,,,,,,,,,,,,,,,,,,,,,,,
0.01,0.05,0.055,0.25,0.03,0.05,PlasmaOxy_CC,,,,,,,,,,,,,,,,,,,,,,,
0.01,0.05,0.055,0.25,0.05,0.05,PlasmaOxy_CC,,,,,,,,,,,,,,,,,,,,,,,
0.01,0.05,0.055,0.25,0.07,0.05,PlasmaOxy_CC,,,,,,,,,,,,,,,,,,,,,,,
0.01,0.05,0.075,0.075,0.03,0.05,Plasma,,,,,,,,,,,,,,,,,,,,,,,
0.01,0.05,0.075,0.075,0.05,0.05,Plasma,,,,,,,,,,,,,,,,,,,,,,,
0.01,0.05,0.075,0.075,0.07,0.05,Plasma,,,,,,,,,,,,,,,,,,,,,,,
0.01,0.05,0.075,0.1,0.03,0.05,PlasmaOxy_CC,,,,,,,,,,,,,,,,,,,,,,,
0.01,0.05,0.075,0.1,0.05,0.05,PlasmaOxy_CC,,,,,,,,,,,,,,,,,,,,,,,
0.01,0.05,0.075,0.1,0.07,0.05,PlasmaOxy_CC,,,,,,,,,,,,,,,,,,,,,,,
0.01,0.05,0.075,0.2,0.03,0.05,PlasmaOxy_CC,,,,,,,,,,,,,,,,,,,,,,,
0.01,0.05,0.075,0.2,0.05,0.05,PlasmaOxy_CC,,,,,,,,,,,,,,,,,,,,,,,
0.01,0.05,0.075,0.2,0.07,0.05,PlasmaOxy_CC,,,,,,,,,,,,,,,,,,,,,,,
0.01,0.05,0.075,0.25,0.03,0.05,PlasmaOxy_CC,,,,,,,,,,,,,,,,,,,,,,,
0.01,0.05,0.075,0.25,0.05,0.05,PlasmaOxy_CC,,,,,,,,,,,,,,,,,,,,,,,
0.01,0.05,0.075,0.25,0.07,0.05,PlasmaOxy_CC,,,,,,,,,,,,,,,,,,,,,,,
0.01,0.05,0.1,0.075,0.03,0.05,Plasma,,,,,,,,,,,,,,,,,,,,,,,
0.01,0.05,0.1,0.075,0.05,0.05,Plasma,,,,,,,,,,,,,,,,,,,,,,,
0.01,0.05,0.1,0.075,0.07,0.05,Plasma,,,,,,,,,,,,,,,,,,,,,,,
0.01,0.05,0.1,0.1,0.03,0.05,PlasmaOxy_CC,,,,,,,,,,,,,,,,,,,,,,,
0.01,0.05,0.1,0.1,0.05,0.05,PlasmaOxy_CC,,,,,,,,,,,,,,,,,,,,,,,
0.01,0.05,0.1,0.1,0.07,0.05,PlasmaOxy_CC,,,,,,,,,,,,,,,,,,,,,,,
0.01,0.05,0.1,0.2,0.03,0.05,PlasmaOxy_CC,,,,,,,,,,,,,,,,,,,,,,,
0.01,0.05,0.1,0.2,0.05,0.05,PlasmaOxy_CC,,,,,,,,,,,,,,,,,,,,,,,
0.01,0.05,0.1,0.2,0.07,0.05,PlasmaOxy_CC,,,,,,,,,,,,,,,,,,,,,,,
0.01,0.05,0.1,0.25,0.03,0.05,PlasmaOxy_CC,,,,,,,,,,,,,,,,,,,,,,,
0.01,0.05,0.1,0.25,0.05,0.05,PlasmaOxy_CC,,,,,,,,,,,,,,,,,,,,,,,
0.01,0.05,0.1,0.25,0.07,0.05,PlasmaOxy_CC,,,,,,,,,,,,,,,,,,,,,,,
0.01,0.075,0.01,0.075,0.03,0.05,Plasma,,,,,,,,,,,,,,,,,,,,,,,
0.01,0.075,0.01,0.075,0.05,0.05,Plasma,,,,,,,,,,,,,,,,,,,,,,,
0.01,0.075,0.01,0.075,0.07,0.05,Plasma,,,,,,,,,,,,,,,,,,,,,,,
0.01,0.075,0.01,0.1,0.03,0.05,PlasmaOxy_CC,,,,,,,,,,,,,,,,,,,,,,,
0.01,0.075,0.01,0.1,0.05,0.05,PlasmaOxy_CC,,,,,,,,,,,,,,,,,,,,,,,
0.01,0.075,0.01,0.1,0.07,0.05,PlasmaOxy_CC,,,,,,,,,,,,,,,,,,,,,,,
0.01,0.075,0.01,0.2,0.03,0.05,PlasmaOxy_CC,,,,,,,,,,,,,,,,,,,,,,,
0.01,0.075,0.01,0.2,0.05,0.05,PlasmaOxy_CC,,,,,,,,,,,,,,,,,,,,,,,
0.01,0.075,0.01,0.2,0.07,0.05,PlasmaOxy_CC,,,,,,,,,,,,,,,,,,,,,,,
0.01,0.075,0.01,0.25,0.03,0.05,PlasmaOxy_CC,,,,,,,,,,,,,,,,,,,,,,,
0.01,0.075,0.01,0.25,0.05,0.05,PlasmaOxy_CC,,,,,,,,,,,,,,,,,,,,,,,
0.01,0.075,0.01,0.25,0.07,0.05,PlasmaOxy_CC,,,,,,,,,,,,,,,,,,,,,,,
0.01,0.075,0.035,0.075,0.03,0.05,Plasma,,,,,,,,,,,,,,,,,,,,,,,
0.01,0.075,0.035,0.075,0.05,0.05,Plasma,,,,,,,,,,,,,,,,,,,,,,,
0.01,0.075,0.035,0.075,0.07,0.05,Plasma,,,,,,,,,,,,,,,,,,,,,,,
0.01,0.075,0.035,0.1,0.03,0.05,PlasmaOxy_CC,,,,,,,,,,,,,,,,,,,,,,,
0.01,0.075,0.035,0.1,0.05,0.05,PlasmaOxy_CC,,,,,,,,,,,,,,,,,,,,,,,
0.01,0.075,0.035,0.1,0.07,0.05,PlasmaOxy_CC,,,,,,,,,,,,,,,,,,,,,,,
0.01,0.075,0.035,0.2,0.03,0.05,PlasmaOxy_CC,,,,,,,,,,,,,,,,,,,,,,,
0.01,0.075,0.035,0.2,0.05,0.05,PlasmaOxy_CC,,,,,,,,,,,,,,,,,,,,,,,
0.01,0.075,0.035,0.2,0.07,0.05,PlasmaOxy_CC,,,,,,,,,,,,,,,,,,,,,,,
0.01,0.075,0.035,0.25,0.03,0.05,PlasmaOxy_CC,,,,,,,,,,,,,,,,,,,,,,,
0.01,0.075,0.035,0.25,0.05,0.05,PlasmaOxy_CC,,,,,,,,,,,,,,,,,,,,,,,
0.01,0.075,0.035,0.25,0.07,0.05,PlasmaOxy_CC,,,,,,,,,,,,,,,,,,,,,,,
0.01,0.075,0.055,0.075,0.03,0.05,Plasma,,,,,,,,,,,,,,,,,,,,,,,
0.01,0.075,0.055,0.075,0.05,0.05,Plasma,,,,,,,,,,,,,,,,,,,,,,,
0.01,0.075,0.055,0.075,0.07,0.05,Plasma,,,,,,,,,,,,,,,,,,,,,,,
0.01,0.075,0.055,0.1,0.03,0.05,PlasmaOxy_CC,,,,,,,,,,,,,,,,,,,,,,,
0.01,0.075,0.055,0.1,0.05,0.05,PlasmaOxy_CC,,,,,,,,,,,,,,,,,,,,,,,
0.01,0.075,0.055,0.1,0.07,0.05,PlasmaOxy_CC,,,,,,,,,,,,,,,,,,,,,,,
0.01,0.075,0.055,0.2,0.03,0.05,PlasmaOxy_CC,,,,,,,,,,,,,,,,,,,,,,,
0.01,0.075,0.055,0.2,0.05,0.05,PlasmaOxy_CC,,,,,,,,,,,,,,,,,,,,,,,
0.01,0.075,0.055,0.2,0.07,0.05,PlasmaOxy_CC,,,,,,,,,,,,,,,,,,,,,,,
0.01,0.075,0.055,0.25,0.03,0.05,PlasmaOxy_CC,,,,,,,,,,,,,,,,,,,,,,,
0.01,0.075,0.055,0.25,0.05,0.05,PlasmaOxy_CC,,,,,,,,,,,,,,,,,,,,,,,
0.01,0.075,0.055,0.25,0.07,0.05,PlasmaOxy_CC,,,,,,,,,,,,,,,,,,,,,,,
0.01,0.075,0.075,0.075,0.03,0.05,Plasma,,,,,,,,,,,,,,,,,,,,,,,
0.01,0.075,0.075,0.075,0.05,0.05,Plasma,,,,,,,,,,,,,,,,,,,,,,,
0.01,0.075,0.075,0.075,0.07,0.05,Plasma,,,,,,,,,,,,,,,,,,,,,,,
0.01,0.075,0.075,0.1,0.03,0.05,PlasmaOxy_CC,,,,,,,,,,,,,,,,,,,,,,,
0.01,0.075,0.075,0.1,0.05,0.05,PlasmaOxy_CC,,,,,,,,,,,,,,,,,,,,,,,
0.01,0.075,0.075,0.1,0.07,0.05,PlasmaOxy_CC,,,,,,,,,,,,,,,,,,,,,,,
0.01,0.075,0.075,0.2,0.03,0.05,PlasmaOxy_CC,,,,,,,,,,,,,,,,,,,,,,,
0.01,0.075,0.075,0.2,0.05,0.05,PlasmaOxy_CC,,,,,,,,,,,,,,,,,,,,,,,
0.01,0.075,0.075,0.2,0.07,0.05,PlasmaOxy_CC,,,,,,,,,,,,,,,,,,,,,,,
0.01,0.075,0.075,0.25,0.03,0.05,PlasmaOxy_CC,,,,,,,,,,,,,,,,,,,,,,,
0.01,0.075,0.075,0.25,0.05,0.05,PlasmaOxy_CC,,,,,,,,,,,,,,,,,,,,,,,
0.01,0.075,0.075,0.25,0.07,0.05,PlasmaOxy_CC,,,,,,,,,,,,,,,,,,,,,,,
0.01,0.075,0.1,0.075,0.03,0.05,Plasma,,,,,,,,,,,,,,,,,,,,,,,
0.01,0.075,0.1,0.075,0.05,0.05,Plasma,,,,,,,,,,,,,,,,,,,,,,,
0.01,0.075,0.1,0.075,0.07,0.05,Plasma,,,,,,,,,,,,,,,,,,,,,,,
0.01,0.075,0.1,0.1,0.03,0.05,PlasmaOxy_CC,,,,,,,,,,,,,,,,,,,,,,,
0.01,0.075,0.1,0.1,0.05,0.05,PlasmaOxy_CC,,,,,,,,,,,,,,,,,,,,,,,
0.01,0.075,0.1,0.1,0.07,0.05,PlasmaOxy_CC,,,,,,,,,,,,,,,,,,,,,,,
0.01,0.075,0.1,0.2,0.03,0.05,PlasmaOxy_CC,,,,,,,,,,,,,,,,,,,,,,,
0.01,0.075,0.1,0.2,0.05,0.05,PlasmaOxy_CC,,,,,,,,,,,,,,,,,,,,,,,
0.01,0.075,0.1,0.2,0.07,0.05,PlasmaOxy_CC,,,,,,,,,,,,,,,,,,,,,,,
0.01,0.075,0.1,0.25,0.03,0.05,PlasmaOxy_CC,,,,,,,,,,,,,,,,,,,,,,,
0.01,0.075,0.1,0.25,0.05,0.05,PlasmaOxy_CC,,,,,,,,,,,,,,,,,,,,,,,
0.01,0.075,0.1,0.25,0.07,0.05,PlasmaOxy_CC,,,,,,,,,,,,,,,,,,,,,,,
0.01,0.1,0.01,0.075,0.03,0.05,Plasma,,,,,,,,,,,,,,,,,,,,,,,
0.01,0.1,0.01,0.075,0.05,0.05,Plasma,,,,,,,,,,,,,,,,,,,,,,,
0.01,0.1,0.01,0.075,0.07,0.05,Plasma,,,,,,,,,,,,,,,,,,,,,,,
0.01,0.1,0.01,0.1,0.03,0.05,PlasmaOxy_CC,,,,,,,,,,,,,,,,,,,,,,,
0.01,0.1,0.01,0.1,0.05,0.05,PlasmaOxy_CC,,,,,,,,,,,,,,,,,,,,,,,
0.01,0.1,0.01,0.1,0.07,0.05,PlasmaOxy_CC,,,,,,,,,,,,,,,,,,,,,,,
0.01,0.1,0.01,0.2,0.03,0.05,PlasmaOxy_CC,,,,,,,,,,,,,,,,,,,,,,,
0.01,0.1,0.01,0.2,0.05,0.05,PlasmaOxy_CC,,,,,,,,,,,,,,,,,,,,,,,
0.01,0.1,0.01,0.2,0.07,0.05,PlasmaOxy_CC,,,,,,,,,,,,,,,,,,,,,,,
0.01,0.1,0.01,0.25,0.03,0.05,PlasmaOxy_CC,,,,,,,,,,,,,,,,,,,,,,,
0.01,0.1,0.01,0.25,0.05,0.05,PlasmaOxy_CC,,,,,,,,,,,,,,,,,,,,,,,
0.01,0.1,0.01,0.25,0.07,0.05,PlasmaOxy_CC,,,,,,,,,,,,,,,,,,,,,,,
0.01,0.1,0.035,0.075,0.03,0.05,Plasma,,,,,,,,,,,,,,,,,,,,,,,
0.01,0.1,0.035,0.075,0.05,0.05,Plasma,,,,,,,,,,,,,,,,,,,,,,,
0.01,0.1,0.035,0.075,0.07,0.05,Plasma,,,,,,,,,,,,,,,,,,,,,,,
0.01,0.1,0.035,0.1,0.03,0.05,PlasmaOxy_CC,,,,,,,,,,,,,,,,,,,,,,,
0.01,0.1,0.035,0.1,0.05,0.05,PlasmaOxy_CC,,,,,,,,,,,,,,,,,,,,,,,
0.01,0.1,0.035,0.1,0.07,0.05,PlasmaOxy_CC,,,,,,,,,,,,,,,,,,,,,,,
0.01,0.1,0.035,0.2,0.03,0.05,PlasmaOxy_CC,,,,,,,,,,,,,,,,,,,,,,,
0.01,0.1,0.035,0.2,0.05,0.05,PlasmaOxy_CC,,,,,,,,,,,,,,,,,,,,,,,
0.01,0.1,0.035,0.2,0.07,0.05,PlasmaOxy_CC,,,,,,,,,,,,,,,,,,,,,,,
0.01,0.1,0.035,0.25,0.03,0.05,PlasmaOxy_CC,,,,,,,,,,,,,,,,,,,,,,,
0.01,0.1,0.035,0.25,0.05,0.05,PlasmaOxy_CC,,,,,,,,,,,,,,,,,,,,,,,
0.01,0.1,0.035,0.25,0.07,0.05,PlasmaOxy_CC,,,,,,,,,,,,,,,,,,,,,,,
0.01,0.1,0.055,0.075,0.03,0.05,Plasma,,,,,,,,,,,,,,,,,,,,,,,
0.01,0.1,0.055,0.075,0.05,0.05,Plasma,,,,,,,,,,,,,,,,,,,,,,,
0.01,0.1,0.055,0.075,0.07,0.05,Plasma,,,,,,,,,,,,,,,,,,,,,,,
0.01,0.1,0.055,0.1,0.03,0.05,PlasmaOxy_CC,,,,,,,,,,,,,,,,,,,,,,,
0.01,0.1,0.055,0.1,0.05,0.05,PlasmaOxy_CC,,,,,,,,,,,,,,,,,,,,,,,
0.01,0.1,0.055,0.1,0.07,0.05,PlasmaOxy_CC,,,,,,,,,,,,,,,,,,,,,,,
0.01,0.1,0.055,0.2,0.03,0.05,PlasmaOxy_CC,,,,,,,,,,,,,,,,,,,,,,,
0.01,0.1,0.055,0.2,0.05,0.05,PlasmaOxy_CC,,,,,,,,,,,,,,,,,,,,,,,
0.01,0.1,0.055,0.2,0.07,0.05,PlasmaOxy_CC,,,,,,,,,,,,,,,,,,,,,,,
0.01,0.1,0.055,0.25,0.03,0.05,PlasmaOxy_CC,,,,,,,,,,,,,,,,,,,,,,,
0.01,0.1,0.055,0.25,0.05,0.05,PlasmaOxy_CC,,,,,,,,,,,,,,,,,,,,,,,
0.01,0.1,0.055,0.25,0.07,0.05,PlasmaOxy_CC,,,,,,,,,,,,,,,,,,,,,,,
0.01,0.1,0.075,0.075,0.03,0.05,Plasma,,,,,,,,,,,,,,,,,,,,,,,
0.01,0.1,0.075,0.075,0.05,0.05,Plasma,,,,,,,,,,,,,,,,,,,,,,,
0.01,0.1,0.075,0.075,0.07,0.05,Plasma,,,,,,,,,,,,,,,,,,,,,,,
0.01,0.1,0.075,0.1,0.03,0.05,PlasmaOxy_CC,,,,,,,,,,,,,,,,,,,,,,,
0.01,0.1,0.075,0.1,0.05,0.05,PlasmaOxy_CC,,,,,,,,,,,,,,,,,,,,,,,
0.01,0.1,0.075,0.1,0.07,0.05,PlasmaOxy_CC,,,,,,,,,,,,,,,,,,,,,,,
0.01,0.1,0.075,0.2,0.03,0.05,PlasmaOxy_CC,,,,,,,,,,,,,,,,,,,,,,,
0.01,0.1,0.075,0.2,0.05,0.05,PlasmaOxy_CC,,,,,,,,,,,,,,,,,,,,,,,
0.01,0.1,0.075,0.2,0.07,0.05,PlasmaOxy_CC,,,,,,,,,,,,,,,,,,,,,,,
0.01,0.1,0.075,0.25,0.03,0.05,PlasmaOxy_CC,,,,,,,,,,,,,,,,,,,,,,,
0.01,0.1,0.075,0.25,0.05,0.05,PlasmaOxy_CC,,,,,,,,,,,,,,,,,,,,,,,
0.01,0.1,0.075,0.25,0.07,0.05,PlasmaOxy_CC,,,,,,,,,,,,,,,,,,,,,,,
0.01,0.1,0.1,0.075,0.03,0.05,Plasma,,,,,,,,,,,,,,,,,,,,,,,
0.01,0.1,0.1,0.075,0.05,0.05,Plasma,,,,,,,,,,,,,,,,,,,,,,,
0.01,0.1,0.1,0.075,0.07,0.05,Plasma,,,,,,,,,,,,,,,,,,,,,,,
0.01,0.1,0.1,0.1,0.03,0.05,PlasmaOxy_CC,,,,,,,,,,,,,,,,,,,,,,,
0.01,0.1,0.1,0.1,0.05,0.05,PlasmaOxy_CC,,,,,,,,,,,,,,,,,,,,,,,
0.01,0.1,0.1,0.1,0.07,0.05,PlasmaOxy_CC,,,,,,,,,,,,,,,,,,,,,,,
0.01,0.1,0.1,0.2,0.03,0.05,PlasmaOxy_CC,,,,,,,,,,,,,,,,,,,,,,,
0.01,0.1,0.1,0.2,0.05,0.05,PlasmaOxy_CC,,,,,,,,,,,,,,,,,,,,,,,
0.01,0.1,0.1,0.2,0.07,0.05,PlasmaOxy_CC,,,,,,,,,,,,,,,,,,,,,,,
0.01,0.1,0.1,0.25,0.03,0.05,PlasmaOxy_CC,,,,,,,,,,,,,,,,,,,,,,,
0.01,0.1,0.1,0.25,0.05,0.05,PlasmaOxy_CC,,,,,,,,,,,,,,,,,,,,,,,
0.01,0.1,0.1,0.25,0.07,0.05,PlasmaOxy_CC,,,,,,,,,,,,,,,,,,,,,,,
0.01,0.15,0.01,0.075,0.03,0.05,Plasma,,,,,,,,,,,,,,,,,,,,,,,
0.01,0.15,0.01,0.075,0.05,0.05,Plasma,,,,,,,,,,,,,,,,,,,,,,,
0.01,0.15,0.01,0.075,0.07,0.05,Plasma,,,,,,,,,,,,,,,,,,,,,,,
0.01,0.15,0.01,0.1,0.03,0.05,PlasmaOxy_CC,,,,,,,,,,,,,,,,,,,,,,,
0.01,0.15,0.01,0.1,0.05,0.05,PlasmaOxy_CC,,,,,,,,,,,,,,,,,,,,,,,
0.01,0.15,0.01,0.1,0.07,0.05,PlasmaOxy_CC,,,,,,,,,,,,,,,,,,,,,,,
0.01,0.15,0.01,0.2,0.03,0.05,PlasmaOxy_CC,,,,,,,,,,,,,,,,,,,,,,,
0.01,0.15,0.01,0.2,0.05,0.05,PlasmaOxy_CC,,,,,,,,,,,,,,,,,,,,,,,
0.01,0.15,0.01,0.2,0.07,0.05,PlasmaOxy_CC,,,,,,,,,,,,,,,,,,,,,,,
0.01,0.15,0.01,0.25,0.03,0.05,PlasmaOxy_CC,,,,,,,,,,,,,,,,,,,,,,,
0.01,0.15,0.01,0.25,0.05,0.05,PlasmaOxy_CC,,,,,,,,,,,,,,,,,,,,,,,
0.01,0.15,0.01,0.25,0.07,0.05,PlasmaOxy_CC,,,,,,,,,,,,,,,,,,,,,,,
0.01,0.15,0.035,0.075,0.03,0.05,Plasma,,,,,,,,,,,,,,,,,,,,,,,
0.01,0.15,0.035,0.075,0.05,0.05,Plasma,,,,,,,,,,,,,,,,,,,,,,,
0.01,0.15,0.035,0.075,0.07,0.05,Plasma,,,,,,,,,,,,,,,,,,,,,,,
0.01,0.15,0.035,0.1,0.03,0.05,PlasmaOxy_CC,,,,,,,,,,,,,,,,,,,,,,,
0.01,0.15,0.035,0.1,0.05,0.05,PlasmaOxy_CC,,,,,,,,,,,,,,,,,,,,,,,
0.01,0.15,0.035,0.1,0.07,0.05,PlasmaOxy_CC,,,,,,,,,,,,,,,,,,,,,,,
0.01,0.15,0.035,0.2,0.03,0.05,PlasmaOxy_CC,,,,,,,,,,,,,,,,,,,,,,,
0.01,0.15,0.035,0.2,0.05,0.05,PlasmaOxy_CC,,,,,,,,,,,,,,,,,,,,,,,
0.01,0.15,0.035,0.2,0.07,0.05,PlasmaOxy_CC,,,,,,,,,,,,,,,,,,,,,,,
0.01,0.15,0.035,0.25,0.03,0.05,PlasmaOxy_CC,,,,,,,,,,,,,,,,,,,,,,,
0.01,0.15,0.035,0.25,0.05,0.05,PlasmaOxy_CC,,,,,,,,,,,,,,,,,,,,,,,
0.01,0.15,0.035,0.25,0.07,0.05,PlasmaOxy_CC,,,,,,,,,,,,,,,,,,,,,,,
0.01,0.15,0.055,0.075,0.03,0.05,Plasma,,,,,,,,,,,,,,,,,,,,,,,
0.01,0.15,0.055,0.075,0.05,0.05,Plasma,,,,,,,,,,,,,,,,,,,,,,,
0.01,0.15,0.055,0.075,0.07,0.05,Plasma,,,,,,,,,,,,,,,,,,,,,,,
0.01,0.15,0.055,0.1,0.03,0.05,PlasmaOxy_CC,,,,,,,,,,,,,,,,,,,,,,,
0.01,0.15,0.055,0.1,0.05,0.05,PlasmaOxy_CC,,,,,,,,,,,,,,,,,,,,,,,
0.01,0.15,0.055,0.1,0.07,0.05,PlasmaOxy_CC,,,,,,,,,,,,,,,,,,,,,,,
0.01,0.15,0.055,0.2,0.03,0.05,PlasmaOxy_CC,,,,,,,,,,,,,,,,,,,,,,,
0.01,0.15,0.055,0.2,0.05,0.05,PlasmaOxy_CC,,,,,,,,,,,,,,,,,,,,,,,
0.01,0.15,0.055,0.2,0.07,0.05,PlasmaOxy_CC,,,,,,,,,,,,,,,,,,,,,,,
0.01,0.15,0.055,0.25,0.03,0.05,PlasmaOxy_CC,,,,,,,,,,,,,,,,,,,,,,,
0.01,0.15,0.055,0.25,0.05,0.05,PlasmaOxy_CC,,,,,,,,,,,,,,,,,,,,,,,
0.01,0.15,0.055,0.25,0.07,0.05,PlasmaOxy_CC,,,,,,,,,,,,,,,,,,,,,,,
0.01,0.15,0.075,0.075,0.03,0.05,Plasma,,,,,,,,,,,,,,,,,,,,,,,
0.01,0.15,0.075,0.075,0.05,0.05,Plasma,,,,,,,,,,,,,,,,,,,,,,,
0.01,0.15,0.075,0.075,0.07,0.05,Plasma,,,,,,,,,,,,,,,,,,,,,,,
0.01,0.15,0.075,0.1,0.03,0.05,PlasmaOxy_CC,,,,,,,,,,,,,,,,,,,,,,,
0.01,0.15,0.075,0.1,0.05,0.05,PlasmaOxy_CC,,,,,,,,,,,,,,,,,,,,,,,
0.01,0.15,0.075,0.1,0.07,0.05,PlasmaOxy_CC,,,,,,,,,,,,,,,,,,,,,,,
0.01,0.15,0.075,0.2,0.03,0.05,PlasmaOxy_CC,,,,,,,,,,,,,,,,,,,,,,,
0.01,0.15,0.075,0.2,0.05,0.05,PlasmaOxy_CC,,,,,,,,,,,,,,,,,,,,,,,
0.01,0.15,0.075,0.2,0.07,0.05,PlasmaOxy_CC,,,,,,,,,,,,,,,,,,,,,,,
0.01,0.15,0.075,0.25,0.03,0.05,PlasmaOxy_CC,,,,,,,,,,,,,,,,,,,,,,,
0.01,0.15,0.075,0.25,0.05,0.05,PlasmaOxy_CC,,,,,,,,,,,,,,,,,,,,,,,
0.01,0.15,0.075,0.25,0.07,0.05,PlasmaOxy_CC,,,,,,,,,,,,,,,,,,,,,,,
0.01,0.15,0.1,0.075,0.03,0.05,Plasma,,,,,,,,,,,,,,,,,,,,,,,
0.01,0.15,0.1,0.075,0.05,0.05,Plasma,,,,,,,,,,,,,,,,,,,,,,,
0.01,0.15,0.1,0.075,0.07,0.05,Plasma,,,,,,,,,,,,,,,,,,,,,,,
0.01,0.15,0.1,0.1,0.03,0.05,PlasmaOxy_CC,,,,,,,,,,,,,,,,,,,,,,,
0.01,0.15,0.1,0.1,0.05,0.05,PlasmaOxy_CC,,,,,,,,,,,,,,,,,,,,,,,
0.01,0.15,0.1,0.1,0.07,0.05,PlasmaOxy_CC,,,,,,,,,,,,,,,,,,,,,,,
0.01,0.15,0.1,0.2,0.03,0.05,PlasmaOxy_CC,,,,,,,,,,,,,,,,,,,,,,,
0.01,0.15,0.1,0.2,0.05,0.05,PlasmaOxy_CC,,,,,,,,,,,,,,,,,,,,,,,
0.01,0.15,0.1,0.2,0.07,0.05,PlasmaOxy_CC,,,,,,,,,,,,,,,,,,,,,,,
0.01,0.15,0.1,0.25,0.03,0.05,PlasmaOxy_CC,,,,,,,,,,,,,,,,,,,,,,,
0.01,0.15,0.1,0.25,0.05,0.05,PlasmaOxy_CC,,,,,,,,,,,,,,,,,,,,,,,
0.01,0.15,0.1,0.25,0.07,0.05,PlasmaOxy_CC,,,,,,,,,,,,,,,,,,,,,,,
0.01,0.2,0.01,0.075,0.03,0.05,Plasma,,,,,,,,,,,,,,,,,,,,,,,
0.01,0.2,0.01,0.075,0.05,0.05,Plasma,,,,,,,,,,,,,,,,,,,,,,,
0.01,0.2,0.01,0.075,0.07,0.05,Plasma,,,,,,,,,,,,,,,,,,,,,,,
0.01,0.2,0.01,0.1,0.03,0.05,PlasmaOxy_CC,,,,,,,,,,,,,,,,,,,,,,,
0.01,0.2,0.01,0.1,0.05,0.05,PlasmaOxy_CC,,,,,,,,,,,,,,,,,,,,,,,
0.01,0.2,0.01,0.1,0.07,0.05,PlasmaOxy_CC,,,,,,,,,,,,,,,,,,,,,,,
0.01,0.2,0.01,0.2,0.03,0.05,PlasmaOxy_CC,,,,,,,,,,,,,,,,,,,,,,,
0.01,0.2,0.01,0.2,0.05,0.05,PlasmaOxy_CC,,,,,,,,,,,,,,,,,,,,,,,
0.01,0.2,0.01,0.2,0.07,0.05,PlasmaOxy_CC,,,,,,,,,,,,,,,,,,,,,,,
0.01,0.2,0.01,0.25,0.03,0.05,PlasmaOxy_CC,,,,,,,,,,,,,,,,,,,,,,,
0.01,0.2,0.01,0.25,0.05,0.05,PlasmaOxy_CC,,,,,,,,,,,,,,,,,,,,,,,
0.01,0.2,0.01,0.25,0.07,0.05,PlasmaOxy_CC,,,,,,,,,,,,,,,,,,,,,,,
0.01,0.2,0.035,0.075,0.03,0.05,Plasma,,,,,,,,,,,,,,,,,,,,,,,
0.01,0.2,0.035,0.075,0.05,0.05,Plasma,,,,,,,,,,,,,,,,,,,,,,,
0.01,0.2,0.035,0.075,0.07,0.05,Plasma,,,,,,,,,,,,,,,,,,,,,,,
0.01,0.2,0.035,0.1,0.03,0.05,PlasmaOxy_CC,,,,,,,,,,,,,,,,,,,,,,,
0.01,0.2,0.035,0.1,0.05,0.05,PlasmaOxy_CC,,,,,,,,,,,,,,,,,,,,,,,
0.01,0.2,0.035,0.1,0.07,0.05,PlasmaOxy_CC,,,,,,,,,,,,,,,,,,,,,,,
0.01,0.2,0.035,0.2,0.03,0.05,PlasmaOxy_CC,,,,,,,,,,,,,,,,,,,,,,,
0.01,0.2,0.035,0.2,0.05,0.05,PlasmaOxy_CC,,,,,,,,,,,,,,,,,,,,,,,
0.01,0.2,0.035,0.2,0.07,0.05,PlasmaOxy_CC,,,,,,,,,,,,,,,,,,,,,,,
0.01,0.2,0.035,0.25,0.03,0.05,PlasmaOxy_CC,,,,,,,,,,,,,,,,,,,,,,,
0.01,0.2,0.035,0.25,0.05,0.05,PlasmaOxy_CC,,,,,,,,,,,,,,,,,,,,,,,
0.01,0.2,0.035,0.25,0.07,0.05,PlasmaOxy_CC,,,,,,,,,,,,,,,,,,,,,,,
0.01,0.2,0.055,0.075,0.03,0.05,Plasma,,,,,,,,,,,,,,,,,,,,,,,
0.01,0.2,0.055,0.075,0.05,0.05,Plasma,,,,,,,,,,,,,,,,,,,,,,,
0.01,0.2,0.055,0.075,0.07,0.05,Plasma,,,,,,,,,,,,,,,,,,,,,,,
0.01,0.2,0.055,0.1,0.03,0.05,PlasmaOxy_CC,,,,,,,,,,,,,,,,,,,,,,,
0.01,0.2,0.055,0.1,0.05,0.05,PlasmaOxy_CC,,,,,,,,,,,,,,,,,,,,,,,
0.01,0.2,0.055,0.1,0.07,0.05,PlasmaOxy_CC,,,,,,,,,,,,,,,,,,,,,,,
0.01,0.2,0.055,0.2,0.03,0.05,PlasmaOxy_CC,,,,,,,,,,,,,,,,,,,,,,,
0.01,0.2,0.055,0.2,0.05,0.05,PlasmaOxy_CC,,,,,,,,,,,,,,,,,,,,,,,
0.01,0.2,0.055,0.2,0.07,0.05,PlasmaOxy_CC,,,,,,,,,,,,,,,,,,,,,,,
0.01,0.2,0.055,0.25,0.03,0.05,PlasmaOxy_CC,,,,,,,,,,,,,,,,,,,,,,,
0.01,0.2,0.055,0.25,0.05,0.05,PlasmaOxy_CC,,,,,,,,,,,,,,,,,,,,,,,
0.01,0.2,0.055,0.25,0.07,0.05,PlasmaOxy_CC,,,,,,,,,,,,,,,,,,,,,,,
0.01,0.2,0.075,0.075,0.03,0.05,Plasma,,,,,,,,,,,,,,,,,,,,,,,
0.01,0.2,0.075,0.075,0.05,0.05,Plasma,,,,,,,,,,,,,,,,,,,,,,,
0.01,0.2,0.075,0.075,0.07,0.05,Plasma,,,,,,,,,,,,,,,,,,,,,,,
0.01,0.2,0.075,0.1,0.03,0.05,PlasmaOxy_CC,,,,,,,,,,,,,,,,,,,,,,,
0.01,0.2,0.075,0.1,0.05,0.05,PlasmaOxy_CC,,,,,,,,,,,,,,,,,,,,,,,
0.01,0.2,0.075,0.1,0.07,0.05,PlasmaOxy_CC,,,,,,,,,,,,,,,,,,,,,,,
0.01,0.2,0.075,0.2,0.03,0.05,PlasmaOxy_CC,,,,,,,,,,,,,,,,,,,,,,,
0.01,0.2,0.075,0.2,0.05,0.05,PlasmaOxy_CC,,,,,,,,,,,,,,,,,,,,,,,
0.01,0.2,0.075,0.2,0.07,0.05,PlasmaOxy_CC,,,,,,,,,,,,,,,,,,,,,,,
0.01,0.2,0.075,0.25,0.03,0.05,PlasmaOxy_CC,,,,,,,,,,,,,,,,,,,,,,,
0.01,0.2,0.075,0.25,0.05,0.05,PlasmaOxy_CC,,,,,,,,,,,,,,,,,,,,,,,
0.01,0.2,0.075,0.25,0.07,0.05,PlasmaOxy_CC,,,,,,,,,,,,,,,,,,,,,,,
0.01,0.2,0.1,0.075,0.03,0.05,Plasma,,,,,,,,,,,,,,,,,,,,,,,
0.01,0.2,0.1,0.075,0.05,0.05,Plasma,,,,,,,,,,,,,,,,,,,,,,,
0.01,0.2,0.1,0.075,0.07,0.05,Plasma,,,,,,,,,,,,,,,,,,,,,,,
0.01,0.2,0.1,0.1,0.03,0.05,PlasmaOxy_CC,,,,,,,,,,,,,,,,,,,,,,,
0.01,0.2,0.1,0.1,0.05,0.05,PlasmaOxy_CC,,,,,,,,,,,,,,,,,,,,,,,
0.01,0.2,0.1,0.1,0.07,0.05,PlasmaOxy_CC,,,,,,,,,,,,,,,,,,,,,,,
0.01,0.2,0.1,0.2,0.03,0.05,PlasmaOxy_CC,,,,,,,,,,,,,,,,,,,,,,,
0.01,0.2,0.1,0.2,0.05,0.05,PlasmaOxy_CC,,,,,,,,,,,,,,,,,,,,,,,
0.01,0.2,0.1,0.2,0.07,0.05,PlasmaOxy_CC,,,,,,,,,,,,,,,,,,,,,,,
0.01,0.2,0.1,0.25,0.03,0.05,PlasmaOxy_CC,,,,,,,,,,,,,,,,,,,,,,,
0.01,0.2,0.1,0.25,0.05,0.05,PlasmaOxy_CC,,,,,,,,,,,,,,,,,,,,,,,
0.01,0.2,0.1,0.25,0.07,0.05,PlasmaOxy_CC,,,,,,,,,,,,,,,,,,,,,,,
0.025,0.01,0.01,0.075,0.03,0.05,NG,,,,,,,,,,,,,,,,,,,,,,,
0.025,0.01,0.01,0.075,0.05,0.05,NG,,,,,,,,,,,,,,,,,,,,,,,
0.025,0.01,0.01,0.075,0.07,0.05,NG,,,,,,,,,,,,,,,,,,,,,,,
0.025,0.01,0.01,0.1,0.03,0.05,PlasmaOxy_CC,,,,,,,,,,,,,,,,,,,,,,,
0.025,0.01,0.01,0.1,0.05,0.05,PlasmaOxy_CC,,,,,,,,,,,,,,,,,,,,,,,
0.025,0.01,0.01,0.1,0.07,0.05,PlasmaOxy_CC,,,,,,,,,,,,,,,,,,,,,,,
0.025,0.01,0.01,0.2,0.03,0.05,PlasmaOxy_CC,,,,,,,,,,,,,,,,,,,,,,,
0.025,0.01,0.01,0.2,0.05,0.05,PlasmaOxy_CC,,,,,,,,,,,,,,,,,,,,,,,
0.025,0.01,0.01,0.2,0.07,0.05,PlasmaOxy_CC,,,,,,,,,,,,,,,,,,,,,,,
0.025,0.01,0.01,0.25,0.03,0.05,PlasmaOxy_CC,,,,,,,,,,,,,,,,,,,,,,,
0.025,0.01,0.01,0.25,0.05,0.05,PlasmaOxy_CC,,,,,,,,,,,,,,,,,,,,,,,
0.025,0.01,0.01,0.25,0.07,0.05,PlasmaOxy_CC,,,,,,,,,,,,,,,,,,,,,,,
0.025,0.01,0.035,0.075,0.03,0.05,Plasma,,,,,,,,,,,,,,,,,,,,,,,
0.025,0.01,0.035,0.075,0.05,0.05,Plasma,,,,,,,,,,,,,,,,,,,,,,,
0.025,0.01,0.035,0.075,0.07,0.05,Plasma,,,,,,,,,,,,,,,,,,,,,,,
0.025,0.01,0.035,0.1,0.03,0.05,PlasmaOxy_CC,,,,,,,,,,,,,,,,,,,,,,,
0.025,0.01,0.035,0.1,0.05,0.05,PlasmaOxy_CC,,,,,,,,,,,,,,,,,,,,,,,
0.025,0.01,0.035,0.1,0.07,0.05,PlasmaOxy_CC,,,,,,,,,,,,,,,,,,,,,,,
0.025,0.01,0.035,0.2,0.03,0.05,PlasmaOxy_CC,,,,,,,,,,,,,,,,,,,,,,,
0.025,0.01,0.035,0.2,0.05,0.05,PlasmaOxy_CC,,,,,,,,,,,,,,,,,,,,,,,
0.025,0.01,0.035,0.2,0.07,0.05,PlasmaOxy_CC,,,,,,,,,,,,,,,,,,,,,,,
0.025,0.01,0.035,0.25,0.03,0.05,PlasmaOxy_CC,,,,,,,,,,,,,,,,,,,,,,,
0.025,0.01,0.035,0.25,0.05,0.05,PlasmaOxy_CC,,,,,,,,,,,,,,,,,,,,,,,
0.025,0.01,0.035,0.25,0.07,0.05,PlasmaOxy_CC,,,,,,,,,,,,,,,,,,,,,,,
0.025,0.01,0.055,0.075,0.03,0.05,Plasma,,,,,,,,,,,,,,,,,,,,,,,
0.025,0.01,0.055,0.075,0.05,0.05,Plasma,,,,,,,,,,,,,,,,,,,,,,,
0.025,0.01,0.055,0.075,0.07,0.05,Plasma,,,,,,,,,,,,,,,,,,,,,,,
0.025,0.01,0.055,0.1,0.03,0.05,PlasmaOxy_CC,,,,,,,,,,,,,,,,,,,,,,,
0.025,0.01,0.055,0.1,0.05,0.05,PlasmaOxy_CC,,,,,,,,,,,,,,,,,,,,,,,
0.025,0.01,0.055,0.1,0.07,0.05,PlasmaOxy_CC,,,,,,,,,,,,,,,,,,,,,,,
0.025,0.01,0.055,0.2,0.03,0.05,PlasmaOxy_CC,,,,,,,,,,,,,,,,,,,,,,,
0.025,0.01,0.055,0.2,0.05,0.05,PlasmaOxy_CC,,,,,,,,,,,,,,,,,,,,,,,
0.025,0.01,0.055,0.2,0.07,0.05,PlasmaOxy_CC,,,,,,,,,,,,,,,,,,,,,,,
0.025,0.01,0.055,0.25,0.03,0.05,PlasmaOxy_CC,,,,,,,,,,,,,,,,,,,,,,,
0.025,0.01,0.055,0.25,0.05,0.05,PlasmaOxy_CC,,,,,,,,,,,,,,,,,,,,,,,
0.025,0.01,0.055,0.25,0.07,0.05,PlasmaOxy_CC,,,,,,,,,,,,,,,,,,,,,,,
0.025,0.01,0.075,0.075,0.03,0.05,Plasma,,,,,,,,,,,,,,,,,,,,,,,
0.025,0.01,0.075,0.075,0.05,0.05,Plasma,,,,,,,,,,,,,,,,,,,,,,,
0.025,0.01,0.075,0.075,0.07,0.05,Plasma,,,,,,,,,,,,,,,,,,,,,,,
0.025,0.01,0.075,0.1,0.03,0.05,PlasmaOxy_CC,,,,,,,,,,,,,,,,,,,,,,,
0.025,0.01,0.075,0.1,0.05,0.05,PlasmaOxy_CC,,,,,,,,,,,,,,,,,,,,,,,
0.025,0.01,0.075,0.1,0.07,0.05,PlasmaOxy_CC,,,,,,,,,,,,,,,,,,,,,,,
0.025,0.01,0.075,0.2,0.03,0.05,PlasmaOxy_CC,,,,,,,,,,,,,,,,,,,,,,,
0.025,0.01,0.075,0.2,0.05,0.05,PlasmaOxy_CC,,,,,,,,,,,,,,,,,,,,,,,
0.025,0.01,0.075,0.2,0.07,0.05,PlasmaOxy_CC,,,,,,,,,,,,,,,,,,,,,,,
0.025,0.01,0.075,0.25,0.03,0.05,PlasmaOxy_CC,,,,,,,,,,,,,,,,,,,,,,,
0.025,0.01,0.075,0.25,0.05,0.05,PlasmaOxy_CC,,,,,,,,,,,,,,,,,,,,,,,
0.025,0.01,0.075,0.25,0.07,0.05,PlasmaOxy_CC,,,,,,,,,,,,,,,,,,,,,,,
0.025,0.01,0.1,0.075,0.03,0.05,Plasma,,,,,,,,,,,,,,,,,,,,,,,
0.025,0.01,0.1,0.075,0.05,0.05,Plasma,,,,,,,,,,,,,,,,,,,,,,,
0.025,0.01,0.1,0.075,0.07,0.05,Plasma,,,,,,,,,,,,,,,,,,,,,,,
0.025,0.01,0.1,0.1,0.03,0.05,PlasmaOxy_CC,,,,,,,,,,,,,,,,,,,,,,,
0.025,0.01,0.1,0.1,0.05,0.05,PlasmaOxy_CC,,,,,,,,,,,,,,,,,,,,,,,
0.025,0.01,0.1,0.1,0.07,0.05,PlasmaOxy_CC,,,,,,,,,,,,,,,,,,,,,,,
0.025,0.01,0.1,0.2,0.03,0.05,PlasmaOxy_CC,,,,,,,,,,,,,,,,,,,,,,,
0.025,0.01,0.1,0.2,0.05,0.05,PlasmaOxy_CC,,,,,,,,,,,,,,,,,,,,,,,
0.025,0.01,0.1,0.2,0.07,0.05,PlasmaOxy_CC,,,,,,,,,,,,,,,,,,,,,,,
0.025,0.01,0.1,0.25,0.03,0.05,PlasmaOxy_CC,,,,,,,,,,,,,,,,,,,,,,,
0.025,0.01,0.1,0.25,0.05,0.05,PlasmaOxy_CC,,,,,,,,,,,,,,,,,,,,,,,
0.025,0.01,0.1,0.25,0.07,0.05,PlasmaOxy_CC,,,,,,,,,,,,,,,,,,,,,,,
0.025,0.025,0.01,0.075,0.03,0.05,NG,,,,,,,,,,,,,,,,,,,,,,,
0.025,0.025,0.01,0.075,0.05,0.05,NG,,,,,,,,,,,,,,,,,,,,,,,
0.025,0.025,0.01,0.075,0.07,0.05,NG,,,,,,,,,,,,,,,,,,,,,,,
0.025,0.025,0.01,0.1,0.03,0.05,PlasmaOxy_CC,,,,,,,,,,,,,,,,,,,,,,,
0.025,0.025,0.01,0.1,0.05,0.05,PlasmaOxy_CC,,,,,,,,,,,,,,,,,,,,,,,
0.025,0.025,0.01,0.1,0.07,0.05,PlasmaOxy_CC,,,,,,,,,,,,,,,,,,,,,,,
0.025,0.025,0.01,0.2,0.03,0.05,PlasmaOxy_CC,,,,,,,,,,,,,,,,,,,,,,,
0.025,0.025,0.01,0.2,0.05,0.05,PlasmaOxy_CC,,,,,,,,,,,,,,,,,,,,,,,
0.025,0.025,0.01,0.2,0.07,0.05,PlasmaOxy_CC,,,,,,,,,,,,,,,,,,,,,,,
0.025,0.025,0.01,0.25,0.03,0.05,PlasmaOxy_CC,,,,,,,,,,,,,,,,,,,,,,,
0.025,0.025,0.01,0.25,0.05,0.05,PlasmaOxy_CC,,,,,,,,,,,,,,,,,,,,,,,
0.025,0.025,0.01,0.25,0.07,0.05,PlasmaOxy_CC,,,,,,,,,,,,,,,,,,,,,,,
0.025,0.025,0.035,0.075,0.03,0.05,Plasma,,,,,,,,,,,,,,,,,,,,,,,
0.025,0.025,0.035,0.075,0.05,0.05,Plasma,,,,,,,,,,,,,,,,,,,,,,,
0.025,0.025,0.035,0.075,0.07,0.05,Plasma,,,,,,,,,,,,,,,,,,,,,,,
0.025,0.025,0.035,0.1,0.03,0.05,PlasmaOxy_CC,,,,,,,,,,,,,,,,,,,,,,,
0.025,0.025,0.035,0.1,0.05,0.05,PlasmaOxy_CC,,,,,,,,,,,,,,,,,,,,,,,
0.025,0.025,0.035,0.1,0.07,0.05,PlasmaOxy_CC,,,,,,,,,,,,,,,,,,,,,,,
0.025,0.025,0.035,0.2,0.03,0.05,PlasmaOxy_CC,,,,,,,,,,,,,,,,,,,,,,,
0.025,0.025,0.035,0.2,0.05,0.05,PlasmaOxy_CC,,,,,,,,,,,,,,,,,,,,,,,
0.025,0.025,0.035,0.2,0.07,0.05,PlasmaOxy_CC,,,,,,,,,,,,,,,,,,,,,,,
0.025,0.025,0.035,0.25,0.03,0.05,PlasmaOxy_CC,,,,,,,,,,,,,,,,,,,,,,,
0.025,0.025,0.035,0.25,0.05,0.05,PlasmaOxy_CC,,,,,,,,,,,,,,,,,,,,,,,
0.025,0.025,0.035,0.25,0.07,0.05,PlasmaOxy_CC,,,,,,,,,,,,,,,,,,,,,,,
0.025,0.025,0.055,0.075,0.03,0.05,Plasma,,,,,,,,,,,,,,,,,,,,,,,
0.025,0.025,0.055,0.075,0.05,0.05,Plasma,,,,,,,,,,,,,,,,,,,,,,,
0.025,0.025,0.055,0.075,0.07,0.05,Plasma,,,,,,,,,,,,,,,,,,,,,,,
0.025,0.025,0.055,0.1,0.03,0.05,PlasmaOxy_CC,,,,,,,,,,,,,,,,,,,,,,,
0.025,0.025,0.055,0.1,0.05,0.05,PlasmaOxy_CC,,,,,,,,,,,,,,,,,,,,,,,
0.025,0.025,0.055,0.1,0.07,0.05,PlasmaOxy_CC,,,,,,,,,,,,,,,,,,,,,,,
0.025,0.025,0.055,0.2,0.03,0.05,PlasmaOxy_CC,,,,,,,,,,,,,,,,,,,,,,,
0.025,0.025,0.055,0.2,0.05,0.05,PlasmaOxy_CC,,,,,,,,,,,,,,,,,,,,,,,
0.025,0.025,0.055,0.2,0.07,0.05,PlasmaOxy_CC,,,,,,,,,,,,,,,,,,,,,,,
0.025,0.025,0.055,0.25,0.03,0.05,PlasmaOxy_CC,,,,,,,,,,,,,,,,,,,,,,,
0.025,0.025,0.055,0.25,0.05,0.05,PlasmaOxy_CC,,,,,,,,,,,,,,,,,,,,,,,
0.025,0.025,0.055,0.25,0.07,0.05,PlasmaOxy_CC,,,,,,,,,,,,,,,,,,,,,,,
0.025,0.025,0.075,0.075,0.03,0.05,Plasma,,,,,,,,,,,,,,,,,,,,,,,
0.025,0.025,0.075,0.075,0.05,0.05,Plasma,,,,,,,,,,,,,,,,,,,,,,,
0.025,0.025,0.075,0.075,0.07,0.05,Plasma,,,,,,,,,,,,,,,,,,,,,,,
0.025,0.025,0.075,0.1,0.03,0.05,PlasmaOxy_CC,,,,,,,,,,,,,,,,,,,,,,,
0.025,0.025,0.075,0.1,0.05,0.05,PlasmaOxy_CC,,,,,,,,,,,,,,,,,,,,,,,
0.025,0.025,0.075,0.1,0.07,0.05,PlasmaOxy_CC,,,,,,,,,,,,,,,,,,,,,,,
0.025,0.025,0.075,0.2,0.03,0.05,PlasmaOxy_CC,,,,,,,,,,,,,,,,,,,,,,,
0.025,0.025,0.075,0.2,0.05,0.05,PlasmaOxy_CC,,,,,,,,,,,,,,,,,,,,,,,
0.025,0.025,0.075,0.2,0.07,0.05,PlasmaOxy_CC,,,,,,,,,,,,,,,,,,,,,,,
0.025,0.025,0.075,0.25,0.03,0.05,PlasmaOxy_CC,,,,,,,,,,,,,,,,,,,,,,,
0.025,0.025,0.075,0.25,0.05,0.05,PlasmaOxy_CC,,,,,,,,,,,,,,,,,,,,,,,
0.025,0.025,0.075,0.25,0.07,0.05,PlasmaOxy_CC,,,,,,,,,,,,,,,,,,,,,,,
0.025,0.025,0.1,0.075,0.03,0.05,Plasma,,,,,,,,,,,,,,,,,,,,,,,
0.025,0.025,0.1,0.075,0.05,0.05,Plasma,,,,,,,,,,,,,,,,,,,,,,,
0.025,0.025,0.1,0.075,0.07,0.05,Plasma,,,,,,,,,,,,,,,,,,,,,,,
0.025,0.025,0.1,0.1,0.03,0.05,PlasmaOxy_CC,,,,,,,,,,,,,,,,,,,,,,,
0.025,0.025,0.1,0.1,0.05,0.05,PlasmaOxy_CC,,,,,,,,,,,,,,,,,,,,,,,
0.025,0.025,0.1,0.1,0.07,0.05,PlasmaOxy_CC,,,,,,,,,,,,,,,,,,,,,,,
0.025,0.025,0.1,0.2,0.03,0.05,PlasmaOxy_CC,,,,,,,,,,,,,,,,,,,,,,,
0.025,0.025,0.1,0.2,0.05,0.05,PlasmaOxy_CC,,,,,,,,,,,,,,,,,,,,,,,
0.025,0.025,0.1,0.2,0.07,0.05,PlasmaOxy_CC,,,,,,,,,,,,,,,,,,,,,,,
0.025,0.025,0.1,0.25,0.03,0.05,PlasmaOxy_CC,,,,,,,,,,,,,,,,,,,,,,,
0.025,0.025,0.1,0.25,0.05,0.05,PlasmaOxy_CC,,,,,,,,,,,,,,,,,,,,,,,
0.025,0.025,0.1,0.25,0.07,0.05,PlasmaOxy_CC,,,,,,,,,,,,,,,,,,,,,,,
0.025,0.05,0.01,0.075,0.03,0.05,NG,,,,,,,,,,,,,,,,,,,,,,,
0.025,0.05,0.01,0.075,0.05,0.05,NG,,,,,,,,,,,,,,,,,,,,,,,
0.025,0.05,0.01,0.075,0.07,0.05,NG,,,,,,,,,,,,,,,,,,,,,,,
0.025,0.05,0.01,0.1,0.03,0.05,PlasmaOxy_CC,,,,,,,,,,,,,,,,,,,,,,,
0.025,0.05,0.01,0.1,0.05,0.05,PlasmaOxy_CC,,,,,,,,,,,,,,,,,,,,,,,
0.025,0.05,0.01,0.1,0.07,0.05,PlasmaOxy_CC,,,,,,,,,,,,,,,,,,,,,,,
0.025,0.05,0.01,0.2,0.03,0.05,PlasmaOxy_CC,,,,,,,,,,,,,,,,,,,,,,,
0.025,0.05,0.01,0.2,0.05,0.05,PlasmaOxy_CC,,,,,,,,,,,,,,,,,,,,,,,
0.025,0.05,0.01,0.2,0.07,0.05,PlasmaOxy_CC,,,,,,,,,,,,,,,,,,,,,,,
0.025,0.05,0.01,0.25,0.03,0.05,PlasmaOxy_CC,,,,,,,,,,,,,,,,,,,,,,,
0.025,0.05,0.01,0.25,0.05,0.05,PlasmaOxy_CC,,,,,,,,,,,,,,,,,,,,,,,
0.025,0.05,0.01,0.25,0.07,0.05,PlasmaOxy_CC,,,,,,,,,,,,,,,,,,,,,,,
0.025,0.05,0.035,0.075,0.03,0.05,Plasma,,,,,,,,,,,,,,,,,,,,,,,
0.025,0.05,0.035,0.075,0.05,0.05,Plasma,,,,,,,,,,,,,,,,,,,,,,,
0.025,0.05,0.035,0.075,0.07,0.05,Plasma,,,,,,,,,,,,,,,,,,,,,,,
0.025,0.05,0.035,0.1,0.03,0.05,PlasmaOxy_CC,,,,,,,,,,,,,,,,,,,,,,,
0.025,0.05,0.035,0.1,0.05,0.05,PlasmaOxy_CC,,,,,,,,,,,,,,,,,,,,,,,
0.025,0.05,0.035,0.1,0.07,0.05,PlasmaOxy_CC,,,,,,,,,,,,,,,,,,,,,,,
0.025,0.05,0.035,0.2,0.03,0.05,PlasmaOxy_CC,,,,,,,,,,,,,,,,,,,,,,,
0.025,0.05,0.035,0.2,0.05,0.05,PlasmaOxy_CC,,,,,,,,,,,,,,,,,,,,,,,
0.025,0.05,0.035,0.2,0.07,0.05,PlasmaOxy_CC,,,,,,,,,,,,,,,,,,,,,,,
0.025,0.05,0.035,0.25,0.03,0.05,PlasmaOxy_CC,,,,,,,,,,,,,,,,,,,,,,,
0.025,0.05,0.035,0.25,0.05,0.05,PlasmaOxy_CC,,,,,,,,,,,,,,,,,,,,,,,
0.025,0.05,0.035,0.25,0.07,0.05,PlasmaOxy_CC,,,,,,,,,,,,,,,,,,,,,,,
0.025,0.05,0.055,0.075,0.03,0.05,Plasma,,,,,,,,,,,,,,,,,,,,,,,
0.025,0.05,0.055,0.075,0.05,0.05,Plasma,,,,,,,,,,,,,,,,,,,,,,,
0.025,0.05,0.055,0.075,0.07,0.05,Plasma,,,,,,,,,,,,,,,,,,,,,,,
0.025,0.05,0.055,0.1,0.03,0.05,PlasmaOxy_CC,,,,,,,,,,,,,,,,,,,,,,,
0.025,0.05,0.055,0.1,0.05,0.05,PlasmaOxy_CC,,,,,,,,,,,,,,,,,,,,,,,
0.025,0.05,0.055,0.1,0.07,0.05,PlasmaOxy_CC,,,,,,,,,,,,,,,,,,,,,,,
0.025,0.05,0.055,0.2,0.03,0.05,PlasmaOxy_CC,,,,,,,,,,,,,,,,,,,,,,,
0.025,0.05,0.055,0.2,0.05,0.05,PlasmaOxy_CC,,,,,,,,,,,,,,,,,,,,,,,
0.025,0.05,0.055,0.2,0.07,0.05,PlasmaOxy_CC,,,,,,,,,,,,,,,,,,,,,,,
0.025,0.05,0.055,0.25,0.03,0.05,PlasmaOxy_CC,,,,,,,,,,,,,,,,,,,,,,,
0.025,0.05,0.055,0.25,0.05,0.05,PlasmaOxy_CC,,,,,,,,,,,,,,,,,,,,,,,
0.025,0.05,0.055,0.25,0.07,0.05,PlasmaOxy_CC,,,,,,,,,,,,,,,,,,,,,,,
0.025,0.05,0.075,0.075,0.03,0.05,Plasma,,,,,,,,,,,,,,,,,,,,,,,
0.025,0.05,0.075,0.075,0.05,0.05,Plasma,,,,,,,,,,,,,,,,,,,,,,,
0.025,0.05,0.075,0.075,0.07,0.05,Plasma,,,,,,,,,,,,,,,,,,,,,,,
0.025,0.05,0.075,0.1,0.03,0.05,PlasmaOxy_CC,,,,,,,,,,,,,,,,,,,,,,,
0.025,0.05,0.075,0.1,0.05,0.05,PlasmaOxy_CC,,,,,,,,,,,,,,,,,,,,,,,
0.025,0.05,0.075,0.1,0.07,0.05,PlasmaOxy_CC,,,,,,,,,,,,,,,,,,,,,,,
0.025,0.05,0.075,0.2,0.03,0.05,PlasmaOxy_CC,,,,,,,,,,,,,,,,,,,,,,,
0.025,0.05,0.075,0.2,0.05,0.05,PlasmaOxy_CC,,,,,,,,,,,,,,,,,,,,,,,
0.025,0.05,0.075,0.2,0.07,0.05,PlasmaOxy_CC,,,,,,,,,,,,,,,,,,,,,,,
0.025,0.05,0.075,0.25,0.03,0.05,PlasmaOxy_CC,,,,,,,,,,,,,,,,,,,,,,,
0.025,0.05,0.075,0.25,0.05,0.05,PlasmaOxy_CC,,,,,,,,,,,,,,,,,,,,,,,
0.025,0.05,0.075,0.25,0.07,0.05,PlasmaOxy_CC,,,,,,,,,,,,,,,,,,,,,,,
0.025,0.05,0.1,0.075,0.03,0.05,Plasma,,,,,,,,,,,,,,,,,,,,,,,
0.025,0.05,0.1,0.075,0.05,0.05,Plasma,,,,,,,,,,,,,,,,,,,,,,,
0.025,0.05,0.1,0.075,0.07,0.05,Plasma,,,,,,,,,,,,,,,,,,,,,,,
0.025,0.05,0.1,0.1,0.03,0.05,PlasmaOxy_CC,,,,,,,,,,,,,,,,,,,,,,,
0.025,0.05,0.1,0.1,0.05,0.05,PlasmaOxy_CC,,,,,,,,,,,,,,,,,,,,,,,
0.025,0.05,0.1,0.1,0.07,0.05,PlasmaOxy_CC,,,,,,,,,,,,,,,,,,,,,,,
0.025,0.05,0.1,0.2,0.03,0.05,PlasmaOxy_CC,,,,,,,,,,,,,,,,,,,,,,,
0.025,0.05,0.1,0.2,0.05,0.05,PlasmaOxy_CC,,,,,,,,,,,,,,,,,,,,,,,
0.025,0.05,0.1,0.2,0.07,0.05,PlasmaOxy_CC,,,,,,,,,,,,,,,,,,,,,,,
0.025,0.05,0.1,0.25,0.03,0.05,PlasmaOxy_CC,,,,,,,,,,,,,,,,,,,,,,,
0.025,0.05,0.1,0.25,0.05,0.05,PlasmaOxy_CC,,,,,,,,,,,,,,,,,,,,,,,
0.025,0.05,0.1,0.25,0.07,0.05,PlasmaOxy_CC,,,,,,,,,,,,,,,,,,,,,,,
0.025,0.075,0.01,0.075,0.03,0.05,NG,,,,,,,,,,,,,,,,,,,,,,,
0.025,0.075,0.01,0.075,0.05,0.05,NG,,,,,,,,,,,,,,,,,,,,,,,
0.025,0.075,0.01,0.075,0.07,0.05,NG,,,,,,,,,,,,,,,,,,,,,,,
0.025,0.075,0.01,0.1,0.03,0.05,PlasmaOxy_CC,,,,,,,,,,,,,,,,,,,,,,,
0.025,0.075,0.01,0.1,0.05,0.05,PlasmaOxy_CC,,,,,,,,,,,,,,,,,,,,,,,
0.025,0.075,0.01,0.1,0.07,0.05,PlasmaOxy_CC,,,,,,,,,,,,,,,,,,,,,,,
0.025,0.075,0.01,0.2,0.03,0.05,PlasmaOxy_CC,,,,,,,,,,,,,,,,,,,,,,,
0.025,0.075,0.01,0.2,0.05,0.05,PlasmaOxy_CC,,,,,,,,,,,,,,,,,,,,,,,
0.025,0.075,0.01,0.2,0.07,0.05,PlasmaOxy_CC,,,,,,,,,,,,,,,,,,,,,,,
0.025,0.075,0.01,0.25,0.03,0.05,PlasmaOxy_CC,,,,,,,,,,,,,,,,,,,,,,,
0.025,0.075,0.01,0.25,0.05,0.05,PlasmaOxy_CC,,,,,,,,,,,,,,,,,,,,,,,
0.025,0.075,0.01,0.25,0.07,0.05,PlasmaOxy_CC,,,,,,,,,,,,,,,,,,,,,,,
0.025,0.075,0.035,0.075,0.03,0.05,Plasma,,,,,,,,,,,,,,,,,,,,,,,
0.025,0.075,0.035,0.075,0.05,0.05,Plasma,,,,,,,,,,,,,,,,,,,,,,,
0.025,0.075,0.035,0.075,0.07,0.05,Plasma,,,,,,,,,,,,,,,,,,,,,,,
0.025,0.075,0.035,0.1,0.03,0.05,PlasmaOxy_CC,,,,,,,,,,,,,,,,,,,,,,,
0.025,0.075,0.035,0.1,0.05,0.05,PlasmaOxy_CC,,,,,,,,,,,,,,,,,,,,,,,
0.025,0.075,0.035,0.1,0.07,0.05,PlasmaOxy_CC,,,,,,,,,,,,,,,,,,,,,,,
0.025,0.075,0.035,0.2,0.03,0.05,PlasmaOxy_CC,,,,,,,,,,,,,,,,,,,,,,,
0.025,0.075,0.035,0.2,0.05,0.05,PlasmaOxy_CC,,,,,,,,,,,,,,,,,,,,,,,
0.025,0.075,0.035,0.2,0.07,0.05,PlasmaOxy_CC,,,,,,,,,,,,,,,,,,,,,,,
0.025,0.075,0.035,0.25,0.03,0.05,PlasmaOxy_CC,,,,,,,,,,,,,,,,,,,,,,,
0.025,0.075,0.035,0.25,0.05,0.05,PlasmaOxy_CC,,,,,,,,,,,,,,,,,,,,,,,
0.025,0.075,0.035,0.25,0.07,0.05,PlasmaOxy_CC,,,,,,,,,,,,,,,,,,,,,,,
0.025,0.075,0.055,0.075,0.03,0.05,Plasma,,,,,,,,,,,,,,,,,,,,,,,
0.025,0.075,0.055,0.075,0.05,0.05,Plasma,,,,,,,,,,,,,,,,,,,,,,,
0.025,0.075,0.055,0.075,0.07,0.05,Plasma,,,,,,,,,,,,,,,,,,,,,,,
0.025,0.075,0.055,0.1,0.03,0.05,PlasmaOxy_CC,,,,,,,,,,,,,,,,,,,,,,,
0.025,0.075,0.055,0.1,0.05,0.05,PlasmaOxy_CC,,,,,,,,,,,,,,,,,,,,,,,
0.025,0.075,0.055,0.1,0.07,0.05,PlasmaOxy_CC,,,,,,,,,,,,,,,,,,,,,,,
0.025,0.075,0.055,0.2,0.03,0.05,PlasmaOxy_CC,,,,,,,,,,,,,,,,,,,,,,,
0.025,0.075,0.055,0.2,0.05,0.05,PlasmaOxy_CC,,,,,,,,,,,,,,,,,,,,,,,
0.025,0.075,0.055,0.2,0.07,0.05,PlasmaOxy_CC,,,,,,,,,,,,,,,,,,,,,,,
0.025,0.075,0.055,0.25,0.03,0.05,PlasmaOxy_CC,,,,,,,,,,,,,,,,,,,,,,,
0.025,0.075,0.055,0.25,0.05,0.05,PlasmaOxy_CC,,,,,,,,,,,,,,,,,,,,,,,
0.025,0.075,0.055,0.25,0.07,0.05,PlasmaOxy_CC,,,,,,,,,,,,,,,,,,,,,,,
0.025,0.075,0.075,0.075,0.03,0.05,Plasma,,,,,,,,,,,,,,,,,,,,,,,
0.025,0.075,0.075,0.075,0.05,0.05,Plasma,,,,,,,,,,,,,,,,,,,,,,,
0.025,0.075,0.075,0.075,0.07,0.05,Plasma,,,,,,,,,,,,,,,,,,,,,,,
0.025,0.075,0.075,0.1,0.03,0.05,PlasmaOxy_CC,,,,,,,,,,,,,,,,,,,,,,,
0.025,0.075,0.075,0.1,0.05,0.05,PlasmaOxy_CC,,,,,,,,,,,,,,,,,,,,,,,
0.025,0.075,0.075,0.1,0.07,0.05,PlasmaOxy_CC,,,,,,,,,,,,,,,,,,,,,,,
0.025,0.075,0.075,0.2,0.03,0.05,PlasmaOxy_CC,,,,,,,,,,,,,,,,,,,,,,,
0.025,0.075,0.075,0.2,0.05,0.05,PlasmaOxy_CC,,,,,,,,,,,,,,,,,,,,,,,
0.025,0.075,0.075,0.2,0.07,0.05,PlasmaOxy_CC,,,,,,,,,,,,,,,,,,,,,,,
0.025,0.075,0.075,0.25,0.03,0.05,PlasmaOxy_CC,,,,,,,,,,,,,,,,,,,,,,,
0.025,0.075,0.075,0.25,0.05,0.05,PlasmaOxy_CC,,,,,,,,,,,,,,,,,,,,,,,
0.025,0.075,0.075,0.25,0.07,0.05,PlasmaOxy_CC,,,,,,,,,,,,,,,,,,,,,,,
0.025,0.075,0.1,0.075,0.03,0.05,Plasma,,,,,,,,,,,,,,,,,,,,,,,
0.025,0.075,0.1,0.075,0.05,0.05,Plasma,,,,,,,,,,,,,,,,,,,,,,,
0.025,0.075,0.1,0.075,0.07,0.05,Plasma,,,,,,,,,,,,,,,,,,,,,,,
0.025,0.075,0.1,0.1,0.03,0.05,PlasmaOxy_CC,,,,,,,,,,,,,,,,,,,,,,,
0.025,0.075,0.1,0.1,0.05,0.05,PlasmaOxy_CC,,,,,,,,,,,,,,,,,,,,,,,
0.025,0.075,0.1,0.1,0.07,0.05,PlasmaOxy_CC,,,,,,,,,,,,,,,,,,,,,,,
0.025,0.075,0.1,0.2,0.03,0.05,PlasmaOxy_CC,,,,,,,,,,,,,,,,,,,,,,,
0.025,0.075,0.1,0.2,0.05,0.05,PlasmaOxy_CC,,,,,,,,,,,,,,,,,,,,,,,
0.025,0.075,0.1,0.2,0.07,0.05,PlasmaOxy_CC,,,,,,,,,,,,,,,,,,,,,,,
0.025,0.075,0.1,0.25,0.03,0.05,PlasmaOxy_CC,,,,,,,,,,,,,,,,,,,,,,,
0.025,0.075,0.1,0.25,0.05,0.05,PlasmaOxy_CC,,,,,,,,,,,,,,,,,,,,,,,
0.025,0.075,0.1,0.25,0.07,0.05,PlasmaOxy_CC,,,,,,,,,,,,,,,,,,,,,,,
0.025,0.1,0.01,0.075,0.03,0.05,NG,,,,,,,,,,,,,,,,,,,,,,,
0.025,0.1,0.01,0.075,0.05,0.05,NG,,,,,,,,,,,,,,,,,,,,,,,
0.025,0.1,0.01,0.075,0.07,0.05,NG,,,,,,,,,,,,,,,,,,,,,,,
0.025,0.1,0.01,0.1,0.03,0.05,PlasmaOxy_CC,,,,,,,,,,,,,,,,,,,,,,,
0.025,0.1,0.01,0.1,0.05,0.05,PlasmaOxy_CC,,,,,,,,,,,,,,,,,,,,,,,
0.025,0.1,0.01,0.1,0.07,0.05,PlasmaOxy_CC,,,,,,,,,,,,,,,,,,,,,,,
0.025,0.1,0.01,0.2,0.03,0.05,PlasmaOxy_CC,,,,,,,,,,,,,,,,,,,,,,,
0.025,0.1,0.01,0.2,0.05,0.05,PlasmaOxy_CC,,,,,,,,,,,,,,,,,,,,,,,
0.025,0.1,0.01,0.2,0.07,0.05,PlasmaOxy_CC,,,,,,,,,,,,,,,,,,,,,,,
0.025,0.1,0.01,0.25,0.03,0.05,PlasmaOxy_CC,,,,,,,,,,,,,,,,,,,,,,,
0.025,0.1,0.01,0.25,0.05,0.05,PlasmaOxy_CC,,,,,,,,,,,,,,,,,,,,,,,
0.025,0.1,0.01,0.25,0.07,0.05,PlasmaOxy_CC,,,,,,,,,,,,,,,,,,,,,,,
0.025,0.1,0.035,0.075,0.03,0.05,Plasma,,,,,,,,,,,,,,,,,,,,,,,
0.025,0.1,0.035,0.075,0.05,0.05,Plasma,,,,,,,,,,,,,,,,,,,,,,,
0.025,0.1,0.035,0.075,0.07,0.05,Plasma,,,,,,,,,,,,,,,,,,,,,,,
0.025,0.1,0.035,0.1,0.03,0.05,PlasmaOxy_CC,,,,,,,,,,,,,,,,,,,,,,,
0.025,0.1,0.035,0.1,0.05,0.05,PlasmaOxy_CC,,,,,,,,,,,,,,,,,,,,,,,
0.025,0.1,0.035,0.1,0.07,0.05,PlasmaOxy_CC,,,,,,,,,,,,,,,,,,,,,,,
0.025,0.1,0.035,0.2,0.03,0.05,PlasmaOxy_CC,,,,,,,,,,,,,,,,,,,,,,,
0.025,0.1,0.035,0.2,0.05,0.05,PlasmaOxy_CC,,,,,,,,,,,,,,,,,,,,,,,
0.025,0.1,0.035,0.2,0.07,0.05,PlasmaOxy_CC,,,,,,,,,,,,,,,,,,,,,,,
0.025,0.1,0.035,0.25,0.03,0.05,PlasmaOxy_CC,,,,,,,,,,,,,,,,,,,,,,,
0.025,0.1,0.035,0.25,0.05,0.05,PlasmaOxy_CC,,,,,,,,,,,,,,,,,,,,,,,
0.025,0.1,0.035,0.25,0.07,0.05,PlasmaOxy_CC,,,,,,,,,,,,,,,,,,,,,,,
0.025,0.1,0.055,0.075,0.03,0.05,Plasma,,,,,,,,,,,,,,,,,,,,,,,
0.025,0.1,0.055,0.075,0.05,0.05,Plasma,,,,,,,,,,,,,,,,,,,,,,,
0.025,0.1,0.055,0.075,0.07,0.05,Plasma,,,,,,,,,,,,,,,,,,,,,,,
0.025,0.1,0.055,0.1,0.03,0.05,PlasmaOxy_CC,,,,,,,,,,,,,,,,,,,,,,,
0.025,0.1,0.055,0.1,0.05,0.05,PlasmaOxy_CC,,,,,,,,,,,,,,,,,,,,,,,
0.025,0.1,0.055,0.1,0.07,0.05,PlasmaOxy_CC,,,,,,,,,,,,,,,,,,,,,,,
0.025,0.1,0.055,0.2,0.03,0.05,PlasmaOxy_CC,,,,,,,,,,,,,,,,,,,,,,,
0.025,0.1,0.055,0.2,0.05,0.05,PlasmaOxy_CC,,,,,,,,,,,,,,,,,,,,,,,
0.025,0.1,0.055,0.2,0.07,0.05,PlasmaOxy_CC,,,,,,,,,,,,,,,,,,,,,,,
0.025,0.1,0.055,0.25,0.03,0.05,PlasmaOxy_CC,,,,,,,,,,,,,,,,,,,,,,,
0.025,0.1,0.055,0.25,0.05,0.05,PlasmaOxy_CC,,,,,,,,,,,,,,,,,,,,,,,
0.025,0.1,0.055,0.25,0.07,0.05,PlasmaOxy_CC,,,,,,,,,,,,,,,,,,,,,,,
0.025,0.1,0.075,0.075,0.03,0.05,Plasma,,,,,,,,,,,,,,,,,,,,,,,
0.025,0.1,0.075,0.075,0.05,0.05,Plasma,,,,,,,,,,,,,,,,,,,,,,,
0.025,0.1,0.075,0.075,0.07,0.05,Plasma,,,,,,,,,,,,,,,,,,,,,,,
0.025,0.1,0.075,0.1,0.03,0.05,PlasmaOxy_CC,,,,,,,,,,,,,,,,,,,,,,,
0.025,0.1,0.075,0.1,0.05,0.05,PlasmaOxy_CC,,,,,,,,,,,,,,,,,,,,,,,
0.025,0.1,0.075,0.1,0.07,0.05,PlasmaOxy_CC,,,,,,,,,,,,,,,,,,,,,,,
0.025,0.1,0.075,0.2,0.03,0.05,PlasmaOxy_CC,,,,,,,,,,,,,,,,,,,,,,,
0.025,0.1,0.075,0.2,0.05,0.05,PlasmaOxy_CC,,,,,,,,,,,,,,,,,,,,,,,
0.025,0.1,0.075,0.2,0.07,0.05,PlasmaOxy_CC,,,,,,,,,,,,,,,,,,,,,,,
0.025,0.1,0.075,0.25,0.03,0.05,PlasmaOxy_CC,,,,,,,,,,,,,,,,,,,,,,,
0.025,0.1,0.075,0.25,0.05,0.05,PlasmaOxy_CC,,,,,,,,,,,,,,,,,,,,,,,
0.025,0.1,0.075,0.25,0.07,0.05,PlasmaOxy_CC,,,,,,,,,,,,,,,,,,,,,,,
0.025,0.1,0.1,0.075,0.03,0.05,Plasma,,,,,,,,,,,,,,,,,,,,,,,
0.025,0.1,0.1,0.075,0.05,0.05,Plasma,,,,,,,,,,,,,,,,,,,,,,,
0.025,0.1,0.1,0.075,0.07,0.05,Plasma,,,,,,,,,,,,,,,,,,,,,,,
0.025,0.1,0.1,0.1,0.03,0.05,PlasmaOxy_CC,,,,,,,,,,,,,,,,,,,,,,,
0.025,0.1,0.1,0.1,0.05,0.05,PlasmaOxy_CC,,,,,,,,,,,,,,,,,,,,,,,
0.025,0.1,0.1,0.1,0.07,0.05,PlasmaOxy_CC,,,,,,,,,,,,,,,,,,,,,,,
0.025,0.1,0.1,0.2,0.03,0.05,PlasmaOxy_CC,,,,,,,,,,,,,,,,,,,,,,,
0.025,0.1,0.1,0.2,0.05,0.05,PlasmaOxy_CC,,,,,,,,,,,,,,,,,,,,,,,
0.025,0.1,0.1,0.2,0.07,0.05,PlasmaOxy_CC,,,,,,,,,,,,,,,,,,,,,,,
0.025,0.1,0.1,0.25,0.03,0.05,PlasmaOxy_CC,,,,,,,,,,,,,,,,,,,,,,,
0.025,0.1,0.1,0.25,0.05,0.05,PlasmaOxy_CC,,,,,,,,,,,,,,,,,,,,,,,
0.025,0.1,0.1,0.25,0.07,0.05,PlasmaOxy_CC,,,,,,,,,,,,,,,,,,,,,,,
0.025,0.15,0.01,0.075,0.03,0.05,NG,,,,,,,,,,,,,,,,,,,,,,,
0.025,0.15,0.01,0.075,0.05,0.05,NG,,,,,,,,,,,,,,,,,,,,,,,
0.025,0.15,0.01,0.075,0.07,0.05,NG,,,,,,,,,,,,,,,,,,,,,,,
0.025,0.15,0.01,0.1,0.03,0.05,PlasmaOxy_CC,,,,,,,,,,,,,,,,,,,,,,,
0.025,0.15,0.01,0.1,0.05,0.05,PlasmaOxy_CC,,,,,,,,,,,,,,,,,,,,,,,
0.025,0.15,0.01,0.1,0.07,0.05,PlasmaOxy_CC,,,,,,,,,,,,,,,,,,,,,,,
0.025,0.15,0.01,0.2,0.03,0.05,PlasmaOxy_CC,,,,,,,,,,,,,,,,,,,,,,,
0.025,0.15,0.01,0.2,0.05,0.05,PlasmaOxy_CC,,,,,,,,,,,,,,,,,,,,,,,
0.025,0.15,0.01,0.2,0.07,0.05,PlasmaOxy_CC,,,,,,,,,,,,,,,,,,,,,,,
0.025,0.15,0.01,0.25,0.03,0.05,PlasmaOxy_CC,,,,,,,,,,,,,,,,,,,,,,,
0.025,0.15,0.01,0.25,0.05,0.05,PlasmaOxy_CC,,,,,,,,,,,,,,,,,,,,,,,
0.025,0.15,0.01,0.25,0.07,0.05,PlasmaOxy_CC,,,,,,,,,,,,,,,,,,,,,,,
0.025,0.15,0.035,0.075,0.03,0.05,Plasma,,,,,,,,,,,,,,,,,,,,,,,
0.025,0.15,0.035,0.075,0.05,0.05,Plasma,,,,,,,,,,,,,,,,,,,,,,,
0.025,0.15,0.035,0.075,0.07,0.05,Plasma,,,,,,,,,,,,,,,,,,,,,,,
0.025,0.15,0.035,0.1,0.03,0.05,PlasmaOxy_CC,,,,,,,,,,,,,,,,,,,,,,,
0.025,0.15,0.035,0.1,0.05,0.05,PlasmaOxy_CC,,,,,,,,,,,,,,,,,,,,,,,
0.025,0.15,0.035,0.1,0.07,0.05,PlasmaOxy_CC,,,,,,,,,,,,,,,,,,,,,,,
0.025,0.15,0.035,0.2,0.03,0.05,PlasmaOxy_CC,,,,,,,,,,,,,,,,,,,,,,,
0.025,0.15,0.035,0.2,0.05,0.05,PlasmaOxy_CC,,,,,,,,,,,,,,,,,,,,,,,
0.025,0.15,0.035,0.2,0.07,0.05,PlasmaOxy_CC,,,,,,,,,,,,,,,,,,,,,,,
0.025,0.15,0.035,0.25,0.03,0.05,PlasmaOxy_CC,,,,,,,,,,,,,,,,,,,,,,,
0.025,0.15,0.035,0.25,0.05,0.05,PlasmaOxy_CC,,,,,,,,,,,,,,,,,,,,,,,
0.025,0.15,0.035,0.25,0.07,0.05,PlasmaOxy_CC,,,,,,,,,,,,,,,,,,,,,,,
0.025,0.15,0.055,0.075,0.03,0.05,Plasma,,,,,,,,,,,,,,,,,,,,,,,
0.025,0.15,0.055,0.075,0.05,0.05,Plasma,,,,,,,,,,,,,,,,,,,,,,,
0.025,0.15,0.055,0.075,0.07,0.05,Plasma,,,,,,,,,,,,,,,,,,,,,,,
0.025,0.15,0.055,0.1,0.03,0.05,PlasmaOxy_CC,,,,,,,,,,,,,,,,,,,,,,,
0.025,0.15,0.055,0.1,0.05,0.05,PlasmaOxy_CC,,,,,,,,,,,,,,,,,,,,,,,
0.025,0.15,0.055,0.1,0.07,0.05,PlasmaOxy_CC,,,,,,,,,,,,,,,,,,,,,,,
0.025,0.15,0.055,0.2,0.03,0.05,PlasmaOxy_CC,,,,,,,,,,,,,,,,,,,,,,,
0.025,0.15,0.055,0.2,0.05,0.05,PlasmaOxy_CC,,,,,,,,,,,,,,,,,,,,,,,
0.025,0.15,0.055,0.2,0.07,0.05,PlasmaOxy_CC,,,,,,,,,,,,,,,,,,,,,,,
0.025,0.15,0.055,0.25,0.03,0.05,PlasmaOxy_CC,,,,,,,,,,,,,,,,,,,,,,,
0.025,0.15,0.055,0.25,0.05,0.05,PlasmaOxy_CC,,,,,,,,,,,,,,,,,,,,,,,
0.025,0.15,0.055,0.25,0.07,0.05,PlasmaOxy_CC,,,,,,,,,,,,,,,,,,,,,,,
0.025,0.15,0.075,0.075,0.03,0.05,Plasma,,,,,,,,,,,,,,,,,,,,,,,
0.025,0.15,0.075,0.075,0.05,0.05,Plasma,,,,,,,,,,,,,,,,,,,,,,,
0.025,0.15,0.075,0.075,0.07,0.05,Plasma,,,,,,,,,,,,,,,,,,,,,,,
0.025,0.15,0.075,0.1,0.03,0.05,PlasmaOxy_CC,,,,,,,,,,,,,,,,,,,,,,,
0.025,0.15,0.075,0.1,0.05,0.05,PlasmaOxy_CC,,,,,,,,,,,,,,,,,,,,,,,
0.025,0.15,0.075,0.1,0.07,0.05,PlasmaOxy_CC,,,,,,,,,,,,,,,,,,,,,,,
0.025,0.15,0.075,0.2,0.03,0.05,PlasmaOxy_CC,,,,,,,,,,,,,,,,,,,,,,,
0.025,0.15,0.075,0.2,0.05,0.05,PlasmaOxy_CC,,,,,,,,,,,,,,,,,,,,,,,
0.025,0.15,0.075,0.2,0.07,0.05,PlasmaOxy_CC,,,,,,,,,,,,,,,,,,,,,,,
0.025,0.15,0.075,0.25,0.03,0.05,PlasmaOxy_CC,,,,,,,,,,,,,,,,,,,,,,,
0.025,0.15,0.075,0.25,0.05,0.05,PlasmaOxy_CC,,,,,,,,,,,,,,,,,,,,,,,
0.025,0.15,0.075,0.25,0.07,0.05,PlasmaOxy_CC,,,,,,,,,,,,,,,,,,,,,,,
0.025,0.15,0.1,0.075,0.03,0.05,Plasma,,,,,,,,,,,,,,,,,,,,,,,
0.025,0.15,0.1,0.075,0.05,0.05,Plasma,,,,,,,,,,,,,,,,,,,,,,,
0.025,0.15,0.1,0.075,0.07,0.05,Plasma,,,,,,,,,,,,,,,,,,,,,,,
0.025,0.15,0.1,0.1,0.03,0.05,PlasmaOxy_CC,,,,,,,,,,,,,,,,,,,,,,,
0.025,0.15,0.1,0.1,0.05,0.05,PlasmaOxy_CC,,,,,,,,,,,,,,,,,,,,,,,
0.025,0.15,0.1,0.1,0.07,0.05,PlasmaOxy_CC,,,,,,,,,,,,,,,,,,,,,,,
0.025,0.15,0.1,0.2,0.03,0.05,PlasmaOxy_CC,,,,,,,,,,,,,,,,,,,,,,,
0.025,0.15,0.1,0.2,0.05,0.05,PlasmaOxy_CC,,,,,,,,,,,,,,,,,,,,,,,
0.025,0.15,0.1,0.2,0.07,0.05,PlasmaOxy_CC,,,,,,,,,,,,,,,,,,,,,,,
0.025,0.15,0.1,0.25,0.03,0.05,PlasmaOxy_CC,,,,,,,,,,,,,,,,,,,,,,,
0.025,0.15,0.1,0.25,0.05,0.05,PlasmaOxy_CC,,,,,,,,,,,,,,,,,,,,,,,
0.025,0.15,0.1,0.25,0.07,0.05,PlasmaOxy_CC,,,,,,,,,,,,,,,,,,,,,,,
0.025,0.2,0.01,0.075,0.03,0.05,NG,,,,,,,,,,,,,,,,,,,,,,,
0.025,0.2,0.01,0.075,0.05,0.05,NG,,,,,,,,,,,,,,,,,,,,,,,
0.025,0.2,0.01,0.075,0.07,0.05,NG,,,,,,,,,,,,,,,,,,,,,,,
0.025,0.2,0.01,0.1,0.03,0.05,PlasmaOxy_CC,,,,,,,,,,,,,,,,,,,,,,,
0.025,0.2,0.01,0.1,0.05,0.05,PlasmaOxy_CC,,,,,,,,,,,,,,,,,,,,,,,
0.025,0.2,0.01,0.1,0.07,0.05,PlasmaOxy_CC,,,,,,,,,,,,,,,,,,,,,,,
0.025,0.2,0.01,0.2,0.03,0.05,PlasmaOxy_CC,,,,,,,,,,,,,,,,,,,,,,,
0.025,0.2,0.01,0.2,0.05,0.05,PlasmaOxy_CC,,,,,,,,,,,,,,,,,,,,,,,
0.025,0.2,0.01,0.2,0.07,0.05,PlasmaOxy_CC,,,,,,,,,,,,,,,,,,,,,,,
0.025,0.2,0.01,0.25,0.03,0.05,PlasmaOxy_CC,,,,,,,,,,,,,,,,,,,,,,,
0.025,0.2,0.01,0.25,0.05,0.05,PlasmaOxy_CC,,,,,,,,,,,,,,,,,,,,,,,
0.025,0.2,0.01,0.25,0.07,0.05,PlasmaOxy_CC,,,,,,,,,,,,,,,,,,,,,,,
0.025,0.2,0.035,0.075,0.03,0.05,Plasma,,,,,,,,,,,,,,,,,,,,,,,
0.025,0.2,0.035,0.075,0.05,0.05,Plasma,,,,,,,,,,,,,,,,,,,,,,,
0.025,0.2,0.035,0.075,0.07,0.05,Plasma,,,,,,,,,,,,,,,,,,,,,,,
0.025,0.2,0.035,0.1,0.03,0.05,PlasmaOxy_CC,,,,,,,,,,,,,,,,,,,,,,,
0.025,0.2,0.035,0.1,0.05,0.05,PlasmaOxy_CC,,,,,,,,,,,,,,,,,,,,,,,
0.025,0.2,0.035,0.1,0.07,0.05,PlasmaOxy_CC,,,,,,,,,,,,,,,,,,,,,,,
0.025,0.2,0.035,0.2,0.03,0.05,PlasmaOxy_CC,,,,,,,,,,,,,,,,,,,,,,,
0.025,0.2,0.035,0.2,0.05,0.05,PlasmaOxy_CC,,,,,,,,,,,,,,,,,,,,,,,
0.025,0.2,0.035,0.2,0.07,0.05,PlasmaOxy_CC,,,,,,,,,,,,,,,,,,,,,,,
0.025,0.2,0.035,0.25,0.03,0.05,PlasmaOxy_CC,,,,,,,,,,,,,,,,,,,,,,,
0.025,0.2,0.035,0.25,0.05,0.05,PlasmaOxy_CC,,,,,,,,,,,,,,,,,,,,,,,
0.025,0.2,0.035,0.25,0.07,0.05,PlasmaOxy_CC,,,,,,,,,,,,,,,,,,,,,,,
0.025,0.2,0.055,0.075,0.03,0.05,Plasma,,,,,,,,,,,,,,,,,,,,,,,
0.025,0.2,0.055,0.075,0.05,0.05,Plasma,,,,,,,,,,,,,,,,,,,,,,,
0.025,0.2,0.055,0.075,0.07,0.05,Plasma,,,,,,,,,,,,,,,,,,,,,,,
0.025,0.2,0.055,0.1,0.03,0.05,PlasmaOxy_CC,,,,,,,,,,,,,,,,,,,,,,,
0.025,0.2,0.055,0.1,0.05,0.05,PlasmaOxy_CC,,,,,,,,,,,,,,,,,,,,,,,
0.025,0.2,0.055,0.1,0.07,0.05,PlasmaOxy_CC,,,,,,,,,,,,,,,,,,,,,,,
0.025,0.2,0.055,0.2,0.03,0.05,PlasmaOxy_CC,,,,,,,,,,,,,,,,,,,,,,,
0.025,0.2,0.055,0.2,0.05,0.05,PlasmaOxy_CC,,,,,,,,,,,,,,,,,,,,,,,
0.025,0.2,0.055,0.2,0.07,0.05,PlasmaOxy_CC,,,,,,,,,,,,,,,,,,,,,,,
0.025,0.2,0.055,0.25,0.03,0.05,PlasmaOxy_CC,,,,,,,,,,,,,,,,,,,,,,,
0.025,0.2,0.055,0.25,0.05,0.05,PlasmaOxy_CC,,,,,,,,,,,,,,,,,,,,,,,
0.025,0.2,0.055,0.25,0.07,0.05,PlasmaOxy_CC,,,,,,,,,,,,,,,,,,,,,,,
0.025,0.2,0.075,0.075,0.03,0.05,Plasma,,,,,,,,,,,,,,,,,,,,,,,
0.025,0.2,0.075,0.075,0.05,0.05,Plasma,,,,,,,,,,,,,,,,,,,,,,,
0.025,0.2,0.075,0.075,0.07,0.05,Plasma,,,,,,,,,,,,,,,,,,,,,,,
0.025,0.2,0.075,0.1,0.03,0.05,PlasmaOxy_CC,,,,,,,,,,,,,,,,,,,,,,,
0.025,0.2,0.075,0.1,0.05,0.05,PlasmaOxy_CC,,,,,,,,,,,,,,,,,,,,,,,
0.025,0.2,0.075,0.1,0.07,0.05,PlasmaOxy_CC,,,,,,,,,,,,,,,,,,,,,,,
0.025,0.2,0.075,0.2,0.03,0.05,PlasmaOxy_CC,,,,,,,,,,,,,,,,,,,,,,,
0.025,0.2,0.075,0.2,0.05,0.05,PlasmaOxy_CC,,,,,,,,,,,,,,,,,,,,,,,
0.025,0.2,0.075,0.2,0.07,0.05,PlasmaOxy_CC,,,,,,,,,,,,,,,,,,,,,,,
0.025,0.2,0.075,0.25,0.03,0.05,PlasmaOxy_CC,,,,,,,,,,,,,,,,,,,,,,,
0.025,0.2,0.075,0.25,0.05,0.05,PlasmaOxy_CC,,,,,,,,,,,,,,,,,,,,,,,
0.025,0.2,0.075,0.25,0.07,0.05,PlasmaOxy_CC,,,,,,,,,,,,,,,,,,,,,,,
0.025,0.2,0.1,0.075,0.03,0.05,Plasma,,,,,,,,,,,,,,,,,,,,,,,
0.025,0.2,0.1,0.075,0.05,0.05,Plasma,,,,,,,,,,,,,,,,,,,,,,,
0.025,0.2,0.1,0.075,0.07,0.05,Plasma,,,,,,,,,,,,,,,,,,,,,,,
0.025,0.2,0.1,0.1,0.03,0.05,PlasmaOxy_CC,,,,,,,,,,,,,,,,,,,,,,,
0.025,0.2,0.1,0.1,0.05,0.05,PlasmaOxy_CC,,,,,,,,,,,,,,,,,,,,,,,
0.025,0.2,0.1,0.1,0.07,0.05,PlasmaOxy_CC,,,,,,,,,,,,,,,,,,,,,,,
0.025,0.2,0.1,0.2,0.03,0.05,PlasmaOxy_CC,,,,,,,,,,,,,,,,,,,,,,,
0.025,0.2,0.1,0.2,0.05,0.05,PlasmaOxy_CC,,,,,,,,,,,,,,,,,,,,,,,
0.025,0.2,0.1,0.2,0.07,0.05,PlasmaOxy_CC,,,,,,,,,,,,,,,,,,,,,,,
0.025,0.2,0.1,0.25,0.03,0.05,PlasmaOxy_CC,,,,,,,,,,,,,,,,,,,,,,,
0.025,0.2,0.1,0.25,0.05,0.05,PlasmaOxy_CC,,,,,,,,,,,,,,,,,,,,,,,
0.025,0.2,0.1,0.25,0.07,0.05,PlasmaOxy_CC,,,,,,,,,,,,,,,,,,,,,,,
0.05,0.01,0.01,0.075,0.03,0.05,NG,,,,,,,,,,,,,,,,,,,,,,,
0.05,0.01,0.01,0.075,0.05,0.05,NG,,,,,,,,,,,,,,,,,,,,,,,
0.05,0.01,0.01,0.075,0.07,0.05,NG,,,,,,,,,,,,,,,,,,,,,,,
0.05,0.01,0.01,0.1,0.03,0.05,NG,,,,,,,,,,,,,,,,,,,,,,,
0.05,0.01,0.01,0.1,0.05,0.05,NG,,,,,,,,,,,,,,,,,,,,,,,
0.05,0.01,0.01,0.1,0.07,0.05,NG,,,,,,,,,,,,,,,,,,,,,,,
0.05,0.01,0.01,0.2,0.03,0.05,H2Oxy_CC,,,,,,,,,,,,,,,,,,,,,,,
0.05,0.01,0.01,0.2,0.05,0.05,H2Oxy_CC,,,,,,,,,,,,,,,,,,,,,,,
0.05,0.01,0.01,0.2,0.07,0.05,H2Oxy_CC,,,,,,,,,,,,,,,,,,,,,,,
0.05,0.01,0.01,0.25,0.03,0.05,H2Oxy_CC,,,,,,,,,,,,,,,,,,,,,,,
0.05,0.01,0.01,0.25,0.05,0.05,H2Oxy_CC,,,,,,,,,,,,,,,,,,,,,,,
0.05,0.01,0.01,0.25,0.07,0.05,H2Oxy_CC,,,,,,,,,,,,,,,,,,,,,,,
0.05,0.01,0.035,0.075,0.03,0.05,BioCH4,,,,,,,,,,,,,,,,,,,,,,,
0.05,0.01,0.035,0.075,0.05,0.05,H2,,,,,,,,,,,,,,,,,,,,,,,
0.05,0.01,0.035,0.075,0.07,0.05,H2,,,,,,,,,,,,,,,,,,,,,,,
0.05,0.01,0.035,0.1,0.03,0.05,BioCH4,,,,,,,,,,,,,,,,,,,,,,,
0.05,0.01,0.035,0.1,0.05,0.05,H2Oxy_CC,,,,,,,,,,,,,,,,,,,,,,,
0.05,0.01,0.035,0.1,0.07,0.05,H2Oxy_CC,,,,,,,,,,,,,,,,,,,,,,,
0.05,0.01,0.035,0.2,0.03,0.05,H2Oxy_CC,,,,,,,,,,,,,,,,,,,,,,,
0.05,0.01,0.035,0.2,0.05,0.05,H2Oxy_CC,,,,,,,,,,,,,,,,,,,,,,,
0.05,0.01,0.035,0.2,0.07,0.05,H2Oxy_CC,,,,,,,,,,,,,,,,,,,,,,,
0.05,0.01,0.035,0.25,0.03,0.05,H2Oxy_CC,,,,,,,,,,,,,,,,,,,,,,,
0.05,0.01,0.035,0.25,0.05,0.05,H2Oxy_CC,,,,,,,,,,,,,,,,,,,,,,,
0.05,0.01,0.035,0.25,0.07,0.05,H2Oxy_CC,,,,,,,,,,,,,,,,,,,,,,,
0.05,0.01,0.055,0.075,0.03,0.05,BioCH4,,,,,,,,,,,,,,,,,,,,,,,
0.05,0.01,0.055,0.075,0.05,0.05,H2,,,,,,,,,,,,,,,,,,,,,,,
0.05,0.01,0.055,0.075,0.07,0.05,H2,,,,,,,,,,,,,,,,,,,,,,,
0.05,0.01,0.055,0.1,0.03,0.05,BioCH4,,,,,,,,,,,,,,,,,,,,,,,
0.05,0.01,0.055,0.1,0.05,0.05,H2Oxy_CC,,,,,,,,,,,,,,,,,,,,,,,
0.05,0.01,0.055,0.1,0.07,0.05,H2Oxy_CC,,,,,,,,,,,,,,,,,,,,,,,
0.05,0.01,0.055,0.2,0.03,0.05,H2Oxy_CC,,,,,,,,,,,,,,,,,,,,,,,
0.05,0.01,0.055,0.2,0.05,0.05,H2Oxy_CC,,,,,,,,,,,,,,,,,,,,,,,
0.05,0.01,0.055,0.2,0.07,0.05,H2Oxy_CC,,,,,,,,,,,,,,,,,,,,,,,
0.05,0.01,0.055,0.25,0.03,0.05,H2Oxy_CC,,,,,,,,,,,,,,,,,,,,,,,
0.05,0.01,0.055,0.25,0.05,0.05,H2Oxy_CC,,,,,,,,,,,,,,,,,,,,,,,
0.05,0.01,0.055,0.25,0.07,0.05,H2Oxy_CC,,,,,,,,,,,,,,,,,,,,,,,
0.05,0.01,0.075,0.075,0.03,0.05,BioCH4,,,,,,,,,,,,,,,,,,,,,,,
0.05,0.01,0.075,0.075,0.05,0.05,H2,,,,,,,,,,,,,,,,,,,,,,,
0.05,0.01,0.075,0.075,0.07,0.05,H2,,,,,,,,,,,,,,,,,,,,,,,
0.05,0.01,0.075,0.1,0.03,0.05,BioCH4,,,,,,,,,,,,,,,,,,,,,,,
0.05,0.01,0.075,0.1,0.05,0.05,H2Oxy_CC,,,,,,,,,,,,,,,,,,,,,,,
0.05,0.01,0.075,0.1,0.07,0.05,H2Oxy_CC,,,,,,,,,,,,,,,,,,,,,,,
0.05,0.01,0.075,0.2,0.03,0.05,H2Oxy_CC,,,,,,,,,,,,,,,,,,,,,,,
0.05,0.01,0.075,0.2,0.05,0.05,H2Oxy_CC,,,,,,,,,,,,,,,,,,,,,,,
0.05,0.01,0.075,0.2,0.07,0.05,H2Oxy_CC,,,,,,,,,,,,,,,,,,,,,,,
0.05,0.01,0.075,0.25,0.03,0.05,H2Oxy_CC,,,,,,,,,,,,,,,,,,,,,,,
0.05,0.01,0.075,0.25,0.05,0.05,H2Oxy_CC,,,,,,,,,,,,,,,,,,,,,,,
0.05,0.01,0.075,0.25,0.07,0.05,H2Oxy_CC,,,,,,,,,,,,,,,,,,,,,,,
0.05,0.01,0.1,0.075,0.03,0.05,BioCH4,,,,,,,,,,,,,,,,,,,,,,,
0.05,0.01,0.1,0.075,0.05,0.05,H2,,,,,,,,,,,,,,,,,,,,,,,
0.05,0.01,0.1,0.075,0.07,0.05,H2,,,,,,,,,,,,,,,,,,,,,,,
0.05,0.01,0.1,0.1,0.03,0.05,BioCH4,,,,,,,,,,,,,,,,,,,,,,,
0.05,0.01,0.1,0.1,0.05,0.05,H2Oxy_CC,,,,,,,,,,,,,,,,,,,,,,,
0.05,0.01,0.1,0.1,0.07,0.05,H2Oxy_CC,,,,,,,,,,,,,,,,,,,,,,,
0.05,0.01,0.1,0.2,0.03,0.05,H2Oxy_CC,,,,,,,,,,,,,,,,,,,,,,,
0.05,0.01,0.1,0.2,0.05,0.05,H2Oxy_CC,,,,,,,,,,,,,,,,,,,,,,,
0.05,0.01,0.1,0.2,0.07,0.05,H2Oxy_CC,,,,,,,,,,,,,,,,,,,,,,,
0.05,0.01,0.1,0.25,0.03,0.05,H2Oxy_CC,,,,,,,,,,,,,,,,,,,,,,,
0.05,0.01,0.1,0.25,0.05,0.05,H2Oxy_CC,,,,,,,,,,,,,,,,,,,,,,,
0.05,0.01,0.1,0.25,0.07,0.05,H2Oxy_CC,,,,,,,,,,,,,,,,,,,,,,,
0.05,0.025,0.01,0.075,0.03,0.05,NG,,,,,,,,,,,,,,,,,,,,,,,
0.05,0.025,0.01,0.075,0.05,0.05,NG,,,,,,,,,,,,,,,,,,,,,,,
0.05,0.025,0.01,0.075,0.07,0.05,NG,,,,,,,,,,,,,,,,,,,,,,,
0.05,0.025,0.01,0.1,0.03,0.05,NG,,,,,,,,,,,,,,,,,,,,,,,
0.05,0.025,0.01,0.1,0.05,0.05,NG,,,,,,,,,,,,,,,,,,,,,,,
0.05,0.025,0.01,0.1,0.07,0.05,NG,,,,,,,,,,,,,,,,,,,,,,,
0.05,0.025,0.01,0.2,0.03,0.05,BioCH4Oxy_CC,,,,,,,,,,,,,,,,,,,,,,,
0.05,0.025,0.01,0.2,0.05,0.05,PlasmaOxy_CC,,,,,,,,,,,,,,,,,,,,,,,
0.05,0.025,0.01,0.2,0.07,0.05,PlasmaOxy_CC,,,,,,,,,,,,,,,,,,,,,,,
0.05,0.025,0.01,0.25,0.03,0.05,BioCH4Oxy_CC,,,,,,,,,,,,,,,,,,,,,,,
0.05,0.025,0.01,0.25,0.05,0.05,PlasmaOxy_CC,,,,,,,,,,,,,,,,,,,,,,,
0.05,0.025,0.01,0.25,0.07,0.05,PlasmaOxy_CC,,,,,,,,,,,,,,,,,,,,,,,
0.05,0.025,0.035,0.075,0.03,0.05,BioCH4,,,,,,,,,,,,,,,,,,,,,,,
0.05,0.025,0.035,0.075,0.05,0.05,NG,,,,,,,,,,,,,,,,,,,,,,,
0.05,0.025,0.035,0.075,0.07,0.05,NG,,,,,,,,,,,,,,,,,,,,,,,
0.05,0.025,0.035,0.1,0.03,0.05,BioCH4,,,,,,,,,,,,,,,,,,,,,,,
0.05,0.025,0.035,0.1,0.05,0.05,BioCH4,,,,,,,,,,,,,,,,,,,,,,,
0.05,0.025,0.035,0.1,0.07,0.05,PlasmaOxy_CC,,,,,,,,,,,,,,,,,,,,,,,
0.05,0.025,0.035,0.2,0.03,0.05,BioCH4Oxy_CC,,,,,,,,,,,,,,,,,,,,,,,
0.05,0.025,0.035,0.2,0.05,0.05,PlasmaOxy_CC,,,,,,,,,,,,,,,,,,,,,,,
0.05,0.025,0.035,0.2,0.07,0.05,PlasmaOxy_CC,,,,,,,,,,,,,,,,,,,,,,,
0.05,0.025,0.035,0.25,0.03,0.05,BioCH4Oxy_CC,,,,,,,,,,,,,,,,,,,,,,,
0.05,0.025,0.035,0.25,0.05,0.05,PlasmaOxy_CC,,,,,,,,,,,,,,,,,,,,,,,
0.05,0.025,0.035,0.25,0.07,0.05,PlasmaOxy_CC,,,,,,,,,,,,,,,,,,,,,,,
0.05,0.025,0.055,0.075,0.03,0.05,BioCH4,,,,,,,,,,,,,,,,,,,,,,,
0.05,0.025,0.055,0.075,0.05,0.05,BioCH4,,,,,,,,,,,,,,,,,,,,,,,
0.05,0.025,0.055,0.075,0.07,0.05,Plasma,,,,,,,,,,,,,,,,,,,,,,,
0.05,0.025,0.055,0.1,0.03,0.05,BioCH4,,,,,,,,,,,,,,,,,,,,,,,
0.05,0.025,0.055,0.1,0.05,0.05,BioCH4,,,,,,,,,,,,,,,,,,,,,,,
0.05,0.025,0.055,0.1,0.07,0.05,PlasmaOxy_CC,,,,,,,,,,,,,,,,,,,,,,,
0.05,0.025,0.055,0.2,0.03,0.05,BioCH4Oxy_CC,,,,,,,,,,,,,,,,,,,,,,,
0.05,0.025,0.055,0.2,0.05,0.05,PlasmaOxy_CC,,,,,,,,,,,,,,,,,,,,,,,
0.05,0.025,0.055,0.2,0.07,0.05,PlasmaOxy_CC,,,,,,,,,,,,,,,,,,,,,,,
0.05,0.025,0.055,0.25,0.03,0.05,BioCH4Oxy_CC,,,,,,,,,,,,,,,,,,,,,,,
0.05,0.025,0.055,0.25,0.05,0.05,PlasmaOxy_CC,,,,,,,,,,,,,,,,,,,,,,,
0.05,0.025,0.055,0.25,0.07,0.05,PlasmaOxy_CC,,,,,,,,,,,,,,,,,,,,,,,
0.05,0.025,0.075,0.075,0.03,0.05,BioCH4,,,,,,,,,,,,,,,,,,,,,,,
0.05,0.025,0.075,0.075,0.05,0.05,BioCH4,,,,,,,,,,,,,,,,,,,,,,,
0.05,0.025,0.075,0.075,0.07,0.05,Plasma,,,,,,,,,,,,,,,,,,,,,,,
0.05,0.025,0.075,0.1,0.03,0.05,BioCH4,,,,,,,,,,,,,,,,,,,,,,,
0.05,0.025,0.075,0.1,0.05,0.05,BioCH4,,,,,,,,,,,,,,,,,,,,,,,
0.05,0.025,0.075,0.1,0.07,0.05,PlasmaOxy_CC,,,,,,,,,,,,,,,,,,,,,,,
0.05,0.025,0.075,0.2,0.03,0.05,BioCH4Oxy_CC,,,,,,,,,,,,,,,,,,,,,,,
0.05,0.025,0.075,0.2,0.05,0.05,PlasmaOxy_CC,,,,,,,,,,,,,,,,,,,,,,,
0.05,0.025,0.075,0.2,0.07,0.05,PlasmaOxy_CC,,,,,,,,,,,,,,,,,,,,,,,
0.05,0.025,0.075,0.25,0.03,0.05,BioCH4Oxy_CC,,,,,,,,,,,,,,,,,,,,,,,
0.05,0.025,0.075,0.25,0.05,0.05,PlasmaOxy_CC,,,,,,,,,,,,,,,,,,,,,,,
0.05,0.025,0.075,0.25,0.07,0.05,PlasmaOxy_CC,,,,,,,,,,,,,,,,,,,,,,,
0.05,0.025,0.1,0.075,0.03,0.05,BioCH4,,,,,,,,,,,,,,,,,,,,,,,
0.05,0.025,0.1,0.075,0.05,0.05,BioCH4,,,,,,,,,,,,,,,,,,,,,,,
0.05,0.025,0.1,0.075,0.07,0.05,Plasma,,,,,,,,,,,,,,,,,,,,,,,
0.05,0.025,0.1,0.1,0.03,0.05,BioCH4,,,,,,,,,,,,,,,,,,,,,,,
0.05,0.025,0.1,0.1,0.05,0.05,BioCH4,,,,,,,,,,,,,,,,,,,,,,,
0.05,0.025,0.1,0.1,0.07,0.05,PlasmaOxy_CC,,,,,,,,,,,,,,,,,,,,,,,
0.05,0.025,0.1,0.2,0.03,0.05,BioCH4Oxy_CC,,,,,,,,,,,,,,,,,,,,,,,
0.05,0.025,0.1,0.2,0.05,0.05,PlasmaOxy_CC,,,,,,,,,,,,,,,,,,,,,,,
0.05,0.025,0.1,0.2,0.07,0.05,PlasmaOxy_CC,,,,,,,,,,,,,,,,,,,,,,,
0.05,0.025,0.1,0.25,0.03,0.05,BioCH4Oxy_CC,,,,,,,,,,,,,,,,,,,,,,,
0.05,0.025,0.1,0.25,0.05,0.05,PlasmaOxy_CC,,,,,,,,,,,,,,,,,,,,,,,
0.05,0.025,0.1,0.25,0.07,0.05,PlasmaOxy_CC,,,,,,,,,,,,,,,,,,,,,,,
0.05,0.05,0.01,0.075,0.03,0.05,NG,,,,,,,,,,,,,,,,,,,,,,,
0.05,0.05,0.01,0.075,0.05,0.05,NG,,,,,,,,,,,,,,,,,,,,,,,
0.05,0.05,0.01,0.075,0.07,0.05,NG,,,,,,,,,,,,,,,,,,,,,,,
0.05,0.05,0.01,0.1,0.03,0.05,NG,,,,,,,,,,,,,,,,,,,,,,,
0.05,0.05,0.01,0.1,0.05,0.05,NG,,,,,,,,,,,,,,,,,,,,,,,
0.05,0.05,0.01,0.1,0.07,0.05,NG,,,,,,,,,,,,,,,,,,,,,,,
0.05,0.05,0.01,0.2,0.03,0.05,BioCH4Oxy_CC,,,,,,,,,,,,,,,,,,,,,,,
0.05,0.05,0.01,0.2,0.05,0.05,PlasmaOxy_CC,,,,,,,,,,,,,,,,,,,,,,,
0.05,0.05,0.01,0.2,0.07,0.05,PlasmaOxy_CC,,,,,,,,,,,,,,,,,,,,,,,
0.05,0.05,0.01,0.25,0.03,0.05,BioCH4Oxy_CC,,,,,,,,,,,,,,,,,,,,,,,
0.05,0.05,0.01,0.25,0.05,0.05,PlasmaOxy_CC,,,,,,,,,,,,,,,,,,,,,,,
0.05,0.05,0.01,0.25,0.07,0.05,PlasmaOxy_CC,,,,,,,,,,,,,,,,,,,,,,,
0.05,0.05,0.035,0.075,0.03,0.05,BioCH4,,,,,,,,,,,,,,,,,,,,,,,
0.05,0.05,0.035,0.075,0.05,0.05,NG,,,,,,,,,,,,,,,,,,,,,,,
0.05,0.05,0.035,0.075,0.07,0.05,NG,,,,,,,,,,,,,,,,,,,,,,,
0.05,0.05,0.035,0.1,0.03,0.05,BioCH4,,,,,,,,,,,,,,,,,,,,,,,
0.05,0.05,0.035,0.1,0.05,0.05,BioCH4,,,,,,,,,,,,,,,,,,,,,,,
0.05,0.05,0.035,0.1,0.07,0.05,PlasmaOxy_CC,,,,,,,,,,,,,,,,,,,,,,,
0.05,0.05,0.035,0.2,0.03,0.05,BioCH4Oxy_CC,,,,,,,,,,,,,,,,,,,,,,,
0.05,0.05,0.035,0.2,0.05,0.05,PlasmaOxy_CC,,,,,,,,,,,,,,,,,,,,,,,
0.05,0.05,0.035,0.2,0.07,0.05,PlasmaOxy_CC,,,,,,,,,,,,,,,,,,,,,,,
0.05,0.05,0.035,0.25,0.03,0.05,BioCH4Oxy_CC,,,,,,,,,,,,,,,,,,,,,,,
0.05,0.05,0.035,0.25,0.05,0.05,PlasmaOxy_CC,,,,,,,,,,,,,,,,,,,,,,,
0.05,0.05,0.035,0.25,0.07,0.05,PlasmaOxy_CC,,,,,,,,,,,,,,,,,,,,,,,
0.05,0.05,0.055,0.075,0.03,0.05,BioCH4,,,,,,,,,,,,,,,,,,,,,,,
0.05,0.05,0.055,0.075,0.05,0.05,BioCH4,,,,,,,,,,,,,,,,,,,,,,,
0.05,0.05,0.055,0.075,0.07,0.05,Plasma,,,,,,,,,,,,,,,,,,,,,,,
0.05,0.05,0.055,0.1,0.03,0.05,BioCH4,,,,,,,,,,,,,,,,,,,,,,,
0.05,0.05,0.055,0.1,0.05,0.05,BioCH4,,,,,,,,,,,,,,,,,,,,,,,
0.05,0.05,0.055,0.1,0.07,0.05,PlasmaOxy_CC,,,,,,,,,,,,,,,,,,,,,,,
0.05,0.05,0.055,0.2,0.03,0.05,BioCH4Oxy_CC,,,,,,,,,,,,,,,,,,,,,,,
0.05,0.05,0.055,0.2,0.05,0.05,PlasmaOxy_CC,,,,,,,,,,,,,,,,,,,,,,,
0.05,0.05,0.055,0.2,0.07,0.05,PlasmaOxy_CC,,,,,,,,,,,,,,,,,,,,,,,
0.05,0.05,0.055,0.25,0.03,0.05,BioCH4Oxy_CC,,,,,,,,,,,,,,,,,,,,,,,
0.05,0.05,0.055,0.25,0.05,0.05,PlasmaOxy_CC,,,,,,,,,,,,,,,,,,,,,,,
0.05,0.05,0.055,0.25,0.07,0.05,PlasmaOxy_CC,,,,,,,,,,,,,,,,,,,,,,,
0.05,0.05,0.075,0.075,0.03,0.05,BioCH4,,,,,,,,,,,,,,,,,,,,,,,
0.05,0.05,0.075,0.075,0.05,0.05,BioCH4,,,,,,,,,,,,,,,,,,,,,,,
0.05,0.05,0.075,0.075,0.07,0.05,Plasma,,,,,,,,,,,,,,,,,,,,,,,
0.05,0.05,0.075,0.1,0.03,0.05,BioCH4,,,,,,,,,,,,,,,,,,,,,,,
0.05,0.05,0.075,0.1,0.05,0.05,BioCH4,,,,,,,,,,,,,,,,,,,,,,,
0.05,0.05,0.075,0.1,0.07,0.05,PlasmaOxy_CC,,,,,,,,,,,,,,,,,,,,,,,
0.05,0.05,0.075,0.2,0.03,0.05,BioCH4Oxy_CC,,,,,,,,,,,,,,,,,,,,,,,
0.05,0.05,0.075,0.2,0.05,0.05,PlasmaOxy_CC,,,,,,,,,,,,,,,,,,,,,,,
0.05,0.05,0.075,0.2,0.07,0.05,PlasmaOxy_CC,,,,,,,,,,,,,,,,,,,,,,,
0.05,0.05,0.075,0.25,0.03,0.05,BioCH4Oxy_CC,,,,,,,,,,,,,,,,,,,,,,,
0.05,0.05,0.075,0.25,0.05,0.05,PlasmaOxy_CC,,,,,,,,,,,,,,,,,,,,,,,
0.05,0.05,0.075,0.25,0.07,0.05,PlasmaOxy_CC,,,,,,,,,,,,,,,,,,,,,,,
0.05,0.05,0.1,0.075,0.03,0.05,BioCH4,,,,,,,,,,,,,,,,,,,,,,,
0.05,0.05,0.1,0.075,0.05,0.05,BioCH4,,,,,,,,,,,,,,,,,,,,,,,
0.05,0.05,0.1,0.075,0.07,0.05,Plasma,,,,,,,,,,,,,,,,,,,,,,,
0.05,0.05,0.1,0.1,0.03,0.05,BioCH4,,,,,,,,,,,,,,,,,,,,,,,
0.05,0.05,0.1,0.1,0.05,0.05,BioCH4,,,,,,,,,,,,,,,,,,,,,,,
0.05,0.05,0.1,0.1,0.07,0.05,PlasmaOxy_CC,,,,,,,,,,,,,,,,,,,,,,,
0.05,0.05,0.1,0.2,0.03,0.05,BioCH4Oxy_CC,,,,,,,,,,,,,,,,,,,,,,,
0.05,0.05,0.1,0.2,0.05,0.05,PlasmaOxy_CC,,,,,,,,,,,,,,,,,,,,,,,
0.05,0.05,0.1,0.2,0.07,0.05,PlasmaOxy_CC,,,,,,,,,,,,,,,,,,,,,,,
0.05,0.05,0.1,0.25,0.03,0.05,BioCH4Oxy_CC,,,,,,,,,,,,,,,,,,,,,,,
0.05,0.05,0.1,0.25,0.05,0.05,PlasmaOxy_CC,,,,,,,,,,,,,,,,,,,,,,,
0.05,0.05,0.1,0.25,0.07,0.05,PlasmaOxy_CC,,,,,,,,,,,,,,,,,,,,,,,
0.05,0.075,0.01,0.075,0.03,0.05,NG,,,,,,,,,,,,,,,,,,,,,,,
0.05,0.075,0.01,0.075,0.05,0.05,NG,,,,,,,,,,,,,,,,,,,,,,,
0.05,0.075,0.01,0.075,0.07,0.05,NG,,,,,,,,,,,,,,,,,,,,,,,
0.05,0.075,0.01,0.1,0.03,0.05,NG,,,,,,,,,,,,,,,,,,,,,,,
0.05,0.075,0.01,0.1,0.05,0.05,NG,,,,,,,,,,,,,,,,,,,,,,,
0.05,0.075,0.01,0.1,0.07,0.05,NG,,,,,,,,,,,,,,,,,,,,,,,
0.05,0.075,0.01,0.2,0.03,0.05,BioCH4Oxy_CC,,,,,,,,,,,,,,,,,,,,,,,
0.05,0.075,0.01,0.2,0.05,0.05,PlasmaOxy_CC,,,,,,,,,,,,,,,,,,,,,,,
0.05,0.075,0.01,0.2,0.07,0.05,PlasmaOxy_CC,,,,,,,,,,,,,,,,,,,,,,,
0.05,0.075,0.01,0.25,0.03,0.05,BioCH4Oxy_CC,,,,,,,,,,,,,,,,,,,,,,,
0.05,0.075,0.01,0.25,0.05,0.05,PlasmaOxy_CC,,,,,,,,,,,,,,,,,,,,,,,
0.05,0.075,0.01,0.25,0.07,0.05,PlasmaOxy_CC,,,,,,,,,,,,,,,,,,,,,,,
0.05,0.075,0.035,0.075,0.03,0.05,BioCH4,,,,,,,,,,,,,,,,,,,,,,,
0.05,0.075,0.035,0.075,0.05,0.05,NG,,,,,,,,,,,,,,,,,,,,,,,
0.05,0.075,0.035,0.075,0.07,0.05,NG,,,,,,,,,,,,,,,,,,,,,,,
0.05,0.075,0.035,0.1,0.03,0.05,BioCH4,,,,,,,,,,,,,,,,,,,,,,,
0.05,0.075,0.035,0.1,0.05,0.05,BioCH4,,,,,,,,,,,,,,,,,,,,,,,
0.05,0.075,0.035,0.1,0.07,0.05,PlasmaOxy_CC,,,,,,,,,,,,,,,,,,,,,,,
0.05,0.075,0.035,0.2,0.03,0.05,BioCH4Oxy_CC,,,,,,,,,,,,,,,,,,,,,,,
0.05,0.075,0.035,0.2,0.05,0.05,PlasmaOxy_CC,,,,,,,,,,,,,,,,,,,,,,,
0.05,0.075,0.035,0.2,0.07,0.05,PlasmaOxy_CC,,,,,,,,,,,,,,,,,,,,,,,
0.05,0.075,0.035,0.25,0.03,0.05,BioCH4Oxy_CC,,,,,,,,,,,,,,,,,,,,,,,
0.05,0.075,0.035,0.25,0.05,0.05,PlasmaOxy_CC,,,,,,,,,,,,,,,,,,,,,,,
0.05,0.075,0.035,0.25,0.07,0.05,PlasmaOxy_CC,,,,,,,,,,,,,,,,,,,,,,,
0.05,0.075,0.055,0.075,0.03,0.05,BioCH4,,,,,,,,,,,,,,,,,,,,,,,
0.05,0.075,0.055,0.075,0.05,0.05,BioCH4,,,,,,,,,,,,,,,,,,,,,,,
0.05,0.075,0.055,0.075,0.07,0.05,Plasma,,,,,,,,,,,,,,,,,,,,,,,
0.05,0.075,0.055,0.1,0.03,0.05,BioCH4,,,,,,,,,,,,,,,,,,,,,,,
0.05,0.075,0.055,0.1,0.05,0.05,BioCH4,,,,,,,,,,,,,,,,,,,,,,,
0.05,0.075,0.055,0.1,0.07,0.05,PlasmaOxy_CC,,,,,,,,,,,,,,,,,,,,,,,
0.05,0.075,0.055,0.2,0.03,0.05,BioCH4Oxy_CC,,,,,,,,,,,,,,,,,,,,,,,
0.05,0.075,0.055,0.2,0.05,0.05,PlasmaOxy_CC,,,,,,,,,,,,,,,,,,,,,,,
0.05,0.075,0.055,0.2,0.07,0.05,PlasmaOxy_CC,,,,,,,,,,,,,,,,,,,,,,,
0.05,0.075,0.055,0.25,0.03,0.05,BioCH4Oxy_CC,,,,,,,,,,,,,,,,,,,,,,,
0.05,0.075,0.055,0.25,0.05,0.05,PlasmaOxy_CC,,,,,,,,,,,,,,,,,,,,,,,
0.05,0.075,0.055,0.25,0.07,0.05,PlasmaOxy_CC,,,,,,,,,,,,,,,,,,,,,,,
0.05,0.075,0.075,0.075,0.03,0.05,BioCH4,,,,,,,,,,,,,,,,,,,,,,,
0.05,0.075,0.075,0.075,0.05,0.05,BioCH4,,,,,,,,,,,,,,,,,,,,,,,
0.05,0.075,0.075,0.075,0.07,0.05,Plasma,,,,,,,,,,,,,,,,,,,,,,,
0.05,0.075,0.075,0.1,0.03,0.05,BioCH4,,,,,,,,,,,,,,,,,,,,,,,
0.05,0.075,0.075,0.1,0.05,0.05,BioCH4,,,,,,,,,,,,,,,,,,,,,,,
0.05,0.075,0.075,0.1,0.07,0.05,PlasmaOxy_CC,,,,,,,,,,,,,,,,,,,,,,,
0.05,0.075,0.075,0.2,0.03,0.05,BioCH4Oxy_CC,,,,,,,,,,,,,,,,,,,,,,,
0.05,0.075,0.075,0.2,0.05,0.05,PlasmaOxy_CC,,,,,,,,,,,,,,,,,,,,,,,
0.05,0.075,0.075,0.2,0.07,0.05,PlasmaOxy_CC,,,,,,,,,,,,,,,,,,,,,,,
0.05,0.075,0.075,0.25,0.03,0.05,BioCH4Oxy_CC,,,,,,,,,,,,,,,,,,,,,,,
0.05,0.075,0.075,0.25,0.05,0.05,PlasmaOxy_CC,,,,,,,,,,,,,,,,,,,,,,,
0.05,0.075,0.075,0.25,0.07,0.05,PlasmaOxy_CC,,,,,,,,,,,,,,,,,,,,,,,
0.05,0.075,0.1,0.075,0.03,0.05,BioCH4,,,,,,,,,,,,,,,,,,,,,,,
0.05,0.075,0.1,0.075,0.05,0.05,BioCH4,,,,,,,,,,,,,,,,,,,,,,,
0.05,0.075,0.1,0.075,0.07,0.05,Plasma,,,,,,,,,,,,,,,,,,,,,,,
0.05,0.075,0.1,0.1,0.03,0.05,BioCH4,,,,,,,,,,,,,,,,,,,,,,,
0.05,0.075,0.1,0.1,0.05,0.05,BioCH4,,,,,,,,,,,,,,,,,,,,,,,
0.05,0.075,0.1,0.1,0.07,0.05,PlasmaOxy_CC,,,,,,,,,,,,,,,,,,,,,,,
0.05,0.075,0.1,0.2,0.03,0.05,BioCH4Oxy_CC,,,,,,,,,,,,,,,,,,,,,,,
0.05,0.075,0.1,0.2,0.05,0.05,PlasmaOxy_CC,,,,,,,,,,,,,,,,,,,,,,,
0.05,0.075,0.1,0.2,0.07,0.05,PlasmaOxy_CC,,,,,,,,,,,,,,,,,,,,,,,
0.05,0.075,0.1,0.25,0.03,0.05,BioCH4Oxy_CC,,,,,,,,,,,,,,,,,,,,,,,
0.05,0.075,0.1,0.25,0.05,0.05,PlasmaOxy_CC,,,,,,,,,,,,,,,,,,,,,,,
0.05,0.075,0.1,0.25,0.07,0.05,PlasmaOxy_CC,,,,,,,,,,,,,,,,,,,,,,,
0.05,0.1,0.01,0.075,0.03,0.05,NG,,,,,,,,,,,,,,,,,,,,,,,
0.05,0.1,0.01,0.075,0.05,0.05,NG,,,,,,,,,,,,,,,,,,,,,,,
0.05,0.1,0.01,0.075,0.07,0.05,NG,,,,,,,,,,,,,,,,,,,,,,,
0.05,0.1,0.01,0.1,0.03,0.05,NG,,,,,,,,,,,,,,,,,,,,,,,
0.05,0.1,0.01,0.1,0.05,0.05,NG,,,,,,,,,,,,,,,,,,,,,,,
0.05,0.1,0.01,0.1,0.07,0.05,NG,,,,,,,,,,,,,,,,,,,,,,,
0.05,0.1,0.01,0.2,0.03,0.05,BioCH4Oxy_CC,,,,,,,,,,,,,,,,,,,,,,,
0.05,0.1,0.01,0.2,0.05,0.05,PlasmaOxy_CC,,,,,,,,,,,,,,,,,,,,,,,
0.05,0.1,0.01,0.2,0.07,0.05,PlasmaOxy_CC,,,,,,,,,,,,,,,,,,,,,,,
0.05,0.1,0.01,0.25,0.03,0.05,BioCH4Oxy_CC,,,,,,,,,,,,,,,,,,,,,,,
0.05,0.1,0.01,0.25,0.05,0.05,PlasmaOxy_CC,,,,,,,,,,,,,,,,,,,,,,,
0.05,0.1,0.01,0.25,0.07,0.05,PlasmaOxy_CC,,,,,,,,,,,,,,,,,,,,,,,
0.05,0.1,0.035,0.075,0.03,0.05,BioCH4,,,,,,,,,,,,,,,,,,,,,,,
0.05,0.1,0.035,0.075,0.05,0.05,NG,,,,,,,,,,,,,,,,,,,,,,,
0.05,0.1,0.035,0.075,0.07,0.05,NG,,,,,,,,,,,,,,,,,,,,,,,
0.05,0.1,0.035,0.1,0.03,0.05,BioCH4,,,,,,,,,,,,,,,,,,,,,,,
0.05,0.1,0.035,0.1,0.05,0.05,BioCH4,,,,,,,,,,,,,,,,,,,,,,,
0.05,0.1,0.035,0.1,0.07,0.05,PlasmaOxy_CC,,,,,,,,,,,,,,,,,,,,,,,
0.05,0.1,0.035,0.2,0.03,0.05,BioCH4Oxy_CC,,,,,,,,,,,,,,,,,,,,,,,
0.05,0.1,0.035,0.2,0.05,0.05,PlasmaOxy_CC,,,,,,,,,,,,,,,,,,,,,,,
0.05,0.1,0.035,0.2,0.07,0.05,PlasmaOxy_CC,,,,,,,,,,,,,,,,,,,,,,,
0.05,0.1,0.035,0.25,0.03,0.05,BioCH4Oxy_CC,,,,,,,,,,,,,,,,,,,,,,,
0.05,0.1,0.035,0.25,0.05,0.05,PlasmaOxy_CC,,,,,,,,,,,,,,,,,,,,,,,
0.05,0.1,0.035,0.25,0.07,0.05,PlasmaOxy_CC,,,,,,,,,,,,,,,,,,,,,,,
0.05,0.1,0.055,0.075,0.03,0.05,BioCH4,,,,,,,,,,,,,,,,,,,,,,,
0.05,0.1,0.055,0.075,0.05,0.05,BioCH4,,,,,,,,,,,,,,,,,,,,,,,
0.05,0.1,0.055,0.075,0.07,0.05,Plasma,,,,,,,,,,,,,,,,,,,,,,,
0.05,0.1,0.055,0.1,0.03,0.05,BioCH4,,,,,,,,,,,,,,,,,,,,,,,
0.05,0.1,0.055,0.1,0.05,0.05,BioCH4,,,,,,,,,,,,,,,,,,,,,,,
0.05,0.1,0.055,0.1,0.07,0.05,PlasmaOxy_CC,,,,,,,,,,,,,,,,,,,,,,,
0.05,0.1,0.055,0.2,0.03,0.05,BioCH4Oxy_CC,,,,,,,,,,,,,,,,,,,,,,,
0.05,0.1,0.055,0.2,0.05,0.05,PlasmaOxy_CC,,,,,,,,,,,,,,,,,,,,,,,
0.05,0.1,0.055,0.2,0.07,0.05,PlasmaOxy_CC,,,,,,,,,,,,,,,,,,,,,,,
0.05,0.1,0.055,0.25,0.03,0.05,BioCH4Oxy_CC,,,,,,,,,,,,,,,,,,,,,,,
0.05,0.1,0.055,0.25,0.05,0.05,PlasmaOxy_CC,,,,,,,,,,,,,,,,,,,,,,,
0.05,0.1,0.055,0.25,0.07,0.05,PlasmaOxy_CC,,,,,,,,,,,,,,,,,,,,,,,
0.05,0.1,0.075,0.075,0.03,0.05,BioCH4,,,,,,,,,,,,,,,,,,,,,,,
0.05,0.1,0.075,0.075,0.05,0.05,BioCH4,,,,,,,,,,,,,,,,,,,,,,,
0.05,0.1,0.075,0.075,0.07,0.05,Plasma,,,,,,,,,,,,,,,,,,,,,,,
0.05,0.1,0.075,0.1,0.03,0.05,BioCH4,,,,,,,,,,,,,,,,,,,,,,,
0.05,0.1,0.075,0.1,0.05,0.05,BioCH4,,,,,,,,,,,,,,,,,,,,,,,
0.05,0.1,0.075,0.1,0.07,0.05,PlasmaOxy_CC,,,,,,,,,,,,,,,,,,,,,,,
0.05,0.1,0.075,0.2,0.03,0.05,BioCH4Oxy_CC,,,,,,,,,,,,,,,,,,,,,,,
0.05,0.1,0.075,0.2,0.05,0.05,PlasmaOxy_CC,,,,,,,,,,,,,,,,,,,,,,,
0.05,0.1,0.075,0.2,0.07,0.05,PlasmaOxy_CC,,,,,,,,,,,,,,,,,,,,,,,
0.05,0.1,0.075,0.25,0.03,0.05,BioCH4Oxy_CC,,,,,,,,,,,,,,,,,,,,,,,
0.05,0.1,0.075,0.25,0.05,0.05,PlasmaOxy_CC,,,,,,,,,,,,,,,,,,,,,,,
0.05,0.1,0.075,0.25,0.07,0.05,PlasmaOxy_CC,,,,,,,,,,,,,,,,,,,,,,,
0.05,0.1,0.1,0.075,0.03,0.05,BioCH4,,,,,,,,,,,,,,,,,,,,,,,
0.05,0.1,0.1,0.075,0.05,0.05,BioCH4,,,,,,,,,,,,,,,,,,,,,,,
0.05,0.1,0.1,0.075,0.07,0.05,Plasma,,,,,,,,,,,,,,,,,,,,,,,
0.05,0.1,0.1,0.1,0.03,0.05,BioCH4,,,,,,,,,,,,,,,,,,,,,,,
0.05,0.1,0.1,0.1,0.05,0.05,BioCH4,,,,,,,,,,,,,,,,,,,,,,,
0.05,0.1,0.1,0.1,0.07,0.05,PlasmaOxy_CC,,,,,,,,,,,,,,,,,,,,,,,
0.05,0.1,0.1,0.2,0.03,0.05,BioCH4Oxy_CC,,,,,,,,,,,,,,,,,,,,,,,
0.05,0.1,0.1,0.2,0.05,0.05,PlasmaOxy_CC,,,,,,,,,,,,,,,,,,,,,,,
0.05,0.1,0.1,0.2,0.07,0.05,PlasmaOxy_CC,,,,,,,,,,,,,,,,,,,,,,,
0.05,0.1,0.1,0.25,0.03,0.05,BioCH4Oxy_CC,,,,,,,,,,,,,,,,,,,,,,,
0.05,0.1,0.1,0.25,0.05,0.05,PlasmaOxy_CC,,,,,,,,,,,,,,,,,,,,,,,
0.05,0.1,0.1,0.25,0.07,0.05,PlasmaOxy_CC,,,,,,,,,,,,,,,,,,,,,,,
0.05,0.15,0.01,0.075,0.03,0.05,NG,,,,,,,,,,,,,,,,,,,,,,,
0.05,0.15,0.01,0.075,0.05,0.05,NG,,,,,,,,,,,,,,,,,,,,,,,
0.05,0.15,0.01,0.075,0.07,0.05,NG,,,,,,,,,,,,,,,,,,,,,,,
0.05,0.15,0.01,0.1,0.03,0.05,NG,,,,,,,,,,,,,,,,,,,,,,,
0.05,0.15,0.01,0.1,0.05,0.05,NG,,,,,,,,,,,,,,,,,,,,,,,
0.05,0.15,0.01,0.1,0.07,0.05,NG,,,,,,,,,,,,,,,,,,,,,,,
0.05,0.15,0.01,0.2,0.03,0.05,BioCH4Oxy_CC,,,,,,,,,,,,,,,,,,,,,,,
0.05,0.15,0.01,0.2,0.05,0.05,PlasmaOxy_CC,,,,,,,,,,,,,,,,,,,,,,,
0.05,0.15,0.01,0.2,0.07,0.05,PlasmaOxy_CC,,,,,,,,,,,,,,,,,,,,,,,
0.05,0.15,0.01,0.25,0.03,0.05,BioCH4Oxy_CC,,,,,,,,,,,,,,,,,,,,,,,
0.05,0.15,0.01,0.25,0.05,0.05,PlasmaOxy_CC,,,,,,,,,,,,,,,,,,,,,,,
0.05,0.15,0.01,0.25,0.07,0.05,PlasmaOxy_CC,,,,,,,,,,,,,,,,,,,,,,,
0.05,0.15,0.035,0.075,0.03,0.05,BioCH4,,,,,,,,,,,,,,,,,,,,,,,
0.05,0.15,0.035,0.075,0.05,0.05,NG,,,,,,,,,,,,,,,,,,,,,,,
0.05,0.15,0.035,0.075,0.07,0.05,NG,,,,,,,,,,,,,,,,,,,,,,,
0.05,0.15,0.035,0.1,0.03,0.05,BioCH4,,,,,,,,,,,,,,,,,,,,,,,
0.05,0.15,0.035,0.1,0.05,0.05,BioCH4,,,,,,,,,,,,,,,,,,,,,,,
0.05,0.15,0.035,0.1,0.07,0.05,PlasmaOxy_CC,,,,,,,,,,,,,,,,,,,,,,,
0.05,0.15,0.035,0.2,0.03,0.05,BioCH4Oxy_CC,,,,,,,,,,,,,,,,,,,,,,,
0.05,0.15,0.035,0.2,0.05,0.05,PlasmaOxy_CC,,,,,,,,,,,,,,,,,,,,,,,
0.05,0.15,0.035,0.2,0.07,0.05,PlasmaOxy_CC,,,,,,,,,,,,,,,,,,,,,,,
0.05,0.15,0.035,0.25,0.03,0.05,BioCH4Oxy_CC,,,,,,,,,,,,,,,,,,,,,,,
0.05,0.15,0.035,0.25,0.05,0.05,PlasmaOxy_CC,,,,,,,,,,,,,,,,,,,,,,,
0.05,0.15,0.035,0.25,0.07,0.05,PlasmaOxy_CC,,,,,,,,,,,,,,,,,,,,,,,
0.05,0.15,0.055,0.075,0.03,0.05,BioCH4,,,,,,,,,,,,,,,,,,,,,,,
0.05,0.15,0.055,0.075,0.05,0.05,BioCH4,,,,,,,,,,,,,,,,,,,,,,,
0.05,0.15,0.055,0.075,0.07,0.05,Plasma,,,,,,,,,,,,,,,,,,,,,,,
0.05,0.15,0.055,0.1,0.03,0.05,BioCH4,,,,,,,,,,,,,,,,,,,,,,,
0.05,0.15,0.055,0.1,0.05,0.05,BioCH4,,,,,,,,,,,,,,,,,,,,,,,
0.05,0.15,0.055,0.1,0.07,0.05,PlasmaOxy_CC,,,,,,,,,,,,,,,,,,,,,,,
0.05,0.15,0.055,0.2,0.03,0.05,BioCH4Oxy_CC,,,,,,,,,,,,,,,,,,,,,,,
0.05,0.15,0.055,0.2,0.05,0.05,PlasmaOxy_CC,,,,,,,,,,,,,,,,,,,,,,,
0.05,0.15,0.055,0.2,0.07,0.05,PlasmaOxy_CC,,,,,,,,,,,,,,,,,,,,,,,
0.05,0.15,0.055,0.25,0.03,0.05,BioCH4Oxy_CC,,,,,,,,,,,,,,,,,,,,,,,
0.05,0.15,0.055,0.25,0.05,0.05,PlasmaOxy_CC,,,,,,,,,,,,,,,,,,,,,,,
0.05,0.15,0.055,0.25,0.07,0.05,PlasmaOxy_CC,,,,,,,,,,,,,,,,,,,,,,,
0.05,0.15,0.075,0.075,0.03,0.05,BioCH4,,,,,,,,,,,,,,,,,,,,,,,
0.05,0.15,0.075,0.075,0.05,0.05,BioCH4,,,,,,,,,,,,,,,,,,,,,,,
0.05,0.15,0.075,0.075,0.07,0.05,Plasma,,,,,,,,,,,,,,,,,,,,,,,
0.05,0.15,0.075,0.1,0.03,0.05,BioCH4,,,,,,,,,,,,,,,,,,,,,,,
0.05,0.15,0.075,0.1,0.05,0.05,BioCH4,,,,,,,,,,,,,,,,,,,,,,,
0.05,0.15,0.075,0.1,0.07,0.05,PlasmaOxy_CC,,,,,,,,,,,,,,,,,,,,,,,
0.05,0.15,0.075,0.2,0.03,0.05,BioCH4Oxy_CC,,,,,,,,,,,,,,,,,,,,,,,
0.05,0.15,0.075,0.2,0.05,0.05,PlasmaOxy_CC,,,,,,,,,,,,,,,,,,,,,,,
0.05,0.15,0.075,0.2,0.07,0.05,PlasmaOxy_CC,,,,,,,,,,,,,,,,,,,,,,,
0.05,0.15,0.075,0.25,0.03,0.05,BioCH4Oxy_CC,,,,,,,,,,,,,,,,,,,,,,,
0.05,0.15,0.075,0.25,0.05,0.05,PlasmaOxy_CC,,,,,,,,,,,,,,,,,,,,,,,
0.05,0.15,0.075,0.25,0.07,0.05,PlasmaOxy_CC,,,,,,,,,,,,,,,,,,,,,,,
0.05,0.15,0.1,0.075,0.03,0.05,BioCH4,,,,,,,,,,,,,,,,,,,,,,,
0.05,0.15,0.1,0.075,0.05,0.05,BioCH4,,,,,,,,,,,,,,,,,,,,,,,
0.05,0.15,0.1,0.075,0.07,0.05,Plasma,,,,,,,,,,,,,,,,,,,,,,,
0.05,0.15,0.1,0.1,0.03,0.05,BioCH4,,,,,,,,,,,,,,,,,,,,,,,
0.05,0.15,0.1,0.1,0.05,0.05,BioCH4,,,,,,,,,,,,,,,,,,,,,,,
0.05,0.15,0.1,0.1,0.07,0.05,PlasmaOxy_CC,,,,,,,,,,,,,,,,,,,,,,,
0.05,0.15,0.1,0.2,0.03,0.05,BioCH4Oxy_CC,,,,,,,,,,,,,,,,,,,,,,,
0.05,0.15,0.1,0.2,0.05,0.05,PlasmaOxy_CC,,,,,,,,,,,,,,,,,,,,,,,
0.05,0.15,0.1,0.2,0.07,0.05,PlasmaOxy_CC,,,,,,,,,,,,,,,,,,,,,,,
0.05,0.15,0.1,0.25,0.03,0.05,BioCH4Oxy_CC,,,,,,,,,,,,,,,,,,,,,,,
0.05,0.15,0.1,0.25,0.05,0.05,PlasmaOxy_CC,,,,,,,,,,,,,,,,,,,,,,,
0.05,0.15,0.1,0.25,0.07,0.05,PlasmaOxy_CC,,,,,,,,,,,,,,,,,,,,,,,
0.05,0.2,0.01,0.075,0.03,0.05,NG,,,,,,,,,,,,,,,,,,,,,,,
0.05,0.2,0.01,0.075,0.05,0.05,NG,,,,,,,,,,,,,,,,,,,,,,,
0.05,0.2,0.01,0.075,0.07,0.05,NG,,,,,,,,,,,,,,,,,,,,,,,
0.05,0.2,0.01,0.1,0.03,0.05,NG,,,,,,,,,,,,,,,,,,,,,,,
0.05,0.2,0.01,0.1,0.05,0.05,NG,,,,,,,,,,,,,,,,,,,,,,,
0.05,0.2,0.01,0.1,0.07,0.05,NG,,,,,,,,,,,,,,,,,,,,,,,
0.05,0.2,0.01,0.2,0.03,0.05,BioCH4Oxy_CC,,,,,,,,,,,,,,,,,,,,,,,
0.05,0.2,0.01,0.2,0.05,0.05,PlasmaOxy_CC,,,,,,,,,,,,,,,,,,,,,,,
0.05,0.2,0.01,0.2,0.07,0.05,PlasmaOxy_CC,,,,,,,,,,,,,,,,,,,,,,,
0.05,0.2,0.01,0.25,0.03,0.05,BioCH4Oxy_CC,,,,,,,,,,,,,,,,,,,,,,,
0.05,0.2,0.01,0.25,0.05,0.05,PlasmaOxy_CC,,,,,,,,,,,,,,,,,,,,,,,
0.05,0.2,0.01,0.25,0.07,0.05,PlasmaOxy_CC,,,,,,,,,,,,,,,,,,,,,,,
0.05,0.2,0.035,0.075,0.03,0.05,BioCH4,,,,,,,,,,,,,,,,,,,,,,,
0.05,0.2,0.035,0.075,0.05,0.05,NG,,,,,,,,,,,,,,,,,,,,,,,
0.05,0.2,0.035,0.075,0.07,0.05,NG,,,,,,,,,,,,,,,,,,,,,,,
0.05,0.2,0.035,0.1,0.03,0.05,BioCH4,,,,,,,,,,,,,,,,,,,,,,,
0.05,0.2,0.035,0.1,0.05,0.05,BioCH4,,,,,,,,,,,,,,,,,,,,,,,
0.05,0.2,0.035,0.1,0.07,0.05,PlasmaOxy_CC,,,,,,,,,,,,,,,,,,,,,,,
0.05,0.2,0.035,0.2,0.03,0.05,BioCH4Oxy_CC,,,,,,,,,,,,,,,,,,,,,,,
0.05,0.2,0.035,0.2,0.05,0.05,PlasmaOxy_CC,,,,,,,,,,,,,,,,,,,,,,,
0.05,0.2,0.035,0.2,0.07,0.05,PlasmaOxy_CC,,,,,,,,,,,,,,,,,,,,,,,
0.05,0.2,0.035,0.25,0.03,0.05,BioCH4Oxy_CC,,,,,,,,,,,,,,,,,,,,,,,
0.05,0.2,0.035,0.25,0.05,0.05,PlasmaOxy_CC,,,,,,,,,,,,,,,,,,,,,,,
0.05,0.2,0.035,0.25,0.07,0.05,PlasmaOxy_CC,,,,,,,,,,,,,,,,,,,,,,,
0.05,0.2,0.055,0.075,0.03,0.05,BioCH4,,,,,,,,,,,,,,,,,,,,,,,
0.05,0.2,0.055,0.075,0.05,0.05,BioCH4,,,,,,,,,,,,,,,,,,,,,,,
0.05,0.2,0.055,0.075,0.07,0.05,Plasma,,,,,,,,,,,,,,,,,,,,,,,
0.05,0.2,0.055,0.1,0.03,0.05,BioCH4,,,,,,,,,,,,,,,,,,,,,,,
0.05,0.2,0.055,0.1,0.05,0.05,BioCH4,,,,,,,,,,,,,,,,,,,,,,,
0.05,0.2,0.055,0.1,0.07,0.05,PlasmaOxy_CC,,,,,,,,,,,,,,,,,,,,,,,
0.05,0.2,0.055,0.2,0.03,0.05,BioCH4Oxy_CC,,,,,,,,,,,,,,,,,,,,,,,
0.05,0.2,0.055,0.2,0.05,0.05,PlasmaOxy_CC,,,,,,,,,,,,,,,,,,,,,,,
0.05,0.2,0.055,0.2,0.07,0.05,PlasmaOxy_CC,,,,,,,,,,,,,,,,,,,,,,,
0.05,0.2,0.055,0.25,0.03,0.05,BioCH4Oxy_CC,,,,,,,,,,,,,,,,,,,,,,,
0.05,0.2,0.055,0.25,0.05,0.05,PlasmaOxy_CC,,,,,,,,,,,,,,,,,,,,,,,
0.05,0.2,0.055,0.25,0.07,0.05,PlasmaOxy_CC,,,,,,,,,,,,,,,,,,,,,,,
0.05,0.2,0.075,0.075,0.03,0.05,BioCH4,,,,,,,,,,,,,,,,,,,,,,,
0.05,0.2,0.075,0.075,0.05,0.05,BioCH4,,,,,,,,,,,,,,,,,,,,,,,
0.05,0.2,0.075,0.075,0.07,0.05,Plasma,,,,,,,,,,,,,,,,,,,,,,,
0.05,0.2,0.075,0.1,0.03,0.05,BioCH4,,,,,,,,,,,,,,,,,,,,,,,
0.05,0.2,0.075,0.1,0.05,0.05,BioCH4,,,,,,,,,,,,,,,,,,,,,,,
0.05,0.2,0.075,0.1,0.07,0.05,PlasmaOxy_CC,,,,,,,,,,,,,,,,,,,,,,,
0.05,0.2,0.075,0.2,0.03,0.05,BioCH4Oxy_CC,,,,,,,,,,,,,,,,,,,,,,,
0.05,0.2,0.075,0.2,0.05,0.05,PlasmaOxy_CC,,,,,,,,,,,,,,,,,,,,,,,
0.05,0.2,0.075,0.2,0.07,0.05,PlasmaOxy_CC,,,,,,,,,,,,,,,,,,,,,,,
0.05,0.2,0.075,0.25,0.03,0.05,BioCH4Oxy_CC,,,,,,,,,,,,,,,,,,,,,,,
0.05,0.2,0.075,0.25,0.05,0.05,PlasmaOxy_CC,,,,,,,,,,,,,,,,,,,,,,,
0.05,0.2,0.075,0.25,0.07,0.05,PlasmaOxy_CC,,,,,,,,,,,,,,,,,,,,,,,
0.05,0.2,0.1,0.075,0.03,0.05,BioCH4,,,,,,,,,,,,,,,,,,,,,,,
0.05,0.2,0.1,0.075,0.05,0.05,BioCH4,,,,,,,,,,,,,,,,,,,,,,,
0.05,0.2,0.1,0.075,0.07,0.05,Plasma,,,,,,,,,,,,,,,,,,,,,,,
0.05,0.2,0.1,0.1,0.03,0.05,BioCH4,,,,,,,,,,,,,,,,,,,,,,,
0.05,0.2,0.1,0.1,0.05,0.05,BioCH4,,,,,,,,,,,,,,,,,,,,,,,
0.05,0.2,0.1,0.1,0.07,0.05,PlasmaOxy_CC,,,,,,,,,,,,,,,,,,,,,,,
0.05,0.2,0.1,0.2,0.03,0.05,BioCH4Oxy_CC,,,,,,,,,,,,,,,,,,,,,,,
0.05,0.2,0.1,0.2,0.05,0.05,PlasmaOxy_CC,,,,,,,,,,,,,,,,,,,,,,,
0.05,0.2,0.1,0.2,0.07,0.05,PlasmaOxy_CC,,,,,,,,,,,,,,,,,,,,,,,
0.05,0.2,0.1,0.25,0.03,0.05,BioCH4Oxy_CC,,,,,,,,,,,,,,,,,,,,,,,
0.05,0.2,0.1,0.25,0.05,0.05,PlasmaOxy_CC,,,,,,,,,,,,,,,,,,,,,,,
0.05,0.2,0.1,0.25,0.07,0.05,BiomassOxy_CC,,,,,,,,,,,,,,,,,,,,,,,
0.075,0.01,0.01,0.075,0.03,0.05,NG,,,,,,,,,,,,,,,,,,,,,,,
0.075,0.01,0.01,0.075,0.05,0.05,NG,,,,,,,,,,,,,,,,,,,,,,,
0.075,0.01,0.01,0.075,0.07,0.05,NG,,,,,,,,,,,,,,,,,,,,,,,
0.075,0.01,0.01,0.1,0.03,0.05,NG,,,,,,,,,,,,,,,,,,,,,,,
0.075,0.01,0.01,0.1,0.05,0.05,NG,,,,,,,,,,,,,,,,,,,,,,,
0.075,0.01,0.01,0.1,0.07,0.05,NG,,,,,,,,,,,,,,,,,,,,,,,
0.075,0.01,0.01,0.2,0.03,0.05,H2Oxy_CC,,,,,,,,,,,,,,,,,,,,,,,
0.075,0.01,0.01,0.2,0.05,0.05,H2Oxy_CC,,,,,,,,,,,,,,,,,,,,,,,
0.075,0.01,0.01,0.2,0.07,0.05,H2Oxy_CC,,,,,,,,,,,,,,,,,,,,,,,
0.075,0.01,0.01,0.25,0.03,0.05,H2Oxy_CC,,,,,,,,,,,,,,,,,,,,,,,
0.075,0.01,0.01,0.25,0.05,0.05,H2Oxy_CC,,,,,,,,,,,,,,,,,,,,,,,
0.075,0.01,0.01,0.25,0.07,0.05,H2Oxy_CC,,,,,,,,,,,,,,,,,,,,,,,
0.075,0.01,0.035,0.075,0.03,0.05,BioCH4,,,,,,,,,,,,,,,,,,,,,,,
0.075,0.01,0.035,0.075,0.05,0.05,H2,,,,,,,,,,,,,,,,,,,,,,,
0.075,0.01,0.035,0.075,0.07,0.05,H2,,,,,,,,,,,,,,,,,,,,,,,
0.075,0.01,0.035,0.1,0.03,0.05,BioCH4,,,,,,,,,,,,,,,,,,,,,,,
0.075,0.01,0.035,0.1,0.05,0.05,H2,,,,,,,,,,,,,,,,,,,,,,,
0.075,0.01,0.035,0.1,0.07,0.05,H2,,,,,,,,,,,,,,,,,,,,,,,
0.075,0.01,0.035,0.2,0.03,0.05,H2Oxy_CC,,,,,,,,,,,,,,,,,,,,,,,
0.075,0.01,0.035,0.2,0.05,0.05,H2Oxy_CC,,,,,,,,,,,,,,,,,,,,,,,
0.075,0.01,0.035,0.2,0.07,0.05,H2Oxy_CC,,,,,,,,,,,,,,,,,,,,,,,
0.075,0.01,0.035,0.25,0.03,0.05,H2Oxy_CC,,,,,,,,,,,,,,,,,,,,,,,
0.075,0.01,0.035,0.25,0.05,0.05,H2Oxy_CC,,,,,,,,,,,,,,,,,,,,,,,
0.075,0.01,0.035,0.25,0.07,0.05,H2Oxy_CC,,,,,,,,,,,,,,,,,,,,,,,
0.075,0.01,0.055,0.075,0.03,0.05,BioCH4,,,,,,,,,,,,,,,,,,,,,,,
0.075,0.01,0.055,0.075,0.05,0.05,H2,,,,,,,,,,,,,,,,,,,,,,,
0.075,0.01,0.055,0.075,0.07,0.05,H2,,,,,,,,,,,,,,,,,,,,,,,
0.075,0.01,0.055,0.1,0.03,0.05,BioCH4,,,,,,,,,,,,,,,,,,,,,,,
0.075,0.01,0.055,0.1,0.05,0.05,H2,,,,,,,,,,,,,,,,,,,,,,,
0.075,0.01,0.055,0.1,0.07,0.05,H2,,,,,,,,,,,,,,,,,,,,,,,
0.075,0.01,0.055,0.2,0.03,0.05,H2Oxy_CC,,,,,,,,,,,,,,,,,,,,,,,
0.075,0.01,0.055,0.2,0.05,0.05,H2Oxy_CC,,,,,,,,,,,,,,,,,,,,,,,
0.075,0.01,0.055,0.2,0.07,0.05,H2Oxy_CC,,,,,,,,,,,,,,,,,,,,,,,
0.075,0.01,0.055,0.25,0.03,0.05,H2Oxy_CC,,,,,,,,,,,,,,,,,,,,,,,
0.075,0.01,0.055,0.25,0.05,0.05,H2Oxy_CC,,,,,,,,,,,,,,,,,,,,,,,
0.075,0.01,0.055,0.25,0.07,0.05,H2Oxy_CC,,,,,,,,,,,,,,,,,,,,,,,
0.075,0.01,0.075,0.075,0.03,0.05,BioCH4,,,,,,,,,,,,,,,,,,,,,,,
0.075,0.01,0.075,0.075,0.05,0.05,H2,,,,,,,,,,,,,,,,,,,,,,,
0.075,0.01,0.075,0.075,0.07,0.05,H2,,,,,,,,,,,,,,,,,,,,,,,
0.075,0.01,0.075,0.1,0.03,0.05,BioCH4,,,,,,,,,,,,,,,,,,,,,,,
0.075,0.01,0.075,0.1,0.05,0.05,H2,,,,,,,,,,,,,,,,,,,,,,,
0.075,0.01,0.075,0.1,0.07,0.05,H2,,,,,,,,,,,,,,,,,,,,,,,
0.075,0.01,0.075,0.2,0.03,0.05,H2Oxy_CC,,,,,,,,,,,,,,,,,,,,,,,
0.075,0.01,0.075,0.2,0.05,0.05,H2Oxy_CC,,,,,,,,,,,,,,,,,,,,,,,
0.075,0.01,0.075,0.2,0.07,0.05,H2Oxy_CC,,,,,,,,,,,,,,,,,,,,,,,
0.075,0.01,0.075,0.25,0.03,0.05,H2Oxy_CC,,,,,,,,,,,,,,,,,,,,,,,
0.075,0.01,0.075,0.25,0.05,0.05,H2Oxy_CC,,,,,,,,,,,,,,,,,,,,,,,
0.075,0.01,0.075,0.25,0.07,0.05,H2Oxy_CC,,,,,,,,,,,,,,,,,,,,,,,
0.075,0.01,0.1,0.075,0.03,0.05,BioCH4,,,,,,,,,,,,,,,,,,,,,,,
0.075,0.01,0.1,0.075,0.05,0.05,H2,,,,,,,,,,,,,,,,,,,,,,,
0.075,0.01,0.1,0.075,0.07,0.05,H2,,,,,,,,,,,,,,,,,,,,,,,
0.075,0.01,0.1,0.1,0.03,0.05,BioCH4,,,,,,,,,,,,,,,,,,,,,,,
0.075,0.01,0.1,0.1,0.05,0.05,H2,,,,,,,,,,,,,,,,,,,,,,,
0.075,0.01,0.1,0.1,0.07,0.05,H2,,,,,,,,,,,,,,,,,,,,,,,
0.075,0.01,0.1,0.2,0.03,0.05,H2Oxy_CC,,,,,,,,,,,,,,,,,,,,,,,
0.075,0.01,0.1,0.2,0.05,0.05,H2Oxy_CC,,,,,,,,,,,,,,,,,,,,,,,
0.075,0.01,0.1,0.2,0.07,0.05,H2Oxy_CC,,,,,,,,,,,,,,,,,,,,,,,
0.075,0.01,0.1,0.25,0.03,0.05,H2Oxy_CC,,,,,,,,,,,,,,,,,,,,,,,
0.075,0.01,0.1,0.25,0.05,0.05,H2Oxy_CC,,,,,,,,,,,,,,,,,,,,,,,
0.075,0.01,0.1,0.25,0.07,0.05,H2Oxy_CC,,,,,,,,,,,,,,,,,,,,,,,
0.075,0.025,0.01,0.075,0.03,0.05,NG,,,,,,,,,,,,,,,,,,,,,,,
0.075,0.025,0.01,0.075,0.05,0.05,NG,,,,,,,,,,,,,,,,,,,,,,,
0.075,0.025,0.01,0.075,0.07,0.05,NG,,,,,,,,,,,,,,,,,,,,,,,
0.075,0.025,0.01,0.1,0.03,0.05,NG,,,,,,,,,,,,,,,,,,,,,,,
0.075,0.025,0.01,0.1,0.05,0.05,NG,,,,,,,,,,,,,,,,,,,,,,,
0.075,0.025,0.01,0.1,0.07,0.05,NG,,,,,,,,,,,,,,,,,,,,,,,
0.075,0.025,0.01,0.2,0.03,0.05,BioCH4Oxy_CC,,,,,,,,,,,,,,,,,,,,,,,
0.075,0.025,0.01,0.2,0.05,0.05,H2Oxy_CC,,,,,,,,,,,,,,,,,,,,,,,
0.075,0.025,0.01,0.2,0.07,0.05,H2Oxy_CC,,,,,,,,,,,,,,,,,,,,,,,
0.075,0.025,0.01,0.25,0.03,0.05,BioCH4Oxy_CC,,,,,,,,,,,,,,,,,,,,,,,
0.075,0.025,0.01,0.25,0.05,0.05,H2Oxy_CC,,,,,,,,,,,,,,,,,,,,,,,
0.075,0.025,0.01,0.25,0.07,0.05,H2Oxy_CC,,,,,,,,,,,,,,,,,,,,,,,
0.075,0.025,0.035,0.075,0.03,0.05,BioCH4,,,,,,,,,,,,,,,,,,,,,,,
0.075,0.025,0.035,0.075,0.05,0.05,NG,,,,,,,,,,,,,,,,,,,,,,,
0.075,0.025,0.035,0.075,0.07,0.05,NG,,,,,,,,,,,,,,,,,,,,,,,
0.075,0.025,0.035,0.1,0.03,0.05,BioCH4,,,,,,,,,,,,,,,,,,,,,,,
0.075,0.025,0.035,0.1,0.05,0.05,BioCH4,,,,,,,,,,,,,,,,,,,,,,,
0.075,0.025,0.035,0.1,0.07,0.05,NG,,,,,,,,,,,,,,,,,,,,,,,
0.075,0.025,0.035,0.2,0.03,0.05,BioCH4Oxy_CC,,,,,,,,,,,,,,,,,,,,,,,
0.075,0.025,0.035,0.2,0.05,0.05,H2Oxy_CC,,,,,,,,,,,,,,,,,,,,,,,
0.075,0.025,0.035,0.2,0.07,0.05,H2Oxy_CC,,,,,,,,,,,,,,,,,,,,,,,
0.075,0.025,0.035,0.25,0.03,0.05,BioCH4Oxy_CC,,,,,,,,,,,,,,,,,,,,,,,
0.075,0.025,0.035,0.25,0.05,0.05,H2Oxy_CC,,,,,,,,,,,,,,,,,,,,,,,
0.075,0.025,0.035,0.25,0.07,0.05,H2Oxy_CC,,,,,,,,,,,,,,,,,,,,,,,
0.075,0.025,0.055,0.075,0.03,0.05,BioCH4,,,,,,,,,,,,,,,,,,,,,,,
0.075,0.025,0.055,0.075,0.05,0.05,BioCH4,,,,,,,,,,,,,,,,,,,,,,,
0.075,0.025,0.055,0.075,0.07,0.05,H2,,,,,,,,,,,,,,,,,,,,,,,
0.075,0.025,0.055,0.1,0.03,0.05,BioCH4,,,,,,,,,,,,,,,,,,,,,,,
0.075,0.025,0.055,0.1,0.05,0.05,BioCH4,,,,,,,,,,,,,,,,,,,,,,,
0.075,0.025,0.055,0.1,0.07,0.05,H2,,,,,,,,,,,,,,,,,,,,,,,
0.075,0.025,0.055,0.2,0.03,0.05,BioCH4Oxy_CC,,,,,,,,,,,,,,,,,,,,,,,
0.075,0.025,0.055,0.2,0.05,0.05,H2Oxy_CC,,,,,,,,,,,,,,,,,,,,,,,
0.075,0.025,0.055,0.2,0.07,0.05,H2Oxy_CC,,,,,,,,,,,,,,,,,,,,,,,
0.075,0.025,0.055,0.25,0.03,0.05,BioCH4Oxy_CC,,,,,,,,,,,,,,,,,,,,,,,
0.075,0.025,0.055,0.25,0.05,0.05,H2Oxy_CC,,,,,,,,,,,,,,,,,,,,,,,
0.075,0.025,0.055,0.25,0.07,0.05,H2Oxy_CC,,,,,,,,,,,,,,,,,,,,,,,
0.075,0.025,0.075,0.075,0.03,0.05,BioCH4,,,,,,,,,,,,,,,,,,,,,,,
0.075,0.025,0.075,0.075,0.05,0.05,BioCH4,,,,,,,,,,,,,,,,,,,,,,,
0.075,0.025,0.075,0.075,0.07,0.05,H2,,,,,,,,,,,,,,,,,,,,,,,
0.075,0.025,0.075,0.1,0.03,0.05,BioCH4,,,,,,,,,,,,,,,,,,,,,,,
0.075,0.025,0.075,0.1,0.05,0.05,BioCH4,,,,,,,,,,,,,,,,,,,,,,,
0.075,0.025,0.075,0.1,0.07,0.05,H2,,,,,,,,,,,,,,,,,,,,,,,
0.075,0.025,0.075,0.2,0.03,0.05,BioCH4Oxy_CC,,,,,,,,,,,,,,,,,,,,,,,
0.075,0.025,0.075,0.2,0.05,0.05,H2Oxy_CC,,,,,,,,,,,,,,,,,,,,,,,
0.075,0.025,0.075,0.2,0.07,0.05,H2Oxy_CC,,,,,,,,,,,,,,,,,,,,,,,
0.075,0.025,0.075,0.25,0.03,0.05,BioCH4Oxy_CC,,,,,,,,,,,,,,,,,,,,,,,
0.075,0.025,0.075,0.25,0.05,0.05,H2Oxy_CC,,,,,,,,,,,,,,,,,,,,,,,
0.075,0.025,0.075,0.25,0.07,0.05,H2Oxy_CC,,,,,,,,,,,,,,,,,,,,,,,
0.075,0.025,0.1,0.075,0.03,0.05,BioCH4,,,,,,,,,,,,,,,,,,,,,,,
0.075,0.025,0.1,0.075,0.05,0.05,BioCH4,,,,,,,,,,,,,,,,,,,,,,,
0.075,0.025,0.1,0.075,0.07,0.05,H2,,,,,,,,,,,,,,,,,,,,,,,
0.075,0.025,0.1,0.1,0.03,0.05,BioCH4,,,,,,,,,,,,,,,,,,,,,,,
0.075,0.025,0.1,0.1,0.05,0.05,BioCH4,,,,,,,,,,,,,,,,,,,,,,,
0.075,0.025,0.1,0.1,0.07,0.05,H2,,,,,,,,,,,,,,,,,,,,,,,
0.075,0.025,0.1,0.2,0.03,0.05,BioCH4Oxy_CC,,,,,,,,,,,,,,,,,,,,,,,
0.075,0.025,0.1,0.2,0.05,0.05,H2Oxy_CC,,,,,,,,,,,,,,,,,,,,,,,
0.075,0.025,0.1,0.2,0.07,0.05,H2Oxy_CC,,,,,,,,,,,,,,,,,,,,,,,
0.075,0.025,0.1,0.25,0.03,0.05,BioCH4Oxy_CC,,,,,,,,,,,,,,,,,,,,,,,
0.075,0.025,0.1,0.25,0.05,0.05,H2Oxy_CC,,,,,,,,,,,,,,,,,,,,,,,
0.075,0.025,0.1,0.25,0.07,0.05,H2Oxy_CC,,,,,,,,,,,,,,,,,,,,,,,
0.075,0.05,0.01,0.075,0.03,0.05,NG,,,,,,,,,,,,,,,,,,,,,,,
0.075,0.05,0.01,0.075,0.05,0.05,NG,,,,,,,,,,,,,,,,,,,,,,,
0.075,0.05,0.01,0.075,0.07,0.05,NG,,,,,,,,,,,,,,,,,,,,,,,
0.075,0.05,0.01,0.1,0.03,0.05,NG,,,,,,,,,,,,,,,,,,,,,,,
0.075,0.05,0.01,0.1,0.05,0.05,NG,,,,,,,,,,,,,,,,,,,,,,,
0.075,0.05,0.01,0.1,0.07,0.05,NG,,,,,,,,,,,,,,,,,,,,,,,
0.075,0.05,0.01,0.2,0.03,0.05,BioCH4Oxy_CC,,,,,,,,,,,,,,,,,,,,,,,
0.075,0.05,0.01,0.2,0.05,0.05,NGOxy_CC,,,,,,,,,,,,,,,,,,,,,,,
0.075,0.05,0.01,0.2,0.07,0.05,NGOxy_CC,,,,,,,,,,,,,,,,,,,,,,,
0.075,0.05,0.01,0.25,0.03,0.05,BioCH4Oxy_CC,,,,,,,,,,,,,,,,,,,,,,,
0.075,0.05,0.01,0.25,0.05,0.05,NGOxy_CC,,,,,,,,,,,,,,,,,,,,,,,
0.075,0.05,0.01,0.25,0.07,0.05,NGOxy_CC,,,,,,,,,,,,,,,,,,,,,,,
0.075,0.05,0.035,0.075,0.03,0.05,BioCH4,,,,,,,,,,,,,,,,,,,,,,,
0.075,0.05,0.035,0.075,0.05,0.05,NG,,,,,,,,,,,,,,,,,,,,,,,
0.075,0.05,0.035,0.075,0.07,0.05,NG,,,,,,,,,,,,,,,,,,,,,,,
0.075,0.05,0.035,0.1,0.03,0.05,BioCH4,,,,,,,,,,,,,,,,,,,,,,,
0.075,0.05,0.035,0.1,0.05,0.05,BioCH4,,,,,,,,,,,,,,,,,,,,,,,
0.075,0.05,0.035,0.1,0.07,0.05,NG,,,,,,,,,,,,,,,,,,,,,,,
0.075,0.05,0.035,0.2,0.03,0.05,BioCH4Oxy_CC,,,,,,,,,,,,,,,,,,,,,,,
0.075,0.05,0.035,0.2,0.05,0.05,BioCH4Oxy_CC,,,,,,,,,,,,,,,,,,,,,,,
0.075,0.05,0.035,0.2,0.07,0.05,BiomassOxy_CC,,,,,,,,,,,,,,,,,,,,,,,
0.075,0.05,0.035,0.25,0.03,0.05,BioCH4Oxy_CC,,,,,,,,,,,,,,,,,,,,,,,
0.075,0.05,0.035,0.25,0.05,0.05,BioCH4Oxy_CC,,,,,,,,,,,,,,,,,,,,,,,
0.075,0.05,0.035,0.25,0.07,0.05,BiomassOxy_CC,,,,,,,,,,,,,,,,,,,,,,,
0.075,0.05,0.055,0.075,0.03,0.05,BioCH4,,,,,,,,,,,,,,,,,,,,,,,
0.075,0.05,0.055,0.075,0.05,0.05,BioCH4,,,,,,,,,,,,,,,,,,,,,,,
0.075,0.05,0.055,0.075,0.07,0.05,Biomass,,,,,,,,,,,,,,,,,,,,,,,
0.075,0.05,0.055,0.1,0.03,0.05,BioCH4,,,,,,,,,,,,,,,,,,,,,,,
0.075,0.05,0.055,0.1,0.05,0.05,BioCH4,,,,,,,,,,,,,,,,,,,,,,,
0.075,0.05,0.055,0.1,0.07,0.05,Biomass,,,,,,,,,,,,,,,,,,,,,,,
0.075,0.05,0.055,0.2,0.03,0.05,BioCH4Oxy_CC,,,,,,,,,,,,,,,,,,,,,,,
0.075,0.05,0.055,0.2,0.05,0.05,BioCH4Oxy_CC,,,,,,,,,,,,,,,,,,,,,,,
0.075,0.05,0.055,0.2,0.07,0.05,BiomassOxy_CC,,,,,,,,,,,,,,,,,,,,,,,
0.075,0.05,0.055,0.25,0.03,0.05,BioCH4Oxy_CC,,,,,,,,,,,,,,,,,,,,,,,
0.075,0.05,0.055,0.25,0.05,0.05,BioCH4Oxy_CC,,,,,,,,,,,,,,,,,,,,,,,
0.075,0.05,0.055,0.25,0.07,0.05,BiomassOxy_CC,,,,,,,,,,,,,,,,,,,,,,,
0.075,0.05,0.075,0.075,0.03,0.05,BioCH4,,,,,,,,,,,,,,,,,,,,,,,
0.075,0.05,0.075,0.075,0.05,0.05,BioCH4,,,,,,,,,,,,,,,,,,,,,,,
0.075,0.05,0.075,0.075,0.07,0.05,Biomass,,,,,,,,,,,,,,,,,,,,,,,
0.075,0.05,0.075,0.1,0.03,0.05,BioCH4,,,,,,,,,,,,,,,,,,,,,,,
0.075,0.05,0.075,0.1,0.05,0.05,BioCH4,,,,,,,,,,,,,,,,,,,,,,,
0.075,0.05,0.075,0.1,0.07,0.05,Biomass,,,,,,,,,,,,,,,,,,,,,,,
0.075,0.05,0.075,0.2,0.03,0.05,BioCH4Oxy_CC,,,,,,,,,,,,,,,,,,,,,,,
0.075,0.05,0.075,0.2,0.05,0.05,BioCH4Oxy_CC,,,,,,,,,,,,,,,,,,,,,,,
0.075,0.05,0.075,0.2,0.07,0.05,BiomassOxy_CC,,,,,,,,,,,,,,,,,,,,,,,
0.075,0.05,0.075,0.25,0.03,0.05,BioCH4Oxy_CC,,,,,,,,,,,,,,,,,,,,,,,
0.075,0.05,0.075,0.25,0.05,0.05,BioCH4Oxy_CC,,,,,,,,,,,,,,,,,,,,,,,
0.075,0.05,0.075,0.25,0.07,0.05,BiomassOxy_CC,,,,,,,,,,,,,,,,,,,,,,,
0.075,0.05,0.1,0.075,0.03,0.05,BioCH4,,,,,,,,,,,,,,,,,,,,,,,
0.075,0.05,0.1,0.075,0.05,0.05,BioCH4,,,,,,,,,,,,,,,,,,,,,,,
0.075,0.05,0.1,0.075,0.07,0.05,Biomass,,,,,,,,,,,,,,,,,,,,,,,
0.075,0.05,0.1,0.1,0.03,0.05,BioCH4,,,,,,,,,,,,,,,,,,,,,,,
0.075,0.05,0.1,0.1,0.05,0.05,BioCH4,,,,,,,,,,,,,,,,,,,,,,,
0.075,0.05,0.1,0.1,0.07,0.05,Biomass,,,,,,,,,,,,,,,,,,,,,,,
0.075,0.05,0.1,0.2,0.03,0.05,BioCH4Oxy_CC,,,,,,,,,,,,,,,,,,,,,,,
0.075,0.05,0.1,0.2,0.05,0.05,BioCH4Oxy_CC,,,,,,,,,,,,,,,,,,,,,,,
0.075,0.05,0.1,0.2,0.07,0.05,BiomassOxy_CC,,,,,,,,,,,,,,,,,,,,,,,
0.075,0.05,0.1,0.25,0.03,0.05,BioCH4Oxy_CC,,,,,,,,,,,,,,,,,,,,,,,
0.075,0.05,0.1,0.25,0.05,0.05,BioCH4Oxy_CC,,,,,,,,,,,,,,,,,,,,,,,
0.075,0.05,0.1,0.25,0.07,0.05,BiomassOxy_CC,,,,,,,,,,,,,,,,,,,,,,,
0.075,0.075,0.01,0.075,0.03,0.05,NG,,,,,,,,,,,,,,,,,,,,,,,
0.075,0.075,0.01,0.075,0.05,0.05,NG,,,,,,,,,,,,,,,,,,,,,,,
0.075,0.075,0.01,0.075,0.07,0.05,NG,,,,,,,,,,,,,,,,,,,,,,,
0.075,0.075,0.01,0.1,0.03,0.05,NG,,,,,,,,,,,,,,,,,,,,,,,
0.075,0.075,0.01,0.1,0.05,0.05,NG,,,,,,,,,,,,,,,,,,,,,,,
0.075,0.075,0.01,0.1,0.07,0.05,NG,,,,,,,,,,,,,,,,,,,,,,,
0.075,0.075,0.01,0.2,0.03,0.05,BioCH4Oxy_CC,,,,,,,,,,,,,,,,,,,,,,,
0.075,0.075,0.01,0.2,0.05,0.05,NGOxy_CC,,,,,,,,,,,,,,,,,,,,,,,
0.075,0.075,0.01,0.2,0.07,0.05,NGOxy_CC,,,,,,,,,,,,,,,,,,,,,,,
0.075,0.075,0.01,0.25,0.03,0.05,BioCH4Oxy_CC,,,,,,,,,,,,,,,,,,,,,,,
0.075,0.075,0.01,0.25,0.05,0.05,NGOxy_CC,,,,,,,,,,,,,,,,,,,,,,,
0.075,0.075,0.01,0.25,0.07,0.05,NGOxy_CC,,,,,,,,,,,,,,,,,,,,,,,
0.075,0.075,0.035,0.075,0.03,0.05,BioCH4,,,,,,,,,,,,,,,,,,,,,,,
0.075,0.075,0.035,0.075,0.05,0.05,NG,,,,,,,,,,,,,,,,,,,,,,,
0.075,0.075,0.035,0.075,0.07,0.05,NG,,,,,,,,,,,,,,,,,,,,,,,
0.075,0.075,0.035,0.1,0.03,0.05,BioCH4,,,,,,,,,,,,,,,,,,,,,,,
0.075,0.075,0.035,0.1,0.05,0.05,BioCH4,,,,,,,,,,,,,,,,,,,,,,,
0.075,0.075,0.035,0.1,0.07,0.05,NG,,,,,,,,,,,,,,,,,,,,,,,
0.075,0.075,0.035,0.2,0.03,0.05,BioCH4Oxy_CC,,,,,,,,,,,,,,,,,,,,,,,
0.075,0.075,0.035,0.2,0.05,0.05,BioCH4Oxy_CC,,,,,,,,,,,,,,,,,,,,,,,
0.075,0.075,0.035,0.2,0.07,0.05,BiomassOxy_CC,,,,,,,,,,,,,,,,,,,,,,,
0.075,0.075,0.035,0.25,0.03,0.05,BioCH4Oxy_CC,,,,,,,,,,,,,,,,,,,,,,,
0.075,0.075,0.035,0.25,0.05,0.05,BioCH4Oxy_CC,,,,,,,,,,,,,,,,,,,,,,,
0.075,0.075,0.035,0.25,0.07,0.05,BiomassOxy_CC,,,,,,,,,,,,,,,,,,,,,,,
0.075,0.075,0.055,0.075,0.03,0.05,BioCH4,,,,,,,,,,,,,,,,,,,,,,,
0.075,0.075,0.055,0.075,0.05,0.05,BioCH4,,,,,,,,,,,,,,,,,,,,,,,
0.075,0.075,0.055,0.075,0.07,0.05,Biomass,,,,,,,,,,,,,,,,,,,,,,,
0.075,0.075,0.055,0.1,0.03,0.05,BioCH4,,,,,,,,,,,,,,,,,,,,,,,
0.075,0.075,0.055,0.1,0.05,0.05,BioCH4,,,,,,,,,,,,,,,,,,,,,,,
0.075,0.075,0.055,0.1,0.07,0.05,Biomass,,,,,,,,,,,,,,,,,,,,,,,
0.075,0.075,0.055,0.2,0.03,0.05,BioCH4Oxy_CC,,,,,,,,,,,,,,,,,,,,,,,
0.075,0.075,0.055,0.2,0.05,0.05,BioCH4Oxy_CC,,,,,,,,,,,,,,,,,,,,,,,
0.075,0.075,0.055,0.2,0.07,0.05,BiomassOxy_CC,,,,,,,,,,,,,,,,,,,,,,,
0.075,0.075,0.055,0.25,0.03,0.05,BioCH4Oxy_CC,,,,,,,,,,,,,,,,,,,,,,,
0.075,0.075,0.055,0.25,0.05,0.05,BioCH4Oxy_CC,,,,,,,,,,,,,,,,,,,,,,,
0.075,0.075,0.055,0.25,0.07,0.05,BiomassOxy_CC,,,,,,,,,,,,,,,,,,,,,,,
0.075,0.075,0.075,0.075,0.03,0.05,BioCH4,,,,,,,,,,,,,,,,,,,,,,,
0.075,0.075,0.075,0.075,0.05,0.05,BioCH4,,,,,,,,,,,,,,,,,,,,,,,
0.075,0.075,0.075,0.075,0.07,0.05,Biomass,,,,,,,,,,,,,,,,,,,,,,,
0.075,0.075,0.075,0.1,0.03,0.05,BioCH4,,,,,,,,,,,,,,,,,,,,,,,
0.075,0.075,0.075,0.1,0.05,0.05,BioCH4,,,,,,,,,,,,,,,,,,,,,,,
0.075,0.075,0.075,0.1,0.07,0.05,Biomass,,,,,,,,,,,,,,,,,,,,,,,
0.075,0.075,0.075,0.2,0.03,0.05,BioCH4Oxy_CC,,,,,,,,,,,,,,,,,,,,,,,
0.075,0.075,0.075,0.2,0.05,0.05,BioCH4Oxy_CC,,,,,,,,,,,,,,,,,,,,,,,
0.075,0.075,0.075,0.2,0.07,0.05,BiomassOxy_CC,,,,,,,,,,,,,,,,,,,,,,,
0.075,0.075,0.075,0.25,0.03,0.05,BioCH4Oxy_CC,,,,,,,,,,,,,,,,,,,,,,,
0.075,0.075,0.075,0.25,0.05,0.05,BioCH4Oxy_CC,,,,,,,,,,,,,,,,,,,,,,,
0.075,0.075,0.075,0.25,0.07,0.05,BiomassOxy_CC,,,,,,,,,,,,,,,,,,,,,,,
0.075,0.075,0.1,0.075,0.03,0.05,BioCH4,,,,,,,,,,,,,,,,,,,,,,,
0.075,0.075,0.1,0.075,0.05,0.05,BioCH4,,,,,,,,,,,,,,,,,,,,,,,
0.075,0.075,0.1,0.075,0.07,0.05,Biomass,,,,,,,,,,,,,,,,,,,,,,,
0.075,0.075,0.1,0.1,0.03,0.05,BioCH4,,,,,,,,,,,,,,,,,,,,,,,
0.075,0.075,0.1,0.1,0.05,0.05,BioCH4,,,,,,,,,,,,,,,,,,,,,,,
0.075,0.075,0.1,0.1,0.07,0.05,Biomass,,,,,,,,,,,,,,,,,,,,,,,
0.075,0.075,0.1,0.2,0.03,0.05,BioCH4Oxy_CC,,,,,,,,,,,,,,,,,,,,,,,
0.075,0.075,0.1,0.2,0.05,0.05,BioCH4Oxy_CC,,,,,,,,,,,,,,,,,,,,,,,
0.075,0.075,0.1,0.2,0.07,0.05,BiomassOxy_CC,,,,,,,,,,,,,,,,,,,,,,,
0.075,0.075,0.1,0.25,0.03,0.05,BioCH4Oxy_CC,,,,,,,,,,,,,,,,,,,,,,,
0.075,0.075,0.1,0.25,0.05,0.05,BioCH4Oxy_CC,,,,,,,,,,,,,,,,,,,,,,,
0.075,0.075,0.1,0.25,0.07,0.05,BiomassOxy_CC,,,,,,,,,,,,,,,,,,,,,,,
0.075,0.1,0.01,0.075,0.03,0.05,NG,,,,,,,,,,,,,,,,,,,,,,,
0.075,0.1,0.01,0.075,0.05,0.05,NG,,,,,,,,,,,,,,,,,,,,,,,
0.075,0.1,0.01,0.075,0.07,0.05,NG,,,,,,,,,,,,,,,,,,,,,,,
0.075,0.1,0.01,0.1,0.03,0.05,NG,,,,,,,,,,,,,,,,,,,,,,,
0.075,0.1,0.01,0.1,0.05,0.05,NG,,,,,,,,,,,,,,,,,,,,,,,
0.075,0.1,0.01,0.1,0.07,0.05,NG,,,,,,,,,,,,,,,,,,,,,,,
0.075,0.1,0.01,0.2,0.03,0.05,BioCH4Oxy_CC,,,,,,,,,,,,,,,,,,,,,,,
0.075,0.1,0.01,0.2,0.05,0.05,NGOxy_CC,,,,,,,,,,,,,,,,,,,,,,,
0.075,0.1,0.01,0.2,0.07,0.05,NGOxy_CC,,,,,,,,,,,,,,,,,,,,,,,
0.075,0.1,0.01,0.25,0.03,0.05,BioCH4Oxy_CC,,,,,,,,,,,,,,,,,,,,,,,
0.075,0.1,0.01,0.25,0.05,0.05,NGOxy_CC,,,,,,,,,,,,,,,,,,,,,,,
0.075,0.1,0.01,0.25,0.07,0.05,NGOxy_CC,,,,,,,,,,,,,,,,,,,,,,,
0.075,0.1,0.035,0.075,0.03,0.05,BioCH4,,,,,,,,,,,,,,,,,,,,,,,
0.075,0.1,0.035,0.075,0.05,0.05,NG,,,,,,,,,,,,,,,,,,,,,,,
0.075,0.1,0.035,0.075,0.07,0.05,NG,,,,,,,,,,,,,,,,,,,,,,,
0.075,0.1,0.035,0.1,0.03,0.05,BioCH4,,,,,,,,,,,,,,,,,,,,,,,
0.075,0.1,0.035,0.1,0.05,0.05,BioCH4,,,,,,,,,,,,,,,,,,,,,,,
0.075,0.1,0.035,0.1,0.07,0.05,NG,,,,,,,,,,,,,,,,,,,,,,,
0.075,0.1,0.035,0.2,0.03,0.05,BioCH4Oxy_CC,,,,,,,,,,,,,,,,,,,,,,,
0.075,0.1,0.035,0.2,0.05,0.05,BioCH4Oxy_CC,,,,,,,,,,,,,,,,,,,,,,,
0.075,0.1,0.035,0.2,0.07,0.05,BiomassOxy_CC,,,,,,,,,,,,,,,,,,,,,,,
0.075,0.1,0.035,0.25,0.03,0.05,BioCH4Oxy_CC,,,,,,,,,,,,,,,,,,,,,,,
0.075,0.1,0.035,0.25,0.05,0.05,BioCH4Oxy_CC,,,,,,,,,,,,,,,,,,,,,,,
0.075,0.1,0.035,0.25,0.07,0.05,BiomassOxy_CC,,,,,,,,,,,,,,,,,,,,,,,
0.075,0.1,0.055,0.075,0.03,0.05,BioCH4,,,,,,,,,,,,,,,,,,,,,,,
0.075,0.1,0.055,0.075,0.05,0.05,BioCH4,,,,,,,,,,,,,,,,,,,,,,,
0.075,0.1,0.055,0.075,0.07,0.05,Biomass,,,,,,,,,,,,,,,,,,,,,,,
0.075,0.1,0.055,0.1,0.03,0.05,BioCH4,,,,,,,,,,,,,,,,,,,,,,,
0.075,0.1,0.055,0.1,0.05,0.05,BioCH4,,,,,,,,,,,,,,,,,,,,,,,
0.075,0.1,0.055,0.1,0.07,0.05,Biomass,,,,,,,,,,,,,,,,,,,,,,,
0.075,0.1,0.055,0.2,0.03,0.05,BioCH4Oxy_CC,,,,,,,,,,,,,,,,,,,,,,,
0.075,0.1,0.055,0.2,0.05,0.05,BioCH4Oxy_CC,,,,,,,,,,,,,,,,,,,,,,,
0.075,0.1,0.055,0.2,0.07,0.05,BiomassOxy_CC,,,,,,,,,,,,,,,,,,,,,,,
0.075,0.1,0.055,0.25,0.03,0.05,BioCH4Oxy_CC,,,,,,,,,,,,,,,,,,,,,,,
0.075,0.1,0.055,0.25,0.05,0.05,BioCH4Oxy_CC,,,,,,,,,,,,,,,,,,,,,,,
0.075,0.1,0.055,0.25,0.07,0.05,BiomassOxy_CC,,,,,,,,,,,,,,,,,,,,,,,
0.075,0.1,0.075,0.075,0.03,0.05,BioCH4,,,,,,,,,,,,,,,,,,,,,,,
0.075,0.1,0.075,0.075,0.05,0.05,BioCH4,,,,,,,,,,,,,,,,,,,,,,,
0.075,0.1,0.075,0.075,0.07,0.05,Biomass,,,,,,,,,,,,,,,,,,,,,,,
0.075,0.1,0.075,0.1,0.03,0.05,BioCH4,,,,,,,,,,,,,,,,,,,,,,,
0.075,0.1,0.075,0.1,0.05,0.05,BioCH4,,,,,,,,,,,,,,,,,,,,,,,
0.075,0.1,0.075,0.1,0.07,0.05,Biomass,,,,,,,,,,,,,,,,,,,,,,,
0.075,0.1,0.075,0.2,0.03,0.05,BioCH4Oxy_CC,,,,,,,,,,,,,,,,,,,,,,,
0.075,0.1,0.075,0.2,0.05,0.05,BioCH4Oxy_CC,,,,,,,,,,,,,,,,,,,,,,,
0.075,0.1,0.075,0.2,0.07,0.05,BiomassOxy_CC,,,,,,,,,,,,,,,,,,,,,,,
0.075,0.1,0.075,0.25,0.03,0.05,BioCH4Oxy_CC,,,,,,,,,,,,,,,,,,,,,,,
0.075,0.1,0.075,0.25,0.05,0.05,BioCH4Oxy_CC,,,,,,,,,,,,,,,,,,,,,,,
0.075,0.1,0.075,0.25,0.07,0.05,BiomassOxy_CC,,,,,,,,,,,,,,,,,,,,,,,
0.075,0.1,0.1,0.075,0.03,0.05,BioCH4,,,,,,,,,,,,,,,,,,,,,,,
0.075,0.1,0.1,0.075,0.05,0.05,BioCH4,,,,,,,,,,,,,,,,,,,,,,,
0.075,0.1,0.1,0.075,0.07,0.05,Biomass,,,,,,,,,,,,,,,,,,,,,,,
0.075,0.1,0.1,0.1,0.03,0.05,BioCH4,,,,,,,,,,,,,,,,,,,,,,,
0.075,0.1,0.1,0.1,0.05,0.05,BioCH4,,,,,,,,,,,,,,,,,,,,,,,
0.075,0.1,0.1,0.1,0.07,0.05,Biomass,,,,,,,,,,,,,,,,,,,,,,,
0.075,0.1,0.1,0.2,0.03,0.05,BioCH4Oxy_CC,,,,,,,,,,,,,,,,,,,,,,,
0.075,0.1,0.1,0.2,0.05,0.05,BioCH4Oxy_CC,,,,,,,,,,,,,,,,,,,,,,,
0.075,0.1,0.1,0.2,0.07,0.05,BiomassOxy_CC,,,,,,,,,,,,,,,,,,,,,,,
0.075,0.1,0.1,0.25,0.03,0.05,BioCH4Oxy_CC,,,,,,,,,,,,,,,,,,,,,,,
0.075,0.1,0.1,0.25,0.05,0.05,BioCH4Oxy_CC,,,,,,,,,,,,,,,,,,,,,,,
0.075,0.1,0.1,0.25,0.07,0.05,BiomassOxy_CC,,,,,,,,,,,,,,,,,,,,,,,
0.075,0.15,0.01,0.075,0.03,0.05,NG,,,,,,,,,,,,,,,,,,,,,,,
0.075,0.15,0.01,0.075,0.05,0.05,NG,,,,,,,,,,,,,,,,,,,,,,,
0.075,0.15,0.01,0.075,0.07,0.05,NG,,,,,,,,,,,,,,,,,,,,,,,
0.075,0.15,0.01,0.1,0.03,0.05,NG,,,,,,,,,,,,,,,,,,,,,,,
0.075,0.15,0.01,0.1,0.05,0.05,NG,,,,,,,,,,,,,,,,,,,,,,,
0.075,0.15,0.01,0.1,0.07,0.05,NG,,,,,,,,,,,,,,,,,,,,,,,
0.075,0.15,0.01,0.2,0.03,0.05,BioCH4Oxy_CC,,,,,,,,,,,,,,,,,,,,,,,
0.075,0.15,0.01,0.2,0.05,0.05,NGOxy_CC,,,,,,,,,,,,,,,,,,,,,,,
0.075,0.15,0.01,0.2,0.07,0.05,NGOxy_CC,,,,,,,,,,,,,,,,,,,,,,,
0.075,0.15,0.01,0.25,0.03,0.05,BioCH4Oxy_CC,,,,,,,,,,,,,,,,,,,,,,,
0.075,0.15,0.01,0.25,0.05,0.05,NGOxy_CC,,,,,,,,,,,,,,,,,,,,,,,
0.075,0.15,0.01,0.25,0.07,0.05,NGOxy_CC,,,,,,,,,,,,,,,,,,,,,,,
0.075,0.15,0.035,0.075,0.03,0.05,BioCH4,,,,,,,,,,,,,,,,,,,,,,,
0.075,0.15,0.035,0.075,0.05,0.05,NG,,,,,,,,,,,,,,,,,,,,,,,
0.075,0.15,0.035,0.075,0.07,0.05,NG,,,,,,,,,,,,,,,,,,,,,,,
0.075,0.15,0.035,0.1,0.03,0.05,BioCH4,,,,,,,,,,,,,,,,,,,,,,,
0.075,0.15,0.035,0.1,0.05,0.05,BioCH4,,,,,,,,,,,,,,,,,,,,,,,
0.075,0.15,0.035,0.1,0.07,0.05,NG,,,,,,,,,,,,,,,,,,,,,,,
0.075,0.15,0.035,0.2,0.03,0.05,BioCH4Oxy_CC,,,,,,,,,,,,,,,,,,,,,,,
0.075,0.15,0.035,0.2,0.05,0.05,BioCH4Oxy_CC,,,,,,,,,,,,,,,,,,,,,,,
0.075,0.15,0.035,0.2,0.07,0.05,BiomassOxy_CC,,,,,,,,,,,,,,,,,,,,,,,
0.075,0.15,0.035,0.25,0.03,0.05,BioCH4Oxy_CC,,,,,,,,,,,,,,,,,,,,,,,
0.075,0.15,0.035,0.25,0.05,0.05,BioCH4Oxy_CC,,,,,,,,,,,,,,,,,,,,,,,
0.075,0.15,0.035,0.25,0.07,0.05,BiomassOxy_CC,,,,,,,,,,,,,,,,,,,,,,,
0.075,0.15,0.055,0.075,0.03,0.05,BioCH4,,,,,,,,,,,,,,,,,,,,,,,
0.075,0.15,0.055,0.075,0.05,0.05,BioCH4,,,,,,,,,,,,,,,,,,,,,,,
0.075,0.15,0.055,0.075,0.07,0.05,Biomass,,,,,,,,,,,,,,,,,,,,,,,
0.075,0.15,0.055,0.1,0.03,0.05,BioCH4,,,,,,,,,,,,,,,,,,,,,,,
0.075,0.15,0.055,0.1,0.05,0.05,BioCH4,,,,,,,,,,,,,,,,,,,,,,,
0.075,0.15,0.055,0.1,0.07,0.05,Biomass,,,,,,,,,,,,,,,,,,,,,,,
0.075,0.15,0.055,0.2,0.03,0.05,BioCH4Oxy_CC,,,,,,,,,,,,,,,,,,,,,,,
0.075,0.15,0.055,0.2,0.05,0.05,BioCH4Oxy_CC,,,,,,,,,,,,,,,,,,,,,,,
0.075,0.15,0.055,0.2,0.07,0.05,BiomassOxy_CC,,,,,,,,,,,,,,,,,,,,,,,
0.075,0.15,0.055,0.25,0.03,0.05,BioCH4Oxy_CC,,,,,,,,,,,,,,,,,,,,,,,
0.075,0.15,0.055,0.25,0.05,0.05,BioCH4Oxy_CC,,,,,,,,,,,,,,,,,,,,,,,
0.075,0.15,0.055,0.25,0.07,0.05,BiomassOxy_CC,,,,,,,,,,,,,,,,,,,,,,,
0.075,0.15,0.075,0.075,0.03,0.05,BioCH4,,,,,,,,,,,,,,,,,,,,,,,
0.075,0.15,0.075,0.075,0.05,0.05,BioCH4,,,,,,,,,,,,,,,,,,,,,,,
0.075,0.15,0.075,0.075,0.07,0.05,Biomass,,,,,,,,,,,,,,,,,,,,,,,
0.075,0.15,0.075,0.1,0.03,0.05,BioCH4,,,,,,,,,,,,,,,,,,,,,,,
0.075,0.15,0.075,0.1,0.05,0.05,BioCH4,,,,,,,,,,,,,,,,,,,,,,,
0.075,0.15,0.075,0.1,0.07,0.05,Biomass,,,,,,,,,,,,,,,,,,,,,,,
0.075,0.15,0.075,0.2,0.03,0.05,BioCH4Oxy_CC,,,,,,,,,,,,,,,,,,,,,,,
0.075,0.15,0.075,0.2,0.05,0.05,BioCH4Oxy_CC,,,,,,,,,,,,,,,,,,,,,,,
0.075,0.15,0.075,0.2,0.07,0.05,BiomassOxy_CC,,,,,,,,,,,,,,,,,,,,,,,
0.075,0.15,0.075,0.25,0.03,0.05,BioCH4Oxy_CC,,,,,,,,,,,,,,,,,,,,,,,
0.075,0.15,0.075,0.25,0.05,0.05,BioCH4Oxy_CC,,,,,,,,,,,,,,,,,,,,,,,
0.075,0.15,0.075,0.25,0.07,0.05,BiomassOxy_CC,,,,,,,,,,,,,,,,,,,,,,,
0.075,0.15,0.1,0.075,0.03,0.05,BioCH4,,,,,,,,,,,,,,,,,,,,,,,
0.075,0.15,0.1,0.075,0.05,0.05,BioCH4,,,,,,,,,,,,,,,,,,,,,,,
0.075,0.15,0.1,0.075,0.07,0.05,Biomass,,,,,,,,,,,,,,,,,,,,,,,
0.075,0.15,0.1,0.1,0.03,0.05,BioCH4,,,,,,,,,,,,,,,,,,,,,,,
0.075,0.15,0.1,0.1,0.05,0.05,BioCH4,,,,,,,,,,,,,,,,,,,,,,,
0.075,0.15,0.1,0.1,0.07,0.05,Biomass,,,,,,,,,,,,,,,,,,,,,,,
0.075,0.15,0.1,0.2,0.03,0.05,BioCH4Oxy_CC,,,,,,,,,,,,,,,,,,,,,,,
0.075,0.15,0.1,0.2,0.05,0.05,BioCH4Oxy_CC,,,,,,,,,,,,,,,,,,,,,,,
0.075,0.15,0.1,0.2,0.07,0.05,BiomassOxy_CC,,,,,,,,,,,,,,,,,,,,,,,
0.075,0.15,0.1,0.25,0.03,0.05,BioCH4Oxy_CC,,,,,,,,,,,,,,,,,,,,,,,
0.075,0.15,0.1,0.25,0.05,0.05,BioCH4Oxy_CC,,,,,,,,,,,,,,,,,,,,,,,
0.075,0.15,0.1,0.25,0.07,0.05,BiomassOxy_CC,,,,,,,,,,,,,,,,,,,,,,,
0.075,0.2,0.01,0.075,0.03,0.05,NG,,,,,,,,,,,,,,,,,,,,,,,
0.075,0.2,0.01,0.075,0.05,0.05,NG,,,,,,,,,,,,,,,,,,,,,,,
0.075,0.2,0.01,0.075,0.07,0.05,NG,,,,,,,,,,,,,,,,,,,,,,,
0.075,0.2,0.01,0.1,0.03,0.05,NG,,,,,,,,,,,,,,,,,,,,,,,
0.075,0.2,0.01,0.1,0.05,0.05,NG,,,,,,,,,,,,,,,,,,,,,,,
0.075,0.2,0.01,0.1,0.07,0.05,NG,,,,,,,,,,,,,,,,,,,,,,,
0.075,0.2,0.01,0.2,0.03,0.05,BioCH4Oxy_CC,,,,,,,,,,,,,,,,,,,,,,,
0.075,0.2,0.01,0.2,0.05,0.05,NGOxy_CC,,,,,,,,,,,,,,,,,,,,,,,
0.075,0.2,0.01,0.2,0.07,0.05,NGOxy_CC,,,,,,,,,,,,,,,,,,,,,,,
0.075,0.2,0.01,0.25,0.03,0.05,BioCH4Oxy_CC,,,,,,,,,,,,,,,,,,,,,,,
0.075,0.2,0.01,0.25,0.05,0.05,NGOxy_CC,,,,,,,,,,,,,,,,,,,,,,,
0.075,0.2,0.01,0.25,0.07,0.05,NGOxy_CC,,,,,,,,,,,,,,,,,,,,,,,
0.075,0.2,0.035,0.075,0.03,0.05,BioCH4,,,,,,,,,,,,,,,,,,,,,,,
0.075,0.2,0.035,0.075,0.05,0.05,NG,,,,,,,,,,,,,,,,,,,,,,,
0.075,0.2,0.035,0.075,0.07,0.05,NG,,,,,,,,,,,,,,,,,,,,,,,
0.075,0.2,0.035,0.1,0.03,0.05,BioCH4,,,,,,,,,,,,,,,,,,,,,,,
0.075,0.2,0.035,0.1,0.05,0.05,BioCH4,,,,,,,,,,,,,,,,,,,,,,,
0.075,0.2,0.035,0.1,0.07,0.05,NG,,,,,,,,,,,,,,,,,,,,,,,
0.075,0.2,0.035,0.2,0.03,0.05,BioCH4Oxy_CC,,,,,,,,,,,,,,,,,,,,,,,
0.075,0.2,0.035,0.2,0.05,0.05,BioCH4Oxy_CC,,,,,,,,,,,,,,,,,,,,,,,
0.075,0.2,0.035,0.2,0.07,0.05,BiomassOxy_CC,,,,,,,,,,,,,,,,,,,,,,,
0.075,0.2,0.035,0.25,0.03,0.05,BioCH4Oxy_CC,,,,,,,,,,,,,,,,,,,,,,,
0.075,0.2,0.035,0.25,0.05,0.05,BioCH4Oxy_CC,,,,,,,,,,,,,,,,,,,,,,,
0.075,0.2,0.035,0.25,0.07,0.05,BiomassOxy_CC,,,,,,,,,,,,,,,,,,,,,,,
0.075,0.2,0.055,0.075,0.03,0.05,BioCH4,,,,,,,,,,,,,,,,,,,,,,,
0.075,0.2,0.055,0.075,0.05,0.05,BioCH4,,,,,,,,,,,,,,,,,,,,,,,
0.075,0.2,0.055,0.075,0.07,0.05,Biomass,,,,,,,,,,,,,,,,,,,,,,,
0.075,0.2,0.055,0.1,0.03,0.05,BioCH4,,,,,,,,,,,,,,,,,,,,,,,
0.075,0.2,0.055,0.1,0.05,0.05,BioCH4,,,,,,,,,,,,,,,,,,,,,,,
0.075,0.2,0.055,0.1,0.07,0.05,Biomass,,,,,,,,,,,,,,,,,,,,,,,
0.075,0.2,0.055,0.2,0.03,0.05,BioCH4Oxy_CC,,,,,,,,,,,,,,,,,,,,,,,
0.075,0.2,0.055,0.2,0.05,0.05,BioCH4Oxy_CC,,,,,,,,,,,,,,,,,,,,,,,
0.075,0.2,0.055,0.2,0.07,0.05,BiomassOxy_CC,,,,,,,,,,,,,,,,,,,,,,,
0.075,0.2,0.055,0.25,0.03,0.05,BioCH4Oxy_CC,,,,,,,,,,,,,,,,,,,,,,,
0.075,0.2,0.055,0.25,0.05,0.05,BioCH4Oxy_CC,,,,,,,,,,,,,,,,,,,,,,,
0.075,0.2,0.055,0.25,0.07,0.05,BiomassOxy_CC,,,,,,,,,,,,,,,,,,,,,,,
0.075,0.2,0.075,0.075,0.03,0.05,BioCH4,,,,,,,,,,,,,,,,,,,,,,,
0.075,0.2,0.075,0.075,0.05,0.05,BioCH4,,,,,,,,,,,,,,,,,,,,,,,
0.075,0.2,0.075,0.075,0.07,0.05,Biomass,,,,,,,,,,,,,,,,,,,,,,,
0.075,0.2,0.075,0.1,0.03,0.05,BioCH4,,,,,,,,,,,,,,,,,,,,,,,
0.075,0.2,0.075,0.1,0.05,0.05,BioCH4,,,,,,,,,,,,,,,,,,,,,,,
0.075,0.2,0.075,0.1,0.07,0.05,Biomass,,,,,,,,,,,,,,,,,,,,,,,
0.075,0.2,0.075,0.2,0.03,0.05,BioCH4Oxy_CC,,,,,,,,,,,,,,,,,,,,,,,
0.075,0.2,0.075,0.2,0.05,0.05,BioCH4Oxy_CC,,,,,,,,,,,,,,,,,,,,,,,
0.075,0.2,0.075,0.2,0.07,0.05,BiomassOxy_CC,,,,,,,,,,,,,,,,,,,,,,,
0.075,0.2,0.075,0.25,0.03,0.05,BioCH4Oxy_CC,,,,,,,,,,,,,,,,,,,,,,,
0.075,0.2,0.075,0.25,0.05,0.05,BioCH4Oxy_CC,,,,,,,,,,,,,,,,,,,,,,,
0.075,0.2,0.075,0.25,0.07,0.05,BiomassOxy_CC,,,,,,,,,,,,,,,,,,,,,,,
0.075,0.2,0.1,0.075,0.03,0.05,BioCH4,,,,,,,,,,,,,,,,,,,,,,,
0.075,0.2,0.1,0.075,0.05,0.05,BioCH4,,,,,,,,,,,,,,,,,,,,,,,
0.075,0.2,0.1,0.075,0.07,0.05,Biomass,,,,,,,,,,,,,,,,,,,,,,,
0.075,0.2,0.1,0.1,0.03,0.05,BioCH4,,,,,,,,,,,,,,,,,,,,,,,
0.075,0.2,0.1,0.1,0.05,0.05,BioCH4,,,,,,,,,,,,,,,,,,,,,,,
0.075,0.2,0.1,0.1,0.07,0.05,Biomass,,,,,,,,,,,,,,,,,,,,,,,
0.075,0.2,0.1,0.2,0.03,0.05,BioCH4Oxy_CC,,,,,,,,,,,,,,,,,,,,,,,
0.075,0.2,0.1,0.2,0.05,0.05,BioCH4Oxy_CC,,,,,,,,,,,,,,,,,,,,,,,
0.075,0.2,0.1,0.2,0.07,0.05,BiomassOxy_CC,,,,,,,,,,,,,,,,,,,,,,,
0.075,0.2,0.1,0.25,0.03,0.05,BioCH4Oxy_CC,,,,,,,,,,,,,,,,,,,,,,,
0.075,0.2,0.1,0.25,0.05,0.05,BioCH4Oxy_CC,,,,,,,,,,,,,,,,,,,,,,,
0.075,0.2,0.1,0.25,0.07,0.05,BioCH4Oxy_CC,,,,,,,,,,,,,,,,,,,,,,,
0.1,0.01,0.01,0.075,0.03,0.05,NG,,,,,,,,,,,,,,,,,,,,,,,
0.1,0.01,0.01,0.075,0.05,0.05,NG,,,,,,,,,,,,,,,,,,,,,,,
0.1,0.01,0.01,0.075,0.07,0.05,NG,,,,,,,,,,,,,,,,,,,,,,,
0.1,0.01,0.01,0.1,0.03,0.05,NG,,,,,,,,,,,,,,,,,,,,,,,
0.1,0.01,0.01,0.1,0.05,0.05,NG,,,,,,,,,,,,,,,,,,,,,,,
0.1,0.01,0.01,0.1,0.07,0.05,NG,,,,,,,,,,,,,,,,,,,,,,,
0.1,0.01,0.01,0.2,0.03,0.05,H2Oxy_CC,,,,,,,,,,,,,,,,,,,,,,,
0.1,0.01,0.01,0.2,0.05,0.05,H2Oxy_CC,,,,,,,,,,,,,,,,,,,,,,,
0.1,0.01,0.01,0.2,0.07,0.05,H2Oxy_CC,,,,,,,,,,,,,,,,,,,,,,,
0.1,0.01,0.01,0.25,0.03,0.05,H2Oxy_CC,,,,,,,,,,,,,,,,,,,,,,,
0.1,0.01,0.01,0.25,0.05,0.05,H2Oxy_CC,,,,,,,,,,,,,,,,,,,,,,,
0.1,0.01,0.01,0.25,0.07,0.05,H2Oxy_CC,,,,,,,,,,,,,,,,,,,,,,,
0.1,0.01,0.035,0.075,0.03,0.05,BioCH4,,,,,,,,,,,,,,,,,,,,,,,
0.1,0.01,0.035,0.075,0.05,0.05,H2,,,,,,,,,,,,,,,,,,,,,,,
0.1,0.01,0.035,0.075,0.07,0.05,H2,,,,,,,,,,,,,,,,,,,,,,,
0.1,0.01,0.035,0.1,0.03,0.05,BioCH4,,,,,,,,,,,,,,,,,,,,,,,
0.1,0.01,0.035,0.1,0.05,0.05,H2Oxy_CC,,,,,,,,,,,,,,,,,,,,,,,
0.1,0.01,0.035,0.1,0.07,0.05,H2Oxy_CC,,,,,,,,,,,,,,,,,,,,,,,
0.1,0.01,0.035,0.2,0.03,0.05,H2Oxy_CC,,,,,,,,,,,,,,,,,,,,,,,
0.1,0.01,0.035,0.2,0.05,0.05,H2Oxy_CC,,,,,,,,,,,,,,,,,,,,,,,
0.1,0.01,0.035,0.2,0.07,0.05,H2Oxy_CC,,,,,,,,,,,,,,,,,,,,,,,
0.1,0.01,0.035,0.25,0.03,0.05,H2Oxy_CC,,,,,,,,,,,,,,,,,,,,,,,
0.1,0.01,0.035,0.25,0.05,0.05,H2Oxy_CC,,,,,,,,,,,,,,,,,,,,,,,
0.1,0.01,0.035,0.25,0.07,0.05,H2Oxy_CC,,,,,,,,,,,,,,,,,,,,,,,
0.1,0.01,0.055,0.075,0.03,0.05,BioCH4,,,,,,,,,,,,,,,,,,,,,,,
0.1,0.01,0.055,0.075,0.05,0.05,H2,,,,,,,,,,,,,,,,,,,,,,,
0.1,0.01,0.055,0.075,0.07,0.05,H2,,,,,,,,,,,,,,,,,,,,,,,
0.1,0.01,0.055,0.1,0.03,0.05,BioCH4,,,,,,,,,,,,,,,,,,,,,,,
0.1,0.01,0.055,0.1,0.05,0.05,H2Oxy_CC,,,,,,,,,,,,,,,,,,,,,,,
0.1,0.01,0.055,0.1,0.07,0.05,H2Oxy_CC,,,,,,,,,,,,,,,,,,,,,,,
0.1,0.01,0.055,0.2,0.03,0.05,H2Oxy_CC,,,,,,,,,,,,,,,,,,,,,,,
0.1,0.01,0.055,0.2,0.05,0.05,H2Oxy_CC,,,,,,,,,,,,,,,,,,,,,,,
0.1,0.01,0.055,0.2,0.07,0.05,H2Oxy_CC,,,,,,,,,,,,,,,,,,,,,,,
0.1,0.01,0.055,0.25,0.03,0.05,H2Oxy_CC,,,,,,,,,,,,,,,,,,,,,,,
0.1,0.01,0.055,0.25,0.05,0.05,H2Oxy_CC,,,,,,,,,,,,,,,,,,,,,,,
0.1,0.01,0.055,0.25,0.07,0.05,H2Oxy_CC,,,,,,,,,,,,,,,,,,,,,,,
0.1,0.01,0.075,0.075,0.03,0.05,BioCH4,,,,,,,,,,,,,,,,,,,,,,,
0.1,0.01,0.075,0.075,0.05,0.05,H2,,,,,,,,,,,,,,,,,,,,,,,
0.1,0.01,0.075,0.075,0.07,0.05,H2,,,,,,,,,,,,,,,,,,,,,,,
0.1,0.01,0.075,0.1,0.03,0.05,BioCH4,,,,,,,,,,,,,,,,,,,,,,,
0.1,0.01,0.075,0.1,0.05,0.05,H2Oxy_CC,,,,,,,,,,,,,,,,,,,,,,,
0.1,0.01,0.075,0.1,0.07,0.05,H2Oxy_CC,,,,,,,,,,,,,,,,,,,,,,,
0.1,0.01,0.075,0.2,0.03,0.05,H2Oxy_CC,,,,,,,,,,,,,,,,,,,,,,,
0.1,0.01,0.075,0.2,0.05,0.05,H2Oxy_CC,,,,,,,,,,,,,,,,,,,,,,,
0.1,0.01,0.075,0.2,0.07,0.05,H2Oxy_CC,,,,,,,,,,,,,,,,,,,,,,,
0.1,0.01,0.075,0.25,0.03,0.05,H2Oxy_CC,,,,,,,,,,,,,,,,,,,,,,,
0.1,0.01,0.075,0.25,0.05,0.05,H2Oxy_CC,,,,,,,,,,,,,,,,,,,,,,,
0.1,0.01,0.075,0.25,0.07,0.05,H2Oxy_CC,,,,,,,,,,,,,,,,,,,,,,,
0.1,0.01,0.1,0.075,0.03,0.05,BioCH4,,,,,,,,,,,,,,,,,,,,,,,
0.1,0.01,0.1,0.075,0.05,0.05,H2,,,,,,,,,,,,,,,,,,,,,,,
0.1,0.01,0.1,0.075,0.07,0.05,H2,,,,,,,,,,,,,,,,,,,,,,,
0.1,0.01,0.1,0.1,0.03,0.05,BioCH4,,,,,,,,,,,,,,,,,,,,,,,
0.1,0.01,0.1,0.1,0.05,0.05,H2Oxy_CC,,,,,,,,,,,,,,,,,,,,,,,
0.1,0.01,0.1,0.1,0.07,0.05,H2Oxy_CC,,,,,,,,,,,,,,,,,,,,,,,
0.1,0.01,0.1,0.2,0.03,0.05,H2Oxy_CC,,,,,,,,,,,,,,,,,,,,,,,
0.1,0.01,0.1,0.2,0.05,0.05,H2Oxy_CC,,,,,,,,,,,,,,,,,,,,,,,
0.1,0.01,0.1,0.2,0.07,0.05,H2Oxy_CC,,,,,,,,,,,,,,,,,,,,,,,
0.1,0.01,0.1,0.25,0.03,0.05,H2Oxy_CC,,,,,,,,,,,,,,,,,,,,,,,
0.1,0.01,0.1,0.25,0.05,0.05,H2Oxy_CC,,,,,,,,,,,,,,,,,,,,,,,
0.1,0.01,0.1,0.25,0.07,0.05,H2Oxy_CC,,,,,,,,,,,,,,,,,,,,,,,
0.1,0.025,0.01,0.075,0.03,0.05,NG,,,,,,,,,,,,,,,,,,,,,,,
0.1,0.025,0.01,0.075,0.05,0.05,NG,,,,,,,,,,,,,,,,,,,,,,,
0.1,0.025,0.01,0.075,0.07,0.05,NG,,,,,,,,,,,,,,,,,,,,,,,
0.1,0.025,0.01,0.1,0.03,0.05,NG,,,,,,,,,,,,,,,,,,,,,,,
0.1,0.025,0.01,0.1,0.05,0.05,NG,,,,,,,,,,,,,,,,,,,,,,,
0.1,0.025,0.01,0.1,0.07,0.05,NG,,,,,,,,,,,,,,,,,,,,,,,
0.1,0.025,0.01,0.2,0.03,0.05,BioCH4Oxy_CC,,,,,,,,,,,,,,,,,,,,,,,
0.1,0.025,0.01,0.2,0.05,0.05,PlasmaOxy_CC,,,,,,,,,,,,,,,,,,,,,,,
0.1,0.025,0.01,0.2,0.07,0.05,PlasmaOxy_CC,,,,,,,,,,,,,,,,,,,,,,,
0.1,0.025,0.01,0.25,0.03,0.05,BioCH4Oxy_CC,,,,,,,,,,,,,,,,,,,,,,,
0.1,0.025,0.01,0.25,0.05,0.05,PlasmaOxy_CC,,,,,,,,,,,,,,,,,,,,,,,
0.1,0.025,0.01,0.25,0.07,0.05,PlasmaOxy_CC,,,,,,,,,,,,,,,,,,,,,,,
0.1,0.025,0.035,0.075,0.03,0.05,BioCH4,,,,,,,,,,,,,,,,,,,,,,,
0.1,0.025,0.035,0.075,0.05,0.05,NG,,,,,,,,,,,,,,,,,,,,,,,
0.1,0.025,0.035,0.075,0.07,0.05,NG,,,,,,,,,,,,,,,,,,,,,,,
0.1,0.025,0.035,0.1,0.03,0.05,BioCH4,,,,,,,,,,,,,,,,,,,,,,,
0.1,0.025,0.035,0.1,0.05,0.05,BioCH4,,,,,,,,,,,,,,,,,,,,,,,
0.1,0.025,0.035,0.1,0.07,0.05,PlasmaOxy_CC,,,,,,,,,,,,,,,,,,,,,,,
0.1,0.025,0.035,0.2,0.03,0.05,BioCH4Oxy_CC,,,,,,,,,,,,,,,,,,,,,,,
0.1,0.025,0.035,0.2,0.05,0.05,PlasmaOxy_CC,,,,,,,,,,,,,,,,,,,,,,,
0.1,0.025,0.035,0.2,0.07,0.05,PlasmaOxy_CC,,,,,,,,,,,,,,,,,,,,,,,
0.1,0.025,0.035,0.25,0.03,0.05,BioCH4Oxy_CC,,,,,,,,,,,,,,,,,,,,,,,
0.1,0.025,0.035,0.25,0.05,0.05,PlasmaOxy_CC,,,,,,,,,,,,,,,,,,,,,,,
0.1,0.025,0.035,0.25,0.07,0.05,PlasmaOxy_CC,,,,,,,,,,,,,,,,,,,,,,,
0.1,0.025,0.055,0.075,0.03,0.05,BioCH4,,,,,,,,,,,,,,,,,,,,,,,
0.1,0.025,0.055,0.075,0.05,0.05,BioCH4,,,,,,,,,,,,,,,,,,,,,,,
0.1,0.025,0.055,0.075,0.07,0.05,Plasma,,,,,,,,,,,,,,,,,,,,,,,
0.1,0.025,0.055,0.1,0.03,0.05,BioCH4,,,,,,,,,,,,,,,,,,,,,,,
0.1,0.025,0.055,0.1,0.05,0.05,BioCH4,,,,,,,,,,,,,,,,,,,,,,,
0.1,0.025,0.055,0.1,0.07,0.05,PlasmaOxy_CC,,,,,,,,,,,,,,,,,,,,,,,
0.1,0.025,0.055,0.2,0.03,0.05,BioCH4Oxy_CC,,,,,,,,,,,,,,,,,,,,,,,
0.1,0.025,0.055,0.2,0.05,0.05,PlasmaOxy_CC,,,,,,,,,,,,,,,,,,,,,,,
0.1,0.025,0.055,0.2,0.07,0.05,PlasmaOxy_CC,,,,,,,,,,,,,,,,,,,,,,,
0.1,0.025,0.055,0.25,0.03,0.05,BioCH4Oxy_CC,,,,,,,,,,,,,,,,,,,,,,,
0.1,0.025,0.055,0.25,0.05,0.05,PlasmaOxy_CC,,,,,,,,,,,,,,,,,,,,,,,
0.1,0.025,0.055,0.25,0.07,0.05,PlasmaOxy_CC,,,,,,,,,,,,,,,,,,,,,,,
0.1,0.025,0.075,0.075,0.03,0.05,BioCH4,,,,,,,,,,,,,,,,,,,,,,,
0.1,0.025,0.075,0.075,0.05,0.05,BioCH4,,,,,,,,,,,,,,,,,,,,,,,
0.1,0.025,0.075,0.075,0.07,0.05,Plasma,,,,,,,,,,,,,,,,,,,,,,,
0.1,0.025,0.075,0.1,0.03,0.05,BioCH4,,,,,,,,,,,,,,,,,,,,,,,
0.1,0.025,0.075,0.1,0.05,0.05,BioCH4,,,,,,,,,,,,,,,,,,,,,,,
0.1,0.025,0.075,0.1,0.07,0.05,PlasmaOxy_CC,,,,,,,,,,,,,,,,,,,,,,,
0.1,0.025,0.075,0.2,0.03,0.05,BioCH4Oxy_CC,,,,,,,,,,,,,,,,,,,,,,,
0.1,0.025,0.075,0.2,0.05,0.05,PlasmaOxy_CC,,,,,,,,,,,,,,,,,,,,,,,
0.1,0.025,0.075,0.2,0.07,0.05,PlasmaOxy_CC,,,,,,,,,,,,,,,,,,,,,,,
0.1,0.025,0.075,0.25,0.03,0.05,BioCH4Oxy_CC,,,,,,,,,,,,,,,,,,,,,,,
0.1,0.025,0.075,0.25,0.05,0.05,PlasmaOxy_CC,,,,,,,,,,,,,,,,,,,,,,,
0.1,0.025,0.075,0.25,0.07,0.05,PlasmaOxy_CC,,,,,,,,,,,,,,,,,,,,,,,
0.1,0.025,0.1,0.075,0.03,0.05,BioCH4,,,,,,,,,,,,,,,,,,,,,,,
0.1,0.025,0.1,0.075,0.05,0.05,BioCH4,,,,,,,,,,,,,,,,,,,,,,,
0.1,0.025,0.1,0.075,0.07,0.05,Plasma,,,,,,,,,,,,,,,,,,,,,,,
0.1,0.025,0.1,0.1,0.03,0.05,BioCH4,,,,,,,,,,,,,,,,,,,,,,,
0.1,0.025,0.1,0.1,0.05,0.05,BioCH4,,,,,,,,,,,,,,,,,,,,,,,
0.1,0.025,0.1,0.1,0.07,0.05,PlasmaOxy_CC,,,,,,,,,,,,,,,,,,,,,,,
0.1,0.025,0.1,0.2,0.03,0.05,BioCH4Oxy_CC,,,,,,,,,,,,,,,,,,,,,,,
0.1,0.025,0.1,0.2,0.05,0.05,PlasmaOxy_CC,,,,,,,,,,,,,,,,,,,,,,,
0.1,0.025,0.1,0.2,0.07,0.05,PlasmaOxy_CC,,,,,,,,,,,,,,,,,,,,,,,
0.1,0.025,0.1,0.25,0.03,0.05,BioCH4Oxy_CC,,,,,,,,,,,,,,,,,,,,,,,
0.1,0.025,0.1,0.25,0.05,0.05,PlasmaOxy_CC,,,,,,,,,,,,,,,,,,,,,,,
0.1,0.025,0.1,0.25,0.07,0.05,PlasmaOxy_CC,,,,,,,,,,,,,,,,,,,,,,,
0.1,0.05,0.01,0.075,0.03,0.05,NG,,,,,,,,,,,,,,,,,,,,,,,
0.1,0.05,0.01,0.075,0.05,0.05,NG,,,,,,,,,,,,,,,,,,,,,,,
0.1,0.05,0.01,0.075,0.07,0.05,NG,,,,,,,,,,,,,,,,,,,,,,,
0.1,0.05,0.01,0.1,0.03,0.05,NG,,,,,,,,,,,,,,,,,,,,,,,
0.1,0.05,0.01,0.1,0.05,0.05,NG,,,,,,,,,,,,,,,,,,,,,,,
0.1,0.05,0.01,0.1,0.07,0.05,NG,,,,,,,,,,,,,,,,,,,,,,,
0.1,0.05,0.01,0.2,0.03,0.05,BioCH4Oxy_CC,,,,,,,,,,,,,,,,,,,,,,,
0.1,0.05,0.01,0.2,0.05,0.05,PlasmaOxy_CC,,,,,,,,,,,,,,,,,,,,,,,
0.1,0.05,0.01,0.2,0.07,0.05,PlasmaOxy_CC,,,,,,,,,,,,,,,,,,,,,,,
0.1,0.05,0.01,0.25,0.03,0.05,BioCH4Oxy_CC,,,,,,,,,,,,,,,,,,,,,,,
0.1,0.05,0.01,0.25,0.05,0.05,PlasmaOxy_CC,,,,,,,,,,,,,,,,,,,,,,,
0.1,0.05,0.01,0.25,0.07,0.05,PlasmaOxy_CC,,,,,,,,,,,,,,,,,,,,,,,
0.1,0.05,0.035,0.075,0.03,0.05,BioCH4,,,,,,,,,,,,,,,,,,,,,,,
0.1,0.05,0.035,0.075,0.05,0.05,NG,,,,,,,,,,,,,,,,,,,,,,,
0.1,0.05,0.035,0.075,0.07,0.05,NG,,,,,,,,,,,,,,,,,,,,,,,
0.1,0.05,0.035,0.1,0.03,0.05,BioCH4,,,,,,,,,,,,,,,,,,,,,,,
0.1,0.05,0.035,0.1,0.05,0.05,BioCH4,,,,,,,,,,,,,,,,,,,,,,,
0.1,0.05,0.035,0.1,0.07,0.05,PlasmaOxy_CC,,,,,,,,,,,,,,,,,,,,,,,
0.1,0.05,0.035,0.2,0.03,0.05,BioCH4Oxy_CC,,,,,,,,,,,,,,,,,,,,,,,
0.1,0.05,0.035,0.2,0.05,0.05,PlasmaOxy_CC,,,,,,,,,,,,,,,,,,,,,,,
0.1,0.05,0.035,0.2,0.07,0.05,PlasmaOxy_CC,,,,,,,,,,,,,,,,,,,,,,,
0.1,0.05,0.035,0.25,0.03,0.05,BioCH4Oxy_CC,,,,,,,,,,,,,,,,,,,,,,,
0.1,0.05,0.035,0.25,0.05,0.05,PlasmaOxy_CC,,,,,,,,,,,,,,,,,,,,,,,
0.1,0.05,0.035,0.25,0.07,0.05,PlasmaOxy_CC,,,,,,,,,,,,,,,,,,,,,,,
0.1,0.05,0.055,0.075,0.03,0.05,BioCH4,,,,,,,,,,,,,,,,,,,,,,,
0.1,0.05,0.055,0.075,0.05,0.05,BioCH4,,,,,,,,,,,,,,,,,,,,,,,
0.1,0.05,0.055,0.075,0.07,0.05,Plasma,,,,,,,,,,,,,,,,,,,,,,,
0.1,0.05,0.055,0.1,0.03,0.05,BioCH4,,,,,,,,,,,,,,,,,,,,,,,
0.1,0.05,0.055,0.1,0.05,0.05,BioCH4,,,,,,,,,,,,,,,,,,,,,,,
0.1,0.05,0.055,0.1,0.07,0.05,PlasmaOxy_CC,,,,,,,,,,,,,,,,,,,,,,,
0.1,0.05,0.055,0.2,0.03,0.05,BioCH4Oxy_CC,,,,,,,,,,,,,,,,,,,,,,,
0.1,0.05,0.055,0.2,0.05,0.05,PlasmaOxy_CC,,,,,,,,,,,,,,,,,,,,,,,
0.1,0.05,0.055,0.2,0.07,0.05,PlasmaOxy_CC,,,,,,,,,,,,,,,,,,,,,,,
0.1,0.05,0.055,0.25,0.03,0.05,BioCH4Oxy_CC,,,,,,,,,,,,,,,,,,,,,,,
0.1,0.05,0.055,0.25,0.05,0.05,PlasmaOxy_CC,,,,,,,,,,,,,,,,,,,,,,,
0.1,0.05,0.055,0.25,0.07,0.05,PlasmaOxy_CC,,,,,,,,,,,,,,,,,,,,,,,
0.1,0.05,0.075,0.075,0.03,0.05,BioCH4,,,,,,,,,,,,,,,,,,,,,,,
0.1,0.05,0.075,0.075,0.05,0.05,BioCH4,,,,,,,,,,,,,,,,,,,,,,,
0.1,0.05,0.075,0.075,0.07,0.05,Plasma,,,,,,,,,,,,,,,,,,,,,,,
0.1,0.05,0.075,0.1,0.03,0.05,BioCH4,,,,,,,,,,,,,,,,,,,,,,,
0.1,0.05,0.075,0.1,0.05,0.05,BioCH4,,,,,,,,,,,,,,,,,,,,,,,
0.1,0.05,0.075,0.1,0.07,0.05,PlasmaOxy_CC,,,,,,,,,,,,,,,,,,,,,,,
0.1,0.05,0.075,0.2,0.03,0.05,BioCH4Oxy_CC,,,,,,,,,,,,,,,,,,,,,,,
0.1,0.05,0.075,0.2,0.05,0.05,PlasmaOxy_CC,,,,,,,,,,,,,,,,,,,,,,,
0.1,0.05,0.075,0.2,0.07,0.05,PlasmaOxy_CC,,,,,,,,,,,,,,,,,,,,,,,
0.1,0.05,0.075,0.25,0.03,0.05,BioCH4Oxy_CC,,,,,,,,,,,,,,,,,,,,,,,
0.1,0.05,0.075,0.25,0.05,0.05,PlasmaOxy_CC,,,,,,,,,,,,,,,,,,,,,,,
0.1,0.05,0.075,0.25,0.07,0.05,PlasmaOxy_CC,,,,,,,,,,,,,,,,,,,,,,,
0.1,0.05,0.1,0.075,0.03,0.05,BioCH4,,,,,,,,,,,,,,,,,,,,,,,
0.1,0.05,0.1,0.075,0.05,0.05,BioCH4,,,,,,,,,,,,,,,,,,,,,,,
0.1,0.05,0.1,0.075,0.07,0.05,Plasma,,,,,,,,,,,,,,,,,,,,,,,
0.1,0.05,0.1,0.1,0.03,0.05,BioCH4,,,,,,,,,,,,,,,,,,,,,,,
0.1,0.05,0.1,0.1,0.05,0.05,BioCH4,,,,,,,,,,,,,,,,,,,,,,,
0.1,0.05,0.1,0.1,0.07,0.05,PlasmaOxy_CC,,,,,,,,,,,,,,,,,,,,,,,
0.1,0.05,0.1,0.2,0.03,0.05,BioCH4Oxy_CC,,,,,,,,,,,,,,,,,,,,,,,
0.1,0.05,0.1,0.2,0.05,0.05,PlasmaOxy_CC,,,,,,,,,,,,,,,,,,,,,,,
0.1,0.05,0.1,0.2,0.07,0.05,PlasmaOxy_CC,,,,,,,,,,,,,,,,,,,,,,,
0.1,0.05,0.1,0.25,0.03,0.05,BioCH4Oxy_CC,,,,,,,,,,,,,,,,,,,,,,,
0.1,0.05,0.1,0.25,0.05,0.05,PlasmaOxy_CC,,,,,,,,,,,,,,,,,,,,,,,
0.1,0.05,0.1,0.25,0.07,0.05,PlasmaOxy_CC,,,,,,,,,,,,,,,,,,,,,,,
0.1,0.075,0.01,0.075,0.03,0.05,NG,,,,,,,,,,,,,,,,,,,,,,,
0.1,0.075,0.01,0.075,0.05,0.05,NG,,,,,,,,,,,,,,,,,,,,,,,
0.1,0.075,0.01,0.075,0.07,0.05,NG,,,,,,,,,,,,,,,,,,,,,,,
0.1,0.075,0.01,0.1,0.03,0.05,NG,,,,,,,,,,,,,,,,,,,,,,,
0.1,0.075,0.01,0.1,0.05,0.05,NG,,,,,,,,,,,,,,,,,,,,,,,
0.1,0.075,0.01,0.1,0.07,0.05,NG,,,,,,,,,,,,,,,,,,,,,,,
0.1,0.075,0.01,0.2,0.03,0.05,BioCH4Oxy_CC,,,,,,,,,,,,,,,,,,,,,,,
0.1,0.075,0.01,0.2,0.05,0.05,PlasmaOxy_CC,,,,,,,,,,,,,,,,,,,,,,,
0.1,0.075,0.01,0.2,0.07,0.05,PlasmaOxy_CC,,,,,,,,,,,,,,,,,,,,,,,
0.1,0.075,0.01,0.25,0.03,0.05,BioCH4Oxy_CC,,,,,,,,,,,,,,,,,,,,,,,
0.1,0.075,0.01,0.25,0.05,0.05,PlasmaOxy_CC,,,,,,,,,,,,,,,,,,,,,,,
0.1,0.075,0.01,0.25,0.07,0.05,PlasmaOxy_CC,,,,,,,,,,,,,,,,,,,,,,,
0.1,0.075,0.035,0.075,0.03,0.05,BioCH4,,,,,,,,,,,,,,,,,,,,,,,
0.1,0.075,0.035,0.075,0.05,0.05,NG,,,,,,,,,,,,,,,,,,,,,,,
0.1,0.075,0.035,0.075,0.07,0.05,NG,,,,,,,,,,,,,,,,,,,,,,,
0.1,0.075,0.035,0.1,0.03,0.05,BioCH4,,,,,,,,,,,,,,,,,,,,,,,
0.1,0.075,0.035,0.1,0.05,0.05,BioCH4,,,,,,,,,,,,,,,,,,,,,,,
0.1,0.075,0.035,0.1,0.07,0.05,PlasmaOxy_CC,,,,,,,,,,,,,,,,,,,,,,,
0.1,0.075,0.035,0.2,0.03,0.05,BioCH4Oxy_CC,,,,,,,,,,,,,,,,,,,,,,,
0.1,0.075,0.035,0.2,0.05,0.05,PlasmaOxy_CC,,,,,,,,,,,,,,,,,,,,,,,
0.1,0.075,0.035,0.2,0.07,0.05,PlasmaOxy_CC,,,,,,,,,,,,,,,,,,,,,,,
0.1,0.075,0.035,0.25,0.03,0.05,BioCH4Oxy_CC,,,,,,,,,,,,,,,,,,,,,,,
0.1,0.075,0.035,0.25,0.05,0.05,PlasmaOxy_CC,,,,,,,,,,,,,,,,,,,,,,,
0.1,0.075,0.035,0.25,0.07,0.05,PlasmaOxy_CC,,,,,,,,,,,,,,,,,,,,,,,
0.1,0.075,0.055,0.075,0.03,0.05,BioCH4,,,,,,,,,,,,,,,,,,,,,,,
0.1,0.075,0.055,0.075,0.05,0.05,BioCH4,,,,,,,,,,,,,,,,,,,,,,,
0.1,0.075,0.055,0.075,0.07,0.05,Plasma,,,,,,,,,,,,,,,,,,,,,,,
0.1,0.075,0.055,0.1,0.03,0.05,BioCH4,,,,,,,,,,,,,,,,,,,,,,,
0.1,0.075,0.055,0.1,0.05,0.05,BioCH4,,,,,,,,,,,,,,,,,,,,,,,
0.1,0.075,0.055,0.1,0.07,0.05,PlasmaOxy_CC,,,,,,,,,,,,,,,,,,,,,,,
0.1,0.075,0.055,0.2,0.03,0.05,BioCH4Oxy_CC,,,,,,,,,,,,,,,,,,,,,,,
0.1,0.075,0.055,0.2,0.05,0.05,PlasmaOxy_CC,,,,,,,,,,,,,,,,,,,,,,,
0.1,0.075,0.055,0.2,0.07,0.05,PlasmaOxy_CC,,,,,,,,,,,,,,,,,,,,,,,
0.1,0.075,0.055,0.25,0.03,0.05,BioCH4Oxy_CC,,,,,,,,,,,,,,,,,,,,,,,
0.1,0.075,0.055,0.25,0.05,0.05,PlasmaOxy_CC,,,,,,,,,,,,,,,,,,,,,,,
0.1,0.075,0.055,0.25,0.07,0.05,PlasmaOxy_CC,,,,,,,,,,,,,,,,,,,,,,,
0.1,0.075,0.075,0.075,0.03,0.05,BioCH4,,,,,,,,,,,,,,,,,,,,,,,
0.1,0.075,0.075,0.075,0.05,0.05,BioCH4,,,,,,,,,,,,,,,,,,,,,,,
0.1,0.075,0.075,0.075,0.07,0.05,Plasma,,,,,,,,,,,,,,,,,,,,,,,
0.1,0.075,0.075,0.1,0.03,0.05,BioCH4,,,,,,,,,,,,,,,,,,,,,,,
0.1,0.075,0.075,0.1,0.05,0.05,BioCH4,,,,,,,,,,,,,,,,,,,,,,,
0.1,0.075,0.075,0.1,0.07,0.05,PlasmaOxy_CC,,,,,,,,,,,,,,,,,,,,,,,
0.1,0.075,0.075,0.2,0.03,0.05,BioCH4Oxy_CC,,,,,,,,,,,,,,,,,,,,,,,
0.1,0.075,0.075,0.2,0.05,0.05,PlasmaOxy_CC,,,,,,,,,,,,,,,,,,,,,,,
0.1,0.075,0.075,0.2,0.07,0.05,PlasmaOxy_CC,,,,,,,,,,,,,,,,,,,,,,,
0.1,0.075,0.075,0.25,0.03,0.05,BioCH4Oxy_CC,,,,,,,,,,,,,,,,,,,,,,,
0.1,0.075,0.075,0.25,0.05,0.05,PlasmaOxy_CC,,,,,,,,,,,,,,,,,,,,,,,
0.1,0.075,0.075,0.25,0.07,0.05,PlasmaOxy_CC,,,,,,,,,,,,,,,,,,,,,,,
0.1,0.075,0.1,0.075,0.03,0.05,BioCH4,,,,,,,,,,,,,,,,,,,,,,,
0.1,0.075,0.1,0.075,0.05,0.05,BioCH4,,,,,,,,,,,,,,,,,,,,,,,
0.1,0.075,0.1,0.075,0.07,0.05,Plasma,,,,,,,,,,,,,,,,,,,,,,,
0.1,0.075,0.1,0.1,0.03,0.05,BioCH4,,,,,,,,,,,,,,,,,,,,,,,
0.1,0.075,0.1,0.1,0.05,0.05,BioCH4,,,,,,,,,,,,,,,,,,,,,,,
0.1,0.075,0.1,0.1,0.07,0.05,PlasmaOxy_CC,,,,,,,,,,,,,,,,,,,,,,,
0.1,0.075,0.1,0.2,0.03,0.05,BioCH4Oxy_CC,,,,,,,,,,,,,,,,,,,,,,,
0.1,0.075,0.1,0.2,0.05,0.05,PlasmaOxy_CC,,,,,,,,,,,,,,,,,,,,,,,
0.1,0.075,0.1,0.2,0.07,0.05,PlasmaOxy_CC,,,,,,,,,,,,,,,,,,,,,,,
0.1,0.075,0.1,0.25,0.03,0.05,BioCH4Oxy_CC,,,,,,,,,,,,,,,,,,,,,,,
0.1,0.075,0.1,0.25,0.05,0.05,PlasmaOxy_CC,,,,,,,,,,,,,,,,,,,,,,,
0.1,0.075,0.1,0.25,0.07,0.05,PlasmaOxy_CC,,,,,,,,,,,,,,,,,,,,,,,
0.1,0.1,0.01,0.075,0.03,0.05,NG,,,,,,,,,,,,,,,,,,,,,,,
0.1,0.1,0.01,0.075,0.05,0.05,NG,,,,,,,,,,,,,,,,,,,,,,,
0.1,0.1,0.01,0.075,0.07,0.05,NG,,,,,,,,,,,,,,,,,,,,,,,
0.1,0.1,0.01,0.1,0.03,0.05,NG,,,,,,,,,,,,,,,,,,,,,,,
0.1,0.1,0.01,0.1,0.05,0.05,NG,,,,,,,,,,,,,,,,,,,,,,,
0.1,0.1,0.01,0.1,0.07,0.05,NG,,,,,,,,,,,,,,,,,,,,,,,
0.1,0.1,0.01,0.2,0.03,0.05,BioCH4Oxy_CC,,,,,,,,,,,,,,,,,,,,,,,
0.1,0.1,0.01,0.2,0.05,0.05,PlasmaOxy_CC,,,,,,,,,,,,,,,,,,,,,,,
0.1,0.1,0.01,0.2,0.07,0.05,PlasmaOxy_CC,,,,,,,,,,,,,,,,,,,,,,,
0.1,0.1,0.01,0.25,0.03,0.05,BioCH4Oxy_CC,,,,,,,,,,,,,,,,,,,,,,,
0.1,0.1,0.01,0.25,0.05,0.05,PlasmaOxy_CC,,,,,,,,,,,,,,,,,,,,,,,
0.1,0.1,0.01,0.25,0.07,0.05,PlasmaOxy_CC,,,,,,,,,,,,,,,,,,,,,,,
0.1,0.1,0.035,0.075,0.03,0.05,BioCH4,,,,,,,,,,,,,,,,,,,,,,,
0.1,0.1,0.035,0.075,0.05,0.05,NG,,,,,,,,,,,,,,,,,,,,,,,
0.1,0.1,0.035,0.075,0.07,0.05,NG,,,,,,,,,,,,,,,,,,,,,,,
0.1,0.1,0.035,0.1,0.03,0.05,BioCH4,,,,,,,,,,,,,,,,,,,,,,,
0.1,0.1,0.035,0.1,0.05,0.05,BioCH4,,,,,,,,,,,,,,,,,,,,,,,
0.1,0.1,0.035,0.1,0.07,0.05,PlasmaOxy_CC,,,,,,,,,,,,,,,,,,,,,,,
0.1,0.1,0.035,0.2,0.03,0.05,BioCH4Oxy_CC,,,,,,,,,,,,,,,,,,,,,,,
0.1,0.1,0.035,0.2,0.05,0.05,PlasmaOxy_CC,,,,,,,,,,,,,,,,,,,,,,,
0.1,0.1,0.035,0.2,0.07,0.05,PlasmaOxy_CC,,,,,,,,,,,,,,,,,,,,,,,
0.1,0.1,0.035,0.25,0.03,0.05,BioCH4Oxy_CC,,,,,,,,,,,,,,,,,,,,,,,
0.1,0.1,0.035,0.25,0.05,0.05,PlasmaOxy_CC,,,,,,,,,,,,,,,,,,,,,,,
0.1,0.1,0.035,0.25,0.07,0.05,PlasmaOxy_CC,,,,,,,,,,,,,,,,,,,,,,,
0.1,0.1,0.055,0.075,0.03,0.05,BioCH4,,,,,,,,,,,,,,,,,,,,,,,
0.1,0.1,0.055,0.075,0.05,0.05,BioCH4,,,,,,,,,,,,,,,,,,,,,,,
0.1,0.1,0.055,0.075,0.07,0.05,Plasma,,,,,,,,,,,,,,,,,,,,,,,
0.1,0.1,0.055,0.1,0.03,0.05,BioCH4,,,,,,,,,,,,,,,,,,,,,,,
0.1,0.1,0.055,0.1,0.05,0.05,BioCH4,,,,,,,,,,,,,,,,,,,,,,,
0.1,0.1,0.055,0.1,0.07,0.05,PlasmaOxy_CC,,,,,,,,,,,,,,,,,,,,,,,
0.1,0.1,0.055,0.2,0.03,0.05,BioCH4Oxy_CC,,,,,,,,,,,,,,,,,,,,,,,
0.1,0.1,0.055,0.2,0.05,0.05,PlasmaOxy_CC,,,,,,,,,,,,,,,,,,,,,,,
0.1,0.1,0.055,0.2,0.07,0.05,PlasmaOxy_CC,,,,,,,,,,,,,,,,,,,,,,,
0.1,0.1,0.055,0.25,0.03,0.05,BioCH4Oxy_CC,,,,,,,,,,,,,,,,,,,,,,,
0.1,0.1,0.055,0.25,0.05,0.05,PlasmaOxy_CC,,,,,,,,,,,,,,,,,,,,,,,
0.1,0.1,0.055,0.25,0.07,0.05,PlasmaOxy_CC,,,,,,,,,,,,,,,,,,,,,,,
0.1,0.1,0.075,0.075,0.03,0.05,BioCH4,,,,,,,,,,,,,,,,,,,,,,,
0.1,0.1,0.075,0.075,0.05,0.05,BioCH4,,,,,,,,,,,,,,,,,,,,,,,
0.1,0.1,0.075,0.075,0.07,0.05,Plasma,,,,,,,,,,,,,,,,,,,,,,,
0.1,0.1,0.075,0.1,0.03,0.05,BioCH4,,,,,,,,,,,,,,,,,,,,,,,
0.1,0.1,0.075,0.1,0.05,0.05,BioCH4,,,,,,,,,,,,,,,,,,,,,,,
0.1,0.1,0.075,0.1,0.07,0.05,PlasmaOxy_CC,,,,,,,,,,,,,,,,,,,,,,,
0.1,0.1,0.075,0.2,0.03,0.05,BioCH4Oxy_CC,,,,,,,,,,,,,,,,,,,,,,,
0.1,0.1,0.075,0.2,0.05,0.05,PlasmaOxy_CC,,,,,,,,,,,,,,,,,,,,,,,
0.1,0.1,0.075,0.2,0.07,0.05,PlasmaOxy_CC,,,,,,,,,,,,,,,,,,,,,,,
0.1,0.1,0.075,0.25,0.03,0.05,BioCH4Oxy_CC,,,,,,,,,,,,,,,,,,,,,,,
0.1,0.1,0.075,0.25,0.05,0.05,PlasmaOxy_CC,,,,,,,,,,,,,,,,,,,,,,,
0.1,0.1,0.075,0.25,0.07,0.05,PlasmaOxy_CC,,,,,,,,,,,,,,,,,,,,,,,
0.1,0.1,0.1,0.075,0.03,0.05,BioCH4,,,,,,,,,,,,,,,,,,,,,,,
0.1,0.1,0.1,0.075,0.05,0.05,BioCH4,,,,,,,,,,,,,,,,,,,,,,,
0.1,0.1,0.1,0.075,0.07,0.05,Plasma,,,,,,,,,,,,,,,,,,,,,,,
0.1,0.1,0.1,0.1,0.03,0.05,BioCH4,,,,,,,,,,,,,,,,,,,,,,,
0.1,0.1,0.1,0.1,0.05,0.05,BioCH4,,,,,,,,,,,,,,,,,,,,,,,
0.1,0.1,0.1,0.1,0.07,0.05,PlasmaOxy_CC,,,,,,,,,,,,,,,,,,,,,,,
0.1,0.1,0.1,0.2,0.03,0.05,BioCH4Oxy_CC,,,,,,,,,,,,,,,,,,,,,,,
0.1,0.1,0.1,0.2,0.05,0.05,PlasmaOxy_CC,,,,,,,,,,,,,,,,,,,,,,,
0.1,0.1,0.1,0.2,0.07,0.05,PlasmaOxy_CC,,,,,,,,,,,,,,,,,,,,,,,
0.1,0.1,0.1,0.25,0.03,0.05,BioCH4Oxy_CC,,,,,,,,,,,,,,,,,,,,,,,
0.1,0.1,0.1,0.25,0.05,0.05,PlasmaOxy_CC,,,,,,,,,,,,,,,,,,,,,,,
0.1,0.1,0.1,0.25,0.07,0.05,PlasmaOxy_CC,,,,,,,,,,,,,,,,,,,,,,,
0.1,0.15,0.01,0.075,0.03,0.05,NG,,,,,,,,,,,,,,,,,,,,,,,
0.1,0.15,0.01,0.075,0.05,0.05,NG,,,,,,,,,,,,,,,,,,,,,,,
0.1,0.15,0.01,0.075,0.07,0.05,NG,,,,,,,,,,,,,,,,,,,,,,,
0.1,0.15,0.01,0.1,0.03,0.05,NG,,,,,,,,,,,,,,,,,,,,,,,
0.1,0.15,0.01,0.1,0.05,0.05,NG,,,,,,,,,,,,,,,,,,,,,,,
0.1,0.15,0.01,0.1,0.07,0.05,NG,,,,,,,,,,,,,,,,,,,,,,,
0.1,0.15,0.01,0.2,0.03,0.05,BioCH4Oxy_CC,,,,,,,,,,,,,,,,,,,,,,,
0.1,0.15,0.01,0.2,0.05,0.05,PlasmaOxy_CC,,,,,,,,,,,,,,,,,,,,,,,
0.1,0.15,0.01,0.2,0.07,0.05,PlasmaOxy_CC,,,,,,,,,,,,,,,,,,,,,,,
0.1,0.15,0.01,0.25,0.03,0.05,BioCH4Oxy_CC,,,,,,,,,,,,,,,,,,,,,,,
0.1,0.15,0.01,0.25,0.05,0.05,PlasmaOxy_CC,,,,,,,,,,,,,,,,,,,,,,,
0.1,0.15,0.01,0.25,0.07,0.05,PlasmaOxy_CC,,,,,,,,,,,,,,,,,,,,,,,
0.1,0.15,0.035,0.075,0.03,0.05,BioCH4,,,,,,,,,,,,,,,,,,,,,,,
0.1,0.15,0.035,0.075,0.05,0.05,NG,,,,,,,,,,,,,,,,,,,,,,,
0.1,0.15,0.035,0.075,0.07,0.05,NG,,,,,,,,,,,,,,,,,,,,,,,
0.1,0.15,0.035,0.1,0.03,0.05,BioCH4,,,,,,,,,,,,,,,,,,,,,,,
0.1,0.15,0.035,0.1,0.05,0.05,BioCH4,,,,,,,,,,,,,,,,,,,,,,,
0.1,0.15,0.035,0.1,0.07,0.05,PlasmaOxy_CC,,,,,,,,,,,,,,,,,,,,,,,
0.1,0.15,0.035,0.2,0.03,0.05,BioCH4Oxy_CC,,,,,,,,,,,,,,,,,,,,,,,
0.1,0.15,0.035,0.2,0.05,0.05,PlasmaOxy_CC,,,,,,,,,,,,,,,,,,,,,,,
0.1,0.15,0.035,0.2,0.07,0.05,PlasmaOxy_CC,,,,,,,,,,,,,,,,,,,,,,,
0.1,0.15,0.035,0.25,0.03,0.05,BioCH4Oxy_CC,,,,,,,,,,,,,,,,,,,,,,,
0.1,0.15,0.035,0.25,0.05,0.05,PlasmaOxy_CC,,,,,,,,,,,,,,,,,,,,,,,
0.1,0.15,0.035,0.25,0.07,0.05,PlasmaOxy_CC,,,,,,,,,,,,,,,,,,,,,,,
0.1,0.15,0.055,0.075,0.03,0.05,BioCH4,,,,,,,,,,,,,,,,,,,,,,,
0.1,0.15,0.055,0.075,0.05,0.05,BioCH4,,,,,,,,,,,,,,,,,,,,,,,
0.1,0.15,0.055,0.075,0.07,0.05,Plasma,,,,,,,,,,,,,,,,,,,,,,,
0.1,0.15,0.055,0.1,0.03,0.05,BioCH4,,,,,,,,,,,,,,,,,,,,,,,
0.1,0.15,0.055,0.1,0.05,0.05,BioCH4,,,,,,,,,,,,,,,,,,,,,,,
0.1,0.15,0.055,0.1,0.07,0.05,PlasmaOxy_CC,,,,,,,,,,,,,,,,,,,,,,,
0.1,0.15,0.055,0.2,0.03,0.05,BioCH4Oxy_CC,,,,,,,,,,,,,,,,,,,,,,,
0.1,0.15,0.055,0.2,0.05,0.05,PlasmaOxy_CC,,,,,,,,,,,,,,,,,,,,,,,
0.1,0.15,0.055,0.2,0.07,0.05,PlasmaOxy_CC,,,,,,,,,,,,,,,,,,,,,,,
0.1,0.15,0.055,0.25,0.03,0.05,BioCH4Oxy_CC,,,,,,,,,,,,,,,,,,,,,,,
0.1,0.15,0.055,0.25,0.05,0.05,PlasmaOxy_CC,,,,,,,,,,,,,,,,,,,,,,,
0.1,0.15,0.055,0.25,0.07,0.05,PlasmaOxy_CC,,,,,,,,,,,,,,,,,,,,,,,
0.1,0.15,0.075,0.075,0.03,0.05,BioCH4,,,,,,,,,,,,,,,,,,,,,,,
0.1,0.15,0.075,0.075,0.05,0.05,BioCH4,,,,,,,,,,,,,,,,,,,,,,,
0.1,0.15,0.075,0.075,0.07,0.05,Plasma,,,,,,,,,,,,,,,,,,,,,,,
0.1,0.15,0.075,0.1,0.03,0.05,BioCH4,,,,,,,,,,,,,,,,,,,,,,,
0.1,0.15,0.075,0.1,0.05,0.05,BioCH4,,,,,,,,,,,,,,,,,,,,,,,
0.1,0.15,0.075,0.1,0.07,0.05,PlasmaOxy_CC,,,,,,,,,,,,,,,,,,,,,,,
0.1,0.15,0.075,0.2,0.03,0.05,BioCH4Oxy_CC,,,,,,,,,,,,,,,,,,,,,,,
0.1,0.15,0.075,0.2,0.05,0.05,PlasmaOxy_CC,,,,,,,,,,,,,,,,,,,,,,,
0.1,0.15,0.075,0.2,0.07,0.05,PlasmaOxy_CC,,,,,,,,,,,,,,,,,,,,,,,
0.1,0.15,0.075,0.25,0.03,0.05,BioCH4Oxy_CC,,,,,,,,,,,,,,,,,,,,,,,
0.1,0.15,0.075,0.25,0.05,0.05,PlasmaOxy_CC,,,,,,,,,,,,,,,,,,,,,,,
0.1,0.15,0.075,0.25,0.07,0.05,PlasmaOxy_CC,,,,,,,,,,,,,,,,,,,,,,,
0.1,0.15,0.1,0.075,0.03,0.05,BioCH4,,,,,,,,,,,,,,,,,,,,,,,
0.1,0.15,0.1,0.075,0.05,0.05,BioCH4,,,,,,,,,,,,,,,,,,,,,,,
0.1,0.15,0.1,0.075,0.07,0.05,Plasma,,,,,,,,,,,,,,,,,,,,,,,
0.1,0.15,0.1,0.1,0.03,0.05,BioCH4,,,,,,,,,,,,,,,,,,,,,,,
0.1,0.15,0.1,0.1,0.05,0.05,BioCH4,,,,,,,,,,,,,,,,,,,,,,,
0.1,0.15,0.1,0.1,0.07,0.05,PlasmaOxy_CC,,,,,,,,,,,,,,,,,,,,,,,
0.1,0.15,0.1,0.2,0.03,0.05,BioCH4Oxy_CC,,,,,,,,,,,,,,,,,,,,,,,
0.1,0.15,0.1,0.2,0.05,0.05,PlasmaOxy_CC,,,,,,,,,,,,,,,,,,,,,,,
0.1,0.15,0.1,0.2,0.07,0.05,PlasmaOxy_CC,,,,,,,,,,,,,,,,,,,,,,,
0.1,0.15,0.1,0.25,0.03,0.05,BioCH4Oxy_CC,,,,,,,,,,,,,,,,,,,,,,,
0.1,0.15,0.1,0.25,0.05,0.05,PlasmaOxy_CC,,,,,,,,,,,,,,,,,,,,,,,
0.1,0.15,0.1,0.25,0.07,0.05,PlasmaOxy_CC,,,,,,,,,,,,,,,,,,,,,,,
0.1,0.2,0.01,0.075,0.03,0.05,NG,,,,,,,,,,,,,,,,,,,,,,,
0.1,0.2,0.01,0.075,0.05,0.05,NG,,,,,,,,,,,,,,,,,,,,,,,
0.1,0.2,0.01,0.075,0.07,0.05,NG,,,,,,,,,,,,,,,,,,,,,,,
0.1,0.2,0.01,0.1,0.03,0.05,NG,,,,,,,,,,,,,,,,,,,,,,,
0.1,0.2,0.01,0.1,0.05,0.05,NG,,,,,,,,,,,,,,,,,,,,,,,
0.1,0.2,0.01,0.1,0.07,0.05,NG,,,,,,,,,,,,,,,,,,,,,,,
0.1,0.2,0.01,0.2,0.03,0.05,BioCH4Oxy_CC,,,,,,,,,,,,,,,,,,,,,,,
0.1,0.2,0.01,0.2,0.05,0.05,PlasmaOxy_CC,,,,,,,,,,,,,,,,,,,,,,,
0.1,0.2,0.01,0.2,0.07,0.05,PlasmaOxy_CC,,,,,,,,,,,,,,,,,,,,,,,
0.1,0.2,0.01,0.25,0.03,0.05,BioCH4Oxy_CC,,,,,,,,,,,,,,,,,,,,,,,
0.1,0.2,0.01,0.25,0.05,0.05,PlasmaOxy_CC,,,,,,,,,,,,,,,,,,,,,,,
0.1,0.2,0.01,0.25,0.07,0.05,PlasmaOxy_CC,,,,,,,,,,,,,,,,,,,,,,,
0.1,0.2,0.035,0.075,0.03,0.05,BioCH4,,,,,,,,,,,,,,,,,,,,,,,
0.1,0.2,0.035,0.075,0.05,0.05,NG,,,,,,,,,,,,,,,,,,,,,,,
0.1,0.2,0.035,0.075,0.07,0.05,NG,,,,,,,,,,,,,,,,,,,,,,,
0.1,0.2,0.035,0.1,0.03,0.05,BioCH4,,,,,,,,,,,,,,,,,,,,,,,
0.1,0.2,0.035,0.1,0.05,0.05,BioCH4,,,,,,,,,,,,,,,,,,,,,,,
0.1,0.2,0.035,0.1,0.07,0.05,PlasmaOxy_CC,,,,,,,,,,,,,,,,,,,,,,,
0.1,0.2,0.035,0.2,0.03,0.05,BioCH4Oxy_CC,,,,,,,,,,,,,,,,,,,,,,,
0.1,0.2,0.035,0.2,0.05,0.05,PlasmaOxy_CC,,,,,,,,,,,,,,,,,,,,,,,
0.1,0.2,0.035,0.2,0.07,0.05,PlasmaOxy_CC,,,,,,,,,,,,,,,,,,,,,,,
0.1,0.2,0.035,0.25,0.03,0.05,BioCH4Oxy_CC,,,,,,,,,,,,,,,,,,,,,,,
0.1,0.2,0.035,0.25,0.05,0.05,PlasmaOxy_CC,,,,,,,,,,,,,,,,,,,,,,,
0.1,0.2,0.035,0.25,0.07,0.05,PlasmaOxy_CC,,,,,,,,,,,,,,,,,,,,,,,
0.1,0.2,0.055,0.075,0.03,0.05,BioCH4,,,,,,,,,,,,,,,,,,,,,,,
0.1,0.2,0.055,0.075,0.05,0.05,BioCH4,,,,,,,,,,,,,,,,,,,,,,,
0.1,0.2,0.055,0.075,0.07,0.05,Plasma,,,,,,,,,,,,,,,,,,,,,,,
0.1,0.2,0.055,0.1,0.03,0.05,BioCH4,,,,,,,,,,,,,,,,,,,,,,,
0.1,0.2,0.055,0.1,0.05,0.05,BioCH4,,,,,,,,,,,,,,,,,,,,,,,
0.1,0.2,0.055,0.1,0.07,0.05,PlasmaOxy_CC,,,,,,,,,,,,,,,,,,,,,,,
0.1,0.2,0.055,0.2,0.03,0.05,BioCH4Oxy_CC,,,,,,,,,,,,,,,,,,,,,,,
0.1,0.2,0.055,0.2,0.05,0.05,PlasmaOxy_CC,,,,,,,,,,,,,,,,,,,,,,,
0.1,0.2,0.055,0.2,0.07,0.05,PlasmaOxy_CC,,,,,,,,,,,,,,,,,,,,,,,
0.1,0.2,0.055,0.25,0.03,0.05,BioCH4Oxy_CC,,,,,,,,,,,,,,,,,,,,,,,
0.1,0.2,0.055,0.25,0.05,0.05,PlasmaOxy_CC,,,,,,,,,,,,,,,,,,,,,,,
0.1,0.2,0.055,0.25,0.07,0.05,PlasmaOxy_CC,,,,,,,,,,,,,,,,,,,,,,,
0.1,0.2,0.075,0.075,0.03,0.05,BioCH4,,,,,,,,,,,,,,,,,,,,,,,
0.1,0.2,0.075,0.075,0.05,0.05,BioCH4,,,,,,,,,,,,,,,,,,,,,,,
0.1,0.2,0.075,0.075,0.07,0.05,Plasma,,,,,,,,,,,,,,,,,,,,,,,
0.1,0.2,0.075,0.1,0.03,0.05,BioCH4,,,,,,,,,,,,,,,,,,,,,,,
0.1,0.2,0.075,0.1,0.05,0.05,BioCH4,,,,,,,,,,,,,,,,,,,,,,,
0.1,0.2,0.075,0.1,0.07,0.05,PlasmaOxy_CC,,,,,,,,,,,,,,,,,,,,,,,
0.1,0.2,0.075,0.2,0.03,0.05,BioCH4Oxy_CC,,,,,,,,,,,,,,,,,,,,,,,
0.1,0.2,0.075,0.2,0.05,0.05,PlasmaOxy_CC,,,,,,,,,,,,,,,,,,,,,,,
0.1,0.2,0.075,0.2,0.07,0.05,PlasmaOxy_CC,,,,,,,,,,,,,,,,,,,,,,,
0.1,0.2,0.075,0.25,0.03,0.05,BioCH4Oxy_CC,,,,,,,,,,,,,,,,,,,,,,,
0.1,0.2,0.075,0.25,0.05,0.05,PlasmaOxy_CC,,,,,,,,,,,,,,,,,,,,,,,
0.1,0.2,0.075,0.25,0.07,0.05,PlasmaOxy_CC,,,,,,,,,,,,,,,,,,,,,,,
0.1,0.2,0.1,0.075,0.03,0.05,BioCH4,,,,,,,,,,,,,,,,,,,,,,,
0.1,0.2,0.1,0.075,0.05,0.05,BioCH4,,,,,,,,,,,,,,,,,,,,,,,
0.1,0.2,0.1,0.075,0.07,0.05,Plasma,,,,,,,,,,,,,,,,,,,,,,,
0.1,0.2,0.1,0.1,0.03,0.05,BioCH4,,,,,,,,,,,,,,,,,,,,,,,
0.1,0.2,0.1,0.1,0.05,0.05,BioCH4,,,,,,,,,,,,,,,,,,,,,,,
0.1,0.2,0.1,0.1,0.07,0.05,PlasmaOxy_CC,,,,,,,,,,,,,,,,,,,,,,,
0.1,0.2,0.1,0.2,0.03,0.05,BioCH4Oxy_CC,,,,,,,,,,,,,,,,,,,,,,,
0.1,0.2,0.1,0.2,0.05,0.05,PlasmaOxy_CC,,,,,,,,,,,,,,,,,,,,,,,
0.1,0.2,0.1,0.2,0.07,0.05,PlasmaOxy_CC,,,,,,,,,,,,,,,,,,,,,,,
0.1,0.2,0.1,0.25,0.03,0.05,BioCH4Oxy_CC,,,,,,,,,,,,,,,,,,,,,,,
0.1,0.2,0.1,0.25,0.05,0.05,PlasmaOxy_CC,,,,,,,,,,,,,,,,,,,,,,,
0.1,0.2,0.1,0.25,0.07,0.05,BiomassOxy_CC,,,,,,,,,,,,,,,,,,,,,,,
0.125,0.01,0.01,0.075,0.03,0.05,NG,,,,,,,,,,,,,,,,,,,,,,,
0.125,0.01,0.01,0.075,0.05,0.05,NG,,,,,,,,,,,,,,,,,,,,,,,
0.125,0.01,0.01,0.075,0.07,0.05,NG,,,,,,,,,,,,,,,,,,,,,,,
0.125,0.01,0.01,0.1,0.03,0.05,NG,,,,,,,,,,,,,,,,,,,,,,,
0.125,0.01,0.01,0.1,0.05,0.05,NG,,,,,,,,,,,,,,,,,,,,,,,
0.125,0.01,0.01,0.1,0.07,0.05,NG,,,,,,,,,,,,,,,,,,,,,,,
0.125,0.01,0.01,0.2,0.03,0.05,H2Oxy_CC,,,,,,,,,,,,,,,,,,,,,,,
0.125,0.01,0.01,0.2,0.05,0.05,H2Oxy_CC,,,,,,,,,,,,,,,,,,,,,,,
0.125,0.01,0.01,0.2,0.07,0.05,H2Oxy_CC,,,,,,,,,,,,,,,,,,,,,,,
0.125,0.01,0.01,0.25,0.03,0.05,H2Oxy_CC,,,,,,,,,,,,,,,,,,,,,,,
0.125,0.01,0.01,0.25,0.05,0.05,H2Oxy_CC,,,,,,,,,,,,,,,,,,,,,,,
0.125,0.01,0.01,0.25,0.07,0.05,H2Oxy_CC,,,,,,,,,,,,,,,,,,,,,,,
0.125,0.01,0.035,0.075,0.03,0.05,BioCH4,,,,,,,,,,,,,,,,,,,,,,,
0.125,0.01,0.035,0.075,0.05,0.05,H2,,,,,,,,,,,,,,,,,,,,,,,
0.125,0.01,0.035,0.075,0.07,0.05,H2,,,,,,,,,,,,,,,,,,,,,,,
0.125,0.01,0.035,0.1,0.03,0.05,BioCH4,,,,,,,,,,,,,,,,,,,,,,,
0.125,0.01,0.035,0.1,0.05,0.05,H2,,,,,,,,,,,,,,,,,,,,,,,
0.125,0.01,0.035,0.1,0.07,0.05,H2,,,,,,,,,,,,,,,,,,,,,,,
0.125,0.01,0.035,0.2,0.03,0.05,H2Oxy_CC,,,,,,,,,,,,,,,,,,,,,,,
0.125,0.01,0.035,0.2,0.05,0.05,H2Oxy_CC,,,,,,,,,,,,,,,,,,,,,,,
0.125,0.01,0.035,0.2,0.07,0.05,H2Oxy_CC,,,,,,,,,,,,,,,,,,,,,,,
0.125,0.01,0.035,0.25,0.03,0.05,H2Oxy_CC,,,,,,,,,,,,,,,,,,,,,,,
0.125,0.01,0.035,0.25,0.05,0.05,H2Oxy_CC,,,,,,,,,,,,,,,,,,,,,,,
0.125,0.01,0.035,0.25,0.07,0.05,H2Oxy_CC,,,,,,,,,,,,,,,,,,,,,,,
0.125,0.01,0.055,0.075,0.03,0.05,BioCH4,,,,,,,,,,,,,,,,,,,,,,,
0.125,0.01,0.055,0.075,0.05,0.05,H2,,,,,,,,,,,,,,,,,,,,,,,
0.125,0.01,0.055,0.075,0.07,0.05,H2,,,,,,,,,,,,,,,,,,,,,,,
0.125,0.01,0.055,0.1,0.03,0.05,BioCH4,,,,,,,,,,,,,,,,,,,,,,,
0.125,0.01,0.055,0.1,0.05,0.05,H2,,,,,,,,,,,,,,,,,,,,,,,
0.125,0.01,0.055,0.1,0.07,0.05,H2,,,,,,,,,,,,,,,,,,,,,,,
0.125,0.01,0.055,0.2,0.03,0.05,H2Oxy_CC,,,,,,,,,,,,,,,,,,,,,,,
0.125,0.01,0.055,0.2,0.05,0.05,H2Oxy_CC,,,,,,,,,,,,,,,,,,,,,,,
0.125,0.01,0.055,0.2,0.07,0.05,H2Oxy_CC,,,,,,,,,,,,,,,,,,,,,,,
0.125,0.01,0.055,0.25,0.03,0.05,H2Oxy_CC,,,,,,,,,,,,,,,,,,,,,,,
0.125,0.01,0.055,0.25,0.05,0.05,H2Oxy_CC,,,,,,,,,,,,,,,,,,,,,,,
0.125,0.01,0.055,0.25,0.07,0.05,H2Oxy_CC,,,,,,,,,,,,,,,,,,,,,,,
0.125,0.01,0.075,0.075,0.03,0.05,BioCH4,,,,,,,,,,,,,,,,,,,,,,,
0.125,0.01,0.075,0.075,0.05,0.05,H2,,,,,,,,,,,,,,,,,,,,,,,
0.125,0.01,0.075,0.075,0.07,0.05,H2,,,,,,,,,,,,,,,,,,,,,,,
0.125,0.01,0.075,0.1,0.03,0.05,BioCH4,,,,,,,,,,,,,,,,,,,,,,,
0.125,0.01,0.075,0.1,0.05,0.05,H2,,,,,,,,,,,,,,,,,,,,,,,
0.125,0.01,0.075,0.1,0.07,0.05,H2,,,,,,,,,,,,,,,,,,,,,,,
0.125,0.01,0.075,0.2,0.03,0.05,H2Oxy_CC,,,,,,,,,,,,,,,,,,,,,,,
0.125,0.01,0.075,0.2,0.05,0.05,H2Oxy_CC,,,,,,,,,,,,,,,,,,,,,,,
0.125,0.01,0.075,0.2,0.07,0.05,H2Oxy_CC,,,,,,,,,,,,,,,,,,,,,,,
0.125,0.01,0.075,0.25,0.03,0.05,H2Oxy_CC,,,,,,,,,,,,,,,,,,,,,,,
0.125,0.01,0.075,0.25,0.05,0.05,H2Oxy_CC,,,,,,,,,,,,,,,,,,,,,,,
0.125,0.01,0.075,0.25,0.07,0.05,H2Oxy_CC,,,,,,,,,,,,,,,,,,,,,,,
0.125,0.01,0.1,0.075,0.03,0.05,BioCH4,,,,,,,,,,,,,,,,,,,,,,,
0.125,0.01,0.1,0.075,0.05,0.05,H2,,,,,,,,,,,,,,,,,,,,,,,
0.125,0.01,0.1,0.075,0.07,0.05,H2,,,,,,,,,,,,,,,,,,,,,,,
0.125,0.01,0.1,0.1,0.03,0.05,BioCH4,,,,,,,,,,,,,,,,,,,,,,,
0.125,0.01,0.1,0.1,0.05,0.05,H2,,,,,,,,,,,,,,,,,,,,,,,
0.125,0.01,0.1,0.1,0.07,0.05,H2,,,,,,,,,,,,,,,,,,,,,,,
0.125,0.01,0.1,0.2,0.03,0.05,H2Oxy_CC,,,,,,,,,,,,,,,,,,,,,,,
0.125,0.01,0.1,0.2,0.05,0.05,H2Oxy_CC,,,,,,,,,,,,,,,,,,,,,,,
0.125,0.01,0.1,0.2,0.07,0.05,H2Oxy_CC,,,,,,,,,,,,,,,,,,,,,,,
0.125,0.01,0.1,0.25,0.03,0.05,H2Oxy_CC,,,,,,,,,,,,,,,,,,,,,,,
0.125,0.01,0.1,0.25,0.05,0.05,H2Oxy_CC,,,,,,,,,,,,,,,,,,,,,,,
0.125,0.01,0.1,0.25,0.07,0.05,H2Oxy_CC,,,,,,,,,,,,,,,,,,,,,,,
0.125,0.025,0.01,0.075,0.03,0.05,NG,,,,,,,,,,,,,,,,,,,,,,,
0.125,0.025,0.01,0.075,0.05,0.05,NG,,,,,,,,,,,,,,,,,,,,,,,
0.125,0.025,0.01,0.075,0.07,0.05,NG,,,,,,,,,,,,,,,,,,,,,,,
0.125,0.025,0.01,0.1,0.03,0.05,NG,,,,,,,,,,,,,,,,,,,,,,,
0.125,0.025,0.01,0.1,0.05,0.05,NG,,,,,,,,,,,,,,,,,,,,,,,
0.125,0.025,0.01,0.1,0.07,0.05,NG,,,,,,,,,,,,,,,,,,,,,,,
0.125,0.025,0.01,0.2,0.03,0.05,BioCH4Oxy_CC,,,,,,,,,,,,,,,,,,,,,,,
0.125,0.025,0.01,0.2,0.05,0.05,H2Oxy_CC,,,,,,,,,,,,,,,,,,,,,,,
0.125,0.025,0.01,0.2,0.07,0.05,H2Oxy_CC,,,,,,,,,,,,,,,,,,,,,,,
0.125,0.025,0.01,0.25,0.03,0.05,BioCH4Oxy_CC,,,,,,,,,,,,,,,,,,,,,,,
0.125,0.025,0.01,0.25,0.05,0.05,H2Oxy_CC,,,,,,,,,,,,,,,,,,,,,,,
0.125,0.025,0.01,0.25,0.07,0.05,H2Oxy_CC,,,,,,,,,,,,,,,,,,,,,,,
0.125,0.025,0.035,0.075,0.03,0.05,BioCH4,,,,,,,,,,,,,,,,,,,,,,,
0.125,0.025,0.035,0.075,0.05,0.05,NG,,,,,,,,,,,,,,,,,,,,,,,
0.125,0.025,0.035,0.075,0.07,0.05,NG,,,,,,,,,,,,,,,,,,,,,,,
0.125,0.025,0.035,0.1,0.03,0.05,BioCH4,,,,,,,,,,,,,,,,,,,,,,,
0.125,0.025,0.035,0.1,0.05,0.05,BioCH4,,,,,,,,,,,,,,,,,,,,,,,
0.125,0.025,0.035,0.1,0.07,0.05,NG,,,,,,,,,,,,,,,,,,,,,,,
0.125,0.025,0.035,0.2,0.03,0.05,BioCH4Oxy_CC,,,,,,,,,,,,,,,,,,,,,,,
0.125,0.025,0.035,0.2,0.05,0.05,H2Oxy_CC,,,,,,,,,,,,,,,,,,,,,,,
0.125,0.025,0.035,0.2,0.07,0.05,H2Oxy_CC,,,,,,,,,,,,,,,,,,,,,,,
0.125,0.025,0.035,0.25,0.03,0.05,BioCH4Oxy_CC,,,,,,,,,,,,,,,,,,,,,,,
0.125,0.025,0.035,0.25,0.05,0.05,H2Oxy_CC,,,,,,,,,,,,,,,,,,,,,,,
0.125,0.025,0.035,0.25,0.07,0.05,H2Oxy_CC,,,,,,,,,,,,,,,,,,,,,,,
0.125,0.025,0.055,0.075,0.03,0.05,BioCH4,,,,,,,,,,,,,,,,,,,,,,,
0.125,0.025,0.055,0.075,0.05,0.05,BioCH4,,,,,,,,,,,,,,,,,,,,,,,
0.125,0.025,0.055,0.075,0.07,0.05,H2,,,,,,,,,,,,,,,,,,,,,,,
0.125,0.025,0.055,0.1,0.03,0.05,BioCH4,,,,,,,,,,,,,,,,,,,,,,,
0.125,0.025,0.055,0.1,0.05,0.05,BioCH4,,,,,,,,,,,,,,,,,,,,,,,
0.125,0.025,0.055,0.1,0.07,0.05,H2,,,,,,,,,,,,,,,,,,,,,,,
0.125,0.025,0.055,0.2,0.03,0.05,BioCH4Oxy_CC,,,,,,,,,,,,,,,,,,,,,,,
0.125,0.025,0.055,0.2,0.05,0.05,H2Oxy_CC,,,,,,,,,,,,,,,,,,,,,,,
0.125,0.025,0.055,0.2,0.07,0.05,H2Oxy_CC,,,,,,,,,,,,,,,,,,,,,,,
0.125,0.025,0.055,0.25,0.03,0.05,BioCH4Oxy_CC,,,,,,,,,,,,,,,,,,,,,,,
0.125,0.025,0.055,0.25,0.05,0.05,H2Oxy_CC,,,,,,,,,,,,,,,,,,,,,,,
0.125,0.025,0.055,0.25,0.07,0.05,H2Oxy_CC,,,,,,,,,,,,,,,,,,,,,,,
0.125,0.025,0.075,0.075,0.03,0.05,BioCH4,,,,,,,,,,,,,,,,,,,,,,,
0.125,0.025,0.075,0.075,0.05,0.05,BioCH4,,,,,,,,,,,,,,,,,,,,,,,
0.125,0.025,0.075,0.075,0.07,0.05,H2,,,,,,,,,,,,,,,,,,,,,,,
0.125,0.025,0.075,0.1,0.03,0.05,BioCH4,,,,,,,,,,,,,,,,,,,,,,,
0.125,0.025,0.075,0.1,0.05,0.05,BioCH4,,,,,,,,,,,,,,,,,,,,,,,
0.125,0.025,0.075,0.1,0.07,0.05,H2,,,,,,,,,,,,,,,,,,,,,,,
0.125,0.025,0.075,0.2,0.03,0.05,BioCH4Oxy_CC,,,,,,,,,,,,,,,,,,,,,,,
0.125,0.025,0.075,0.2,0.05,0.05,H2Oxy_CC,,,,,,,,,,,,,,,,,,,,,,,
0.125,0.025,0.075,0.2,0.07,0.05,H2Oxy_CC,,,,,,,,,,,,,,,,,,,,,,,
0.125,0.025,0.075,0.25,0.03,0.05,BioCH4Oxy_CC,,,,,,,,,,,,,,,,,,,,,,,
0.125,0.025,0.075,0.25,0.05,0.05,H2Oxy_CC,,,,,,,,,,,,,,,,,,,,,,,
0.125,0.025,0.075,0.25,0.07,0.05,H2Oxy_CC,,,,,,,,,,,,,,,,,,,,,,,
0.125,0.025,0.1,0.075,0.03,0.05,BioCH4,,,,,,,,,,,,,,,,,,,,,,,
0.125,0.025,0.1,0.075,0.05,0.05,BioCH4,,,,,,,,,,,,,,,,,,,,,,,
0.125,0.025,0.1,0.075,0.07,0.05,H2,,,,,,,,,,,,,,,,,,,,,,,
0.125,0.025,0.1,0.1,0.03,0.05,BioCH4,,,,,,,,,,,,,,,,,,,,,,,
0.125,0.025,0.1,0.1,0.05,0.05,BioCH4,,,,,,,,,,,,,,,,,,,,,,,
0.125,0.025,0.1,0.1,0.07,0.05,H2,,,,,,,,,,,,,,,,,,,,,,,
0.125,0.025,0.1,0.2,0.03,0.05,BioCH4Oxy_CC,,,,,,,,,,,,,,,,,,,,,,,
0.125,0.025,0.1,0.2,0.05,0.05,H2Oxy_CC,,,,,,,,,,,,,,,,,,,,,,,
0.125,0.025,0.1,0.2,0.07,0.05,H2Oxy_CC,,,,,,,,,,,,,,,,,,,,,,,
0.125,0.025,0.1,0.25,0.03,0.05,BioCH4Oxy_CC,,,,,,,,,,,,,,,,,,,,,,,
0.125,0.025,0.1,0.25,0.05,0.05,H2Oxy_CC,,,,,,,,,,,,,,,,,,,,,,,
0.125,0.025,0.1,0.25,0.07,0.05,H2Oxy_CC,,,,,,,,,,,,,,,,,,,,,,,
0.125,0.05,0.01,0.075,0.03,0.05,NG,,,,,,,,,,,,,,,,,,,,,,,
0.125,0.05,0.01,0.075,0.05,0.05,NG,,,,,,,,,,,,,,,,,,,,,,,
0.125,0.05,0.01,0.075,0.07,0.05,NG,,,,,,,,,,,,,,,,,,,,,,,
0.125,0.05,0.01,0.1,0.03,0.05,NG,,,,,,,,,,,,,,,,,,,,,,,
0.125,0.05,0.01,0.1,0.05,0.05,NG,,,,,,,,,,,,,,,,,,,,,,,
0.125,0.05,0.01,0.1,0.07,0.05,NG,,,,,,,,,,,,,,,,,,,,,,,
0.125,0.05,0.01,0.2,0.03,0.05,BioCH4Oxy_CC,,,,,,,,,,,,,,,,,,,,,,,
0.125,0.05,0.01,0.2,0.05,0.05,NGOxy_CC,,,,,,,,,,,,,,,,,,,,,,,
0.125,0.05,0.01,0.2,0.07,0.05,NGOxy_CC,,,,,,,,,,,,,,,,,,,,,,,
0.125,0.05,0.01,0.25,0.03,0.05,BioCH4Oxy_CC,,,,,,,,,,,,,,,,,,,,,,,
0.125,0.05,0.01,0.25,0.05,0.05,NGOxy_CC,,,,,,,,,,,,,,,,,,,,,,,
0.125,0.05,0.01,0.25,0.07,0.05,NGOxy_CC,,,,,,,,,,,,,,,,,,,,,,,
0.125,0.05,0.035,0.075,0.03,0.05,BioCH4,,,,,,,,,,,,,,,,,,,,,,,
0.125,0.05,0.035,0.075,0.05,0.05,NG,,,,,,,,,,,,,,,,,,,,,,,
0.125,0.05,0.035,0.075,0.07,0.05,NG,,,,,,,,,,,,,,,,,,,,,,,
0.125,0.05,0.035,0.1,0.03,0.05,BioCH4,,,,,,,,,,,,,,,,,,,,,,,
0.125,0.05,0.035,0.1,0.05,0.05,BioCH4,,,,,,,,,,,,,,,,,,,,,,,
0.125,0.05,0.035,0.1,0.07,0.05,NG,,,,,,,,,,,,,,,,,,,,,,,
0.125,0.05,0.035,0.2,0.03,0.05,BioCH4Oxy_CC,,,,,,,,,,,,,,,,,,,,,,,
0.125,0.05,0.035,0.2,0.05,0.05,BioCH4Oxy_CC,,,,,,,,,,,,,,,,,,,,,,,
0.125,0.05,0.035,0.2,0.07,0.05,BiomassOxy_CC,,,,,,,,,,,,,,,,,,,,,,,
0.125,0.05,0.035,0.25,0.03,0.05,BioCH4Oxy_CC,,,,,,,,,,,,,,,,,,,,,,,
0.125,0.05,0.035,0.25,0.05,0.05,BioCH4Oxy_CC,,,,,,,,,,,,,,,,,,,,,,,
0.125,0.05,0.035,0.25,0.07,0.05,BiomassOxy_CC,,,,,,,,,,,,,,,,,,,,,,,
0.125,0.05,0.055,0.075,0.03,0.05,BioCH4,,,,,,,,,,,,,,,,,,,,,,,
0.125,0.05,0.055,0.075,0.05,0.05,BioCH4,,,,,,,,,,,,,,,,,,,,,,,
0.125,0.05,0.055,0.075,0.07,0.05,Biomass,,,,,,,,,,,,,,,,,,,,,,,
0.125,0.05,0.055,0.1,0.03,0.05,BioCH4,,,,,,,,,,,,,,,,,,,,,,,
0.125,0.05,0.055,0.1,0.05,0.05,BioCH4,,,,,,,,,,,,,,,,,,,,,,,
0.125,0.05,0.055,0.1,0.07,0.05,Biomass,,,,,,,,,,,,,,,,,,,,,,,
0.125,0.05,0.055,0.2,0.03,0.05,BioCH4Oxy_CC,,,,,,,,,,,,,,,,,,,,,,,
0.125,0.05,0.055,0.2,0.05,0.05,BioCH4Oxy_CC,,,,,,,,,,,,,,,,,,,,,,,
0.125,0.05,0.055,0.2,0.07,0.05,BiomassOxy_CC,,,,,,,,,,,,,,,,,,,,,,,
0.125,0.05,0.055,0.25,0.03,0.05,BioCH4Oxy_CC,,,,,,,,,,,,,,,,,,,,,,,
0.125,0.05,0.055,0.25,0.05,0.05,BioCH4Oxy_CC,,,,,,,,,,,,,,,,,,,,,,,
0.125,0.05,0.055,0.25,0.07,0.05,BiomassOxy_CC,,,,,,,,,,,,,,,,,,,,,,,
0.125,0.05,0.075,0.075,0.03,0.05,BioCH4,,,,,,,,,,,,,,,,,,,,,,,
0.125,0.05,0.075,0.075,0.05,0.05,BioCH4,,,,,,,,,,,,,,,,,,,,,,,
0.125,0.05,0.075,0.075,0.07,0.05,Biomass,,,,,,,,,,,,,,,,,,,,,,,
0.125,0.05,0.075,0.1,0.03,0.05,BioCH4,,,,,,,,,,,,,,,,,,,,,,,
0.125,0.05,0.075,0.1,0.05,0.05,BioCH4,,,,,,,,,,,,,,,,,,,,,,,
0.125,0.05,0.075,0.1,0.07,0.05,Biomass,,,,,,,,,,,,,,,,,,,,,,,
0.125,0.05,0.075,0.2,0.03,0.05,BioCH4Oxy_CC,,,,,,,,,,,,,,,,,,,,,,,
0.125,0.05,0.075,0.2,0.05,0.05,BioCH4Oxy_CC,,,,,,,,,,,,,,,,,,,,,,,
0.125,0.05,0.075,0.2,0.07,0.05,BiomassOxy_CC,,,,,,,,,,,,,,,,,,,,,,,
0.125,0.05,0.075,0.25,0.03,0.05,BioCH4Oxy_CC,,,,,,,,,,,,,,,,,,,,,,,
0.125,0.05,0.075,0.25,0.05,0.05,BioCH4Oxy_CC,,,,,,,,,,,,,,,,,,,,,,,
0.125,0.05,0.075,0.25,0.07,0.05,BiomassOxy_CC,,,,,,,,,,,,,,,,,,,,,,,
0.125,0.05,0.1,0.075,0.03,0.05,BioCH4,,,,,,,,,,,,,,,,,,,,,,,
0.125,0.05,0.1,0.075,0.05,0.05,BioCH4,,,,,,,,,,,,,,,,,,,,,,,
0.125,0.05,0.1,0.075,0.07,0.05,Biomass,,,,,,,,,,,,,,,,,,,,,,,
0.125,0.05,0.1,0.1,0.03,0.05,BioCH4,,,,,,,,,,,,,,,,,,,,,,,
0.125,0.05,0.1,0.1,0.05,0.05,BioCH4,,,,,,,,,,,,,,,,,,,,,,,
0.125,0.05,0.1,0.1,0.07,0.05,Biomass,,,,,,,,,,,,,,,,,,,,,,,
0.125,0.05,0.1,0.2,0.03,0.05,BioCH4Oxy_CC,,,,,,,,,,,,,,,,,,,,,,,
0.125,0.05,0.1,0.2,0.05,0.05,BioCH4Oxy_CC,,,,,,,,,,,,,,,,,,,,,,,
0.125,0.05,0.1,0.2,0.07,0.05,BiomassOxy_CC,,,,,,,,,,,,,,,,,,,,,,,
0.125,0.05,0.1,0.25,0.03,0.05,BioCH4Oxy_CC,,,,,,,,,,,,,,,,,,,,,,,
0.125,0.05,0.1,0.25,0.05,0.05,BioCH4Oxy_CC,,,,,,,,,,,,,,,,,,,,,,,
0.125,0.05,0.1,0.25,0.07,0.05,BiomassOxy_CC,,,,,,,,,,,,,,,,,,,,,,,
0.125,0.075,0.01,0.075,0.03,0.05,NG,,,,,,,,,,,,,,,,,,,,,,,
0.125,0.075,0.01,0.075,0.05,0.05,NG,,,,,,,,,,,,,,,,,,,,,,,
0.125,0.075,0.01,0.075,0.07,0.05,NG,,,,,,,,,,,,,,,,,,,,,,,
0.125,0.075,0.01,0.1,0.03,0.05,NG,,,,,,,,,,,,,,,,,,,,,,,
0.125,0.075,0.01,0.1,0.05,0.05,NG,,,,,,,,,,,,,,,,,,,,,,,
0.125,0.075,0.01,0.1,0.07,0.05,NG,,,,,,,,,,,,,,,,,,,,,,,
0.125,0.075,0.01,0.2,0.03,0.05,BioCH4Oxy_CC,,,,,,,,,,,,,,,,,,,,,,,
0.125,0.075,0.01,0.2,0.05,0.05,NGOxy_CC,,,,,,,,,,,,,,,,,,,,,,,
0.125,0.075,0.01,0.2,0.07,0.05,NGOxy_CC,,,,,,,,,,,,,,,,,,,,,,,
0.125,0.075,0.01,0.25,0.03,0.05,BioCH4Oxy_CC,,,,,,,,,,,,,,,,,,,,,,,
0.125,0.075,0.01,0.25,0.05,0.05,NGOxy_CC,,,,,,,,,,,,,,,,,,,,,,,
0.125,0.075,0.01,0.25,0.07,0.05,NGOxy_CC,,,,,,,,,,,,,,,,,,,,,,,
0.125,0.075,0.035,0.075,0.03,0.05,BioCH4,,,,,,,,,,,,,,,,,,,,,,,
0.125,0.075,0.035,0.075,0.05,0.05,NG,,,,,,,,,,,,,,,,,,,,,,,
0.125,0.075,0.035,0.075,0.07,0.05,NG,,,,,,,,,,,,,,,,,,,,,,,
0.125,0.075,0.035,0.1,0.03,0.05,BioCH4,,,,,,,,,,,,,,,,,,,,,,,
0.125,0.075,0.035,0.1,0.05,0.05,BioCH4,,,,,,,,,,,,,,,,,,,,,,,
0.125,0.075,0.035,0.1,0.07,0.05,NG,,,,,,,,,,,,,,,,,,,,,,,
0.125,0.075,0.035,0.2,0.03,0.05,BioCH4Oxy_CC,,,,,,,,,,,,,,,,,,,,,,,
0.125,0.075,0.035,0.2,0.05,0.05,BioCH4Oxy_CC,,,,,,,,,,,,,,,,,,,,,,,
0.125,0.075,0.035,0.2,0.07,0.05,BiomassOxy_CC,,,,,,,,,,,,,,,,,,,,,,,
0.125,0.075,0.035,0.25,0.03,0.05,BioCH4Oxy_CC,,,,,,,,,,,,,,,,,,,,,,,
0.125,0.075,0.035,0.25,0.05,0.05,BioCH4Oxy_CC,,,,,,,,,,,,,,,,,,,,,,,
0.125,0.075,0.035,0.25,0.07,0.05,BiomassOxy_CC,,,,,,,,,,,,,,,,,,,,,,,
0.125,0.075,0.055,0.075,0.03,0.05,BioCH4,,,,,,,,,,,,,,,,,,,,,,,
0.125,0.075,0.055,0.075,0.05,0.05,BioCH4,,,,,,,,,,,,,,,,,,,,,,,
0.125,0.075,0.055,0.075,0.07,0.05,Biomass,,,,,,,,,,,,,,,,,,,,,,,
0.125,0.075,0.055,0.1,0.03,0.05,BioCH4,,,,,,,,,,,,,,,,,,,,,,,
0.125,0.075,0.055,0.1,0.05,0.05,BioCH4,,,,,,,,,,,,,,,,,,,,,,,
0.125,0.075,0.055,0.1,0.07,0.05,Biomass,,,,,,,,,,,,,,,,,,,,,,,
0.125,0.075,0.055,0.2,0.03,0.05,BioCH4Oxy_CC,,,,,,,,,,,,,,,,,,,,,,,
0.125,0.075,0.055,0.2,0.05,0.05,BioCH4Oxy_CC,,,,,,,,,,,,,,,,,,,,,,,
0.125,0.075,0.055,0.2,0.07,0.05,BiomassOxy_CC,,,,,,,,,,,,,,,,,,,,,,,
0.125,0.075,0.055,0.25,0.03,0.05,BioCH4Oxy_CC,,,,,,,,,,,,,,,,,,,,,,,
0.125,0.075,0.055,0.25,0.05,0.05,BioCH4Oxy_CC,,,,,,,,,,,,,,,,,,,,,,,
0.125,0.075,0.055,0.25,0.07,0.05,BiomassOxy_CC,,,,,,,,,,,,,,,,,,,,,,,
0.125,0.075,0.075,0.075,0.03,0.05,BioCH4,,,,,,,,,,,,,,,,,,,,,,,
0.125,0.075,0.075,0.075,0.05,0.05,BioCH4,,,,,,,,,,,,,,,,,,,,,,,
0.125,0.075,0.075,0.075,0.07,0.05,Biomass,,,,,,,,,,,,,,,,,,,,,,,
0.125,0.075,0.075,0.1,0.03,0.05,BioCH4,,,,,,,,,,,,,,,,,,,,,,,
0.125,0.075,0.075,0.1,0.05,0.05,BioCH4,,,,,,,,,,,,,,,,,,,,,,,
0.125,0.075,0.075,0.1,0.07,0.05,Biomass,,,,,,,,,,,,,,,,,,,,,,,
0.125,0.075,0.075,0.2,0.03,0.05,BioCH4Oxy_CC,,,,,,,,,,,,,,,,,,,,,,,
0.125,0.075,0.075,0.2,0.05,0.05,BioCH4Oxy_CC,,,,,,,,,,,,,,,,,,,,,,,
0.125,0.075,0.075,0.2,0.07,0.05,BiomassOxy_CC,,,,,,,,,,,,,,,,,,,,,,,
0.125,0.075,0.075,0.25,0.03,0.05,BioCH4Oxy_CC,,,,,,,,,,,,,,,,,,,,,,,
0.125,0.075,0.075,0.25,0.05,0.05,BioCH4Oxy_CC,,,,,,,,,,,,,,,,,,,,,,,
0.125,0.075,0.075,0.25,0.07,0.05,BiomassOxy_CC,,,,,,,,,,,,,,,,,,,,,,,
0.125,0.075,0.1,0.075,0.03,0.05,BioCH4,,,,,,,,,,,,,,,,,,,,,,,
0.125,0.075,0.1,0.075,0.05,0.05,BioCH4,,,,,,,,,,,,,,,,,,,,,,,
0.125,0.075,0.1,0.075,0.07,0.05,Biomass,,,,,,,,,,,,,,,,,,,,,,,
0.125,0.075,0.1,0.1,0.03,0.05,BioCH4,,,,,,,,,,,,,,,,,,,,,,,
0.125,0.075,0.1,0.1,0.05,0.05,BioCH4,,,,,,,,,,,,,,,,,,,,,,,
0.125,0.075,0.1,0.1,0.07,0.05,Biomass,,,,,,,,,,,,,,,,,,,,,,,
0.125,0.075,0.1,0.2,0.03,0.05,BioCH4Oxy_CC,,,,,,,,,,,,,,,,,,,,,,,
0.125,0.075,0.1,0.2,0.05,0.05,BioCH4Oxy_CC,,,,,,,,,,,,,,,,,,,,,,,
0.125,0.075,0.1,0.2,0.07,0.05,BiomassOxy_CC,,,,,,,,,,,,,,,,,,,,,,,
0.125,0.075,0.1,0.25,0.03,0.05,BioCH4Oxy_CC,,,,,,,,,,,,,,,,,,,,,,,
0.125,0.075,0.1,0.25,0.05,0.05,BioCH4Oxy_CC,,,,,,,,,,,,,,,,,,,,,,,
0.125,0.075,0.1,0.25,0.07,0.05,BiomassOxy_CC,,,,,,,,,,,,,,,,,,,,,,,
0.125,0.1,0.01,0.075,0.03,0.05,NG,,,,,,,,,,,,,,,,,,,,,,,
0.125,0.1,0.01,0.075,0.05,0.05,NG,,,,,,,,,,,,,,,,,,,,,,,
0.125,0.1,0.01,0.075,0.07,0.05,NG,,,,,,,,,,,,,,,,,,,,,,,
0.125,0.1,0.01,0.1,0.03,0.05,NG,,,,,,,,,,,,,,,,,,,,,,,
0.125,0.1,0.01,0.1,0.05,0.05,NG,,,,,,,,,,,,,,,,,,,,,,,
0.125,0.1,0.01,0.1,0.07,0.05,NG,,,,,,,,,,,,,,,,,,,,,,,
0.125,0.1,0.01,0.2,0.03,0.05,BioCH4Oxy_CC,,,,,,,,,,,,,,,,,,,,,,,
0.125,0.1,0.01,0.2,0.05,0.05,NGOxy_CC,,,,,,,,,,,,,,,,,,,,,,,
0.125,0.1,0.01,0.2,0.07,0.05,NGOxy_CC,,,,,,,,,,,,,,,,,,,,,,,
0.125,0.1,0.01,0.25,0.03,0.05,BioCH4Oxy_CC,,,,,,,,,,,,,,,,,,,,,,,
0.125,0.1,0.01,0.25,0.05,0.05,NGOxy_CC,,,,,,,,,,,,,,,,,,,,,,,
0.125,0.1,0.01,0.25,0.07,0.05,NGOxy_CC,,,,,,,,,,,,,,,,,,,,,,,
0.125,0.1,0.035,0.075,0.03,0.05,BioCH4,,,,,,,,,,,,,,,,,,,,,,,
0.125,0.1,0.035,0.075,0.05,0.05,NG,,,,,,,,,,,,,,,,,,,,,,,
0.125,0.1,0.035,0.075,0.07,0.05,NG,,,,,,,,,,,,,,,,,,,,,,,
0.125,0.1,0.035,0.1,0.03,0.05,BioCH4,,,,,,,,,,,,,,,,,,,,,,,
0.125,0.1,0.035,0.1,0.05,0.05,BioCH4,,,,,,,,,,,,,,,,,,,,,,,
0.125,0.1,0.035,0.1,0.07,0.05,NG,,,,,,,,,,,,,,,,,,,,,,,
0.125,0.1,0.035,0.2,0.03,0.05,BioCH4Oxy_CC,,,,,,,,,,,,,,,,,,,,,,,
0.125,0.1,0.035,0.2,0.05,0.05,BioCH4Oxy_CC,,,,,,,,,,,,,,,,,,,,,,,
0.125,0.1,0.035,0.2,0.07,0.05,BiomassOxy_CC,,,,,,,,,,,,,,,,,,,,,,,
0.125,0.1,0.035,0.25,0.03,0.05,BioCH4Oxy_CC,,,,,,,,,,,,,,,,,,,,,,,
0.125,0.1,0.035,0.25,0.05,0.05,BioCH4Oxy_CC,,,,,,,,,,,,,,,,,,,,,,,
0.125,0.1,0.035,0.25,0.07,0.05,BiomassOxy_CC,,,,,,,,,,,,,,,,,,,,,,,
0.125,0.1,0.055,0.075,0.03,0.05,BioCH4,,,,,,,,,,,,,,,,,,,,,,,
0.125,0.1,0.055,0.075,0.05,0.05,BioCH4,,,,,,,,,,,,,,,,,,,,,,,
0.125,0.1,0.055,0.075,0.07,0.05,Biomass,,,,,,,,,,,,,,,,,,,,,,,
0.125,0.1,0.055,0.1,0.03,0.05,BioCH4,,,,,,,,,,,,,,,,,,,,,,,
0.125,0.1,0.055,0.1,0.05,0.05,BioCH4,,,,,,,,,,,,,,,,,,,,,,,
0.125,0.1,0.055,0.1,0.07,0.05,Biomass,,,,,,,,,,,,,,,,,,,,,,,
0.125,0.1,0.055,0.2,0.03,0.05,BioCH4Oxy_CC,,,,,,,,,,,,,,,,,,,,,,,
0.125,0.1,0.055,0.2,0.05,0.05,BioCH4Oxy_CC,,,,,,,,,,,,,,,,,,,,,,,
0.125,0.1,0.055,0.2,0.07,0.05,BiomassOxy_CC,,,,,,,,,,,,,,,,,,,,,,,
0.125,0.1,0.055,0.25,0.03,0.05,BioCH4Oxy_CC,,,,,,,,,,,,,,,,,,,,,,,
0.125,0.1,0.055,0.25,0.05,0.05,BioCH4Oxy_CC,,,,,,,,,,,,,,,,,,,,,,,
0.125,0.1,0.055,0.25,0.07,0.05,BiomassOxy_CC,,,,,,,,,,,,,,,,,,,,,,,
0.125,0.1,0.075,0.075,0.03,0.05,BioCH4,,,,,,,,,,,,,,,,,,,,,,,
0.125,0.1,0.075,0.075,0.05,0.05,BioCH4,,,,,,,,,,,,,,,,,,,,,,,
0.125,0.1,0.075,0.075,0.07,0.05,Biomass,,,,,,,,,,,,,,,,,,,,,,,
0.125,0.1,0.075,0.1,0.03,0.05,BioCH4,,,,,,,,,,,,,,,,,,,,,,,
0.125,0.1,0.075,0.1,0.05,0.05,BioCH4,,,,,,,,,,,,,,,,,,,,,,,
0.125,0.1,0.075,0.1,0.07,0.05,Biomass,,,,,,,,,,,,,,,,,,,,,,,
0.125,0.1,0.075,0.2,0.03,0.05,BioCH4Oxy_CC,,,,,,,,,,,,,,,,,,,,,,,
0.125,0.1,0.075,0.2,0.05,0.05,BioCH4Oxy_CC,,,,,,,,,,,,,,,,,,,,,,,
0.125,0.1,0.075,0.2,0.07,0.05,BiomassOxy_CC,,,,,,,,,,,,,,,,,,,,,,,
0.125,0.1,0.075,0.25,0.03,0.05,BioCH4Oxy_CC,,,,,,,,,,,,,,,,,,,,,,,
0.125,0.1,0.075,0.25,0.05,0.05,BioCH4Oxy_CC,,,,,,,,,,,,,,,,,,,,,,,
0.125,0.1,0.075,0.25,0.07,0.05,BiomassOxy_CC,,,,,,,,,,,,,,,,,,,,,,,
0.125,0.1,0.1,0.075,0.03,0.05,BioCH4,,,,,,,,,,,,,,,,,,,,,,,
0.125,0.1,0.1,0.075,0.05,0.05,BioCH4,,,,,,,,,,,,,,,,,,,,,,,
0.125,0.1,0.1,0.075,0.07,0.05,Biomass,,,,,,,,,,,,,,,,,,,,,,,
0.125,0.1,0.1,0.1,0.03,0.05,BioCH4,,,,,,,,,,,,,,,,,,,,,,,
0.125,0.1,0.1,0.1,0.05,0.05,BioCH4,,,,,,,,,,,,,,,,,,,,,,,
0.125,0.1,0.1,0.1,0.07,0.05,Biomass,,,,,,,,,,,,,,,,,,,,,,,
0.125,0.1,0.1,0.2,0.03,0.05,BioCH4Oxy_CC,,,,,,,,,,,,,,,,,,,,,,,
0.125,0.1,0.1,0.2,0.05,0.05,BioCH4Oxy_CC,,,,,,,,,,,,,,,,,,,,,,,
0.125,0.1,0.1,0.2,0.07,0.05,BiomassOxy_CC,,,,,,,,,,,,,,,,,,,,,,,
0.125,0.1,0.1,0.25,0.03,0.05,BioCH4Oxy_CC,,,,,,,,,,,,,,,,,,,,,,,
0.125,0.1,0.1,0.25,0.05,0.05,BioCH4Oxy_CC,,,,,,,,,,,,,,,,,,,,,,,
0.125,0.1,0.1,0.25,0.07,0.05,BiomassOxy_CC,,,,,,,,,,,,,,,,,,,,,,,
0.125,0.15,0.01,0.075,0.03,0.05,NG,,,,,,,,,,,,,,,,,,,,,,,
0.125,0.15,0.01,0.075,0.05,0.05,NG,,,,,,,,,,,,,,,,,,,,,,,
0.125,0.15,0.01,0.075,0.07,0.05,NG,,,,,,,,,,,,,,,,,,,,,,,
0.125,0.15,0.01,0.1,0.03,0.05,NG,,,,,,,,,,,,,,,,,,,,,,,
0.125,0.15,0.01,0.1,0.05,0.05,NG,,,,,,,,,,,,,,,,,,,,,,,
0.125,0.15,0.01,0.1,0.07,0.05,NG,,,,,,,,,,,,,,,,,,,,,,,
0.125,0.15,0.01,0.2,0.03,0.05,BioCH4Oxy_CC,,,,,,,,,,,,,,,,,,,,,,,
0.125,0.15,0.01,0.2,0.05,0.05,NGOxy_CC,,,,,,,,,,,,,,,,,,,,,,,
0.125,0.15,0.01,0.2,0.07,0.05,NGOxy_CC,,,,,,,,,,,,,,,,,,,,,,,
0.125,0.15,0.01,0.25,0.03,0.05,BioCH4Oxy_CC,,,,,,,,,,,,,,,,,,,,,,,
0.125,0.15,0.01,0.25,0.05,0.05,NGOxy_CC,,,,,,,,,,,,,,,,,,,,,,,
0.125,0.15,0.01,0.25,0.07,0.05,NGOxy_CC,,,,,,,,,,,,,,,,,,,,,,,
0.125,0.15,0.035,0.075,0.03,0.05,BioCH4,,,,,,,,,,,,,,,,,,,,,,,
0.125,0.15,0.035,0.075,0.05,0.05,NG,,,,,,,,,,,,,,,,,,,,,,,
0.125,0.15,0.035,0.075,0.07,0.05,NG,,,,,,,,,,,,,,,,,,,,,,,
0.125,0.15,0.035,0.1,0.03,0.05,BioCH4,,,,,,,,,,,,,,,,,,,,,,,
0.125,0.15,0.035,0.1,0.05,0.05,BioCH4,,,,,,,,,,,,,,,,,,,,,,,
0.125,0.15,0.035,0.1,0.07,0.05,NG,,,,,,,,,,,,,,,,,,,,,,,
0.125,0.15,0.035,0.2,0.03,0.05,BioCH4Oxy_CC,,,,,,,,,,,,,,,,,,,,,,,
0.125,0.15,0.035,0.2,0.05,0.05,BioCH4Oxy_CC,,,,,,,,,,,,,,,,,,,,,,,
0.125,0.15,0.035,0.2,0.07,0.05,BiomassOxy_CC,,,,,,,,,,,,,,,,,,,,,,,
0.125,0.15,0.035,0.25,0.03,0.05,BioCH4Oxy_CC,,,,,,,,,,,,,,,,,,,,,,,
0.125,0.15,0.035,0.25,0.05,0.05,BioCH4Oxy_CC,,,,,,,,,,,,,,,,,,,,,,,
0.125,0.15,0.035,0.25,0.07,0.05,BiomassOxy_CC,,,,,,,,,,,,,,,,,,,,,,,
0.125,0.15,0.055,0.075,0.03,0.05,BioCH4,,,,,,,,,,,,,,,,,,,,,,,
0.125,0.15,0.055,0.075,0.05,0.05,BioCH4,,,,,,,,,,,,,,,,,,,,,,,
0.125,0.15,0.055,0.075,0.07,0.05,Biomass,,,,,,,,,,,,,,,,,,,,,,,
0.125,0.15,0.055,0.1,0.03,0.05,BioCH4,,,,,,,,,,,,,,,,,,,,,,,
0.125,0.15,0.055,0.1,0.05,0.05,BioCH4,,,,,,,,,,,,,,,,,,,,,,,
0.125,0.15,0.055,0.1,0.07,0.05,Biomass,,,,,,,,,,,,,,,,,,,,,,,
0.125,0.15,0.055,0.2,0.03,0.05,BioCH4Oxy_CC,,,,,,,,,,,,,,,,,,,,,,,
0.125,0.15,0.055,0.2,0.05,0.05,BioCH4Oxy_CC,,,,,,,,,,,,,,,,,,,,,,,
0.125,0.15,0.055,0.2,0.07,0.05,BiomassOxy_CC,,,,,,,,,,,,,,,,,,,,,,,
0.125,0.15,0.055,0.25,0.03,0.05,BioCH4Oxy_CC,,,,,,,,,,,,,,,,,,,,,,,
0.125,0.15,0.055,0.25,0.05,0.05,BioCH4Oxy_CC,,,,,,,,,,,,,,,,,,,,,,,
0.125,0.15,0.055,0.25,0.07,0.05,BiomassOxy_CC,,,,,,,,,,,,,,,,,,,,,,,
0.125,0.15,0.075,0.075,0.03,0.05,BioCH4,,,,,,,,,,,,,,,,,,,,,,,
0.125,0.15,0.075,0.075,0.05,0.05,BioCH4,,,,,,,,,,,,,,,,,,,,,,,
0.125,0.15,0.075,0.075,0.07,0.05,Biomass,,,,,,,,,,,,,,,,,,,,,,,
0.125,0.15,0.075,0.1,0.03,0.05,BioCH4,,,,,,,,,,,,,,,,,,,,,,,
0.125,0.15,0.075,0.1,0.05,0.05,BioCH4,,,,,,,,,,,,,,,,,,,,,,,
0.125,0.15,0.075,0.1,0.07,0.05,Biomass,,,,,,,,,,,,,,,,,,,,,,,
0.125,0.15,0.075,0.2,0.03,0.05,BioCH4Oxy_CC,,,,,,,,,,,,,,,,,,,,,,,
0.125,0.15,0.075,0.2,0.05,0.05,BioCH4Oxy_CC,,,,,,,,,,,,,,,,,,,,,,,
0.125,0.15,0.075,0.2,0.07,0.05,BiomassOxy_CC,,,,,,,,,,,,,,,,,,,,,,,
0.125,0.15,0.075,0.25,0.03,0.05,BioCH4Oxy_CC,,,,,,,,,,,,,,,,,,,,,,,
0.125,0.15,0.075,0.25,0.05,0.05,BioCH4Oxy_CC,,,,,,,,,,,,,,,,,,,,,,,
0.125,0.15,0.075,0.25,0.07,0.05,BiomassOxy_CC,,,,,,,,,,,,,,,,,,,,,,,
0.125,0.15,0.1,0.075,0.03,0.05,BioCH4,,,,,,,,,,,,,,,,,,,,,,,
0.125,0.15,0.1,0.075,0.05,0.05,BioCH4,,,,,,,,,,,,,,,,,,,,,,,
0.125,0.15,0.1,0.075,0.07,0.05,Biomass,,,,,,,,,,,,,,,,,,,,,,,
0.125,0.15,0.1,0.1,0.03,0.05,BioCH4,,,,,,,,,,,,,,,,,,,,,,,
0.125,0.15,0.1,0.1,0.05,0.05,BioCH4,,,,,,,,,,,,,,,,,,,,,,,
0.125,0.15,0.1,0.1,0.07,0.05,Biomass,,,,,,,,,,,,,,,,,,,,,,,
0.125,0.15,0.1,0.2,0.03,0.05,BioCH4Oxy_CC,,,,,,,,,,,,,,,,,,,,,,,
0.125,0.15,0.1,0.2,0.05,0.05,BioCH4Oxy_CC,,,,,,,,,,,,,,,,,,,,,,,
0.125,0.15,0.1,0.2,0.07,0.05,BiomassOxy_CC,,,,,,,,,,,,,,,,,,,,,,,
0.125,0.15,0.1,0.25,0.03,0.05,BioCH4Oxy_CC,,,,,,,,,,,,,,,,,,,,,,,
0.125,0.15,0.1,0.25,0.05,0.05,BioCH4Oxy_CC,,,,,,,,,,,,,,,,,,,,,,,
0.125,0.15,0.1,0.25,0.07,0.05,BiomassOxy_CC,,,,,,,,,,,,,,,,,,,,,,,
0.125,0.2,0.01,0.075,0.03,0.05,NG,,,,,,,,,,,,,,,,,,,,,,,
0.125,0.2,0.01,0.075,0.05,0.05,NG,,,,,,,,,,,,,,,,,,,,,,,
0.125,0.2,0.01,0.075,0.07,0.05,NG,,,,,,,,,,,,,,,,,,,,,,,
0.125,0.2,0.01,0.1,0.03,0.05,NG,,,,,,,,,,,,,,,,,,,,,,,
0.125,0.2,0.01,0.1,0.05,0.05,NG,,,,,,,,,,,,,,,,,,,,,,,
0.125,0.2,0.01,0.1,0.07,0.05,NG,,,,,,,,,,,,,,,,,,,,,,,
0.125,0.2,0.01,0.2,0.03,0.05,BioCH4Oxy_CC,,,,,,,,,,,,,,,,,,,,,,,
0.125,0.2,0.01,0.2,0.05,0.05,NGOxy_CC,,,,,,,,,,,,,,,,,,,,,,,
0.125,0.2,0.01,0.2,0.07,0.05,NGOxy_CC,,,,,,,,,,,,,,,,,,,,,,,
0.125,0.2,0.01,0.25,0.03,0.05,BioCH4Oxy_CC,,,,,,,,,,,,,,,,,,,,,,,
0.125,0.2,0.01,0.25,0.05,0.05,NGOxy_CC,,,,,,,,,,,,,,,,,,,,,,,
0.125,0.2,0.01,0.25,0.07,0.05,NGOxy_CC,,,,,,,,,,,,,,,,,,,,,,,
0.125,0.2,0.035,0.075,0.03,0.05,BioCH4,,,,,,,,,,,,,,,,,,,,,,,
0.125,0.2,0.035,0.075,0.05,0.05,NG,,,,,,,,,,,,,,,,,,,,,,,
0.125,0.2,0.035,0.075,0.07,0.05,NG,,,,,,,,,,,,,,,,,,,,,,,
0.125,0.2,0.035,0.1,0.03,0.05,BioCH4,,,,,,,,,,,,,,,,,,,,,,,
0.125,0.2,0.035,0.1,0.05,0.05,BioCH4,,,,,,,,,,,,,,,,,,,,,,,
0.125,0.2,0.035,0.1,0.07,0.05,NG,,,,,,,,,,,,,,,,,,,,,,,
0.125,0.2,0.035,0.2,0.03,0.05,BioCH4Oxy_CC,,,,,,,,,,,,,,,,,,,,,,,
0.125,0.2,0.035,0.2,0.05,0.05,BioCH4Oxy_CC,,,,,,,,,,,,,,,,,,,,,,,
0.125,0.2,0.035,0.2,0.07,0.05,BiomassOxy_CC,,,,,,,,,,,,,,,,,,,,,,,
0.125,0.2,0.035,0.25,0.03,0.05,BioCH4Oxy_CC,,,,,,,,,,,,,,,,,,,,,,,
0.125,0.2,0.035,0.25,0.05,0.05,BioCH4Oxy_CC,,,,,,,,,,,,,,,,,,,,,,,
0.125,0.2,0.035,0.25,0.07,0.05,BiomassOxy_CC,,,,,,,,,,,,,,,,,,,,,,,
0.125,0.2,0.055,0.075,0.03,0.05,BioCH4,,,,,,,,,,,,,,,,,,,,,,,
0.125,0.2,0.055,0.075,0.05,0.05,BioCH4,,,,,,,,,,,,,,,,,,,,,,,
0.125,0.2,0.055,0.075,0.07,0.05,Biomass,,,,,,,,,,,,,,,,,,,,,,,
0.125,0.2,0.055,0.1,0.03,0.05,BioCH4,,,,,,,,,,,,,,,,,,,,,,,
0.125,0.2,0.055,0.1,0.05,0.05,BioCH4,,,,,,,,,,,,,,,,,,,,,,,
0.125,0.2,0.055,0.1,0.07,0.05,Biomass,,,,,,,,,,,,,,,,,,,,,,,
0.125,0.2,0.055,0.2,0.03,0.05,BioCH4Oxy_CC,,,,,,,,,,,,,,,,,,,,,,,
0.125,0.2,0.055,0.2,0.05,0.05,BioCH4Oxy_CC,,,,,,,,,,,,,,,,,,,,,,,
0.125,0.2,0.055,0.2,0.07,0.05,BiomassOxy_CC,,,,,,,,,,,,,,,,,,,,,,,
0.125,0.2,0.055,0.25,0.03,0.05,BioCH4Oxy_CC,,,,,,,,,,,,,,,,,,,,,,,
0.125,0.2,0.055,0.25,0.05,0.05,BioCH4Oxy_CC,,,,,,,,,,,,,,,,,,,,,,,
0.125,0.2,0.055,0.25,0.07,0.05,BiomassOxy_CC,,,,,,,,,,,,,,,,,,,,,,,
0.125,0.2,0.075,0.075,0.03,0.05,BioCH4,,,,,,,,,,,,,,,,,,,,,,,
0.125,0.2,0.075,0.075,0.05,0.05,BioCH4,,,,,,,,,,,,,,,,,,,,,,,
0.125,0.2,0.075,0.075,0.07,0.05,Biomass,,,,,,,,,,,,,,,,,,,,,,,
0.125,0.2,0.075,0.1,0.03,0.05,BioCH4,,,,,,,,,,,,,,,,,,,,,,,
0.125,0.2,0.075,0.1,0.05,0.05,BioCH4,,,,,,,,,,,,,,,,,,,,,,,
0.125,0.2,0.075,0.1,0.07,0.05,Biomass,,,,,,,,,,,,,,,,,,,,,,,
0.125,0.2,0.075,0.2,0.03,0.05,BioCH4Oxy_CC,,,,,,,,,,,,,,,,,,,,,,,
0.125,0.2,0.075,0.2,0.05,0.05,BioCH4Oxy_CC,,,,,,,,,,,,,,,,,,,,,,,
0.125,0.2,0.075,0.2,0.07,0.05,BiomassOxy_CC,,,,,,,,,,,,,,,,,,,,,,,
0.125,0.2,0.075,0.25,0.03,0.05,BioCH4Oxy_CC,,,,,,,,,,,,,,,,,,,,,,,
0.125,0.2,0.075,0.25,0.05,0.05,BioCH4Oxy_CC,,,,,,,,,,,,,,,,,,,,,,,
0.125,0.2,0.075,0.25,0.07,0.05,BiomassOxy_CC,,,,,,,,,,,,,,,,,,,,,,,
0.125,0.2,0.1,0.075,0.03,0.05,BioCH4,,,,,,,,,,,,,,,,,,,,,,,
0.125,0.2,0.1,0.075,0.05,0.05,BioCH4,,,,,,,,,,,,,,,,,,,,,,,
0.125,0.2,0.1,0.075,0.07,0.05,Biomass,,,,,,,,,,,,,,,,,,,,,,,
0.125,0.2,0.1,0.1,0.03,0.05,BioCH4,,,,,,,,,,,,,,,,,,,,,,,
0.125,0.2,0.1,0.1,0.05,0.05,BioCH4,,,,,,,,,,,,,,,,,,,,,,,
0.125,0.2,0.1,0.1,0.07,0.05,Biomass,,,,,,,,,,,,,,,,,,,,,,,
0.125,0.2,0.1,0.2,0.03,0.05,BioCH4Oxy_CC,,,,,,,,,,,,,,,,,,,,,,,
0.125,0.2,0.1,0.2,0.05,0.05,BioCH4Oxy_CC,,,,,,,,,,,,,,,,,,,,,,,
0.125,0.2,0.1,0.2,0.07,0.05,BiomassOxy_CC,,,,,,,,,,,,,,,,,,,,,,,
0.125,0.2,0.1,0.25,0.03,0.05,BioCH4Oxy_CC,,,,,,,,,,,,,,,,,,,,,,,
0.125,0.2,0.1,0.25,0.05,0.05,BioCH4Oxy_CC,,,,,,,,,,,,,,,,,,,,,,,
0.125,0.2,0.1,0.25,0.07,0.05,BioCH4Oxy_CC,,,,,,,,,,,,,,,,,,,,,,,
0.15,0.01,0.01,0.075,0.03,0.05,NG,,,,,,,,,,,,,,,,,,,,,,,
0.15,0.01,0.01,0.075,0.05,0.05,NG,,,,,,,,,,,,,,,,,,,,,,,
0.15,0.01,0.01,0.075,0.07,0.05,NG,,,,,,,,,,,,,,,,,,,,,,,
0.15,0.01,0.01,0.1,0.03,0.05,NG,,,,,,,,,,,,,,,,,,,,,,,
0.15,0.01,0.01,0.1,0.05,0.05,NG,,,,,,,,,,,,,,,,,,,,,,,
0.15,0.01,0.01,0.1,0.07,0.05,NG,,,,,,,,,,,,,,,,,,,,,,,
0.15,0.01,0.01,0.2,0.03,0.05,BioCH4_CC,,,,,,,,,,,,,,,,,,,,,,,
0.15,0.01,0.01,0.2,0.05,0.05,H2Oxy_CC,,,,,,,,,,,,,,,,,,,,,,,
0.15,0.01,0.01,0.2,0.07,0.05,H2Oxy_CC,,,,,,,,,,,,,,,,,,,,,,,
0.15,0.01,0.01,0.25,0.03,0.05,BioCH4_CC,,,,,,,,,,,,,,,,,,,,,,,
0.15,0.01,0.01,0.25,0.05,0.05,H2Oxy_CC,,,,,,,,,,,,,,,,,,,,,,,
0.15,0.01,0.01,0.25,0.07,0.05,H2Oxy_CC,,,,,,,,,,,,,,,,,,,,,,,
0.15,0.01,0.035,0.075,0.03,0.05,BioCH4,,,,,,,,,,,,,,,,,,,,,,,
0.15,0.01,0.035,0.075,0.05,0.05,H2,,,,,,,,,,,,,,,,,,,,,,,
0.15,0.01,0.035,0.075,0.07,0.05,H2,,,,,,,,,,,,,,,,,,,,,,,
0.15,0.01,0.035,0.1,0.03,0.05,BioCH4,,,,,,,,,,,,,,,,,,,,,,,
0.15,0.01,0.035,0.1,0.05,0.05,H2,,,,,,,,,,,,,,,,,,,,,,,
0.15,0.01,0.035,0.1,0.07,0.05,H2,,,,,,,,,,,,,,,,,,,,,,,
0.15,0.01,0.035,0.2,0.03,0.05,H2Oxy_CC,,,,,,,,,,,,,,,,,,,,,,,
0.15,0.01,0.035,0.2,0.05,0.05,H2Oxy_CC,,,,,,,,,,,,,,,,,,,,,,,
0.15,0.01,0.035,0.2,0.07,0.05,H2Oxy_CC,,,,,,,,,,,,,,,,,,,,,,,
0.15,0.01,0.035,0.25,0.03,0.05,H2Oxy_CC,,,,,,,,,,,,,,,,,,,,,,,
0.15,0.01,0.035,0.25,0.05,0.05,H2Oxy_CC,,,,,,,,,,,,,,,,,,,,,,,
0.15,0.01,0.035,0.25,0.07,0.05,H2Oxy_CC,,,,,,,,,,,,,,,,,,,,,,,
0.15,0.01,0.055,0.075,0.03,0.05,BioCH4,,,,,,,,,,,,,,,,,,,,,,,
0.15,0.01,0.055,0.075,0.05,0.05,H2,,,,,,,,,,,,,,,,,,,,,,,
0.15,0.01,0.055,0.075,0.07,0.05,H2,,,,,,,,,,,,,,,,,,,,,,,
0.15,0.01,0.055,0.1,0.03,0.05,BioCH4,,,,,,,,,,,,,,,,,,,,,,,
0.15,0.01,0.055,0.1,0.05,0.05,H2,,,,,,,,,,,,,,,,,,,,,,,
0.15,0.01,0.055,0.1,0.07,0.05,H2,,,,,,,,,,,,,,,,,,,,,,,
0.15,0.01,0.055,0.2,0.03,0.05,H2Oxy_CC,,,,,,,,,,,,,,,,,,,,,,,
0.15,0.01,0.055,0.2,0.05,0.05,H2Oxy_CC,,,,,,,,,,,,,,,,,,,,,,,
0.15,0.01,0.055,0.2,0.07,0.05,H2Oxy_CC,,,,,,,,,,,,,,,,,,,,,,,
0.15,0.01,0.055,0.25,0.03,0.05,H2Oxy_CC,,,,,,,,,,,,,,,,,,,,,,,
0.15,0.01,0.055,0.25,0.05,0.05,H2Oxy_CC,,,,,,,,,,,,,,,,,,,,,,,
0.15,0.01,0.055,0.25,0.07,0.05,H2Oxy_CC,,,,,,,,,,,,,,,,,,,,,,,
0.15,0.01,0.075,0.075,0.03,0.05,BioCH4,,,,,,,,,,,,,,,,,,,,,,,
0.15,0.01,0.075,0.075,0.05,0.05,H2,,,,,,,,,,,,,,,,,,,,,,,
0.15,0.01,0.075,0.075,0.07,0.05,H2,,,,,,,,,,,,,,,,,,,,,,,
0.15,0.01,0.075,0.1,0.03,0.05,BioCH4,,,,,,,,,,,,,,,,,,,,,,,
0.15,0.01,0.075,0.1,0.05,0.05,H2,,,,,,,,,,,,,,,,,,,,,,,
0.15,0.01,0.075,0.1,0.07,0.05,H2,,,,,,,,,,,,,,,,,,,,,,,
0.15,0.01,0.075,0.2,0.03,0.05,H2Oxy_CC,,,,,,,,,,,,,,,,,,,,,,,
0.15,0.01,0.075,0.2,0.05,0.05,H2Oxy_CC,,,,,,,,,,,,,,,,,,,,,,,
0.15,0.01,0.075,0.2,0.07,0.05,H2Oxy_CC,,,,,,,,,,,,,,,,,,,,,,,
0.15,0.01,0.075,0.25,0.03,0.05,H2Oxy_CC,,,,,,,,,,,,,,,,,,,,,,,
0.15,0.01,0.075,0.25,0.05,0.05,H2Oxy_CC,,,,,,,,,,,,,,,,,,,,,,,
0.15,0.01,0.075,0.25,0.07,0.05,H2Oxy_CC,,,,,,,,,,,,,,,,,,,,,,,
0.15,0.01,0.1,0.075,0.03,0.05,BioCH4,,,,,,,,,,,,,,,,,,,,,,,
0.15,0.01,0.1,0.075,0.05,0.05,H2,,,,,,,,,,,,,,,,,,,,,,,
0.15,0.01,0.1,0.075,0.07,0.05,H2,,,,,,,,,,,,,,,,,,,,,,,
0.15,0.01,0.1,0.1,0.03,0.05,BioCH4,,,,,,,,,,,,,,,,,,,,,,,
0.15,0.01,0.1,0.1,0.05,0.05,H2,,,,,,,,,,,,,,,,,,,,,,,
0.15,0.01,0.1,0.1,0.07,0.05,H2,,,,,,,,,,,,,,,,,,,,,,,
0.15,0.01,0.1,0.2,0.03,0.05,H2Oxy_CC,,,,,,,,,,,,,,,,,,,,,,,
0.15,0.01,0.1,0.2,0.05,0.05,H2Oxy_CC,,,,,,,,,,,,,,,,,,,,,,,
0.15,0.01,0.1,0.2,0.07,0.05,H2Oxy_CC,,,,,,,,,,,,,,,,,,,,,,,
0.15,0.01,0.1,0.25,0.03,0.05,H2Oxy_CC,,,,,,,,,,,,,,,,,,,,,,,
0.15,0.01,0.1,0.25,0.05,0.05,H2Oxy_CC,,,,,,,,,,,,,,,,,,,,,,,
0.15,0.01,0.1,0.25,0.07,0.05,H2Oxy_CC,,,,,,,,,,,,,,,,,,,,,,,
0.15,0.025,0.01,0.075,0.03,0.05,NG,,,,,,,,,,,,,,,,,,,,,,,
0.15,0.025,0.01,0.075,0.05,0.05,NG,,,,,,,,,,,,,,,,,,,,,,,
0.15,0.025,0.01,0.075,0.07,0.05,NG,,,,,,,,,,,,,,,,,,,,,,,
0.15,0.025,0.01,0.1,0.03,0.05,NG,,,,,,,,,,,,,,,,,,,,,,,
0.15,0.025,0.01,0.1,0.05,0.05,NG,,,,,,,,,,,,,,,,,,,,,,,
0.15,0.025,0.01,0.1,0.07,0.05,NG,,,,,,,,,,,,,,,,,,,,,,,
0.15,0.025,0.01,0.2,0.03,0.05,BioCH4_CC,,,,,,,,,,,,,,,,,,,,,,,
0.15,0.025,0.01,0.2,0.05,0.05,NG_CC,,,,,,,,,,,,,,,,,,,,,,,
0.15,0.025,0.01,0.2,0.07,0.05,NG_CC,,,,,,,,,,,,,,,,,,,,,,,
0.15,0.025,0.01,0.25,0.03,0.05,BioCH4_CC,,,,,,,,,,,,,,,,,,,,,,,
0.15,0.025,0.01,0.25,0.05,0.05,Biomass_CC,,,,,,,,,,,,,,,,,,,,,,,
0.15,0.025,0.01,0.25,0.07,0.05,Biomass_CC,,,,,,,,,,,,,,,,,,,,,,,
0.15,0.025,0.035,0.075,0.03,0.05,BioCH4,,,,,,,,,,,,,,,,,,,,,,,
0.15,0.025,0.035,0.075,0.05,0.05,NG,,,,,,,,,,,,,,,,,,,,,,,
0.15,0.025,0.035,0.075,0.07,0.05,NG,,,,,,,,,,,,,,,,,,,,,,,
0.15,0.025,0.035,0.1,0.03,0.05,BioCH4,,,,,,,,,,,,,,,,,,,,,,,
0.15,0.025,0.035,0.1,0.05,0.05,BioCH4,,,,,,,,,,,,,,,,,,,,,,,
0.15,0.025,0.035,0.1,0.07,0.05,NG,,,,,,,,,,,,,,,,,,,,,,,
0.15,0.025,0.035,0.2,0.03,0.05,BioCH4Oxy_CC,,,,,,,,,,,,,,,,,,,,,,,
0.15,0.025,0.035,0.2,0.05,0.05,H2Oxy_CC,,,,,,,,,,,,,,,,,,,,,,,
0.15,0.025,0.035,0.2,0.07,0.05,H2Oxy_CC,,,,,,,,,,,,,,,,,,,,,,,
0.15,0.025,0.035,0.25,0.03,0.05,BioCH4Oxy_CC,,,,,,,,,,,,,,,,,,,,,,,
0.15,0.025,0.035,0.25,0.05,0.05,H2Oxy_CC,,,,,,,,,,,,,,,,,,,,,,,
0.15,0.025,0.035,0.25,0.07,0.05,H2Oxy_CC,,,,,,,,,,,,,,,,,,,,,,,
0.15,0.025,0.055,0.075,0.03,0.05,BioCH4,,,,,,,,,,,,,,,,,,,,,,,
0.15,0.025,0.055,0.075,0.05,0.05,BioCH4,,,,,,,,,,,,,,,,,,,,,,,
0.15,0.025,0.055,0.075,0.07,0.05,Biomass,,,,,,,,,,,,,,,,,,,,,,,
0.15,0.025,0.055,0.1,0.03,0.05,BioCH4,,,,,,,,,,,,,,,,,,,,,,,
0.15,0.025,0.055,0.1,0.05,0.05,BioCH4,,,,,,,,,,,,,,,,,,,,,,,
0.15,0.025,0.055,0.1,0.07,0.05,Biomass,,,,,,,,,,,,,,,,,,,,,,,
0.15,0.025,0.055,0.2,0.03,0.05,BioCH4Oxy_CC,,,,,,,,,,,,,,,,,,,,,,,
0.15,0.025,0.055,0.2,0.05,0.05,H2Oxy_CC,,,,,,,,,,,,,,,,,,,,,,,
0.15,0.025,0.055,0.2,0.07,0.05,H2Oxy_CC,,,,,,,,,,,,,,,,,,,,,,,
0.15,0.025,0.055,0.25,0.03,0.05,BioCH4Oxy_CC,,,,,,,,,,,,,,,,,,,,,,,
0.15,0.025,0.055,0.25,0.05,0.05,H2Oxy_CC,,,,,,,,,,,,,,,,,,,,,,,
0.15,0.025,0.055,0.25,0.07,0.05,H2Oxy_CC,,,,,,,,,,,,,,,,,,,,,,,
0.15,0.025,0.075,0.075,0.03,0.05,BioCH4,,,,,,,,,,,,,,,,,,,,,,,
0.15,0.025,0.075,0.075,0.05,0.05,BioCH4,,,,,,,,,,,,,,,,,,,,,,,
0.15,0.025,0.075,0.075,0.07,0.05,Biomass,,,,,,,,,,,,,,,,,,,,,,,
0.15,0.025,0.075,0.1,0.03,0.05,BioCH4,,,,,,,,,,,,,,,,,,,,,,,
0.15,0.025,0.075,0.1,0.05,0.05,BioCH4,,,,,,,,,,,,,,,,,,,,,,,
0.15,0.025,0.075,0.1,0.07,0.05,Biomass,,,,,,,,,,,,,,,,,,,,,,,
0.15,0.025,0.075,0.2,0.03,0.05,BioCH4Oxy_CC,,,,,,,,,,,,,,,,,,,,,,,
0.15,0.025,0.075,0.2,0.05,0.05,H2Oxy_CC,,,,,,,,,,,,,,,,,,,,,,,
0.15,0.025,0.075,0.2,0.07,0.05,H2Oxy_CC,,,,,,,,,,,,,,,,,,,,,,,
0.15,0.025,0.075,0.25,0.03,0.05,BioCH4Oxy_CC,,,,,,,,,,,,,,,,,,,,,,,
0.15,0.025,0.075,0.25,0.05,0.05,H2Oxy_CC,,,,,,,,,,,,,,,,,,,,,,,
0.15,0.025,0.075,0.25,0.07,0.05,H2Oxy_CC,,,,,,,,,,,,,,,,,,,,,,,
0.15,0.025,0.1,0.075,0.03,0.05,BioCH4,,,,,,,,,,,,,,,,,,,,,,,
0.15,0.025,0.1,0.075,0.05,0.05,BioCH4,,,,,,,,,,,,,,,,,,,,,,,
0.15,0.025,0.1,0.075,0.07,0.05,Biomass,,,,,,,,,,,,,,,,,,,,,,,
0.15,0.025,0.1,0.1,0.03,0.05,BioCH4,,,,,,,,,,,,,,,,,,,,,,,
0.15,0.025,0.1,0.1,0.05,0.05,BioCH4,,,,,,,,,,,,,,,,,,,,,,,
0.15,0.025,0.1,0.1,0.07,0.05,Biomass,,,,,,,,,,,,,,,,,,,,,,,
0.15,0.025,0.1,0.2,0.03,0.05,BioCH4Oxy_CC,,,,,,,,,,,,,,,,,,,,,,,
0.15,0.025,0.1,0.2,0.05,0.05,H2Oxy_CC,,,,,,,,,,,,,,,,,,,,,,,
0.15,0.025,0.1,0.2,0.07,0.05,H2Oxy_CC,,,,,,,,,,,,,,,,,,,,,,,
0.15,0.025,0.1,0.25,0.03,0.05,BioCH4Oxy_CC,,,,,,,,,,,,,,,,,,,,,,,
0.15,0.025,0.1,0.25,0.05,0.05,H2Oxy_CC,,,,,,,,,,,,,,,,,,,,,,,
0.15,0.025,0.1,0.25,0.07,0.05,H2Oxy_CC,,,,,,,,,,,,,,,,,,,,,,,
0.15,0.05,0.01,0.075,0.03,0.05,NG,,,,,,,,,,,,,,,,,,,,,,,
0.15,0.05,0.01,0.075,0.05,0.05,NG,,,,,,,,,,,,,,,,,,,,,,,
0.15,0.05,0.01,0.075,0.07,0.05,NG,,,,,,,,,,,,,,,,,,,,,,,
0.15,0.05,0.01,0.1,0.03,0.05,NG,,,,,,,,,,,,,,,,,,,,,,,
0.15,0.05,0.01,0.1,0.05,0.05,NG,,,,,,,,,,,,,,,,,,,,,,,
0.15,0.05,0.01,0.1,0.07,0.05,NG,,,,,,,,,,,,,,,,,,,,,,,
0.15,0.05,0.01,0.2,0.03,0.05,BioCH4_CC,,,,,,,,,,,,,,,,,,,,,,,
0.15,0.05,0.01,0.2,0.05,0.05,NG_CC,,,,,,,,,,,,,,,,,,,,,,,
0.15,0.05,0.01,0.2,0.07,0.05,NG_CC,,,,,,,,,,,,,,,,,,,,,,,
0.15,0.05,0.01,0.25,0.03,0.05,BioCH4_CC,,,,,,,,,,,,,,,,,,,,,,,
0.15,0.05,0.01,0.25,0.05,0.05,Biomass_CC,,,,,,,,,,,,,,,,,,,,,,,
0.15,0.05,0.01,0.25,0.07,0.05,Biomass_CC,,,,,,,,,,,,,,,,,,,,,,,
0.15,0.05,0.035,0.075,0.03,0.05,BioCH4,,,,,,,,,,,,,,,,,,,,,,,
0.15,0.05,0.035,0.075,0.05,0.05,NG,,,,,,,,,,,,,,,,,,,,,,,
0.15,0.05,0.035,0.075,0.07,0.05,NG,,,,,,,,,,,,,,,,,,,,,,,
0.15,0.05,0.035,0.1,0.03,0.05,BioCH4,,,,,,,,,,,,,,,,,,,,,,,
0.15,0.05,0.035,0.1,0.05,0.05,BioCH4,,,,,,,,,,,,,,,,,,,,,,,
0.15,0.05,0.035,0.1,0.07,0.05,NG,,,,,,,,,,,,,,,,,,,,,,,
0.15,0.05,0.035,0.2,0.03,0.05,BioCH4Oxy_CC,,,,,,,,,,,,,,,,,,,,,,,
0.15,0.05,0.035,0.2,0.05,0.05,BioCH4Oxy_CC,,,,,,,,,,,,,,,,,,,,,,,
0.15,0.05,0.035,0.2,0.07,0.05,H2Oxy_CC,,,,,,,,,,,,,,,,,,,,,,,
0.15,0.05,0.035,0.25,0.03,0.05,BioCH4Oxy_CC,,,,,,,,,,,,,,,,,,,,,,,
0.15,0.05,0.035,0.25,0.05,0.05,BioCH4Oxy_CC,,,,,,,,,,,,,,,,,,,,,,,
0.15,0.05,0.035,0.25,0.07,0.05,BiomassOxy_CC,,,,,,,,,,,,,,,,,,,,,,,
0.15,0.05,0.055,0.075,0.03,0.05,BioCH4,,,,,,,,,,,,,,,,,,,,,,,
0.15,0.05,0.055,0.075,0.05,0.05,BioCH4,,,,,,,,,,,,,,,,,,,,,,,
0.15,0.05,0.055,0.075,0.07,0.05,Biomass,,,,,,,,,,,,,,,,,,,,,,,
0.15,0.05,0.055,0.1,0.03,0.05,BioCH4,,,,,,,,,,,,,,,,,,,,,,,
0.15,0.05,0.055,0.1,0.05,0.05,BioCH4,,,,,,,,,,,,,,,,,,,,,,,
0.15,0.05,0.055,0.1,0.07,0.05,Biomass,,,,,,,,,,,,,,,,,,,,,,,
0.15,0.05,0.055,0.2,0.03,0.05,BioCH4Oxy_CC,,,,,,,,,,,,,,,,,,,,,,,
0.15,0.05,0.055,0.2,0.05,0.05,BioCH4Oxy_CC,,,,,,,,,,,,,,,,,,,,,,,
0.15,0.05,0.055,0.2,0.07,0.05,H2Oxy_CC,,,,,,,,,,,,,,,,,,,,,,,
0.15,0.05,0.055,0.25,0.03,0.05,BioCH4Oxy_CC,,,,,,,,,,,,,,,,,,,,,,,
0.15,0.05,0.055,0.25,0.05,0.05,BioCH4Oxy_CC,,,,,,,,,,,,,,,,,,,,,,,
0.15,0.05,0.055,0.25,0.07,0.05,BiomassOxy_CC,,,,,,,,,,,,,,,,,,,,,,,
0.15,0.05,0.075,0.075,0.03,0.05,BioCH4,,,,,,,,,,,,,,,,,,,,,,,
0.15,0.05,0.075,0.075,0.05,0.05,BioCH4,,,,,,,,,,,,,,,,,,,,,,,
0.15,0.05,0.075,0.075,0.07,0.05,Biomass,,,,,,,,,,,,,,,,,,,,,,,
0.15,0.05,0.075,0.1,0.03,0.05,BioCH4,,,,,,,,,,,,,,,,,,,,,,,
0.15,0.05,0.075,0.1,0.05,0.05,BioCH4,,,,,,,,,,,,,,,,,,,,,,,
0.15,0.05,0.075,0.1,0.07,0.05,Biomass,,,,,,,,,,,,,,,,,,,,,,,
0.15,0.05,0.075,0.2,0.03,0.05,BioCH4Oxy_CC,,,,,,,,,,,,,,,,,,,,,,,
0.15,0.05,0.075,0.2,0.05,0.05,BioCH4Oxy_CC,,,,,,,,,,,,,,,,,,,,,,,
0.15,0.05,0.075,0.2,0.07,0.05,H2Oxy_CC,,,,,,,,,,,,,,,,,,,,,,,
0.15,0.05,0.075,0.25,0.03,0.05,BioCH4Oxy_CC,,,,,,,,,,,,,,,,,,,,,,,
0.15,0.05,0.075,0.25,0.05,0.05,BioCH4Oxy_CC,,,,,,,,,,,,,,,,,,,,,,,
0.15,0.05,0.075,0.25,0.07,0.05,BiomassOxy_CC,,,,,,,,,,,,,,,,,,,,,,,
0.15,0.05,0.1,0.075,0.03,0.05,BioCH4,,,,,,,,,,,,,,,,,,,,,,,
0.15,0.05,0.1,0.075,0.05,0.05,BioCH4,,,,,,,,,,,,,,,,,,,,,,,
0.15,0.05,0.1,0.075,0.07,0.05,Biomass,,,,,,,,,,,,,,,,,,,,,,,
0.15,0.05,0.1,0.1,0.03,0.05,BioCH4,,,,,,,,,,,,,,,,,,,,,,,
0.15,0.05,0.1,0.1,0.05,0.05,BioCH4,,,,,,,,,,,,,,,,,,,,,,,
0.15,0.05,0.1,0.1,0.07,0.05,Biomass,,,,,,,,,,,,,,,,,,,,,,,
0.15,0.05,0.1,0.2,0.03,0.05,BioCH4Oxy_CC,,,,,,,,,,,,,,,,,,,,,,,
0.15,0.05,0.1,0.2,0.05,0.05,BioCH4Oxy_CC,,,,,,,,,,,,,,,,,,,,,,,
0.15,0.05,0.1,0.2,0.07,0.05,H2Oxy_CC,,,,,,,,,,,,,,,,,,,,,,,
0.15,0.05,0.1,0.25,0.03,0.05,BioCH4Oxy_CC,,,,,,,,,,,,,,,,,,,,,,,
0.15,0.05,0.1,0.25,0.05,0.05,BioCH4Oxy_CC,,,,,,,,,,,,,,,,,,,,,,,
0.15,0.05,0.1,0.25,0.07,0.05,BiomassOxy_CC,,,,,,,,,,,,,,,,,,,,,,,
0.15,0.075,0.01,0.075,0.03,0.05,NG,,,,,,,,,,,,,,,,,,,,,,,
0.15,0.075,0.01,0.075,0.05,0.05,NG,,,,,,,,,,,,,,,,,,,,,,,
0.15,0.075,0.01,0.075,0.07,0.05,NG,,,,,,,,,,,,,,,,,,,,,,,
0.15,0.075,0.01,0.1,0.03,0.05,NG,,,,,,,,,,,,,,,,,,,,,,,
0.15,0.075,0.01,0.1,0.05,0.05,NG,,,,,,,,,,,,,,,,,,,,,,,
0.15,0.075,0.01,0.1,0.07,0.05,NG,,,,,,,,,,,,,,,,,,,,,,,
0.15,0.075,0.01,0.2,0.03,0.05,BioCH4_CC,,,,,,,,,,,,,,,,,,,,,,,
0.15,0.075,0.01,0.2,0.05,0.05,NG_CC,,,,,,,,,,,,,,,,,,,,,,,
0.15,0.075,0.01,0.2,0.07,0.05,NG_CC,,,,,,,,,,,,,,,,,,,,,,,
0.15,0.075,0.01,0.25,0.03,0.05,BioCH4_CC,,,,,,,,,,,,,,,,,,,,,,,
0.15,0.075,0.01,0.25,0.05,0.05,Biomass_CC,,,,,,,,,,,,,,,,,,,,,,,
0.15,0.075,0.01,0.25,0.07,0.05,Biomass_CC,,,,,,,,,,,,,,,,,,,,,,,
0.15,0.075,0.035,0.075,0.03,0.05,BioCH4,,,,,,,,,,,,,,,,,,,,,,,
0.15,0.075,0.035,0.075,0.05,0.05,NG,,,,,,,,,,,,,,,,,,,,,,,
0.15,0.075,0.035,0.075,0.07,0.05,NG,,,,,,,,,,,,,,,,,,,,,,,
0.15,0.075,0.035,0.1,0.03,0.05,BioCH4,,,,,,,,,,,,,,,,,,,,,,,
0.15,0.075,0.035,0.1,0.05,0.05,BioCH4,,,,,,,,,,,,,,,,,,,,,,,
0.15,0.075,0.035,0.1,0.07,0.05,NG,,,,,,,,,,,,,,,,,,,,,,,
0.15,0.075,0.035,0.2,0.03,0.05,BioCH4Oxy_CC,,,,,,,,,,,,,,,,,,,,,,,
0.15,0.075,0.035,0.2,0.05,0.05,BioCH4Oxy_CC,,,,,,,,,,,,,,,,,,,,,,,
0.15,0.075,0.035,0.2,0.07,0.05,BiomassOxy_CC,,,,,,,,,,,,,,,,,,,,,,,
0.15,0.075,0.035,0.25,0.03,0.05,BioCH4Oxy_CC,,,,,,,,,,,,,,,,,,,,,,,
0.15,0.075,0.035,0.25,0.05,0.05,BioCH4Oxy_CC,,,,,,,,,,,,,,,,,,,,,,,
0.15,0.075,0.035,0.25,0.07,0.05,BiomassOxy_CC,,,,,,,,,,,,,,,,,,,,,,,
0.15,0.075,0.055,0.075,0.03,0.05,BioCH4,,,,,,,,,,,,,,,,,,,,,,,
0.15,0.075,0.055,0.075,0.05,0.05,BioCH4,,,,,,,,,,,,,,,,,,,,,,,
0.15,0.075,0.055,0.075,0.07,0.05,Biomass,,,,,,,,,,,,,,,,,,,,,,,
0.15,0.075,0.055,0.1,0.03,0.05,BioCH4,,,,,,,,,,,,,,,,,,,,,,,
0.15,0.075,0.055,0.1,0.05,0.05,BioCH4,,,,,,,,,,,,,,,,,,,,,,,
0.15,0.075,0.055,0.1,0.07,0.05,Biomass,,,,,,,,,,,,,,,,,,,,,,,
0.15,0.075,0.055,0.2,0.03,0.05,BioCH4Oxy_CC,,,,,,,,,,,,,,,,,,,,,,,
0.15,0.075,0.055,0.2,0.05,0.05,BioCH4Oxy_CC,,,,,,,,,,,,,,,,,,,,,,,
0.15,0.075,0.055,0.2,0.07,0.05,BiomassOxy_CC,,,,,,,,,,,,,,,,,,,,,,,
0.15,0.075,0.055,0.25,0.03,0.05,BioCH4Oxy_CC,,,,,,,,,,,,,,,,,,,,,,,
0.15,0.075,0.055,0.25,0.05,0.05,BioCH4Oxy_CC,,,,,,,,,,,,,,,,,,,,,,,
0.15,0.075,0.055,0.25,0.07,0.05,BiomassOxy_CC,,,,,,,,,,,,,,,,,,,,,,,
0.15,0.075,0.075,0.075,0.03,0.05,BioCH4,,,,,,,,,,,,,,,,,,,,,,,
0.15,0.075,0.075,0.075,0.05,0.05,BioCH4,,,,,,,,,,,,,,,,,,,,,,,
0.15,0.075,0.075,0.075,0.07,0.05,Biomass,,,,,,,,,,,,,,,,,,,,,,,
0.15,0.075,0.075,0.1,0.03,0.05,BioCH4,,,,,,,,,,,,,,,,,,,,,,,
0.15,0.075,0.075,0.1,0.05,0.05,BioCH4,,,,,,,,,,,,,,,,,,,,,,,
0.15,0.075,0.075,0.1,0.07,0.05,Biomass,,,,,,,,,,,,,,,,,,,,,,,
0.15,0.075,0.075,0.2,0.03,0.05,BioCH4Oxy_CC,,,,,,,,,,,,,,,,,,,,,,,
0.15,0.075,0.075,0.2,0.05,0.05,BioCH4Oxy_CC,,,,,,,,,,,,,,,,,,,,,,,
0.15,0.075,0.075,0.2,0.07,0.05,BiomassOxy_CC,,,,,,,,,,,,,,,,,,,,,,,
0.15,0.075,0.075,0.25,0.03,0.05,BioCH4Oxy_CC,,,,,,,,,,,,,,,,,,,,,,,
0.15,0.075,0.075,0.25,0.05,0.05,BioCH4Oxy_CC,,,,,,,,,,,,,,,,,,,,,,,
0.15,0.075,0.075,0.25,0.07,0.05,BiomassOxy_CC,,,,,,,,,,,,,,,,,,,,,,,
0.15,0.075,0.1,0.075,0.03,0.05,BioCH4,,,,,,,,,,,,,,,,,,,,,,,
0.15,0.075,0.1,0.075,0.05,0.05,BioCH4,,,,,,,,,,,,,,,,,,,,,,,
0.15,0.075,0.1,0.075,0.07,0.05,Biomass,,,,,,,,,,,,,,,,,,,,,,,
0.15,0.075,0.1,0.1,0.03,0.05,BioCH4,,,,,,,,,,,,,,,,,,,,,,,
0.15,0.075,0.1,0.1,0.05,0.05,BioCH4,,,,,,,,,,,,,,,,,,,,,,,
0.15,0.075,0.1,0.1,0.07,0.05,Biomass,,,,,,,,,,,,,,,,,,,,,,,
0.15,0.075,0.1,0.2,0.03,0.05,BioCH4Oxy_CC,,,,,,,,,,,,,,,,,,,,,,,
0.15,0.075,0.1,0.2,0.05,0.05,BioCH4Oxy_CC,,,,,,,,,,,,,,,,,,,,,,,
0.15,0.075,0.1,0.2,0.07,0.05,BiomassOxy_CC,,,,,,,,,,,,,,,,,,,,,,,
0.15,0.075,0.1,0.25,0.03,0.05,BioCH4Oxy_CC,,,,,,,,,,,,,,,,,,,,,,,
0.15,0.075,0.1,0.25,0.05,0.05,BioCH4Oxy_CC,,,,,,,,,,,,,,,,,,,,,,,
0.15,0.075,0.1,0.25,0.07,0.05,BiomassOxy_CC,,,,,,,,,,,,,,,,,,,,,,,
0.15,0.1,0.01,0.075,0.03,0.05,NG,,,,,,,,,,,,,,,,,,,,,,,
0.15,0.1,0.01,0.075,0.05,0.05,NG,,,,,,,,,,,,,,,,,,,,,,,
0.15,0.1,0.01,0.075,0.07,0.05,NG,,,,,,,,,,,,,,,,,,,,,,,
0.15,0.1,0.01,0.1,0.03,0.05,NG,,,,,,,,,,,,,,,,,,,,,,,
0.15,0.1,0.01,0.1,0.05,0.05,NG,,,,,,,,,,,,,,,,,,,,,,,
0.15,0.1,0.01,0.1,0.07,0.05,NG,,,,,,,,,,,,,,,,,,,,,,,
0.15,0.1,0.01,0.2,0.03,0.05,BioCH4_CC,,,,,,,,,,,,,,,,,,,,,,,
0.15,0.1,0.01,0.2,0.05,0.05,NG_CC,,,,,,,,,,,,,,,,,,,,,,,
0.15,0.1,0.01,0.2,0.07,0.05,NG_CC,,,,,,,,,,,,,,,,,,,,,,,
0.15,0.1,0.01,0.25,0.03,0.05,BioCH4_CC,,,,,,,,,,,,,,,,,,,,,,,
0.15,0.1,0.01,0.25,0.05,0.05,Biomass_CC,,,,,,,,,,,,,,,,,,,,,,,
0.15,0.1,0.01,0.25,0.07,0.05,Biomass_CC,,,,,,,,,,,,,,,,,,,,,,,
0.15,0.1,0.035,0.075,0.03,0.05,BioCH4,,,,,,,,,,,,,,,,,,,,,,,
0.15,0.1,0.035,0.075,0.05,0.05,NG,,,,,,,,,,,,,,,,,,,,,,,
0.15,0.1,0.035,0.075,0.07,0.05,NG,,,,,,,,,,,,,,,,,,,,,,,
0.15,0.1,0.035,0.1,0.03,0.05,BioCH4,,,,,,,,,,,,,,,,,,,,,,,
0.15,0.1,0.035,0.1,0.05,0.05,BioCH4,,,,,,,,,,,,,,,,,,,,,,,
0.15,0.1,0.035,0.1,0.07,0.05,NG,,,,,,,,,,,,,,,,,,,,,,,
0.15,0.1,0.035,0.2,0.03,0.05,BioCH4Oxy_CC,,,,,,,,,,,,,,,,,,,,,,,
0.15,0.1,0.035,0.2,0.05,0.05,BioCH4Oxy_CC,,,,,,,,,,,,,,,,,,,,,,,
0.15,0.1,0.035,0.2,0.07,0.05,BiomassOxy_CC,,,,,,,,,,,,,,,,,,,,,,,
0.15,0.1,0.035,0.25,0.03,0.05,BioCH4Oxy_CC,,,,,,,,,,,,,,,,,,,,,,,
0.15,0.1,0.035,0.25,0.05,0.05,BioCH4Oxy_CC,,,,,,,,,,,,,,,,,,,,,,,
0.15,0.1,0.035,0.25,0.07,0.05,BiomassOxy_CC,,,,,,,,,,,,,,,,,,,,,,,
0.15,0.1,0.055,0.075,0.03,0.05,BioCH4,,,,,,,,,,,,,,,,,,,,,,,
0.15,0.1,0.055,0.075,0.05,0.05,BioCH4,,,,,,,,,,,,,,,,,,,,,,,
0.15,0.1,0.055,0.075,0.07,0.05,Biomass,,,,,,,,,,,,,,,,,,,,,,,
0.15,0.1,0.055,0.1,0.03,0.05,BioCH4,,,,,,,,,,,,,,,,,,,,,,,
0.15,0.1,0.055,0.1,0.05,0.05,BioCH4,,,,,,,,,,,,,,,,,,,,,,,
0.15,0.1,0.055,0.1,0.07,0.05,Biomass,,,,,,,,,,,,,,,,,,,,,,,
0.15,0.1,0.055,0.2,0.03,0.05,BioCH4Oxy_CC,,,,,,,,,,,,,,,,,,,,,,,
0.15,0.1,0.055,0.2,0.05,0.05,BioCH4Oxy_CC,,,,,,,,,,,,,,,,,,,,,,,
0.15,0.1,0.055,0.2,0.07,0.05,BiomassOxy_CC,,,,,,,,,,,,,,,,,,,,,,,
0.15,0.1,0.055,0.25,0.03,0.05,BioCH4Oxy_CC,,,,,,,,,,,,,,,,,,,,,,,
0.15,0.1,0.055,0.25,0.05,0.05,BioCH4Oxy_CC,,,,,,,,,,,,,,,,,,,,,,,
0.15,0.1,0.055,0.25,0.07,0.05,BiomassOxy_CC,,,,,,,,,,,,,,,,,,,,,,,
0.15,0.1,0.075,0.075,0.03,0.05,BioCH4,,,,,,,,,,,,,,,,,,,,,,,
0.15,0.1,0.075,0.075,0.05,0.05,BioCH4,,,,,,,,,,,,,,,,,,,,,,,
0.15,0.1,0.075,0.075,0.07,0.05,Biomass,,,,,,,,,,,,,,,,,,,,,,,
0.15,0.1,0.075,0.1,0.03,0.05,BioCH4,,,,,,,,,,,,,,,,,,,,,,,
0.15,0.1,0.075,0.1,0.05,0.05,BioCH4,,,,,,,,,,,,,,,,,,,,,,,
0.15,0.1,0.075,0.1,0.07,0.05,Biomass,,,,,,,,,,,,,,,,,,,,,,,
0.15,0.1,0.075,0.2,0.03,0.05,BioCH4Oxy_CC,,,,,,,,,,,,,,,,,,,,,,,
0.15,0.1,0.075,0.2,0.05,0.05,BioCH4Oxy_CC,,,,,,,,,,,,,,,,,,,,,,,
0.15,0.1,0.075,0.2,0.07,0.05,BiomassOxy_CC,,,,,,,,,,,,,,,,,,,,,,,
0.15,0.1,0.075,0.25,0.03,0.05,BioCH4Oxy_CC,,,,,,,,,,,,,,,,,,,,,,,
0.15,0.1,0.075,0.25,0.05,0.05,BioCH4Oxy_CC,,,,,,,,,,,,,,,,,,,,,,,
0.15,0.1,0.075,0.25,0.07,0.05,BiomassOxy_CC,,,,,,,,,,,,,,,,,,,,,,,
0.15,0.1,0.1,0.075,0.03,0.05,BioCH4,,,,,,,,,,,,,,,,,,,,,,,
0.15,0.1,0.1,0.075,0.05,0.05,BioCH4,,,,,,,,,,,,,,,,,,,,,,,
0.15,0.1,0.1,0.075,0.07,0.05,Biomass,,,,,,,,,,,,,,,,,,,,,,,
0.15,0.1,0.1,0.1,0.03,0.05,BioCH4,,,,,,,,,,,,,,,,,,,,,,,
0.15,0.1,0.1,0.1,0.05,0.05,BioCH4,,,,,,,,,,,,,,,,,,,,,,,
0.15,0.1,0.1,0.1,0.07,0.05,Biomass,,,,,,,,,,,,,,,,,,,,,,,
0.15,0.1,0.1,0.2,0.03,0.05,BioCH4Oxy_CC,,,,,,,,,,,,,,,,,,,,,,,
0.15,0.1,0.1,0.2,0.05,0.05,BioCH4Oxy_CC,,,,,,,,,,,,,,,,,,,,,,,
0.15,0.1,0.1,0.2,0.07,0.05,BiomassOxy_CC,,,,,,,,,,,,,,,,,,,,,,,
0.15,0.1,0.1,0.25,0.03,0.05,BioCH4Oxy_CC,,,,,,,,,,,,,,,,,,,,,,,
0.15,0.1,0.1,0.25,0.05,0.05,BioCH4Oxy_CC,,,,,,,,,,,,,,,,,,,,,,,
0.15,0.1,0.1,0.25,0.07,0.05,BiomassOxy_CC,,,,,,,,,,,,,,,,,,,,,,,
0.15,0.15,0.01,0.075,0.03,0.05,NG,,,,,,,,,,,,,,,,,,,,,,,
0.15,0.15,0.01,0.075,0.05,0.05,NG,,,,,,,,,,,,,,,,,,,,,,,
0.15,0.15,0.01,0.075,0.07,0.05,NG,,,,,,,,,,,,,,,,,,,,,,,
0.15,0.15,0.01,0.1,0.03,0.05,NG,,,,,,,,,,,,,,,,,,,,,,,
0.15,0.15,0.01,0.1,0.05,0.05,NG,,,,,,,,,,,,,,,,,,,,,,,
0.15,0.15,0.01,0.1,0.07,0.05,NG,,,,,,,,,,,,,,,,,,,,,,,
0.15,0.15,0.01,0.2,0.03,0.05,BioCH4_CC,,,,,,,,,,,,,,,,,,,,,,,
0.15,0.15,0.01,0.2,0.05,0.05,NG_CC,,,,,,,,,,,,,,,,,,,,,,,
0.15,0.15,0.01,0.2,0.07,0.05,NG_CC,,,,,,,,,,,,,,,,,,,,,,,
0.15,0.15,0.01,0.25,0.03,0.05,BioCH4_CC,,,,,,,,,,,,,,,,,,,,,,,
0.15,0.15,0.01,0.25,0.05,0.05,Biomass_CC,,,,,,,,,,,,,,,,,,,,,,,
0.15,0.15,0.01,0.25,0.07,0.05,Biomass_CC,,,,,,,,,,,,,,,,,,,,,,,
0.15,0.15,0.035,0.075,0.03,0.05,BioCH4,,,,,,,,,,,,,,,,,,,,,,,
0.15,0.15,0.035,0.075,0.05,0.05,NG,,,,,,,,,,,,,,,,,,,,,,,
0.15,0.15,0.035,0.075,0.07,0.05,NG,,,,,,,,,,,,,,,,,,,,,,,
0.15,0.15,0.035,0.1,0.03,0.05,BioCH4,,,,,,,,,,,,,,,,,,,,,,,
0.15,0.15,0.035,0.1,0.05,0.05,BioCH4,,,,,,,,,,,,,,,,,,,,,,,
0.15,0.15,0.035,0.1,0.07,0.05,NG,,,,,,,,,,,,,,,,,,,,,,,
0.15,0.15,0.035,0.2,0.03,0.05,BioCH4Oxy_CC,,,,,,,,,,,,,,,,,,,,,,,
0.15,0.15,0.035,0.2,0.05,0.05,BioCH4Oxy_CC,,,,,,,,,,,,,,,,,,,,,,,
0.15,0.15,0.035,0.2,0.07,0.05,BiomassOxy_CC,,,,,,,,,,,,,,,,,,,,,,,
0.15,0.15,0.035,0.25,0.03,0.05,BioCH4Oxy_CC,,,,,,,,,,,,,,,,,,,,,,,
0.15,0.15,0.035,0.25,0.05,0.05,BioCH4Oxy_CC,,,,,,,,,,,,,,,,,,,,,,,
0.15,0.15,0.035,0.25,0.07,0.05,BiomassOxy_CC,,,,,,,,,,,,,,,,,,,,,,,
0.15,0.15,0.055,0.075,0.03,0.05,BioCH4,,,,,,,,,,,,,,,,,,,,,,,
0.15,0.15,0.055,0.075,0.05,0.05,BioCH4,,,,,,,,,,,,,,,,,,,,,,,
0.15,0.15,0.055,0.075,0.07,0.05,Biomass,,,,,,,,,,,,,,,,,,,,,,,
0.15,0.15,0.055,0.1,0.03,0.05,BioCH4,,,,,,,,,,,,,,,,,,,,,,,
0.15,0.15,0.055,0.1,0.05,0.05,BioCH4,,,,,,,,,,,,,,,,,,,,,,,
0.15,0.15,0.055,0.1,0.07,0.05,Biomass,,,,,,,,,,,,,,,,,,,,,,,
0.15,0.15,0.055,0.2,0.03,0.05,BioCH4Oxy_CC,,,,,,,,,,,,,,,,,,,,,,,
0.15,0.15,0.055,0.2,0.05,0.05,BioCH4Oxy_CC,,,,,,,,,,,,,,,,,,,,,,,
0.15,0.15,0.055,0.2,0.07,0.05,BiomassOxy_CC,,,,,,,,,,,,,,,,,,,,,,,
0.15,0.15,0.055,0.25,0.03,0.05,BioCH4Oxy_CC,,,,,,,,,,,,,,,,,,,,,,,
0.15,0.15,0.055,0.25,0.05,0.05,BioCH4Oxy_CC,,,,,,,,,,,,,,,,,,,,,,,
0.15,0.15,0.055,0.25,0.07,0.05,BiomassOxy_CC,,,,,,,,,,,,,,,,,,,,,,,
0.15,0.15,0.075,0.075,0.03,0.05,BioCH4,,,,,,,,,,,,,,,,,,,,,,,
0.15,0.15,0.075,0.075,0.05,0.05,BioCH4,,,,,,,,,,,,,,,,,,,,,,,
0.15,0.15,0.075,0.075,0.07,0.05,Biomass,,,,,,,,,,,,,,,,,,,,,,,
0.15,0.15,0.075,0.1,0.03,0.05,BioCH4,,,,,,,,,,,,,,,,,,,,,,,
0.15,0.15,0.075,0.1,0.05,0.05,BioCH4,,,,,,,,,,,,,,,,,,,,,,,
0.15,0.15,0.075,0.1,0.07,0.05,Biomass,,,,,,,,,,,,,,,,,,,,,,,
0.15,0.15,0.075,0.2,0.03,0.05,BioCH4Oxy_CC,,,,,,,,,,,,,,,,,,,,,,,
0.15,0.15,0.075,0.2,0.05,0.05,BioCH4Oxy_CC,,,,,,,,,,,,,,,,,,,,,,,
0.15,0.15,0.075,0.2,0.07,0.05,BiomassOxy_CC,,,,,,,,,,,,,,,,,,,,,,,
0.15,0.15,0.075,0.25,0.03,0.05,BioCH4Oxy_CC,,,,,,,,,,,,,,,,,,,,,,,
0.15,0.15,0.075,0.25,0.05,0.05,BioCH4Oxy_CC,,,,,,,,,,,,,,,,,,,,,,,
0.15,0.15,0.075,0.25,0.07,0.05,BiomassOxy_CC,,,,,,,,,,,,,,,,,,,,,,,
0.15,0.15,0.1,0.075,0.03,0.05,BioCH4,,,,,,,,,,,,,,,,,,,,,,,
0.15,0.15,0.1,0.075,0.05,0.05,BioCH4,,,,,,,,,,,,,,,,,,,,,,,
0.15,0.15,0.1,0.075,0.07,0.05,Biomass,,,,,,,,,,,,,,,,,,,,,,,
0.15,0.15,0.1,0.1,0.03,0.05,BioCH4,,,,,,,,,,,,,,,,,,,,,,,
0.15,0.15,0.1,0.1,0.05,0.05,BioCH4,,,,,,,,,,,,,,,,,,,,,,,
0.15,0.15,0.1,0.1,0.07,0.05,Biomass,,,,,,,,,,,,,,,,,,,,,,,
0.15,0.15,0.1,0.2,0.03,0.05,BioCH4Oxy_CC,,,,,,,,,,,,,,,,,,,,,,,
0.15,0.15,0.1,0.2,0.05,0.05,BioCH4Oxy_CC,,,,,,,,,,,,,,,,,,,,,,,
0.15,0.15,0.1,0.2,0.07,0.05,BiomassOxy_CC,,,,,,,,,,,,,,,,,,,,,,,
0.15,0.15,0.1,0.25,0.03,0.05,BioCH4Oxy_CC,,,,,,,,,,,,,,,,,,,,,,,
0.15,0.15,0.1,0.25,0.05,0.05,BioCH4Oxy_CC,,,,,,,,,,,,,,,,,,,,,,,
0.15,0.15,0.1,0.25,0.07,0.05,BiomassOxy_CC,,,,,,,,,,,,,,,,,,,,,,,
0.15,0.2,0.01,0.075,0.03,0.05,NG,,,,,,,,,,,,,,,,,,,,,,,
0.15,0.2,0.01,0.075,0.05,0.05,NG,,,,,,,,,,,,,,,,,,,,,,,
0.15,0.2,0.01,0.075,0.07,0.05,NG,,,,,,,,,,,,,,,,,,,,,,,
0.15,0.2,0.01,0.1,0.03,0.05,NG,,,,,,,,,,,,,,,,,,,,,,,
0.15,0.2,0.01,0.1,0.05,0.05,NG,,,,,,,,,,,,,,,,,,,,,,,
0.15,0.2,0.01,0.1,0.07,0.05,NG,,,,,,,,,,,,,,,,,,,,,,,
0.15,0.2,0.01,0.2,0.03,0.05,BioCH4_CC,,,,,,,,,,,,,,,,,,,,,,,
0.15,0.2,0.01,0.2,0.05,0.05,NG_CC,,,,,,,,,,,,,,,,,,,,,,,
0.15,0.2,0.01,0.2,0.07,0.05,NG_CC,,,,,,,,,,,,,,,,,,,,,,,
0.15,0.2,0.01,0.25,0.03,0.05,BioCH4_CC,,,,,,,,,,,,,,,,,,,,,,,
0.15,0.2,0.01,0.25,0.05,0.05,Biomass_CC,,,,,,,,,,,,,,,,,,,,,,,
0.15,0.2,0.01,0.25,0.07,0.05,Biomass_CC,,,,,,,,,,,,,,,,,,,,,,,
0.15,0.2,0.035,0.075,0.03,0.05,BioCH4,,,,,,,,,,,,,,,,,,,,,,,
0.15,0.2,0.035,0.075,0.05,0.05,NG,,,,,,,,,,,,,,,,,,,,,,,
0.15,0.2,0.035,0.075,0.07,0.05,NG,,,,,,,,,,,,,,,,,,,,,,,
0.15,0.2,0.035,0.1,0.03,0.05,BioCH4,,,,,,,,,,,,,,,,,,,,,,,
0.15,0.2,0.035,0.1,0.05,0.05,BioCH4,,,,,,,,,,,,,,,,,,,,,,,
0.15,0.2,0.035,0.1,0.07,0.05,NG,,,,,,,,,,,,,,,,,,,,,,,
0.15,0.2,0.035,0.2,0.03,0.05,BioCH4Oxy_CC,,,,,,,,,,,,,,,,,,,,,,,
0.15,0.2,0.035,0.2,0.05,0.05,BioCH4Oxy_CC,,,,,,,,,,,,,,,,,,,,,,,
0.15,0.2,0.035,0.2,0.07,0.05,BiomassOxy_CC,,,,,,,,,,,,,,,,,,,,,,,
0.15,0.2,0.035,0.25,0.03,0.05,BioCH4Oxy_CC,,,,,,,,,,,,,,,,,,,,,,,
0.15,0.2,0.035,0.25,0.05,0.05,BioCH4Oxy_CC,,,,,,,,,,,,,,,,,,,,,,,
0.15,0.2,0.035,0.25,0.07,0.05,BiomassOxy_CC,,,,,,,,,,,,,,,,,,,,,,,
0.15,0.2,0.055,0.075,0.03,0.05,BioCH4,,,,,,,,,,,,,,,,,,,,,,,
0.15,0.2,0.055,0.075,0.05,0.05,BioCH4,,,,,,,,,,,,,,,,,,,,,,,
0.15,0.2,0.055,0.075,0.07,0.05,Biomass,,,,,,,,,,,,,,,,,,,,,,,
0.15,0.2,0.055,0.1,0.03,0.05,BioCH4,,,,,,,,,,,,,,,,,,,,,,,
0.15,0.2,0.055,0.1,0.05,0.05,BioCH4,,,,,,,,,,,,,,,,,,,,,,,
0.15,0.2,0.055,0.1,0.07,0.05,Biomass,,,,,,,,,,,,,,,,,,,,,,,
0.15,0.2,0.055,0.2,0.03,0.05,BioCH4Oxy_CC,,,,,,,,,,,,,,,,,,,,,,,
0.15,0.2,0.055,0.2,0.05,0.05,BioCH4Oxy_CC,,,,,,,,,,,,,,,,,,,,,,,
0.15,0.2,0.055,0.2,0.07,0.05,BiomassOxy_CC,,,,,,,,,,,,,,,,,,,,,,,
0.15,0.2,0.055,0.25,0.03,0.05,BioCH4Oxy_CC,,,,,,,,,,,,,,,,,,,,,,,
0.15,0.2,0.055,0.25,0.05,0.05,BioCH4Oxy_CC,,,,,,,,,,,,,,,,,,,,,,,
0.15,0.2,0.055,0.25,0.07,0.05,BiomassOxy_CC,,,,,,,,,,,,,,,,,,,,,,,
0.15,0.2,0.075,0.075,0.03,0.05,BioCH4,,,,,,,,,,,,,,,,,,,,,,,
0.15,0.2,0.075,0.075,0.05,0.05,BioCH4,,,,,,,,,,,,,,,,,,,,,,,
0.15,0.2,0.075,0.075,0.07,0.05,Biomass,,,,,,,,,,,,,,,,,,,,,,,
0.15,0.2,0.075,0.1,0.03,0.05,BioCH4,,,,,,,,,,,,,,,,,,,,,,,
0.15,0.2,0.075,0.1,0.05,0.05,BioCH4,,,,,,,,,,,,,,,,,,,,,,,
0.15,0.2,0.075,0.1,0.07,0.05,Biomass,,,,,,,,,,,,,,,,,,,,,,,
0.15,0.2,0.075,0.2,0.03,0.05,BioCH4Oxy_CC,,,,,,,,,,,,,,,,,,,,,,,
0.15,0.2,0.075,0.2,0.05,0.05,BioCH4Oxy_CC,,,,,,,,,,,,,,,,,,,,,,,
0.15,0.2,0.075,0.2,0.07,0.05,BiomassOxy_CC,,,,,,,,,,,,,,,,,,,,,,,
0.15,0.2,0.075,0.25,0.03,0.05,BioCH4Oxy_CC,,,,,,,,,,,,,,,,,,,,,,,
0.15,0.2,0.075,0.25,0.05,0.05,BioCH4Oxy_CC,,,,,,,,,,,,,,,,,,,,,,,
0.15,0.2,0.075,0.25,0.07,0.05,BiomassOxy_CC,,,,,,,,,,,,,,,,,,,,,,,
0.15,0.2,0.1,0.075,0.03,0.05,BioCH4,,,,,,,,,,,,,,,,,,,,,,,
0.15,0.2,0.1,0.075,0.05,0.05,BioCH4,,,,,,,,,,,,,,,,,,,,,,,
0.15,0.2,0.1,0.075,0.07,0.05,Biomass,,,,,,,,,,,,,,,,,,,,,,,
0.15,0.2,0.1,0.1,0.03,0.05,BioCH4,,,,,,,,,,,,,,,,,,,,,,,
0.15,0.2,0.1,0.1,0.05,0.05,BioCH4,,,,,,,,,,,,,,,,,,,,,,,
0.15,0.2,0.1,0.1,0.07,0.05,Biomass,,,,,,,,,,,,,,,,,,,,,,,
0.15,0.2,0.1,0.2,0.03,0.05,BioCH4Oxy_CC,,,,,,,,,,,,,,,,,,,,,,,
0.15,0.2,0.1,0.2,0.05,0.05,BioCH4Oxy_CC,,,,,,,,,,,,,,,,,,,,,,,
0.15,0.2,0.1,0.2,0.07,0.05,BiomassOxy_CC,,,,,,,,,,,,,,,,,,,,,,,
0.15,0.2,0.1,0.25,0.03,0.05,BioCH4Oxy_CC,,,,,,,,,,,,,,,,,,,,,,,
0.15,0.2,0.1,0.25,0.05,0.05,BioCH4Oxy_CC,,,,,,,,,,,,,,,,,,,,,,,
0.15,0.2,0.1,0.25,0.07,0.05,BiomassOxy_CC,,,,,,,,,,,,,,,,,,,,,,,
0.175,0.01,0.01,0.075,0.03,0.05,NG,,,,,,,,,,,,,,,,,,,,,,,
0.175,0.01,0.01,0.075,0.05,0.05,NG,,,,,,,,,,,,,,,,,,,,,,,
0.175,0.01,0.01,0.075,0.07,0.05,NG,,,,,,,,,,,,,,,,,,,,,,,
0.175,0.01,0.01,0.1,0.03,0.05,NG,,,,,,,,,,,,,,,,,,,,,,,
0.175,0.01,0.01,0.1,0.05,0.05,NG,,,,,,,,,,,,,,,,,,,,,,,
0.175,0.01,0.01,0.1,0.07,0.05,NG,,,,,,,,,,,,,,,,,,,,,,,
0.175,0.01,0.01,0.2,0.03,0.05,BioCH4_CC,,,,,,,,,,,,,,,,,,,,,,,
0.175,0.01,0.01,0.2,0.05,0.05,H2Oxy_CC,,,,,,,,,,,,,,,,,,,,,,,
0.175,0.01,0.01,0.2,0.07,0.05,H2Oxy_CC,,,,,,,,,,,,,,,,,,,,,,,
0.175,0.01,0.01,0.25,0.03,0.05,BioCH4_CC,,,,,,,,,,,,,,,,,,,,,,,
0.175,0.01,0.01,0.25,0.05,0.05,H2Oxy_CC,,,,,,,,,,,,,,,,,,,,,,,
0.175,0.01,0.01,0.25,0.07,0.05,H2Oxy_CC,,,,,,,,,,,,,,,,,,,,,,,
0.175,0.01,0.035,0.075,0.03,0.05,BioCH4,,,,,,,,,,,,,,,,,,,,,,,
0.175,0.01,0.035,0.075,0.05,0.05,H2,,,,,,,,,,,,,,,,,,,,,,,
0.175,0.01,0.035,0.075,0.07,0.05,H2,,,,,,,,,,,,,,,,,,,,,,,
0.175,0.01,0.035,0.1,0.03,0.05,BioCH4,,,,,,,,,,,,,,,,,,,,,,,
0.175,0.01,0.035,0.1,0.05,0.05,H2,,,,,,,,,,,,,,,,,,,,,,,
0.175,0.01,0.035,0.1,0.07,0.05,H2,,,,,,,,,,,,,,,,,,,,,,,
0.175,0.01,0.035,0.2,0.03,0.05,H2Oxy_CC,,,,,,,,,,,,,,,,,,,,,,,
0.175,0.01,0.035,0.2,0.05,0.05,H2Oxy_CC,,,,,,,,,,,,,,,,,,,,,,,
0.175,0.01,0.035,0.2,0.07,0.05,H2Oxy_CC,,,,,,,,,,,,,,,,,,,,,,,
0.175,0.01,0.035,0.25,0.03,0.05,H2Oxy_CC,,,,,,,,,,,,,,,,,,,,,,,
0.175,0.01,0.035,0.25,0.05,0.05,H2Oxy_CC,,,,,,,,,,,,,,,,,,,,,,,
0.175,0.01,0.035,0.25,0.07,0.05,H2Oxy_CC,,,,,,,,,,,,,,,,,,,,,,,
0.175,0.01,0.055,0.075,0.03,0.05,BioCH4,,,,,,,,,,,,,,,,,,,,,,,
0.175,0.01,0.055,0.075,0.05,0.05,H2,,,,,,,,,,,,,,,,,,,,,,,
0.175,0.01,0.055,0.075,0.07,0.05,H2,,,,,,,,,,,,,,,,,,,,,,,
0.175,0.01,0.055,0.1,0.03,0.05,BioCH4,,,,,,,,,,,,,,,,,,,,,,,
0.175,0.01,0.055,0.1,0.05,0.05,H2,,,,,,,,,,,,,,,,,,,,,,,
0.175,0.01,0.055,0.1,0.07,0.05,H2,,,,,,,,,,,,,,,,,,,,,,,
0.175,0.01,0.055,0.2,0.03,0.05,H2Oxy_CC,,,,,,,,,,,,,,,,,,,,,,,
0.175,0.01,0.055,0.2,0.05,0.05,H2Oxy_CC,,,,,,,,,,,,,,,,,,,,,,,
0.175,0.01,0.055,0.2,0.07,0.05,H2Oxy_CC,,,,,,,,,,,,,,,,,,,,,,,
0.175,0.01,0.055,0.25,0.03,0.05,H2Oxy_CC,,,,,,,,,,,,,,,,,,,,,,,
0.175,0.01,0.055,0.25,0.05,0.05,H2Oxy_CC,,,,,,,,,,,,,,,,,,,,,,,
0.175,0.01,0.055,0.25,0.07,0.05,H2Oxy_CC,,,,,,,,,,,,,,,,,,,,,,,
0.175,0.01,0.075,0.075,0.03,0.05,BioCH4,,,,,,,,,,,,,,,,,,,,,,,
0.175,0.01,0.075,0.075,0.05,0.05,H2,,,,,,,,,,,,,,,,,,,,,,,
0.175,0.01,0.075,0.075,0.07,0.05,H2,,,,,,,,,,,,,,,,,,,,,,,
0.175,0.01,0.075,0.1,0.03,0.05,BioCH4,,,,,,,,,,,,,,,,,,,,,,,
0.175,0.01,0.075,0.1,0.05,0.05,H2,,,,,,,,,,,,,,,,,,,,,,,
0.175,0.01,0.075,0.1,0.07,0.05,H2,,,,,,,,,,,,,,,,,,,,,,,
0.175,0.01,0.075,0.2,0.03,0.05,H2Oxy_CC,,,,,,,,,,,,,,,,,,,,,,,
0.175,0.01,0.075,0.2,0.05,0.05,H2Oxy_CC,,,,,,,,,,,,,,,,,,,,,,,
0.175,0.01,0.075,0.2,0.07,0.05,H2Oxy_CC,,,,,,,,,,,,,,,,,,,,,,,
0.175,0.01,0.075,0.25,0.03,0.05,H2Oxy_CC,,,,,,,,,,,,,,,,,,,,,,,
0.175,0.01,0.075,0.25,0.05,0.05,H2Oxy_CC,,,,,,,,,,,,,,,,,,,,,,,
0.175,0.01,0.075,0.25,0.07,0.05,H2Oxy_CC,,,,,,,,,,,,,,,,,,,,,,,
0.175,0.01,0.1,0.075,0.03,0.05,BioCH4,,,,,,,,,,,,,,,,,,,,,,,
0.175,0.01,0.1,0.075,0.05,0.05,H2,,,,,,,,,,,,,,,,,,,,,,,
0.175,0.01,0.1,0.075,0.07,0.05,H2,,,,,,,,,,,,,,,,,,,,,,,
0.175,0.01,0.1,0.1,0.03,0.05,BioCH4,,,,,,,,,,,,,,,,,,,,,,,
0.175,0.01,0.1,0.1,0.05,0.05,H2,,,,,,,,,,,,,,,,,,,,,,,
0.175,0.01,0.1,0.1,0.07,0.05,H2,,,,,,,,,,,,,,,,,,,,,,,
0.175,0.01,0.1,0.2,0.03,0.05,H2Oxy_CC,,,,,,,,,,,,,,,,,,,,,,,
0.175,0.01,0.1,0.2,0.05,0.05,H2Oxy_CC,,,,,,,,,,,,,,,,,,,,,,,
0.175,0.01,0.1,0.2,0.07,0.05,H2Oxy_CC,,,,,,,,,,,,,,,,,,,,,,,
0.175,0.01,0.1,0.25,0.03,0.05,H2Oxy_CC,,,,,,,,,,,,,,,,,,,,,,,
0.175,0.01,0.1,0.25,0.05,0.05,H2Oxy_CC,,,,,,,,,,,,,,,,,,,,,,,
0.175,0.01,0.1,0.25,0.07,0.05,H2Oxy_CC,,,,,,,,,,,,,,,,,,,,,,,
0.175,0.025,0.01,0.075,0.03,0.05,NG,,,,,,,,,,,,,,,,,,,,,,,
0.175,0.025,0.01,0.075,0.05,0.05,NG,,,,,,,,,,,,,,,,,,,,,,,
0.175,0.025,0.01,0.075,0.07,0.05,NG,,,,,,,,,,,,,,,,,,,,,,,
0.175,0.025,0.01,0.1,0.03,0.05,NG,,,,,,,,,,,,,,,,,,,,,,,
0.175,0.025,0.01,0.1,0.05,0.05,NG,,,,,,,,,,,,,,,,,,,,,,,
0.175,0.025,0.01,0.1,0.07,0.05,NG,,,,,,,,,,,,,,,,,,,,,,,
0.175,0.025,0.01,0.2,0.03,0.05,BioCH4_CC,,,,,,,,,,,,,,,,,,,,,,,
0.175,0.025,0.01,0.2,0.05,0.05,NG_CC,,,,,,,,,,,,,,,,,,,,,,,
0.175,0.025,0.01,0.2,0.07,0.05,NG_CC,,,,,,,,,,,,,,,,,,,,,,,
0.175,0.025,0.01,0.25,0.03,0.05,BioCH4_CC,,,,,,,,,,,,,,,,,,,,,,,
0.175,0.025,0.01,0.25,0.05,0.05,Biomass_CC,,,,,,,,,,,,,,,,,,,,,,,
0.175,0.025,0.01,0.25,0.07,0.05,Biomass_CC,,,,,,,,,,,,,,,,,,,,,,,
0.175,0.025,0.035,0.075,0.03,0.05,BioCH4,,,,,,,,,,,,,,,,,,,,,,,
0.175,0.025,0.035,0.075,0.05,0.05,NG,,,,,,,,,,,,,,,,,,,,,,,
0.175,0.025,0.035,0.075,0.07,0.05,NG,,,,,,,,,,,,,,,,,,,,,,,
0.175,0.025,0.035,0.1,0.03,0.05,BioCH4,,,,,,,,,,,,,,,,,,,,,,,
0.175,0.025,0.035,0.1,0.05,0.05,BioCH4,,,,,,,,,,,,,,,,,,,,,,,
0.175,0.025,0.035,0.1,0.07,0.05,NG,,,,,,,,,,,,,,,,,,,,,,,
0.175,0.025,0.035,0.2,0.03,0.05,BioCH4Oxy_CC,,,,,,,,,,,,,,,,,,,,,,,
0.175,0.025,0.035,0.2,0.05,0.05,H2Oxy_CC,,,,,,,,,,,,,,,,,,,,,,,
0.175,0.025,0.035,0.2,0.07,0.05,H2Oxy_CC,,,,,,,,,,,,,,,,,,,,,,,
0.175,0.025,0.035,0.25,0.03,0.05,BioCH4Oxy_CC,,,,,,,,,,,,,,,,,,,,,,,
0.175,0.025,0.035,0.25,0.05,0.05,H2Oxy_CC,,,,,,,,,,,,,,,,,,,,,,,
0.175,0.025,0.035,0.25,0.07,0.05,H2Oxy_CC,,,,,,,,,,,,,,,,,,,,,,,
0.175,0.025,0.055,0.075,0.03,0.05,BioCH4,,,,,,,,,,,,,,,,,,,,,,,
0.175,0.025,0.055,0.075,0.05,0.05,BioCH4,,,,,,,,,,,,,,,,,,,,,,,
0.175,0.025,0.055,0.075,0.07,0.05,Biomass,,,,,,,,,,,,,,,,,,,,,,,
0.175,0.025,0.055,0.1,0.03,0.05,BioCH4,,,,,,,,,,,,,,,,,,,,,,,
0.175,0.025,0.055,0.1,0.05,0.05,BioCH4,,,,,,,,,,,,,,,,,,,,,,,
0.175,0.025,0.055,0.1,0.07,0.05,Biomass,,,,,,,,,,,,,,,,,,,,,,,
0.175,0.025,0.055,0.2,0.03,0.05,BioCH4Oxy_CC,,,,,,,,,,,,,,,,,,,,,,,
0.175,0.025,0.055,0.2,0.05,0.05,H2Oxy_CC,,,,,,,,,,,,,,,,,,,,,,,
0.175,0.025,0.055,0.2,0.07,0.05,H2Oxy_CC,,,,,,,,,,,,,,,,,,,,,,,
0.175,0.025,0.055,0.25,0.03,0.05,BioCH4Oxy_CC,,,,,,,,,,,,,,,,,,,,,,,
0.175,0.025,0.055,0.25,0.05,0.05,H2Oxy_CC,,,,,,,,,,,,,,,,,,,,,,,
0.175,0.025,0.055,0.25,0.07,0.05,H2Oxy_CC,,,,,,,,,,,,,,,,,,,,,,,
0.175,0.025,0.075,0.075,0.03,0.05,BioCH4,,,,,,,,,,,,,,,,,,,,,,,
0.175,0.025,0.075,0.075,0.05,0.05,BioCH4,,,,,,,,,,,,,,,,,,,,,,,
0.175,0.025,0.075,0.075,0.07,0.05,Biomass,,,,,,,,,,,,,,,,,,,,,,,
0.175,0.025,0.075,0.1,0.03,0.05,BioCH4,,,,,,,,,,,,,,,,,,,,,,,
0.175,0.025,0.075,0.1,0.05,0.05,BioCH4,,,,,,,,,,,,,,,,,,,,,,,
0.175,0.025,0.075,0.1,0.07,0.05,Biomass,,,,,,,,,,,,,,,,,,,,,,,
0.175,0.025,0.075,0.2,0.03,0.05,BioCH4Oxy_CC,,,,,,,,,,,,,,,,,,,,,,,
0.175,0.025,0.075,0.2,0.05,0.05,H2Oxy_CC,,,,,,,,,,,,,,,,,,,,,,,
0.175,0.025,0.075,0.2,0.07,0.05,H2Oxy_CC,,,,,,,,,,,,,,,,,,,,,,,
0.175,0.025,0.075,0.25,0.03,0.05,BioCH4Oxy_CC,,,,,,,,,,,,,,,,,,,,,,,
0.175,0.025,0.075,0.25,0.05,0.05,H2Oxy_CC,,,,,,,,,,,,,,,,,,,,,,,
0.175,0.025,0.075,0.25,0.07,0.05,H2Oxy_CC,,,,,,,,,,,,,,,,,,,,,,,
0.175,0.025,0.1,0.075,0.03,0.05,BioCH4,,,,,,,,,,,,,,,,,,,,,,,
0.175,0.025,0.1,0.075,0.05,0.05,BioCH4,,,,,,,,,,,,,,,,,,,,,,,
0.175,0.025,0.1,0.075,0.07,0.05,Biomass,,,,,,,,,,,,,,,,,,,,,,,
0.175,0.025,0.1,0.1,0.03,0.05,BioCH4,,,,,,,,,,,,,,,,,,,,,,,
0.175,0.025,0.1,0.1,0.05,0.05,BioCH4,,,,,,,,,,,,,,,,,,,,,,,
0.175,0.025,0.1,0.1,0.07,0.05,Biomass,,,,,,,,,,,,,,,,,,,,,,,
0.175,0.025,0.1,0.2,0.03,0.05,BioCH4Oxy_CC,,,,,,,,,,,,,,,,,,,,,,,
0.175,0.025,0.1,0.2,0.05,0.05,H2Oxy_CC,,,,,,,,,,,,,,,,,,,,,,,
0.175,0.025,0.1,0.2,0.07,0.05,H2Oxy_CC,,,,,,,,,,,,,,,,,,,,,,,
0.175,0.025,0.1,0.25,0.03,0.05,BioCH4Oxy_CC,,,,,,,,,,,,,,,,,,,,,,,
0.175,0.025,0.1,0.25,0.05,0.05,H2Oxy_CC,,,,,,,,,,,,,,,,,,,,,,,
0.175,0.025,0.1,0.25,0.07,0.05,H2Oxy_CC,,,,,,,,,,,,,,,,,,,,,,,
0.175,0.05,0.01,0.075,0.03,0.05,NG,,,,,,,,,,,,,,,,,,,,,,,
0.175,0.05,0.01,0.075,0.05,0.05,NG,,,,,,,,,,,,,,,,,,,,,,,
0.175,0.05,0.01,0.075,0.07,0.05,NG,,,,,,,,,,,,,,,,,,,,,,,
0.175,0.05,0.01,0.1,0.03,0.05,NG,,,,,,,,,,,,,,,,,,,,,,,
0.175,0.05,0.01,0.1,0.05,0.05,NG,,,,,,,,,,,,,,,,,,,,,,,
0.175,0.05,0.01,0.1,0.07,0.05,NG,,,,,,,,,,,,,,,,,,,,,,,
0.175,0.05,0.01,0.2,0.03,0.05,BioCH4_CC,,,,,,,,,,,,,,,,,,,,,,,
0.175,0.05,0.01,0.2,0.05,0.05,NG_CC,,,,,,,,,,,,,,,,,,,,,,,
0.175,0.05,0.01,0.2,0.07,0.05,NG_CC,,,,,,,,,,,,,,,,,,,,,,,
0.175,0.05,0.01,0.25,0.03,0.05,BioCH4_CC,,,,,,,,,,,,,,,,,,,,,,,
0.175,0.05,0.01,0.25,0.05,0.05,Biomass_CC,,,,,,,,,,,,,,,,,,,,,,,
0.175,0.05,0.01,0.25,0.07,0.05,Biomass_CC,,,,,,,,,,,,,,,,,,,,,,,
0.175,0.05,0.035,0.075,0.03,0.05,BioCH4,,,,,,,,,,,,,,,,,,,,,,,
0.175,0.05,0.035,0.075,0.05,0.05,NG,,,,,,,,,,,,,,,,,,,,,,,
0.175,0.05,0.035,0.075,0.07,0.05,NG,,,,,,,,,,,,,,,,,,,,,,,
0.175,0.05,0.035,0.1,0.03,0.05,BioCH4,,,,,,,,,,,,,,,,,,,,,,,
0.175,0.05,0.035,0.1,0.05,0.05,BioCH4,,,,,,,,,,,,,,,,,,,,,,,
0.175,0.05,0.035,0.1,0.07,0.05,NG,,,,,,,,,,,,,,,,,,,,,,,
0.175,0.05,0.035,0.2,0.03,0.05,BioCH4Oxy_CC,,,,,,,,,,,,,,,,,,,,,,,
0.175,0.05,0.035,0.2,0.05,0.05,BioCH4Oxy_CC,,,,,,,,,,,,,,,,,,,,,,,
0.175,0.05,0.035,0.2,0.07,0.05,H2Oxy_CC,,,,,,,,,,,,,,,,,,,,,,,
0.175,0.05,0.035,0.25,0.03,0.05,BioCH4Oxy_CC,,,,,,,,,,,,,,,,,,,,,,,
0.175,0.05,0.035,0.25,0.05,0.05,BioCH4Oxy_CC,,,,,,,,,,,,,,,,,,,,,,,
0.175,0.05,0.035,0.25,0.07,0.05,BiomassOxy_CC,,,,,,,,,,,,,,,,,,,,,,,
0.175,0.05,0.055,0.075,0.03,0.05,BioCH4,,,,,,,,,,,,,,,,,,,,,,,
0.175,0.05,0.055,0.075,0.05,0.05,BioCH4,,,,,,,,,,,,,,,,,,,,,,,
0.175,0.05,0.055,0.075,0.07,0.05,Biomass,,,,,,,,,,,,,,,,,,,,,,,
0.175,0.05,0.055,0.1,0.03,0.05,BioCH4,,,,,,,,,,,,,,,,,,,,,,,
0.175,0.05,0.055,0.1,0.05,0.05,BioCH4,,,,,,,,,,,,,,,,,,,,,,,
0.175,0.05,0.055,0.1,0.07,0.05,Biomass,,,,,,,,,,,,,,,,,,,,,,,
0.175,0.05,0.055,0.2,0.03,0.05,BioCH4Oxy_CC,,,,,,,,,,,,,,,,,,,,,,,
0.175,0.05,0.055,0.2,0.05,0.05,BioCH4Oxy_CC,,,,,,,,,,,,,,,,,,,,,,,
0.175,0.05,0.055,0.2,0.07,0.05,H2Oxy_CC,,,,,,,,,,,,,,,,,,,,,,,
0.175,0.05,0.055,0.25,0.03,0.05,BioCH4Oxy_CC,,,,,,,,,,,,,,,,,,,,,,,
0.175,0.05,0.055,0.25,0.05,0.05,BioCH4Oxy_CC,,,,,,,,,,,,,,,,,,,,,,,
0.175,0.05,0.055,0.25,0.07,0.05,BiomassOxy_CC,,,,,,,,,,,,,,,,,,,,,,,
0.175,0.05,0.075,0.075,0.03,0.05,BioCH4,,,,,,,,,,,,,,,,,,,,,,,
0.175,0.05,0.075,0.075,0.05,0.05,BioCH4,,,,,,,,,,,,,,,,,,,,,,,
0.175,0.05,0.075,0.075,0.07,0.05,Biomass,,,,,,,,,,,,,,,,,,,,,,,
0.175,0.05,0.075,0.1,0.03,0.05,BioCH4,,,,,,,,,,,,,,,,,,,,,,,
0.175,0.05,0.075,0.1,0.05,0.05,BioCH4,,,,,,,,,,,,,,,,,,,,,,,
0.175,0.05,0.075,0.1,0.07,0.05,Biomass,,,,,,,,,,,,,,,,,,,,,,,
0.175,0.05,0.075,0.2,0.03,0.05,BioCH4Oxy_CC,,,,,,,,,,,,,,,,,,,,,,,
0.175,0.05,0.075,0.2,0.05,0.05,BioCH4Oxy_CC,,,,,,,,,,,,,,,,,,,,,,,
0.175,0.05,0.075,0.2,0.07,0.05,H2Oxy_CC,,,,,,,,,,,,,,,,,,,,,,,
0.175,0.05,0.075,0.25,0.03,0.05,BioCH4Oxy_CC,,,,,,,,,,,,,,,,,,,,,,,
0.175,0.05,0.075,0.25,0.05,0.05,BioCH4Oxy_CC,,,,,,,,,,,,,,,,,,,,,,,
0.175,0.05,0.075,0.25,0.07,0.05,BiomassOxy_CC,,,,,,,,,,,,,,,,,,,,,,,
0.175,0.05,0.1,0.075,0.03,0.05,BioCH4,,,,,,,,,,,,,,,,,,,,,,,
0.175,0.05,0.1,0.075,0.05,0.05,BioCH4,,,,,,,,,,,,,,,,,,,,,,,
0.175,0.05,0.1,0.075,0.07,0.05,Biomass,,,,,,,,,,,,,,,,,,,,,,,
0.175,0.05,0.1,0.1,0.03,0.05,BioCH4,,,,,,,,,,,,,,,,,,,,,,,
0.175,0.05,0.1,0.1,0.05,0.05,BioCH4,,,,,,,,,,,,,,,,,,,,,,,
0.175,0.05,0.1,0.1,0.07,0.05,Biomass,,,,,,,,,,,,,,,,,,,,,,,
0.175,0.05,0.1,0.2,0.03,0.05,BioCH4Oxy_CC,,,,,,,,,,,,,,,,,,,,,,,
0.175,0.05,0.1,0.2,0.05,0.05,BioCH4Oxy_CC,,,,,,,,,,,,,,,,,,,,,,,
0.175,0.05,0.1,0.2,0.07,0.05,H2Oxy_CC,,,,,,,,,,,,,,,,,,,,,,,
0.175,0.05,0.1,0.25,0.03,0.05,BioCH4Oxy_CC,,,,,,,,,,,,,,,,,,,,,,,
0.175,0.05,0.1,0.25,0.05,0.05,BioCH4Oxy_CC,,,,,,,,,,,,,,,,,,,,,,,
0.175,0.05,0.1,0.25,0.07,0.05,BiomassOxy_CC,,,,,,,,,,,,,,,,,,,,,,,
0.175,0.075,0.01,0.075,0.03,0.05,NG,,,,,,,,,,,,,,,,,,,,,,,
0.175,0.075,0.01,0.075,0.05,0.05,NG,,,,,,,,,,,,,,,,,,,,,,,
0.175,0.075,0.01,0.075,0.07,0.05,NG,,,,,,,,,,,,,,,,,,,,,,,
0.175,0.075,0.01,0.1,0.03,0.05,NG,,,,,,,,,,,,,,,,,,,,,,,
0.175,0.075,0.01,0.1,0.05,0.05,NG,,,,,,,,,,,,,,,,,,,,,,,
0.175,0.075,0.01,0.1,0.07,0.05,NG,,,,,,,,,,,,,,,,,,,,,,,
0.175,0.075,0.01,0.2,0.03,0.05,BioCH4_CC,,,,,,,,,,,,,,,,,,,,,,,
0.175,0.075,0.01,0.2,0.05,0.05,NG_CC,,,,,,,,,,,,,,,,,,,,,,,
0.175,0.075,0.01,0.2,0.07,0.05,NG_CC,,,,,,,,,,,,,,,,,,,,,,,
0.175,0.075,0.01,0.25,0.03,0.05,BioCH4_CC,,,,,,,,,,,,,,,,,,,,,,,
0.175,0.075,0.01,0.25,0.05,0.05,Biomass_CC,,,,,,,,,,,,,,,,,,,,,,,
0.175,0.075,0.01,0.25,0.07,0.05,Biomass_CC,,,,,,,,,,,,,,,,,,,,,,,
0.175,0.075,0.035,0.075,0.03,0.05,BioCH4,,,,,,,,,,,,,,,,,,,,,,,
0.175,0.075,0.035,0.075,0.05,0.05,NG,,,,,,,,,,,,,,,,,,,,,,,
0.175,0.075,0.035,0.075,0.07,0.05,NG,,,,,,,,,,,,,,,,,,,,,,,
0.175,0.075,0.035,0.1,0.03,0.05,BioCH4,,,,,,,,,,,,,,,,,,,,,,,
0.175,0.075,0.035,0.1,0.05,0.05,BioCH4,,,,,,,,,,,,,,,,,,,,,,,
0.175,0.075,0.035,0.1,0.07,0.05,NG,,,,,,,,,,,,,,,,,,,,,,,
0.175,0.075,0.035,0.2,0.03,0.05,BioCH4Oxy_CC,,,,,,,,,,,,,,,,,,,,,,,
0.175,0.075,0.035,0.2,0.05,0.05,BioCH4Oxy_CC,,,,,,,,,,,,,,,,,,,,,,,
0.175,0.075,0.035,0.2,0.07,0.05,BiomassOxy_CC,,,,,,,,,,,,,,,,,,,,,,,
0.175,0.075,0.035,0.25,0.03,0.05,BioCH4Oxy_CC,,,,,,,,,,,,,,,,,,,,,,,
0.175,0.075,0.035,0.25,0.05,0.05,BioCH4Oxy_CC,,,,,,,,,,,,,,,,,,,,,,,
0.175,0.075,0.035,0.25,0.07,0.05,BiomassOxy_CC,,,,,,,,,,,,,,,,,,,,,,,
0.175,0.075,0.055,0.075,0.03,0.05,BioCH4,,,,,,,,,,,,,,,,,,,,,,,
0.175,0.075,0.055,0.075,0.05,0.05,BioCH4,,,,,,,,,,,,,,,,,,,,,,,
0.175,0.075,0.055,0.075,0.07,0.05,Biomass,,,,,,,,,,,,,,,,,,,,,,,
0.175,0.075,0.055,0.1,0.03,0.05,BioCH4,,,,,,,,,,,,,,,,,,,,,,,
0.175,0.075,0.055,0.1,0.05,0.05,BioCH4,,,,,,,,,,,,,,,,,,,,,,,
0.175,0.075,0.055,0.1,0.07,0.05,Biomass,,,,,,,,,,,,,,,,,,,,,,,
0.175,0.075,0.055,0.2,0.03,0.05,BioCH4Oxy_CC,,,,,,,,,,,,,,,,,,,,,,,
0.175,0.075,0.055,0.2,0.05,0.05,BioCH4Oxy_CC,,,,,,,,,,,,,,,,,,,,,,,
0.175,0.075,0.055,0.2,0.07,0.05,BiomassOxy_CC,,,,,,,,,,,,,,,,,,,,,,,
0.175,0.075,0.055,0.25,0.03,0.05,BioCH4Oxy_CC,,,,,,,,,,,,,,,,,,,,,,,
0.175,0.075,0.055,0.25,0.05,0.05,BioCH4Oxy_CC,,,,,,,,,,,,,,,,,,,,,,,
0.175,0.075,0.055,0.25,0.07,0.05,BiomassOxy_CC,,,,,,,,,,,,,,,,,,,,,,,
0.175,0.075,0.075,0.075,0.03,0.05,BioCH4,,,,,,,,,,,,,,,,,,,,,,,
0.175,0.075,0.075,0.075,0.05,0.05,BioCH4,,,,,,,,,,,,,,,,,,,,,,,
0.175,0.075,0.075,0.075,0.07,0.05,Biomass,,,,,,,,,,,,,,,,,,,,,,,
0.175,0.075,0.075,0.1,0.03,0.05,BioCH4,,,,,,,,,,,,,,,,,,,,,,,
0.175,0.075,0.075,0.1,0.05,0.05,BioCH4,,,,,,,,,,,,,,,,,,,,,,,
0.175,0.075,0.075,0.1,0.07,0.05,Biomass,,,,,,,,,,,,,,,,,,,,,,,
0.175,0.075,0.075,0.2,0.03,0.05,BioCH4Oxy_CC,,,,,,,,,,,,,,,,,,,,,,,
0.175,0.075,0.075,0.2,0.05,0.05,BioCH4Oxy_CC,,,,,,,,,,,,,,,,,,,,,,,
0.175,0.075,0.075,0.2,0.07,0.05,BiomassOxy_CC,,,,,,,,,,,,,,,,,,,,,,,
0.175,0.075,0.075,0.25,0.03,0.05,BioCH4Oxy_CC,,,,,,,,,,,,,,,,,,,,,,,
0.175,0.075,0.075,0.25,0.05,0.05,BioCH4Oxy_CC,,,,,,,,,,,,,,,,,,,,,,,
0.175,0.075,0.075,0.25,0.07,0.05,BiomassOxy_CC,,,,,,,,,,,,,,,,,,,,,,,
0.175,0.075,0.1,0.075,0.03,0.05,BioCH4,,,,,,,,,,,,,,,,,,,,,,,
0.175,0.075,0.1,0.075,0.05,0.05,BioCH4,,,,,,,,,,,,,,,,,,,,,,,
0.175,0.075,0.1,0.075,0.07,0.05,Biomass,,,,,,,,,,,,,,,,,,,,,,,
0.175,0.075,0.1,0.1,0.03,0.05,BioCH4,,,,,,,,,,,,,,,,,,,,,,,
0.175,0.075,0.1,0.1,0.05,0.05,BioCH4,,,,,,,,,,,,,,,,,,,,,,,
0.175,0.075,0.1,0.1,0.07,0.05,Biomass,,,,,,,,,,,,,,,,,,,,,,,
0.175,0.075,0.1,0.2,0.03,0.05,BioCH4Oxy_CC,,,,,,,,,,,,,,,,,,,,,,,
0.175,0.075,0.1,0.2,0.05,0.05,BioCH4Oxy_CC,,,,,,,,,,,,,,,,,,,,,,,
0.175,0.075,0.1,0.2,0.07,0.05,BiomassOxy_CC,,,,,,,,,,,,,,,,,,,,,,,
0.175,0.075,0.1,0.25,0.03,0.05,BioCH4Oxy_CC,,,,,,,,,,,,,,,,,,,,,,,
0.175,0.075,0.1,0.25,0.05,0.05,BioCH4Oxy_CC,,,,,,,,,,,,,,,,,,,,,,,
0.175,0.075,0.1,0.25,0.07,0.05,BiomassOxy_CC,,,,,,,,,,,,,,,,,,,,,,,
0.175,0.1,0.01,0.075,0.03,0.05,NG,,,,,,,,,,,,,,,,,,,,,,,
0.175,0.1,0.01,0.075,0.05,0.05,NG,,,,,,,,,,,,,,,,,,,,,,,
0.175,0.1,0.01,0.075,0.07,0.05,NG,,,,,,,,,,,,,,,,,,,,,,,
0.175,0.1,0.01,0.1,0.03,0.05,NG,,,,,,,,,,,,,,,,,,,,,,,
0.175,0.1,0.01,0.1,0.05,0.05,NG,,,,,,,,,,,,,,,,,,,,,,,
0.175,0.1,0.01,0.1,0.07,0.05,NG,,,,,,,,,,,,,,,,,,,,,,,
0.175,0.1,0.01,0.2,0.03,0.05,BioCH4_CC,,,,,,,,,,,,,,,,,,,,,,,
0.175,0.1,0.01,0.2,0.05,0.05,NG_CC,,,,,,,,,,,,,,,,,,,,,,,
0.175,0.1,0.01,0.2,0.07,0.05,NG_CC,,,,,,,,,,,,,,,,,,,,,,,
0.175,0.1,0.01,0.25,0.03,0.05,BioCH4_CC,,,,,,,,,,,,,,,,,,,,,,,
0.175,0.1,0.01,0.25,0.05,0.05,Biomass_CC,,,,,,,,,,,,,,,,,,,,,,,
0.175,0.1,0.01,0.25,0.07,0.05,Biomass_CC,,,,,,,,,,,,,,,,,,,,,,,
0.175,0.1,0.035,0.075,0.03,0.05,BioCH4,,,,,,,,,,,,,,,,,,,,,,,
0.175,0.1,0.035,0.075,0.05,0.05,NG,,,,,,,,,,,,,,,,,,,,,,,
0.175,0.1,0.035,0.075,0.07,0.05,NG,,,,,,,,,,,,,,,,,,,,,,,
0.175,0.1,0.035,0.1,0.03,0.05,BioCH4,,,,,,,,,,,,,,,,,,,,,,,
0.175,0.1,0.035,0.1,0.05,0.05,BioCH4,,,,,,,,,,,,,,,,,,,,,,,
0.175,0.1,0.035,0.1,0.07,0.05,NG,,,,,,,,,,,,,,,,,,,,,,,
0.175,0.1,0.035,0.2,0.03,0.05,BioCH4Oxy_CC,,,,,,,,,,,,,,,,,,,,,,,
0.175,0.1,0.035,0.2,0.05,0.05,BioCH4Oxy_CC,,,,,,,,,,,,,,,,,,,,,,,
0.175,0.1,0.035,0.2,0.07,0.05,BiomassOxy_CC,,,,,,,,,,,,,,,,,,,,,,,
0.175,0.1,0.035,0.25,0.03,0.05,BioCH4Oxy_CC,,,,,,,,,,,,,,,,,,,,,,,
0.175,0.1,0.035,0.25,0.05,0.05,BioCH4Oxy_CC,,,,,,,,,,,,,,,,,,,,,,,
0.175,0.1,0.035,0.25,0.07,0.05,BiomassOxy_CC,,,,,,,,,,,,,,,,,,,,,,,
0.175,0.1,0.055,0.075,0.03,0.05,BioCH4,,,,,,,,,,,,,,,,,,,,,,,
0.175,0.1,0.055,0.075,0.05,0.05,BioCH4,,,,,,,,,,,,,,,,,,,,,,,
0.175,0.1,0.055,0.075,0.07,0.05,Biomass,,,,,,,,,,,,,,,,,,,,,,,
0.175,0.1,0.055,0.1,0.03,0.05,BioCH4,,,,,,,,,,,,,,,,,,,,,,,
0.175,0.1,0.055,0.1,0.05,0.05,BioCH4,,,,,,,,,,,,,,,,,,,,,,,
0.175,0.1,0.055,0.1,0.07,0.05,Biomass,,,,,,,,,,,,,,,,,,,,,,,
0.175,0.1,0.055,0.2,0.03,0.05,BioCH4Oxy_CC,,,,,,,,,,,,,,,,,,,,,,,
0.175,0.1,0.055,0.2,0.05,0.05,BioCH4Oxy_CC,,,,,,,,,,,,,,,,,,,,,,,
0.175,0.1,0.055,0.2,0.07,0.05,BiomassOxy_CC,,,,,,,,,,,,,,,,,,,,,,,
0.175,0.1,0.055,0.25,0.03,0.05,BioCH4Oxy_CC,,,,,,,,,,,,,,,,,,,,,,,
0.175,0.1,0.055,0.25,0.05,0.05,BioCH4Oxy_CC,,,,,,,,,,,,,,,,,,,,,,,
0.175,0.1,0.055,0.25,0.07,0.05,BiomassOxy_CC,,,,,,,,,,,,,,,,,,,,,,,
0.175,0.1,0.075,0.075,0.03,0.05,BioCH4,,,,,,,,,,,,,,,,,,,,,,,
0.175,0.1,0.075,0.075,0.05,0.05,BioCH4,,,,,,,,,,,,,,,,,,,,,,,
0.175,0.1,0.075,0.075,0.07,0.05,Biomass,,,,,,,,,,,,,,,,,,,,,,,
0.175,0.1,0.075,0.1,0.03,0.05,BioCH4,,,,,,,,,,,,,,,,,,,,,,,
0.175,0.1,0.075,0.1,0.05,0.05,BioCH4,,,,,,,,,,,,,,,,,,,,,,,
0.175,0.1,0.075,0.1,0.07,0.05,Biomass,,,,,,,,,,,,,,,,,,,,,,,
0.175,0.1,0.075,0.2,0.03,0.05,BioCH4Oxy_CC,,,,,,,,,,,,,,,,,,,,,,,
0.175,0.1,0.075,0.2,0.05,0.05,BioCH4Oxy_CC,,,,,,,,,,,,,,,,,,,,,,,
0.175,0.1,0.075,0.2,0.07,0.05,BiomassOxy_CC,,,,,,,,,,,,,,,,,,,,,,,
0.175,0.1,0.075,0.25,0.03,0.05,BioCH4Oxy_CC,,,,,,,,,,,,,,,,,,,,,,,
0.175,0.1,0.075,0.25,0.05,0.05,BioCH4Oxy_CC,,,,,,,,,,,,,,,,,,,,,,,
0.175,0.1,0.075,0.25,0.07,0.05,BiomassOxy_CC,,,,,,,,,,,,,,,,,,,,,,,
0.175,0.1,0.1,0.075,0.03,0.05,BioCH4,,,,,,,,,,,,,,,,,,,,,,,
0.175,0.1,0.1,0.075,0.05,0.05,BioCH4,,,,,,,,,,,,,,,,,,,,,,,
0.175,0.1,0.1,0.075,0.07,0.05,Biomass,,,,,,,,,,,,,,,,,,,,,,,
0.175,0.1,0.1,0.1,0.03,0.05,BioCH4,,,,,,,,,,,,,,,,,,,,,,,
0.175,0.1,0.1,0.1,0.05,0.05,BioCH4,,,,,,,,,,,,,,,,,,,,,,,
0.175,0.1,0.1,0.1,0.07,0.05,Biomass,,,,,,,,,,,,,,,,,,,,,,,
0.175,0.1,0.1,0.2,0.03,0.05,BioCH4Oxy_CC,,,,,,,,,,,,,,,,,,,,,,,
0.175,0.1,0.1,0.2,0.05,0.05,BioCH4Oxy_CC,,,,,,,,,,,,,,,,,,,,,,,
0.175,0.1,0.1,0.2,0.07,0.05,BiomassOxy_CC,,,,,,,,,,,,,,,,,,,,,,,
0.175,0.1,0.1,0.25,0.03,0.05,BioCH4Oxy_CC,,,,,,,,,,,,,,,,,,,,,,,
0.175,0.1,0.1,0.25,0.05,0.05,BioCH4Oxy_CC,,,,,,,,,,,,,,,,,,,,,,,
0.175,0.1,0.1,0.25,0.07,0.05,BiomassOxy_CC,,,,,,,,,,,,,,,,,,,,,,,
0.175,0.15,0.01,0.075,0.03,0.05,NG,,,,,,,,,,,,,,,,,,,,,,,
0.175,0.15,0.01,0.075,0.05,0.05,NG,,,,,,,,,,,,,,,,,,,,,,,
0.175,0.15,0.01,0.075,0.07,0.05,NG,,,,,,,,,,,,,,,,,,,,,,,
0.175,0.15,0.01,0.1,0.03,0.05,NG,,,,,,,,,,,,,,,,,,,,,,,
0.175,0.15,0.01,0.1,0.05,0.05,NG,,,,,,,,,,,,,,,,,,,,,,,
0.175,0.15,0.01,0.1,0.07,0.05,NG,,,,,,,,,,,,,,,,,,,,,,,
0.175,0.15,0.01,0.2,0.03,0.05,BioCH4_CC,,,,,,,,,,,,,,,,,,,,,,,
0.175,0.15,0.01,0.2,0.05,0.05,NG_CC,,,,,,,,,,,,,,,,,,,,,,,
0.175,0.15,0.01,0.2,0.07,0.05,NG_CC,,,,,,,,,,,,,,,,,,,,,,,
0.175,0.15,0.01,0.25,0.03,0.05,BioCH4_CC,,,,,,,,,,,,,,,,,,,,,,,
0.175,0.15,0.01,0.25,0.05,0.05,Biomass_CC,,,,,,,,,,,,,,,,,,,,,,,
0.175,0.15,0.01,0.25,0.07,0.05,Biomass_CC,,,,,,,,,,,,,,,,,,,,,,,
0.175,0.15,0.035,0.075,0.03,0.05,BioCH4,,,,,,,,,,,,,,,,,,,,,,,
0.175,0.15,0.035,0.075,0.05,0.05,NG,,,,,,,,,,,,,,,,,,,,,,,
0.175,0.15,0.035,0.075,0.07,0.05,NG,,,,,,,,,,,,,,,,,,,,,,,
0.175,0.15,0.035,0.1,0.03,0.05,BioCH4,,,,,,,,,,,,,,,,,,,,,,,
0.175,0.15,0.035,0.1,0.05,0.05,BioCH4,,,,,,,,,,,,,,,,,,,,,,,
0.175,0.15,0.035,0.1,0.07,0.05,NG,,,,,,,,,,,,,,,,,,,,,,,
0.175,0.15,0.035,0.2,0.03,0.05,BioCH4Oxy_CC,,,,,,,,,,,,,,,,,,,,,,,
0.175,0.15,0.035,0.2,0.05,0.05,BioCH4Oxy_CC,,,,,,,,,,,,,,,,,,,,,,,
0.175,0.15,0.035,0.2,0.07,0.05,BiomassOxy_CC,,,,,,,,,,,,,,,,,,,,,,,
0.175,0.15,0.035,0.25,0.03,0.05,BioCH4Oxy_CC,,,,,,,,,,,,,,,,,,,,,,,
0.175,0.15,0.035,0.25,0.05,0.05,BioCH4Oxy_CC,,,,,,,,,,,,,,,,,,,,,,,
0.175,0.15,0.035,0.25,0.07,0.05,BiomassOxy_CC,,,,,,,,,,,,,,,,,,,,,,,
0.175,0.15,0.055,0.075,0.03,0.05,BioCH4,,,,,,,,,,,,,,,,,,,,,,,
0.175,0.15,0.055,0.075,0.05,0.05,BioCH4,,,,,,,,,,,,,,,,,,,,,,,
0.175,0.15,0.055,0.075,0.07,0.05,Biomass,,,,,,,,,,,,,,,,,,,,,,,
0.175,0.15,0.055,0.1,0.03,0.05,BioCH4,,,,,,,,,,,,,,,,,,,,,,,
0.175,0.15,0.055,0.1,0.05,0.05,BioCH4,,,,,,,,,,,,,,,,,,,,,,,
0.175,0.15,0.055,0.1,0.07,0.05,Biomass,,,,,,,,,,,,,,,,,,,,,,,
0.175,0.15,0.055,0.2,0.03,0.05,BioCH4Oxy_CC,,,,,,,,,,,,,,,,,,,,,,,
0.175,0.15,0.055,0.2,0.05,0.05,BioCH4Oxy_CC,,,,,,,,,,,,,,,,,,,,,,,
0.175,0.15,0.055,0.2,0.07,0.05,BiomassOxy_CC,,,,,,,,,,,,,,,,,,,,,,,
0.175,0.15,0.055,0.25,0.03,0.05,BioCH4Oxy_CC,,,,,,,,,,,,,,,,,,,,,,,
0.175,0.15,0.055,0.25,0.05,0.05,BioCH4Oxy_CC,,,,,,,,,,,,,,,,,,,,,,,
0.175,0.15,0.055,0.25,0.07,0.05,BiomassOxy_CC,,,,,,,,,,,,,,,,,,,,,,,
0.175,0.15,0.075,0.075,0.03,0.05,BioCH4,,,,,,,,,,,,,,,,,,,,,,,
0.175,0.15,0.075,0.075,0.05,0.05,BioCH4,,,,,,,,,,,,,,,,,,,,,,,
0.175,0.15,0.075,0.075,0.07,0.05,Biomass,,,,,,,,,,,,,,,,,,,,,,,
0.175,0.15,0.075,0.1,0.03,0.05,BioCH4,,,,,,,,,,,,,,,,,,,,,,,
0.175,0.15,0.075,0.1,0.05,0.05,BioCH4,,,,,,,,,,,,,,,,,,,,,,,
0.175,0.15,0.075,0.1,0.07,0.05,Biomass,,,,,,,,,,,,,,,,,,,,,,,
0.175,0.15,0.075,0.2,0.03,0.05,BioCH4Oxy_CC,,,,,,,,,,,,,,,,,,,,,,,
0.175,0.15,0.075,0.2,0.05,0.05,BioCH4Oxy_CC,,,,,,,,,,,,,,,,,,,,,,,
0.175,0.15,0.075,0.2,0.07,0.05,BiomassOxy_CC,,,,,,,,,,,,,,,,,,,,,,,
0.175,0.15,0.075,0.25,0.03,0.05,BioCH4Oxy_CC,,,,,,,,,,,,,,,,,,,,,,,
0.175,0.15,0.075,0.25,0.05,0.05,BioCH4Oxy_CC,,,,,,,,,,,,,,,,,,,,,,,
0.175,0.15,0.075,0.25,0.07,0.05,BiomassOxy_CC,,,,,,,,,,,,,,,,,,,,,,,
0.175,0.15,0.1,0.075,0.03,0.05,BioCH4,,,,,,,,,,,,,,,,,,,,,,,
0.175,0.15,0.1,0.075,0.05,0.05,BioCH4,,,,,,,,,,,,,,,,,,,,,,,
0.175,0.15,0.1,0.075,0.07,0.05,Biomass,,,,,,,,,,,,,,,,,,,,,,,
0.175,0.15,0.1,0.1,0.03,0.05,BioCH4,,,,,,,,,,,,,,,,,,,,,,,
0.175,0.15,0.1,0.1,0.05,0.05,BioCH4,,,,,,,,,,,,,,,,,,,,,,,
0.175,0.15,0.1,0.1,0.07,0.05,Biomass,,,,,,,,,,,,,,,,,,,,,,,
0.175,0.15,0.1,0.2,0.03,0.05,BioCH4Oxy_CC,,,,,,,,,,,,,,,,,,,,,,,
0.175,0.15,0.1,0.2,0.05,0.05,BioCH4Oxy_CC,,,,,,,,,,,,,,,,,,,,,,,
0.175,0.15,0.1,0.2,0.07,0.05,BiomassOxy_CC,,,,,,,,,,,,,,,,,,,,,,,
0.175,0.15,0.1,0.25,0.03,0.05,BioCH4Oxy_CC,,,,,,,,,,,,,,,,,,,,,,,
0.175,0.15,0.1,0.25,0.05,0.05,BioCH4Oxy_CC,,,,,,,,,,,,,,,,,,,,,,,
0.175,0.15,0.1,0.25,0.07,0.05,BiomassOxy_CC,,,,,,,,,,,,,,,,,,,,,,,
0.175,0.2,0.01,0.075,0.03,0.05,NG,,,,,,,,,,,,,,,,,,,,,,,
0.175,0.2,0.01,0.075,0.05,0.05,NG,,,,,,,,,,,,,,,,,,,,,,,
0.175,0.2,0.01,0.075,0.07,0.05,NG,,,,,,,,,,,,,,,,,,,,,,,
0.175,0.2,0.01,0.1,0.03,0.05,NG,,,,,,,,,,,,,,,,,,,,,,,
0.175,0.2,0.01,0.1,0.05,0.05,NG,,,,,,,,,,,,,,,,,,,,,,,
0.175,0.2,0.01,0.1,0.07,0.05,NG,,,,,,,,,,,,,,,,,,,,,,,
0.175,0.2,0.01,0.2,0.03,0.05,BioCH4_CC,,,,,,,,,,,,,,,,,,,,,,,
0.175,0.2,0.01,0.2,0.05,0.05,NG_CC,,,,,,,,,,,,,,,,,,,,,,,
0.175,0.2,0.01,0.2,0.07,0.05,NG_CC,,,,,,,,,,,,,,,,,,,,,,,
0.175,0.2,0.01,0.25,0.03,0.05,BioCH4_CC,,,,,,,,,,,,,,,,,,,,,,,
0.175,0.2,0.01,0.25,0.05,0.05,Biomass_CC,,,,,,,,,,,,,,,,,,,,,,,
0.175,0.2,0.01,0.25,0.07,0.05,Biomass_CC,,,,,,,,,,,,,,,,,,,,,,,
0.175,0.2,0.035,0.075,0.03,0.05,BioCH4,,,,,,,,,,,,,,,,,,,,,,,
0.175,0.2,0.035,0.075,0.05,0.05,NG,,,,,,,,,,,,,,,,,,,,,,,
0.175,0.2,0.035,0.075,0.07,0.05,NG,,,,,,,,,,,,,,,,,,,,,,,
0.175,0.2,0.035,0.1,0.03,0.05,BioCH4,,,,,,,,,,,,,,,,,,,,,,,
0.175,0.2,0.035,0.1,0.05,0.05,BioCH4,,,,,,,,,,,,,,,,,,,,,,,
0.175,0.2,0.035,0.1,0.07,0.05,NG,,,,,,,,,,,,,,,,,,,,,,,
0.175,0.2,0.035,0.2,0.03,0.05,BioCH4Oxy_CC,,,,,,,,,,,,,,,,,,,,,,,
0.175,0.2,0.035,0.2,0.05,0.05,BioCH4Oxy_CC,,,,,,,,,,,,,,,,,,,,,,,
0.175,0.2,0.035,0.2,0.07,0.05,BiomassOxy_CC,,,,,,,,,,,,,,,,,,,,,,,
0.175,0.2,0.035,0.25,0.03,0.05,BioCH4Oxy_CC,,,,,,,,,,,,,,,,,,,,,,,
0.175,0.2,0.035,0.25,0.05,0.05,BioCH4Oxy_CC,,,,,,,,,,,,,,,,,,,,,,,
0.175,0.2,0.035,0.25,0.07,0.05,BiomassOxy_CC,,,,,,,,,,,,,,,,,,,,,,,
0.175,0.2,0.055,0.075,0.03,0.05,BioCH4,,,,,,,,,,,,,,,,,,,,,,,
0.175,0.2,0.055,0.075,0.05,0.05,BioCH4,,,,,,,,,,,,,,,,,,,,,,,
0.175,0.2,0.055,0.075,0.07,0.05,Biomass,,,,,,,,,,,,,,,,,,,,,,,
0.175,0.2,0.055,0.1,0.03,0.05,BioCH4,,,,,,,,,,,,,,,,,,,,,,,
0.175,0.2,0.055,0.1,0.05,0.05,BioCH4,,,,,,,,,,,,,,,,,,,,,,,
0.175,0.2,0.055,0.1,0.07,0.05,Biomass,,,,,,,,,,,,,,,,,,,,,,,
0.175,0.2,0.055,0.2,0.03,0.05,BioCH4Oxy_CC,,,,,,,,,,,,,,,,,,,,,,,
0.175,0.2,0.055,0.2,0.05,0.05,BioCH4Oxy_CC,,,,,,,,,,,,,,,,,,,,,,,
0.175,0.2,0.055,0.2,0.07,0.05,BiomassOxy_CC,,,,,,,,,,,,,,,,,,,,,,,
0.175,0.2,0.055,0.25,0.03,0.05,BioCH4Oxy_CC,,,,,,,,,,,,,,,,,,,,,,,
0.175,0.2,0.055,0.25,0.05,0.05,BioCH4Oxy_CC,,,,,,,,,,,,,,,,,,,,,,,
0.175,0.2,0.055,0.25,0.07,0.05,BiomassOxy_CC,,,,,,,,,,,,,,,,,,,,,,,
0.175,0.2,0.075,0.075,0.03,0.05,BioCH4,,,,,,,,,,,,,,,,,,,,,,,
0.175,0.2,0.075,0.075,0.05,0.05,BioCH4,,,,,,,,,,,,,,,,,,,,,,,
0.175,0.2,0.075,0.075,0.07,0.05,Biomass,,,,,,,,,,,,,,,,,,,,,,,
0.175,0.2,0.075,0.1,0.03,0.05,BioCH4,,,,,,,,,,,,,,,,,,,,,,,
0.175,0.2,0.075,0.1,0.05,0.05,BioCH4,,,,,,,,,,,,,,,,,,,,,,,
0.175,0.2,0.075,0.1,0.07,0.05,Biomass,,,,,,,,,,,,,,,,,,,,,,,
0.175,0.2,0.075,0.2,0.03,0.05,BioCH4Oxy_CC,,,,,,,,,,,,,,,,,,,,,,,
0.175,0.2,0.075,0.2,0.05,0.05,BioCH4Oxy_CC,,,,,,,,,,,,,,,,,,,,,,,
0.175,0.2,0.075,0.2,0.07,0.05,BiomassOxy_CC,,,,,,,,,,,,,,,,,,,,,,,
0.175,0.2,0.075,0.25,0.03,0.05,BioCH4Oxy_CC,,,,,,,,,,,,,,,,,,,,,,,
0.175,0.2,0.075,0.25,0.05,0.05,BioCH4Oxy_CC,,,,,,,,,,,,,,,,,,,,,,,
0.175,0.2,0.075,0.25,0.07,0.05,BiomassOxy_CC,,,,,,,,,,,,,,,,,,,,,,,
0.175,0.2,0.1,0.075,0.03,0.05,BioCH4,,,,,,,,,,,,,,,,,,,,,,,
0.175,0.2,0.1,0.075,0.05,0.05,BioCH4,,,,,,,,,,,,,,,,,,,,,,,
0.175,0.2,0.1,0.075,0.07,0.05,Biomass,,,,,,,,,,,,,,,,,,,,,,,
0.175,0.2,0.1,0.1,0.03,0.05,BioCH4,,,,,,,,,,,,,,,,,,,,,,,
0.175,0.2,0.1,0.1,0.05,0.05,BioCH4,,,,,,,,,,,,,,,,,,,,,,,
0.175,0.2,0.1,0.1,0.07,0.05,Biomass,,,,,,,,,,,,,,,,,,,,,,,
0.175,0.2,0.1,0.2,0.03,0.05,BioCH4Oxy_CC,,,,,,,,,,,,,,,,,,,,,,,
0.175,0.2,0.1,0.2,0.05,0.05,BioCH4Oxy_CC,,,,,,,,,,,,,,,,,,,,,,,
0.175,0.2,0.1,0.2,0.07,0.05,BiomassOxy_CC,,,,,,,,,,,,,,,,,,,,,,,
0.175,0.2,0.1,0.25,0.03,0.05,BioCH4Oxy_CC,,,,,,,,,,,,,,,,,,,,,,,
0.175,0.2,0.1,0.25,0.05,0.05,BioCH4Oxy_CC,,,,,,,,,,,,,,,,,,,,,,,
