cEE;cH2;cNG;cCO2;cBioCH4;cBiomass;configuration
0.01;0.01;0.01;0.075;0.03;0.018;Plasma
0.01;0.01;0.01;0.075;0.03;0.03;Plasma
0.01;0.01;0.01;0.075;0.05;0.018;Plasma
0.01;0.01;0.01;0.075;0.05;0.03;Plasma
0.01;0.01;0.01;0.075;0.07;0.018;Plasma
0.01;0.01;0.01;0.075;0.07;0.03;Plasma
0.01;0.01;0.01;0.1;0.03;0.018;Plasma_CC
0.01;0.01;0.01;0.1;0.03;0.03;Plasma_CC
0.01;0.01;0.01;0.1;0.05;0.018;Plasma_CC
0.01;0.01;0.01;0.1;0.05;0.03;Plasma_CC
0.01;0.01;0.01;0.1;0.07;0.018;Plasma_CC
0.01;0.01;0.01;0.1;0.07;0.03;Plasma_CC
0.01;0.01;0.01;0.2;0.03;0.018;Plasma_CC
0.01;0.01;0.01;0.2;0.03;0.03;Plasma_CC
0.01;0.01;0.01;0.2;0.05;0.018;Plasma_CC
0.01;0.01;0.01;0.2;0.05;0.03;Plasma_CC
0.01;0.01;0.01;0.2;0.07;0.018;Plasma_CC
0.01;0.01;0.01;0.2;0.07;0.03;Plasma_CC
0.01;0.01;0.01;0.25;0.03;0.018;Plasma_CC
0.01;0.01;0.01;0.25;0.03;0.03;Plasma_CC
0.01;0.01;0.01;0.25;0.05;0.018;Plasma_CC
0.01;0.01;0.01;0.25;0.05;0.03;Plasma_CC
0.01;0.01;0.01;0.25;0.07;0.018;Plasma_CC
0.01;0.01;0.01;0.25;0.07;0.03;Plasma_CC
0.01;0.01;0.035;0.075;0.03;0.018;Plasma
0.01;0.01;0.035;0.075;0.03;0.03;Plasma
0.01;0.01;0.035;0.075;0.05;0.018;Plasma
0.01;0.01;0.035;0.075;0.05;0.03;Plasma
0.01;0.01;0.035;0.075;0.07;0.018;Plasma
0.01;0.01;0.035;0.075;0.07;0.03;Plasma
0.01;0.01;0.035;0.1;0.03;0.018;Plasma_CC
0.01;0.01;0.035;0.1;0.03;0.03;Plasma_CC
0.01;0.01;0.035;0.1;0.05;0.018;Plasma_CC
0.01;0.01;0.035;0.1;0.05;0.03;Plasma_CC
0.01;0.01;0.035;0.1;0.07;0.018;Plasma_CC
0.01;0.01;0.035;0.1;0.07;0.03;Plasma_CC
0.01;0.01;0.035;0.2;0.03;0.018;Plasma_CC
0.01;0.01;0.035;0.2;0.03;0.03;Plasma_CC
0.01;0.01;0.035;0.2;0.05;0.018;Plasma_CC
0.01;0.01;0.035;0.2;0.05;0.03;Plasma_CC
0.01;0.01;0.035;0.2;0.07;0.018;Plasma_CC
0.01;0.01;0.035;0.2;0.07;0.03;Plasma_CC
0.01;0.01;0.035;0.25;0.03;0.018;Plasma_CC
0.01;0.01;0.035;0.25;0.03;0.03;Plasma_CC
0.01;0.01;0.035;0.25;0.05;0.018;Plasma_CC
0.01;0.01;0.035;0.25;0.05;0.03;Plasma_CC
0.01;0.01;0.035;0.25;0.07;0.018;Plasma_CC
0.01;0.01;0.035;0.25;0.07;0.03;Plasma_CC
0.01;0.01;0.055;0.075;0.03;0.018;Plasma
0.01;0.01;0.055;0.075;0.03;0.03;Plasma
0.01;0.01;0.055;0.075;0.05;0.018;Plasma
0.01;0.01;0.055;0.075;0.05;0.03;Plasma
0.01;0.01;0.055;0.075;0.07;0.018;Plasma
0.01;0.01;0.055;0.075;0.07;0.03;Plasma
0.01;0.01;0.055;0.1;0.03;0.018;Plasma_CC
0.01;0.01;0.055;0.1;0.03;0.03;Plasma_CC
0.01;0.01;0.055;0.1;0.05;0.018;Plasma_CC
0.01;0.01;0.055;0.1;0.05;0.03;Plasma_CC
0.01;0.01;0.055;0.1;0.07;0.018;Plasma_CC
0.01;0.01;0.055;0.1;0.07;0.03;Plasma_CC
0.01;0.01;0.055;0.2;0.03;0.018;Plasma_CC
0.01;0.01;0.055;0.2;0.03;0.03;Plasma_CC
0.01;0.01;0.055;0.2;0.05;0.018;Plasma_CC
0.01;0.01;0.055;0.2;0.05;0.03;Plasma_CC
0.01;0.01;0.055;0.2;0.07;0.018;Plasma_CC
0.01;0.01;0.055;0.2;0.07;0.03;Plasma_CC
0.01;0.01;0.055;0.25;0.03;0.018;Plasma_CC
0.01;0.01;0.055;0.25;0.03;0.03;Plasma_CC
0.01;0.01;0.055;0.25;0.05;0.018;Plasma_CC
0.01;0.01;0.055;0.25;0.05;0.03;Plasma_CC
0.01;0.01;0.055;0.25;0.07;0.018;Plasma_CC
0.01;0.01;0.055;0.25;0.07;0.03;Plasma_CC
0.01;0.01;0.075;0.075;0.03;0.018;Plasma
0.01;0.01;0.075;0.075;0.03;0.03;Plasma
0.01;0.01;0.075;0.075;0.05;0.018;Plasma
0.01;0.01;0.075;0.075;0.05;0.03;Plasma
0.01;0.01;0.075;0.075;0.07;0.018;Plasma
0.01;0.01;0.075;0.075;0.07;0.03;Plasma
0.01;0.01;0.075;0.1;0.03;0.018;Plasma_CC
0.01;0.01;0.075;0.1;0.03;0.03;Plasma_CC
0.01;0.01;0.075;0.1;0.05;0.018;Plasma_CC
0.01;0.01;0.075;0.1;0.05;0.03;Plasma_CC
0.01;0.01;0.075;0.1;0.07;0.018;Plasma_CC
0.01;0.01;0.075;0.1;0.07;0.03;Plasma_CC
0.01;0.01;0.075;0.2;0.03;0.018;Plasma_CC
0.01;0.01;0.075;0.2;0.03;0.03;Plasma_CC
0.01;0.01;0.075;0.2;0.05;0.018;Plasma_CC
0.01;0.01;0.075;0.2;0.05;0.03;Plasma_CC
0.01;0.01;0.075;0.2;0.07;0.018;Plasma_CC
0.01;0.01;0.075;0.2;0.07;0.03;Plasma_CC
0.01;0.01;0.075;0.25;0.03;0.018;Plasma_CC
0.01;0.01;0.075;0.25;0.03;0.03;Plasma_CC
0.01;0.01;0.075;0.25;0.05;0.018;Plasma_CC
0.01;0.01;0.075;0.25;0.05;0.03;Plasma_CC
0.01;0.01;0.075;0.25;0.07;0.018;Plasma_CC
0.01;0.01;0.075;0.25;0.07;0.03;Plasma_CC
0.01;0.01;0.1;0.075;0.03;0.018;Plasma
0.01;0.01;0.1;0.075;0.03;0.03;Plasma
0.01;0.01;0.1;0.075;0.05;0.018;Plasma
0.01;0.01;0.1;0.075;0.05;0.03;Plasma
0.01;0.01;0.1;0.075;0.07;0.018;Plasma
0.01;0.01;0.1;0.075;0.07;0.03;Plasma
0.01;0.01;0.1;0.1;0.03;0.018;Plasma_CC
0.01;0.01;0.1;0.1;0.03;0.03;Plasma_CC
0.01;0.01;0.1;0.1;0.05;0.018;Plasma_CC
0.01;0.01;0.1;0.1;0.05;0.03;Plasma_CC
0.01;0.01;0.1;0.1;0.07;0.018;Plasma_CC
0.01;0.01;0.1;0.1;0.07;0.03;Plasma_CC
0.01;0.01;0.1;0.2;0.03;0.018;Plasma_CC
0.01;0.01;0.1;0.2;0.03;0.03;Plasma_CC
0.01;0.01;0.1;0.2;0.05;0.018;Plasma_CC
0.01;0.01;0.1;0.2;0.05;0.03;Plasma_CC
0.01;0.01;0.1;0.2;0.07;0.018;Plasma_CC
0.01;0.01;0.1;0.2;0.07;0.03;Plasma_CC
0.01;0.01;0.1;0.25;0.03;0.018;Plasma_CC
0.01;0.01;0.1;0.25;0.03;0.03;Plasma_CC
0.01;0.01;0.1;0.25;0.05;0.018;Plasma_CC
0.01;0.01;0.1;0.25;0.05;0.03;Plasma_CC
0.01;0.01;0.1;0.25;0.07;0.018;Plasma_CC
0.01;0.01;0.1;0.25;0.07;0.03;Plasma_CC
0.01;0.025;0.01;0.075;0.03;0.018;Plasma
0.01;0.025;0.01;0.075;0.03;0.03;Plasma
0.01;0.025;0.01;0.075;0.05;0.018;Plasma
0.01;0.025;0.01;0.075;0.05;0.03;Plasma
0.01;0.025;0.01;0.075;0.07;0.018;Plasma
0.01;0.025;0.01;0.075;0.07;0.03;Plasma
0.01;0.025;0.01;0.1;0.03;0.018;Plasma_CC
0.01;0.025;0.01;0.1;0.03;0.03;Plasma_CC
0.01;0.025;0.01;0.1;0.05;0.018;Plasma_CC
0.01;0.025;0.01;0.1;0.05;0.03;Plasma_CC
0.01;0.025;0.01;0.1;0.07;0.018;Plasma_CC
0.01;0.025;0.01;0.1;0.07;0.03;Plasma_CC
0.01;0.025;0.01;0.2;0.03;0.018;Plasma_CC
0.01;0.025;0.01;0.2;0.03;0.03;Plasma_CC
0.01;0.025;0.01;0.2;0.05;0.018;Plasma_CC
0.01;0.025;0.01;0.2;0.05;0.03;Plasma_CC
0.01;0.025;0.01;0.2;0.07;0.018;Plasma_CC
0.01;0.025;0.01;0.2;0.07;0.03;Plasma_CC
0.01;0.025;0.01;0.25;0.03;0.018;Plasma_CC
0.01;0.025;0.01;0.25;0.03;0.03;Plasma_CC
0.01;0.025;0.01;0.25;0.05;0.018;Plasma_CC
0.01;0.025;0.01;0.25;0.05;0.03;Plasma_CC
0.01;0.025;0.01;0.25;0.07;0.018;Plasma_CC
0.01;0.025;0.01;0.25;0.07;0.03;Plasma_CC
0.01;0.025;0.035;0.075;0.03;0.018;Plasma
0.01;0.025;0.035;0.075;0.03;0.03;Plasma
0.01;0.025;0.035;0.075;0.05;0.018;Plasma
0.01;0.025;0.035;0.075;0.05;0.03;Plasma
0.01;0.025;0.035;0.075;0.07;0.018;Plasma
0.01;0.025;0.035;0.075;0.07;0.03;Plasma
0.01;0.025;0.035;0.1;0.03;0.018;Plasma_CC
0.01;0.025;0.035;0.1;0.03;0.03;Plasma_CC
0.01;0.025;0.035;0.1;0.05;0.018;Plasma_CC
0.01;0.025;0.035;0.1;0.05;0.03;Plasma_CC
0.01;0.025;0.035;0.1;0.07;0.018;Plasma_CC
0.01;0.025;0.035;0.1;0.07;0.03;Plasma_CC
0.01;0.025;0.035;0.2;0.03;0.018;Plasma_CC
0.01;0.025;0.035;0.2;0.03;0.03;Plasma_CC
0.01;0.025;0.035;0.2;0.05;0.018;Plasma_CC
0.01;0.025;0.035;0.2;0.05;0.03;Plasma_CC
0.01;0.025;0.035;0.2;0.07;0.018;Plasma_CC
0.01;0.025;0.035;0.2;0.07;0.03;Plasma_CC
0.01;0.025;0.035;0.25;0.03;0.018;Plasma_CC
0.01;0.025;0.035;0.25;0.03;0.03;Plasma_CC
0.01;0.025;0.035;0.25;0.05;0.018;Plasma_CC
0.01;0.025;0.035;0.25;0.05;0.03;Plasma_CC
0.01;0.025;0.035;0.25;0.07;0.018;Plasma_CC
0.01;0.025;0.035;0.25;0.07;0.03;Plasma_CC
0.01;0.025;0.055;0.075;0.03;0.018;Plasma
0.01;0.025;0.055;0.075;0.03;0.03;Plasma
0.01;0.025;0.055;0.075;0.05;0.018;Plasma
0.01;0.025;0.055;0.075;0.05;0.03;Plasma
0.01;0.025;0.055;0.075;0.07;0.018;Plasma
0.01;0.025;0.055;0.075;0.07;0.03;Plasma
0.01;0.025;0.055;0.1;0.03;0.018;Plasma_CC
0.01;0.025;0.055;0.1;0.03;0.03;Plasma_CC
0.01;0.025;0.055;0.1;0.05;0.018;Plasma_CC
0.01;0.025;0.055;0.1;0.05;0.03;Plasma_CC
0.01;0.025;0.055;0.1;0.07;0.018;Plasma_CC
0.01;0.025;0.055;0.1;0.07;0.03;Plasma_CC
0.01;0.025;0.055;0.2;0.03;0.018;Plasma_CC
0.01;0.025;0.055;0.2;0.03;0.03;Plasma_CC
0.01;0.025;0.055;0.2;0.05;0.018;Plasma_CC
0.01;0.025;0.055;0.2;0.05;0.03;Plasma_CC
0.01;0.025;0.055;0.2;0.07;0.018;Plasma_CC
0.01;0.025;0.055;0.2;0.07;0.03;Plasma_CC
0.01;0.025;0.055;0.25;0.03;0.018;Plasma_CC
0.01;0.025;0.055;0.25;0.03;0.03;Plasma_CC
0.01;0.025;0.055;0.25;0.05;0.018;Plasma_CC
0.01;0.025;0.055;0.25;0.05;0.03;Plasma_CC
0.01;0.025;0.055;0.25;0.07;0.018;Plasma_CC
0.01;0.025;0.055;0.25;0.07;0.03;Plasma_CC
0.01;0.025;0.075;0.075;0.03;0.018;Plasma
0.01;0.025;0.075;0.075;0.03;0.03;Plasma
0.01;0.025;0.075;0.075;0.05;0.018;Plasma
0.01;0.025;0.075;0.075;0.05;0.03;Plasma
0.01;0.025;0.075;0.075;0.07;0.018;Plasma
0.01;0.025;0.075;0.075;0.07;0.03;Plasma
0.01;0.025;0.075;0.1;0.03;0.018;Plasma_CC
0.01;0.025;0.075;0.1;0.03;0.03;Plasma_CC
0.01;0.025;0.075;0.1;0.05;0.018;Plasma_CC
0.01;0.025;0.075;0.1;0.05;0.03;Plasma_CC
0.01;0.025;0.075;0.1;0.07;0.018;Plasma_CC
0.01;0.025;0.075;0.1;0.07;0.03;Plasma_CC
0.01;0.025;0.075;0.2;0.03;0.018;Plasma_CC
0.01;0.025;0.075;0.2;0.03;0.03;Plasma_CC
0.01;0.025;0.075;0.2;0.05;0.018;Plasma_CC
0.01;0.025;0.075;0.2;0.05;0.03;Plasma_CC
0.01;0.025;0.075;0.2;0.07;0.018;Plasma_CC
0.01;0.025;0.075;0.2;0.07;0.03;Plasma_CC
0.01;0.025;0.075;0.25;0.03;0.018;Plasma_CC
0.01;0.025;0.075;0.25;0.03;0.03;Plasma_CC
0.01;0.025;0.075;0.25;0.05;0.018;Plasma_CC
0.01;0.025;0.075;0.25;0.05;0.03;Plasma_CC
0.01;0.025;0.075;0.25;0.07;0.018;Plasma_CC
0.01;0.025;0.075;0.25;0.07;0.03;Plasma_CC
0.01;0.025;0.1;0.075;0.03;0.018;Plasma
0.01;0.025;0.1;0.075;0.03;0.03;Plasma
0.01;0.025;0.1;0.075;0.05;0.018;Plasma
0.01;0.025;0.1;0.075;0.05;0.03;Plasma
0.01;0.025;0.1;0.075;0.07;0.018;Plasma
0.01;0.025;0.1;0.075;0.07;0.03;Plasma
0.01;0.025;0.1;0.1;0.03;0.018;Plasma_CC
0.01;0.025;0.1;0.1;0.03;0.03;Plasma_CC
0.01;0.025;0.1;0.1;0.05;0.018;Plasma_CC
0.01;0.025;0.1;0.1;0.05;0.03;Plasma_CC
0.01;0.025;0.1;0.1;0.07;0.018;Plasma_CC
0.01;0.025;0.1;0.1;0.07;0.03;Plasma_CC
0.01;0.025;0.1;0.2;0.03;0.018;Plasma_CC
0.01;0.025;0.1;0.2;0.03;0.03;Plasma_CC
0.01;0.025;0.1;0.2;0.05;0.018;Plasma_CC
0.01;0.025;0.1;0.2;0.05;0.03;Plasma_CC
0.01;0.025;0.1;0.2;0.07;0.018;Plasma_CC
0.01;0.025;0.1;0.2;0.07;0.03;Plasma_CC
0.01;0.025;0.1;0.25;0.03;0.018;Plasma_CC
0.01;0.025;0.1;0.25;0.03;0.03;Plasma_CC
0.01;0.025;0.1;0.25;0.05;0.018;Plasma_CC
0.01;0.025;0.1;0.25;0.05;0.03;Plasma_CC
0.01;0.025;0.1;0.25;0.07;0.018;Plasma_CC
0.01;0.025;0.1;0.25;0.07;0.03;Plasma_CC
0.01;0.05;0.01;0.075;0.03;0.018;Plasma
0.01;0.05;0.01;0.075;0.03;0.03;Plasma
0.01;0.05;0.01;0.075;0.05;0.018;Plasma
0.01;0.05;0.01;0.075;0.05;0.03;Plasma
0.01;0.05;0.01;0.075;0.07;0.018;Plasma
0.01;0.05;0.01;0.075;0.07;0.03;Plasma
0.01;0.05;0.01;0.1;0.03;0.018;Plasma_CC
0.01;0.05;0.01;0.1;0.03;0.03;Plasma_CC
0.01;0.05;0.01;0.1;0.05;0.018;Plasma_CC
0.01;0.05;0.01;0.1;0.05;0.03;Plasma_CC
0.01;0.05;0.01;0.1;0.07;0.018;Plasma_CC
0.01;0.05;0.01;0.1;0.07;0.03;Plasma_CC
0.01;0.05;0.01;0.2;0.03;0.018;Plasma_CC
0.01;0.05;0.01;0.2;0.03;0.03;Plasma_CC
0.01;0.05;0.01;0.2;0.05;0.018;Plasma_CC
0.01;0.05;0.01;0.2;0.05;0.03;Plasma_CC
0.01;0.05;0.01;0.2;0.07;0.018;Plasma_CC
0.01;0.05;0.01;0.2;0.07;0.03;Plasma_CC
0.01;0.05;0.01;0.25;0.03;0.018;Plasma_CC
0.01;0.05;0.01;0.25;0.03;0.03;Plasma_CC
0.01;0.05;0.01;0.25;0.05;0.018;Plasma_CC
0.01;0.05;0.01;0.25;0.05;0.03;Plasma_CC
0.01;0.05;0.01;0.25;0.07;0.018;Plasma_CC
0.01;0.05;0.01;0.25;0.07;0.03;Plasma_CC
0.01;0.05;0.035;0.075;0.03;0.018;Plasma
0.01;0.05;0.035;0.075;0.03;0.03;Plasma
0.01;0.05;0.035;0.075;0.05;0.018;Plasma
0.01;0.05;0.035;0.075;0.05;0.03;Plasma
0.01;0.05;0.035;0.075;0.07;0.018;Plasma
0.01;0.05;0.035;0.075;0.07;0.03;Plasma
0.01;0.05;0.035;0.1;0.03;0.018;Plasma_CC
0.01;0.05;0.035;0.1;0.03;0.03;Plasma_CC
0.01;0.05;0.035;0.1;0.05;0.018;Plasma_CC
0.01;0.05;0.035;0.1;0.05;0.03;Plasma_CC
0.01;0.05;0.035;0.1;0.07;0.018;Plasma_CC
0.01;0.05;0.035;0.1;0.07;0.03;Plasma_CC
0.01;0.05;0.035;0.2;0.03;0.018;Plasma_CC
0.01;0.05;0.035;0.2;0.03;0.03;Plasma_CC
0.01;0.05;0.035;0.2;0.05;0.018;Plasma_CC
0.01;0.05;0.035;0.2;0.05;0.03;Plasma_CC
0.01;0.05;0.035;0.2;0.07;0.018;Plasma_CC
0.01;0.05;0.035;0.2;0.07;0.03;Plasma_CC
0.01;0.05;0.035;0.25;0.03;0.018;Plasma_CC
0.01;0.05;0.035;0.25;0.03;0.03;Plasma_CC
0.01;0.05;0.035;0.25;0.05;0.018;Plasma_CC
0.01;0.05;0.035;0.25;0.05;0.03;Plasma_CC
0.01;0.05;0.035;0.25;0.07;0.018;Plasma_CC
0.01;0.05;0.035;0.25;0.07;0.03;Plasma_CC
0.01;0.05;0.055;0.075;0.03;0.018;Plasma
0.01;0.05;0.055;0.075;0.03;0.03;Plasma
0.01;0.05;0.055;0.075;0.05;0.018;Plasma
0.01;0.05;0.055;0.075;0.05;0.03;Plasma
0.01;0.05;0.055;0.075;0.07;0.018;Plasma
0.01;0.05;0.055;0.075;0.07;0.03;Plasma
0.01;0.05;0.055;0.1;0.03;0.018;Plasma_CC
0.01;0.05;0.055;0.1;0.03;0.03;Plasma_CC
0.01;0.05;0.055;0.1;0.05;0.018;Plasma_CC
0.01;0.05;0.055;0.1;0.05;0.03;Plasma_CC
0.01;0.05;0.055;0.1;0.07;0.018;Plasma_CC
0.01;0.05;0.055;0.1;0.07;0.03;Plasma_CC
0.01;0.05;0.055;0.2;0.03;0.018;Plasma_CC
0.01;0.05;0.055;0.2;0.03;0.03;Plasma_CC
0.01;0.05;0.055;0.2;0.05;0.018;Plasma_CC
0.01;0.05;0.055;0.2;0.05;0.03;Plasma_CC
0.01;0.05;0.055;0.2;0.07;0.018;Plasma_CC
0.01;0.05;0.055;0.2;0.07;0.03;Plasma_CC
0.01;0.05;0.055;0.25;0.03;0.018;Plasma_CC
0.01;0.05;0.055;0.25;0.03;0.03;Plasma_CC
0.01;0.05;0.055;0.25;0.05;0.018;Plasma_CC
0.01;0.05;0.055;0.25;0.05;0.03;Plasma_CC
0.01;0.05;0.055;0.25;0.07;0.018;Plasma_CC
0.01;0.05;0.055;0.25;0.07;0.03;Plasma_CC
0.01;0.05;0.075;0.075;0.03;0.018;Plasma
0.01;0.05;0.075;0.075;0.03;0.03;Plasma
0.01;0.05;0.075;0.075;0.05;0.018;Plasma
0.01;0.05;0.075;0.075;0.05;0.03;Plasma
0.01;0.05;0.075;0.075;0.07;0.018;Plasma
0.01;0.05;0.075;0.075;0.07;0.03;Plasma
0.01;0.05;0.075;0.1;0.03;0.018;Plasma_CC
0.01;0.05;0.075;0.1;0.03;0.03;Plasma_CC
0.01;0.05;0.075;0.1;0.05;0.018;Plasma_CC
0.01;0.05;0.075;0.1;0.05;0.03;Plasma_CC
0.01;0.05;0.075;0.1;0.07;0.018;Plasma_CC
0.01;0.05;0.075;0.1;0.07;0.03;Plasma_CC
0.01;0.05;0.075;0.2;0.03;0.018;Plasma_CC
0.01;0.05;0.075;0.2;0.03;0.03;Plasma_CC
0.01;0.05;0.075;0.2;0.05;0.018;Plasma_CC
0.01;0.05;0.075;0.2;0.05;0.03;Plasma_CC
0.01;0.05;0.075;0.2;0.07;0.018;Plasma_CC
0.01;0.05;0.075;0.2;0.07;0.03;Plasma_CC
0.01;0.05;0.075;0.25;0.03;0.018;Plasma_CC
0.01;0.05;0.075;0.25;0.03;0.03;Plasma_CC
0.01;0.05;0.075;0.25;0.05;0.018;Plasma_CC
0.01;0.05;0.075;0.25;0.05;0.03;Plasma_CC
0.01;0.05;0.075;0.25;0.07;0.018;Plasma_CC
0.01;0.05;0.075;0.25;0.07;0.03;Plasma_CC
0.01;0.05;0.1;0.075;0.03;0.018;Plasma
0.01;0.05;0.1;0.075;0.03;0.03;Plasma
0.01;0.05;0.1;0.075;0.05;0.018;Plasma
0.01;0.05;0.1;0.075;0.05;0.03;Plasma
0.01;0.05;0.1;0.075;0.07;0.018;Plasma
0.01;0.05;0.1;0.075;0.07;0.03;Plasma
0.01;0.05;0.1;0.1;0.03;0.018;Plasma_CC
0.01;0.05;0.1;0.1;0.03;0.03;Plasma_CC
0.01;0.05;0.1;0.1;0.05;0.018;Plasma_CC
0.01;0.05;0.1;0.1;0.05;0.03;Plasma_CC
0.01;0.05;0.1;0.1;0.07;0.018;Plasma_CC
0.01;0.05;0.1;0.1;0.07;0.03;Plasma_CC
0.01;0.05;0.1;0.2;0.03;0.018;Plasma_CC
0.01;0.05;0.1;0.2;0.03;0.03;Plasma_CC
0.01;0.05;0.1;0.2;0.05;0.018;Plasma_CC
0.01;0.05;0.1;0.2;0.05;0.03;Plasma_CC
0.01;0.05;0.1;0.2;0.07;0.018;Plasma_CC
0.01;0.05;0.1;0.2;0.07;0.03;Plasma_CC
0.01;0.05;0.1;0.25;0.03;0.018;Plasma_CC
0.01;0.05;0.1;0.25;0.03;0.03;Plasma_CC
0.01;0.05;0.1;0.25;0.05;0.018;Plasma_CC
0.01;0.05;0.1;0.25;0.05;0.03;Plasma_CC
0.01;0.05;0.1;0.25;0.07;0.018;Plasma_CC
0.01;0.05;0.1;0.25;0.07;0.03;Plasma_CC
0.01;0.075;0.01;0.075;0.03;0.018;Plasma
0.01;0.075;0.01;0.075;0.03;0.03;Plasma
0.01;0.075;0.01;0.075;0.05;0.018;Plasma
0.01;0.075;0.01;0.075;0.05;0.03;Plasma
0.01;0.075;0.01;0.075;0.07;0.018;Plasma
0.01;0.075;0.01;0.075;0.07;0.03;Plasma
0.01;0.075;0.01;0.1;0.03;0.018;Plasma_CC
0.01;0.075;0.01;0.1;0.03;0.03;Plasma_CC
0.01;0.075;0.01;0.1;0.05;0.018;Plasma_CC
0.01;0.075;0.01;0.1;0.05;0.03;Plasma_CC
0.01;0.075;0.01;0.1;0.07;0.018;Plasma_CC
0.01;0.075;0.01;0.1;0.07;0.03;Plasma_CC
0.01;0.075;0.01;0.2;0.03;0.018;Plasma_CC
0.01;0.075;0.01;0.2;0.03;0.03;Plasma_CC
0.01;0.075;0.01;0.2;0.05;0.018;Plasma_CC
0.01;0.075;0.01;0.2;0.05;0.03;Plasma_CC
0.01;0.075;0.01;0.2;0.07;0.018;Plasma_CC
0.01;0.075;0.01;0.2;0.07;0.03;Plasma_CC
0.01;0.075;0.01;0.25;0.03;0.018;Plasma_CC
0.01;0.075;0.01;0.25;0.03;0.03;Plasma_CC
0.01;0.075;0.01;0.25;0.05;0.018;Plasma_CC
0.01;0.075;0.01;0.25;0.05;0.03;Plasma_CC
0.01;0.075;0.01;0.25;0.07;0.018;Plasma_CC
0.01;0.075;0.01;0.25;0.07;0.03;Plasma_CC
0.01;0.075;0.035;0.075;0.03;0.018;Plasma
0.01;0.075;0.035;0.075;0.03;0.03;Plasma
0.01;0.075;0.035;0.075;0.05;0.018;Plasma
0.01;0.075;0.035;0.075;0.05;0.03;Plasma
0.01;0.075;0.035;0.075;0.07;0.018;Plasma
0.01;0.075;0.035;0.075;0.07;0.03;Plasma
0.01;0.075;0.035;0.1;0.03;0.018;Plasma_CC
0.01;0.075;0.035;0.1;0.03;0.03;Plasma_CC
0.01;0.075;0.035;0.1;0.05;0.018;Plasma_CC
0.01;0.075;0.035;0.1;0.05;0.03;Plasma_CC
0.01;0.075;0.035;0.1;0.07;0.018;Plasma_CC
0.01;0.075;0.035;0.1;0.07;0.03;Plasma_CC
0.01;0.075;0.035;0.2;0.03;0.018;Plasma_CC
0.01;0.075;0.035;0.2;0.03;0.03;Plasma_CC
0.01;0.075;0.035;0.2;0.05;0.018;Plasma_CC
0.01;0.075;0.035;0.2;0.05;0.03;Plasma_CC
0.01;0.075;0.035;0.2;0.07;0.018;Plasma_CC
0.01;0.075;0.035;0.2;0.07;0.03;Plasma_CC
0.01;0.075;0.035;0.25;0.03;0.018;Plasma_CC
0.01;0.075;0.035;0.25;0.03;0.03;Plasma_CC
0.01;0.075;0.035;0.25;0.05;0.018;Plasma_CC
0.01;0.075;0.035;0.25;0.05;0.03;Plasma_CC
0.01;0.075;0.035;0.25;0.07;0.018;Plasma_CC
0.01;0.075;0.035;0.25;0.07;0.03;Plasma_CC
0.01;0.075;0.055;0.075;0.03;0.018;Plasma
0.01;0.075;0.055;0.075;0.03;0.03;Plasma
0.01;0.075;0.055;0.075;0.05;0.018;Plasma
0.01;0.075;0.055;0.075;0.05;0.03;Plasma
0.01;0.075;0.055;0.075;0.07;0.018;Plasma
0.01;0.075;0.055;0.075;0.07;0.03;Plasma
0.01;0.075;0.055;0.1;0.03;0.018;Plasma_CC
0.01;0.075;0.055;0.1;0.03;0.03;Plasma_CC
0.01;0.075;0.055;0.1;0.05;0.018;Plasma_CC
0.01;0.075;0.055;0.1;0.05;0.03;Plasma_CC
0.01;0.075;0.055;0.1;0.07;0.018;Plasma_CC
0.01;0.075;0.055;0.1;0.07;0.03;Plasma_CC
0.01;0.075;0.055;0.2;0.03;0.018;Plasma_CC
0.01;0.075;0.055;0.2;0.03;0.03;Plasma_CC
0.01;0.075;0.055;0.2;0.05;0.018;Plasma_CC
0.01;0.075;0.055;0.2;0.05;0.03;Plasma_CC
0.01;0.075;0.055;0.2;0.07;0.018;Plasma_CC
0.01;0.075;0.055;0.2;0.07;0.03;Plasma_CC
0.01;0.075;0.055;0.25;0.03;0.018;Plasma_CC
0.01;0.075;0.055;0.25;0.03;0.03;Plasma_CC
0.01;0.075;0.055;0.25;0.05;0.018;Plasma_CC
0.01;0.075;0.055;0.25;0.05;0.03;Plasma_CC
0.01;0.075;0.055;0.25;0.07;0.018;Plasma_CC
0.01;0.075;0.055;0.25;0.07;0.03;Plasma_CC
0.01;0.075;0.075;0.075;0.03;0.018;Plasma
0.01;0.075;0.075;0.075;0.03;0.03;Plasma
0.01;0.075;0.075;0.075;0.05;0.018;Plasma
0.01;0.075;0.075;0.075;0.05;0.03;Plasma
0.01;0.075;0.075;0.075;0.07;0.018;Plasma
0.01;0.075;0.075;0.075;0.07;0.03;Plasma
0.01;0.075;0.075;0.1;0.03;0.018;Plasma_CC
0.01;0.075;0.075;0.1;0.03;0.03;Plasma_CC
0.01;0.075;0.075;0.1;0.05;0.018;Plasma_CC
0.01;0.075;0.075;0.1;0.05;0.03;Plasma_CC
0.01;0.075;0.075;0.1;0.07;0.018;Plasma_CC
0.01;0.075;0.075;0.1;0.07;0.03;Plasma_CC
0.01;0.075;0.075;0.2;0.03;0.018;Plasma_CC
0.01;0.075;0.075;0.2;0.03;0.03;Plasma_CC
0.01;0.075;0.075;0.2;0.05;0.018;Plasma_CC
0.01;0.075;0.075;0.2;0.05;0.03;Plasma_CC
0.01;0.075;0.075;0.2;0.07;0.018;Plasma_CC
0.01;0.075;0.075;0.2;0.07;0.03;Plasma_CC
0.01;0.075;0.075;0.25;0.03;0.018;Plasma_CC
0.01;0.075;0.075;0.25;0.03;0.03;Plasma_CC
0.01;0.075;0.075;0.25;0.05;0.018;Plasma_CC
0.01;0.075;0.075;0.25;0.05;0.03;Plasma_CC
0.01;0.075;0.075;0.25;0.07;0.018;Plasma_CC
0.01;0.075;0.075;0.25;0.07;0.03;Plasma_CC
0.01;0.075;0.1;0.075;0.03;0.018;Plasma
0.01;0.075;0.1;0.075;0.03;0.03;Plasma
0.01;0.075;0.1;0.075;0.05;0.018;Plasma
0.01;0.075;0.1;0.075;0.05;0.03;Plasma
0.01;0.075;0.1;0.075;0.07;0.018;Plasma
0.01;0.075;0.1;0.075;0.07;0.03;Plasma
0.01;0.075;0.1;0.1;0.03;0.018;Plasma_CC
0.01;0.075;0.1;0.1;0.03;0.03;Plasma_CC
0.01;0.075;0.1;0.1;0.05;0.018;Plasma_CC
0.01;0.075;0.1;0.1;0.05;0.03;Plasma_CC
0.01;0.075;0.1;0.1;0.07;0.018;Plasma_CC
0.01;0.075;0.1;0.1;0.07;0.03;Plasma_CC
0.01;0.075;0.1;0.2;0.03;0.018;Plasma_CC
0.01;0.075;0.1;0.2;0.03;0.03;Plasma_CC
0.01;0.075;0.1;0.2;0.05;0.018;Plasma_CC
0.01;0.075;0.1;0.2;0.05;0.03;Plasma_CC
0.01;0.075;0.1;0.2;0.07;0.018;Plasma_CC
0.01;0.075;0.1;0.2;0.07;0.03;Plasma_CC
0.01;0.075;0.1;0.25;0.03;0.018;Plasma_CC
0.01;0.075;0.1;0.25;0.03;0.03;Plasma_CC
0.01;0.075;0.1;0.25;0.05;0.018;Plasma_CC
0.01;0.075;0.1;0.25;0.05;0.03;Plasma_CC
0.01;0.075;0.1;0.25;0.07;0.018;Plasma_CC
0.01;0.075;0.1;0.25;0.07;0.03;Plasma_CC
0.01;0.1;0.01;0.075;0.03;0.018;Plasma
0.01;0.1;0.01;0.075;0.03;0.03;Plasma
0.01;0.1;0.01;0.075;0.05;0.018;Plasma
0.01;0.1;0.01;0.075;0.05;0.03;Plasma
0.01;0.1;0.01;0.075;0.07;0.018;Plasma
0.01;0.1;0.01;0.075;0.07;0.03;Plasma
0.01;0.1;0.01;0.1;0.03;0.018;Plasma_CC
0.01;0.1;0.01;0.1;0.03;0.03;Plasma_CC
0.01;0.1;0.01;0.1;0.05;0.018;Plasma_CC
0.01;0.1;0.01;0.1;0.05;0.03;Plasma_CC
0.01;0.1;0.01;0.1;0.07;0.018;Plasma_CC
0.01;0.1;0.01;0.1;0.07;0.03;Plasma_CC
0.01;0.1;0.01;0.2;0.03;0.018;Plasma_CC
0.01;0.1;0.01;0.2;0.03;0.03;Plasma_CC
0.01;0.1;0.01;0.2;0.05;0.018;Plasma_CC
0.01;0.1;0.01;0.2;0.05;0.03;Plasma_CC
0.01;0.1;0.01;0.2;0.07;0.018;Plasma_CC
0.01;0.1;0.01;0.2;0.07;0.03;Plasma_CC
0.01;0.1;0.01;0.25;0.03;0.018;Plasma_CC
0.01;0.1;0.01;0.25;0.03;0.03;Plasma_CC
0.01;0.1;0.01;0.25;0.05;0.018;Plasma_CC
0.01;0.1;0.01;0.25;0.05;0.03;Plasma_CC
0.01;0.1;0.01;0.25;0.07;0.018;Plasma_CC
0.01;0.1;0.01;0.25;0.07;0.03;Plasma_CC
0.01;0.1;0.035;0.075;0.03;0.018;Plasma
0.01;0.1;0.035;0.075;0.03;0.03;Plasma
0.01;0.1;0.035;0.075;0.05;0.018;Plasma
0.01;0.1;0.035;0.075;0.05;0.03;Plasma
0.01;0.1;0.035;0.075;0.07;0.018;Plasma
0.01;0.1;0.035;0.075;0.07;0.03;Plasma
0.01;0.1;0.035;0.1;0.03;0.018;Plasma_CC
0.01;0.1;0.035;0.1;0.03;0.03;Plasma_CC
0.01;0.1;0.035;0.1;0.05;0.018;Plasma_CC
0.01;0.1;0.035;0.1;0.05;0.03;Plasma_CC
0.01;0.1;0.035;0.1;0.07;0.018;Plasma_CC
0.01;0.1;0.035;0.1;0.07;0.03;Plasma_CC
0.01;0.1;0.035;0.2;0.03;0.018;Plasma_CC
0.01;0.1;0.035;0.2;0.03;0.03;Plasma_CC
0.01;0.1;0.035;0.2;0.05;0.018;Plasma_CC
0.01;0.1;0.035;0.2;0.05;0.03;Plasma_CC
0.01;0.1;0.035;0.2;0.07;0.018;Plasma_CC
0.01;0.1;0.035;0.2;0.07;0.03;Plasma_CC
0.01;0.1;0.035;0.25;0.03;0.018;Plasma_CC
0.01;0.1;0.035;0.25;0.03;0.03;Plasma_CC
0.01;0.1;0.035;0.25;0.05;0.018;Plasma_CC
0.01;0.1;0.035;0.25;0.05;0.03;Plasma_CC
0.01;0.1;0.035;0.25;0.07;0.018;Plasma_CC
0.01;0.1;0.035;0.25;0.07;0.03;Plasma_CC
0.01;0.1;0.055;0.075;0.03;0.018;Plasma
0.01;0.1;0.055;0.075;0.03;0.03;Plasma
0.01;0.1;0.055;0.075;0.05;0.018;Plasma
0.01;0.1;0.055;0.075;0.05;0.03;Plasma
0.01;0.1;0.055;0.075;0.07;0.018;Plasma
0.01;0.1;0.055;0.075;0.07;0.03;Plasma
0.01;0.1;0.055;0.1;0.03;0.018;Plasma_CC
0.01;0.1;0.055;0.1;0.03;0.03;Plasma_CC
0.01;0.1;0.055;0.1;0.05;0.018;Plasma_CC
0.01;0.1;0.055;0.1;0.05;0.03;Plasma_CC
0.01;0.1;0.055;0.1;0.07;0.018;Plasma_CC
0.01;0.1;0.055;0.1;0.07;0.03;Plasma_CC
0.01;0.1;0.055;0.2;0.03;0.018;Plasma_CC
0.01;0.1;0.055;0.2;0.03;0.03;Plasma_CC
0.01;0.1;0.055;0.2;0.05;0.018;Plasma_CC
0.01;0.1;0.055;0.2;0.05;0.03;Plasma_CC
0.01;0.1;0.055;0.2;0.07;0.018;Plasma_CC
0.01;0.1;0.055;0.2;0.07;0.03;Plasma_CC
0.01;0.1;0.055;0.25;0.03;0.018;Plasma_CC
0.01;0.1;0.055;0.25;0.03;0.03;Plasma_CC
0.01;0.1;0.055;0.25;0.05;0.018;Plasma_CC
0.01;0.1;0.055;0.25;0.05;0.03;Plasma_CC
0.01;0.1;0.055;0.25;0.07;0.018;Plasma_CC
0.01;0.1;0.055;0.25;0.07;0.03;Plasma_CC
0.01;0.1;0.075;0.075;0.03;0.018;Plasma
0.01;0.1;0.075;0.075;0.03;0.03;Plasma
0.01;0.1;0.075;0.075;0.05;0.018;Plasma
0.01;0.1;0.075;0.075;0.05;0.03;Plasma
0.01;0.1;0.075;0.075;0.07;0.018;Plasma
0.01;0.1;0.075;0.075;0.07;0.03;Plasma
0.01;0.1;0.075;0.1;0.03;0.018;Plasma_CC
0.01;0.1;0.075;0.1;0.03;0.03;Plasma_CC
0.01;0.1;0.075;0.1;0.05;0.018;Plasma_CC
0.01;0.1;0.075;0.1;0.05;0.03;Plasma_CC
0.01;0.1;0.075;0.1;0.07;0.018;Plasma_CC
0.01;0.1;0.075;0.1;0.07;0.03;Plasma_CC
0.01;0.1;0.075;0.2;0.03;0.018;Plasma_CC
0.01;0.1;0.075;0.2;0.03;0.03;Plasma_CC
0.01;0.1;0.075;0.2;0.05;0.018;Plasma_CC
0.01;0.1;0.075;0.2;0.05;0.03;Plasma_CC
0.01;0.1;0.075;0.2;0.07;0.018;Plasma_CC
0.01;0.1;0.075;0.2;0.07;0.03;Plasma_CC
0.01;0.1;0.075;0.25;0.03;0.018;Plasma_CC
0.01;0.1;0.075;0.25;0.03;0.03;Plasma_CC
0.01;0.1;0.075;0.25;0.05;0.018;Plasma_CC
0.01;0.1;0.075;0.25;0.05;0.03;Plasma_CC
0.01;0.1;0.075;0.25;0.07;0.018;Plasma_CC
0.01;0.1;0.075;0.25;0.07;0.03;Plasma_CC
0.01;0.1;0.1;0.075;0.03;0.018;Plasma
0.01;0.1;0.1;0.075;0.03;0.03;Plasma
0.01;0.1;0.1;0.075;0.05;0.018;Plasma
0.01;0.1;0.1;0.075;0.05;0.03;Plasma
0.01;0.1;0.1;0.075;0.07;0.018;Plasma
0.01;0.1;0.1;0.075;0.07;0.03;Plasma
0.01;0.1;0.1;0.1;0.03;0.018;Plasma_CC
0.01;0.1;0.1;0.1;0.03;0.03;Plasma_CC
0.01;0.1;0.1;0.1;0.05;0.018;Plasma_CC
0.01;0.1;0.1;0.1;0.05;0.03;Plasma_CC
0.01;0.1;0.1;0.1;0.07;0.018;Plasma_CC
0.01;0.1;0.1;0.1;0.07;0.03;Plasma_CC
0.01;0.1;0.1;0.2;0.03;0.018;Plasma_CC
0.01;0.1;0.1;0.2;0.03;0.03;Plasma_CC
0.01;0.1;0.1;0.2;0.05;0.018;Plasma_CC
0.01;0.1;0.1;0.2;0.05;0.03;Plasma_CC
0.01;0.1;0.1;0.2;0.07;0.018;Plasma_CC
0.01;0.1;0.1;0.2;0.07;0.03;Plasma_CC
0.01;0.1;0.1;0.25;0.03;0.018;Plasma_CC
0.01;0.1;0.1;0.25;0.03;0.03;Plasma_CC
0.01;0.1;0.1;0.25;0.05;0.018;Plasma_CC
0.01;0.1;0.1;0.25;0.05;0.03;Plasma_CC
0.01;0.1;0.1;0.25;0.07;0.018;Plasma_CC
0.01;0.1;0.1;0.25;0.07;0.03;Plasma_CC
0.01;0.15;0.01;0.075;0.03;0.018;Plasma
0.01;0.15;0.01;0.075;0.03;0.03;Plasma
0.01;0.15;0.01;0.075;0.05;0.018;Plasma
0.01;0.15;0.01;0.075;0.05;0.03;Plasma
0.01;0.15;0.01;0.075;0.07;0.018;Plasma
0.01;0.15;0.01;0.075;0.07;0.03;Plasma
0.01;0.15;0.01;0.1;0.03;0.018;Plasma_CC
0.01;0.15;0.01;0.1;0.03;0.03;Plasma_CC
0.01;0.15;0.01;0.1;0.05;0.018;Plasma_CC
0.01;0.15;0.01;0.1;0.05;0.03;Plasma_CC
0.01;0.15;0.01;0.1;0.07;0.018;Plasma_CC
0.01;0.15;0.01;0.1;0.07;0.03;Plasma_CC
0.01;0.15;0.01;0.2;0.03;0.018;Plasma_CC
0.01;0.15;0.01;0.2;0.03;0.03;Plasma_CC
0.01;0.15;0.01;0.2;0.05;0.018;Plasma_CC
0.01;0.15;0.01;0.2;0.05;0.03;Plasma_CC
0.01;0.15;0.01;0.2;0.07;0.018;Plasma_CC
0.01;0.15;0.01;0.2;0.07;0.03;Plasma_CC
0.01;0.15;0.01;0.25;0.03;0.018;Plasma_CC
0.01;0.15;0.01;0.25;0.03;0.03;Plasma_CC
0.01;0.15;0.01;0.25;0.05;0.018;Plasma_CC
0.01;0.15;0.01;0.25;0.05;0.03;Plasma_CC
0.01;0.15;0.01;0.25;0.07;0.018;Plasma_CC
0.01;0.15;0.01;0.25;0.07;0.03;Plasma_CC
0.01;0.15;0.035;0.075;0.03;0.018;Plasma
0.01;0.15;0.035;0.075;0.03;0.03;Plasma
0.01;0.15;0.035;0.075;0.05;0.018;Plasma
0.01;0.15;0.035;0.075;0.05;0.03;Plasma
0.01;0.15;0.035;0.075;0.07;0.018;Plasma
0.01;0.15;0.035;0.075;0.07;0.03;Plasma
0.01;0.15;0.035;0.1;0.03;0.018;Plasma_CC
0.01;0.15;0.035;0.1;0.03;0.03;Plasma_CC
0.01;0.15;0.035;0.1;0.05;0.018;Plasma_CC
0.01;0.15;0.035;0.1;0.05;0.03;Plasma_CC
0.01;0.15;0.035;0.1;0.07;0.018;Plasma_CC
0.01;0.15;0.035;0.1;0.07;0.03;Plasma_CC
0.01;0.15;0.035;0.2;0.03;0.018;Plasma_CC
0.01;0.15;0.035;0.2;0.03;0.03;Plasma_CC
0.01;0.15;0.035;0.2;0.05;0.018;Plasma_CC
0.01;0.15;0.035;0.2;0.05;0.03;Plasma_CC
0.01;0.15;0.035;0.2;0.07;0.018;Plasma_CC
0.01;0.15;0.035;0.2;0.07;0.03;Plasma_CC
0.01;0.15;0.035;0.25;0.03;0.018;Plasma_CC
0.01;0.15;0.035;0.25;0.03;0.03;Plasma_CC
0.01;0.15;0.035;0.25;0.05;0.018;Plasma_CC
0.01;0.15;0.035;0.25;0.05;0.03;Plasma_CC
0.01;0.15;0.035;0.25;0.07;0.018;Plasma_CC
0.01;0.15;0.035;0.25;0.07;0.03;Plasma_CC
0.01;0.15;0.055;0.075;0.03;0.018;Plasma
0.01;0.15;0.055;0.075;0.03;0.03;Plasma
0.01;0.15;0.055;0.075;0.05;0.018;Plasma
0.01;0.15;0.055;0.075;0.05;0.03;Plasma
0.01;0.15;0.055;0.075;0.07;0.018;Plasma
0.01;0.15;0.055;0.075;0.07;0.03;Plasma
0.01;0.15;0.055;0.1;0.03;0.018;Plasma_CC
0.01;0.15;0.055;0.1;0.03;0.03;Plasma_CC
0.01;0.15;0.055;0.1;0.05;0.018;Plasma_CC
0.01;0.15;0.055;0.1;0.05;0.03;Plasma_CC
0.01;0.15;0.055;0.1;0.07;0.018;Plasma_CC
0.01;0.15;0.055;0.1;0.07;0.03;Plasma_CC
0.01;0.15;0.055;0.2;0.03;0.018;Plasma_CC
0.01;0.15;0.055;0.2;0.03;0.03;Plasma_CC
0.01;0.15;0.055;0.2;0.05;0.018;Plasma_CC
0.01;0.15;0.055;0.2;0.05;0.03;Plasma_CC
0.01;0.15;0.055;0.2;0.07;0.018;Plasma_CC
0.01;0.15;0.055;0.2;0.07;0.03;Plasma_CC
0.01;0.15;0.055;0.25;0.03;0.018;Plasma_CC
0.01;0.15;0.055;0.25;0.03;0.03;Plasma_CC
0.01;0.15;0.055;0.25;0.05;0.018;Plasma_CC
0.01;0.15;0.055;0.25;0.05;0.03;Plasma_CC
0.01;0.15;0.055;0.25;0.07;0.018;Plasma_CC
0.01;0.15;0.055;0.25;0.07;0.03;Plasma_CC
0.01;0.15;0.075;0.075;0.03;0.018;Plasma
0.01;0.15;0.075;0.075;0.03;0.03;Plasma
0.01;0.15;0.075;0.075;0.05;0.018;Plasma
0.01;0.15;0.075;0.075;0.05;0.03;Plasma
0.01;0.15;0.075;0.075;0.07;0.018;Plasma
0.01;0.15;0.075;0.075;0.07;0.03;Plasma
0.01;0.15;0.075;0.1;0.03;0.018;Plasma_CC
0.01;0.15;0.075;0.1;0.03;0.03;Plasma_CC
0.01;0.15;0.075;0.1;0.05;0.018;Plasma_CC
0.01;0.15;0.075;0.1;0.05;0.03;Plasma_CC
0.01;0.15;0.075;0.1;0.07;0.018;Plasma_CC
0.01;0.15;0.075;0.1;0.07;0.03;Plasma_CC
0.01;0.15;0.075;0.2;0.03;0.018;Plasma_CC
0.01;0.15;0.075;0.2;0.03;0.03;Plasma_CC
0.01;0.15;0.075;0.2;0.05;0.018;Plasma_CC
0.01;0.15;0.075;0.2;0.05;0.03;Plasma_CC
0.01;0.15;0.075;0.2;0.07;0.018;Plasma_CC
0.01;0.15;0.075;0.2;0.07;0.03;Plasma_CC
0.01;0.15;0.075;0.25;0.03;0.018;Plasma_CC
0.01;0.15;0.075;0.25;0.03;0.03;Plasma_CC
0.01;0.15;0.075;0.25;0.05;0.018;Plasma_CC
0.01;0.15;0.075;0.25;0.05;0.03;Plasma_CC
0.01;0.15;0.075;0.25;0.07;0.018;Plasma_CC
0.01;0.15;0.075;0.25;0.07;0.03;Plasma_CC
0.01;0.15;0.1;0.075;0.03;0.018;Plasma
0.01;0.15;0.1;0.075;0.03;0.03;Plasma
0.01;0.15;0.1;0.075;0.05;0.018;Plasma
0.01;0.15;0.1;0.075;0.05;0.03;Plasma
0.01;0.15;0.1;0.075;0.07;0.018;Plasma
0.01;0.15;0.1;0.075;0.07;0.03;Plasma
0.01;0.15;0.1;0.1;0.03;0.018;Plasma_CC
0.01;0.15;0.1;0.1;0.03;0.03;Plasma_CC
0.01;0.15;0.1;0.1;0.05;0.018;Plasma_CC
0.01;0.15;0.1;0.1;0.05;0.03;Plasma_CC
0.01;0.15;0.1;0.1;0.07;0.018;Plasma_CC
0.01;0.15;0.1;0.1;0.07;0.03;Plasma_CC
0.01;0.15;0.1;0.2;0.03;0.018;Plasma_CC
0.01;0.15;0.1;0.2;0.03;0.03;Plasma_CC
0.01;0.15;0.1;0.2;0.05;0.018;Plasma_CC
0.01;0.15;0.1;0.2;0.05;0.03;Plasma_CC
0.01;0.15;0.1;0.2;0.07;0.018;Plasma_CC
0.01;0.15;0.1;0.2;0.07;0.03;Plasma_CC
0.01;0.15;0.1;0.25;0.03;0.018;Plasma_CC
0.01;0.15;0.1;0.25;0.03;0.03;Plasma_CC
0.01;0.15;0.1;0.25;0.05;0.018;Plasma_CC
0.01;0.15;0.1;0.25;0.05;0.03;Plasma_CC
0.01;0.15;0.1;0.25;0.07;0.018;Plasma_CC
0.01;0.15;0.1;0.25;0.07;0.03;Plasma_CC
0.01;0.2;0.01;0.075;0.03;0.018;Plasma
0.01;0.2;0.01;0.075;0.03;0.03;Plasma
0.01;0.2;0.01;0.075;0.05;0.018;Plasma
0.01;0.2;0.01;0.075;0.05;0.03;Plasma
0.01;0.2;0.01;0.075;0.07;0.018;Plasma
0.01;0.2;0.01;0.075;0.07;0.03;Plasma
0.01;0.2;0.01;0.1;0.03;0.018;Plasma_CC
0.01;0.2;0.01;0.1;0.03;0.03;Plasma_CC
0.01;0.2;0.01;0.1;0.05;0.018;Plasma_CC
0.01;0.2;0.01;0.1;0.05;0.03;Plasma_CC
0.01;0.2;0.01;0.1;0.07;0.018;Plasma_CC
0.01;0.2;0.01;0.1;0.07;0.03;Plasma_CC
0.01;0.2;0.01;0.2;0.03;0.018;Plasma_CC
0.01;0.2;0.01;0.2;0.03;0.03;Plasma_CC
0.01;0.2;0.01;0.2;0.05;0.018;Plasma_CC
0.01;0.2;0.01;0.2;0.05;0.03;Plasma_CC
0.01;0.2;0.01;0.2;0.07;0.018;Plasma_CC
0.01;0.2;0.01;0.2;0.07;0.03;Plasma_CC
0.01;0.2;0.01;0.25;0.03;0.018;Plasma_CC
0.01;0.2;0.01;0.25;0.03;0.03;Plasma_CC
0.01;0.2;0.01;0.25;0.05;0.018;Plasma_CC
0.01;0.2;0.01;0.25;0.05;0.03;Plasma_CC
0.01;0.2;0.01;0.25;0.07;0.018;Plasma_CC
0.01;0.2;0.01;0.25;0.07;0.03;Plasma_CC
0.01;0.2;0.035;0.075;0.03;0.018;Plasma
0.01;0.2;0.035;0.075;0.03;0.03;Plasma
0.01;0.2;0.035;0.075;0.05;0.018;Plasma
0.01;0.2;0.035;0.075;0.05;0.03;Plasma
0.01;0.2;0.035;0.075;0.07;0.018;Plasma
0.01;0.2;0.035;0.075;0.07;0.03;Plasma
0.01;0.2;0.035;0.1;0.03;0.018;Plasma_CC
0.01;0.2;0.035;0.1;0.03;0.03;Plasma_CC
0.01;0.2;0.035;0.1;0.05;0.018;Plasma_CC
0.01;0.2;0.035;0.1;0.05;0.03;Plasma_CC
0.01;0.2;0.035;0.1;0.07;0.018;Plasma_CC
0.01;0.2;0.035;0.1;0.07;0.03;Plasma_CC
0.01;0.2;0.035;0.2;0.03;0.018;Plasma_CC
0.01;0.2;0.035;0.2;0.03;0.03;Plasma_CC
0.01;0.2;0.035;0.2;0.05;0.018;Plasma_CC
0.01;0.2;0.035;0.2;0.05;0.03;Plasma_CC
0.01;0.2;0.035;0.2;0.07;0.018;Plasma_CC
0.01;0.2;0.035;0.2;0.07;0.03;Plasma_CC
0.01;0.2;0.035;0.25;0.03;0.018;Plasma_CC
0.01;0.2;0.035;0.25;0.03;0.03;Plasma_CC
0.01;0.2;0.035;0.25;0.05;0.018;Plasma_CC
0.01;0.2;0.035;0.25;0.05;0.03;Plasma_CC
0.01;0.2;0.035;0.25;0.07;0.018;Plasma_CC
0.01;0.2;0.035;0.25;0.07;0.03;Plasma_CC
0.01;0.2;0.055;0.075;0.03;0.018;Plasma
0.01;0.2;0.055;0.075;0.03;0.03;Plasma
0.01;0.2;0.055;0.075;0.05;0.018;Plasma
0.01;0.2;0.055;0.075;0.05;0.03;Plasma
0.01;0.2;0.055;0.075;0.07;0.018;Plasma
0.01;0.2;0.055;0.075;0.07;0.03;Plasma
0.01;0.2;0.055;0.1;0.03;0.018;Plasma_CC
0.01;0.2;0.055;0.1;0.03;0.03;Plasma_CC
0.01;0.2;0.055;0.1;0.05;0.018;Plasma_CC
0.01;0.2;0.055;0.1;0.05;0.03;Plasma_CC
0.01;0.2;0.055;0.1;0.07;0.018;Plasma_CC
0.01;0.2;0.055;0.1;0.07;0.03;Plasma_CC
0.01;0.2;0.055;0.2;0.03;0.018;Plasma_CC
0.01;0.2;0.055;0.2;0.03;0.03;Plasma_CC
0.01;0.2;0.055;0.2;0.05;0.018;Plasma_CC
0.01;0.2;0.055;0.2;0.05;0.03;Plasma_CC
0.01;0.2;0.055;0.2;0.07;0.018;Plasma_CC
0.01;0.2;0.055;0.2;0.07;0.03;Plasma_CC
0.01;0.2;0.055;0.25;0.03;0.018;Plasma_CC
0.01;0.2;0.055;0.25;0.03;0.03;Plasma_CC
0.01;0.2;0.055;0.25;0.05;0.018;Plasma_CC
0.01;0.2;0.055;0.25;0.05;0.03;Plasma_CC
0.01;0.2;0.055;0.25;0.07;0.018;Plasma_CC
0.01;0.2;0.055;0.25;0.07;0.03;Plasma_CC
0.01;0.2;0.075;0.075;0.03;0.018;Plasma
0.01;0.2;0.075;0.075;0.03;0.03;Plasma
0.01;0.2;0.075;0.075;0.05;0.018;Plasma
0.01;0.2;0.075;0.075;0.05;0.03;Plasma
0.01;0.2;0.075;0.075;0.07;0.018;Plasma
0.01;0.2;0.075;0.075;0.07;0.03;Plasma
0.01;0.2;0.075;0.1;0.03;0.018;Plasma_CC
0.01;0.2;0.075;0.1;0.03;0.03;Plasma_CC
0.01;0.2;0.075;0.1;0.05;0.018;Plasma_CC
0.01;0.2;0.075;0.1;0.05;0.03;Plasma_CC
0.01;0.2;0.075;0.1;0.07;0.018;Plasma_CC
0.01;0.2;0.075;0.1;0.07;0.03;Plasma_CC
0.01;0.2;0.075;0.2;0.03;0.018;Plasma_CC
0.01;0.2;0.075;0.2;0.03;0.03;Plasma_CC
0.01;0.2;0.075;0.2;0.05;0.018;Plasma_CC
0.01;0.2;0.075;0.2;0.05;0.03;Plasma_CC
0.01;0.2;0.075;0.2;0.07;0.018;Plasma_CC
0.01;0.2;0.075;0.2;0.07;0.03;Plasma_CC
0.01;0.2;0.075;0.25;0.03;0.018;Plasma_CC
0.01;0.2;0.075;0.25;0.03;0.03;Plasma_CC
0.01;0.2;0.075;0.25;0.05;0.018;Plasma_CC
0.01;0.2;0.075;0.25;0.05;0.03;Plasma_CC
0.01;0.2;0.075;0.25;0.07;0.018;Plasma_CC
0.01;0.2;0.075;0.25;0.07;0.03;Plasma_CC
0.01;0.2;0.1;0.075;0.03;0.018;Plasma
0.01;0.2;0.1;0.075;0.03;0.03;Plasma
0.01;0.2;0.1;0.075;0.05;0.018;Plasma
0.01;0.2;0.1;0.075;0.05;0.03;Plasma
0.01;0.2;0.1;0.075;0.07;0.018;Plasma
0.01;0.2;0.1;0.075;0.07;0.03;Plasma
0.01;0.2;0.1;0.1;0.03;0.018;Plasma_CC
0.01;0.2;0.1;0.1;0.03;0.03;Plasma_CC
0.01;0.2;0.1;0.1;0.05;0.018;Plasma_CC
0.01;0.2;0.1;0.1;0.05;0.03;Plasma_CC
0.01;0.2;0.1;0.1;0.07;0.018;Plasma_CC
0.01;0.2;0.1;0.1;0.07;0.03;Plasma_CC
0.01;0.2;0.1;0.2;0.03;0.018;Plasma_CC
0.01;0.2;0.1;0.2;0.03;0.03;Plasma_CC
0.01;0.2;0.1;0.2;0.05;0.018;Plasma_CC
0.01;0.2;0.1;0.2;0.05;0.03;Plasma_CC
0.01;0.2;0.1;0.2;0.07;0.018;Plasma_CC
0.01;0.2;0.1;0.2;0.07;0.03;Plasma_CC
0.01;0.2;0.1;0.25;0.03;0.018;Plasma_CC
0.01;0.2;0.1;0.25;0.03;0.03;Plasma_CC
0.01;0.2;0.1;0.25;0.05;0.018;Plasma_CC
0.01;0.2;0.1;0.25;0.05;0.03;Plasma_CC
0.01;0.2;0.1;0.25;0.07;0.018;Plasma_CC
0.01;0.2;0.1;0.25;0.07;0.03;Plasma_CC
0.025;0.01;0.01;0.075;0.03;0.018;Biomass
0.025;0.01;0.01;0.075;0.03;0.03;NG
0.025;0.01;0.01;0.075;0.05;0.018;Biomass
0.025;0.01;0.01;0.075;0.05;0.03;NG
0.025;0.01;0.01;0.075;0.07;0.018;Biomass
0.025;0.01;0.01;0.075;0.07;0.03;NG
0.025;0.01;0.01;0.1;0.03;0.018;Plasma_CC
0.025;0.01;0.01;0.1;0.03;0.03;Plasma_CC
0.025;0.01;0.01;0.1;0.05;0.018;Plasma_CC
0.025;0.01;0.01;0.1;0.05;0.03;Plasma_CC
0.025;0.01;0.01;0.1;0.07;0.018;Plasma_CC
0.025;0.01;0.01;0.1;0.07;0.03;Plasma_CC
0.025;0.01;0.01;0.2;0.03;0.018;Plasma_CC
0.025;0.01;0.01;0.2;0.03;0.03;Plasma_CC
0.025;0.01;0.01;0.2;0.05;0.018;Plasma_CC
0.025;0.01;0.01;0.2;0.05;0.03;Plasma_CC
0.025;0.01;0.01;0.2;0.07;0.018;Plasma_CC
0.025;0.01;0.01;0.2;0.07;0.03;Plasma_CC
0.025;0.01;0.01;0.25;0.03;0.018;Plasma_CC
0.025;0.01;0.01;0.25;0.03;0.03;Plasma_CC
0.025;0.01;0.01;0.25;0.05;0.018;Plasma_CC
0.025;0.01;0.01;0.25;0.05;0.03;Plasma_CC
0.025;0.01;0.01;0.25;0.07;0.018;Plasma_CC
0.025;0.01;0.01;0.25;0.07;0.03;Plasma_CC
0.025;0.01;0.035;0.075;0.03;0.018;Biomass
0.025;0.01;0.035;0.075;0.03;0.03;Plasma
0.025;0.01;0.035;0.075;0.05;0.018;Biomass
0.025;0.01;0.035;0.075;0.05;0.03;Plasma
0.025;0.01;0.035;0.075;0.07;0.018;Biomass
0.025;0.01;0.035;0.075;0.07;0.03;Plasma
0.025;0.01;0.035;0.1;0.03;0.018;Plasma_CC
0.025;0.01;0.035;0.1;0.03;0.03;Plasma_CC
0.025;0.01;0.035;0.1;0.05;0.018;Plasma_CC
0.025;0.01;0.035;0.1;0.05;0.03;Plasma_CC
0.025;0.01;0.035;0.1;0.07;0.018;Plasma_CC
0.025;0.01;0.035;0.1;0.07;0.03;Plasma_CC
0.025;0.01;0.035;0.2;0.03;0.018;Plasma_CC
0.025;0.01;0.035;0.2;0.03;0.03;Plasma_CC
0.025;0.01;0.035;0.2;0.05;0.018;Plasma_CC
0.025;0.01;0.035;0.2;0.05;0.03;Plasma_CC
0.025;0.01;0.035;0.2;0.07;0.018;Plasma_CC
0.025;0.01;0.035;0.2;0.07;0.03;Plasma_CC
0.025;0.01;0.035;0.25;0.03;0.018;Plasma_CC
0.025;0.01;0.035;0.25;0.03;0.03;Plasma_CC
0.025;0.01;0.035;0.25;0.05;0.018;Plasma_CC
0.025;0.01;0.035;0.25;0.05;0.03;Plasma_CC
0.025;0.01;0.035;0.25;0.07;0.018;Plasma_CC
0.025;0.01;0.035;0.25;0.07;0.03;Plasma_CC
0.025;0.01;0.055;0.075;0.03;0.018;Biomass
0.025;0.01;0.055;0.075;0.03;0.03;Plasma
0.025;0.01;0.055;0.075;0.05;0.018;Biomass
0.025;0.01;0.055;0.075;0.05;0.03;Plasma
0.025;0.01;0.055;0.075;0.07;0.018;Biomass
0.025;0.01;0.055;0.075;0.07;0.03;Plasma
0.025;0.01;0.055;0.1;0.03;0.018;Plasma_CC
0.025;0.01;0.055;0.1;0.03;0.03;Plasma_CC
0.025;0.01;0.055;0.1;0.05;0.018;Plasma_CC
0.025;0.01;0.055;0.1;0.05;0.03;Plasma_CC
0.025;0.01;0.055;0.1;0.07;0.018;Plasma_CC
0.025;0.01;0.055;0.1;0.07;0.03;Plasma_CC
0.025;0.01;0.055;0.2;0.03;0.018;Plasma_CC
0.025;0.01;0.055;0.2;0.03;0.03;Plasma_CC
0.025;0.01;0.055;0.2;0.05;0.018;Plasma_CC
0.025;0.01;0.055;0.2;0.05;0.03;Plasma_CC
0.025;0.01;0.055;0.2;0.07;0.018;Plasma_CC
0.025;0.01;0.055;0.2;0.07;0.03;Plasma_CC
0.025;0.01;0.055;0.25;0.03;0.018;Plasma_CC
0.025;0.01;0.055;0.25;0.03;0.03;Plasma_CC
0.025;0.01;0.055;0.25;0.05;0.018;Plasma_CC
0.025;0.01;0.055;0.25;0.05;0.03;Plasma_CC
0.025;0.01;0.055;0.25;0.07;0.018;Plasma_CC
0.025;0.01;0.055;0.25;0.07;0.03;Plasma_CC
0.025;0.01;0.075;0.075;0.03;0.018;Biomass
0.025;0.01;0.075;0.075;0.03;0.03;Plasma
0.025;0.01;0.075;0.075;0.05;0.018;Biomass
0.025;0.01;0.075;0.075;0.05;0.03;Plasma
0.025;0.01;0.075;0.075;0.07;0.018;Biomass
0.025;0.01;0.075;0.075;0.07;0.03;Plasma
0.025;0.01;0.075;0.1;0.03;0.018;Plasma_CC
0.025;0.01;0.075;0.1;0.03;0.03;Plasma_CC
0.025;0.01;0.075;0.1;0.05;0.018;Plasma_CC
0.025;0.01;0.075;0.1;0.05;0.03;Plasma_CC
0.025;0.01;0.075;0.1;0.07;0.018;Plasma_CC
0.025;0.01;0.075;0.1;0.07;0.03;Plasma_CC
0.025;0.01;0.075;0.2;0.03;0.018;Plasma_CC
0.025;0.01;0.075;0.2;0.03;0.03;Plasma_CC
0.025;0.01;0.075;0.2;0.05;0.018;Plasma_CC
0.025;0.01;0.075;0.2;0.05;0.03;Plasma_CC
0.025;0.01;0.075;0.2;0.07;0.018;Plasma_CC
0.025;0.01;0.075;0.2;0.07;0.03;Plasma_CC
0.025;0.01;0.075;0.25;0.03;0.018;Plasma_CC
0.025;0.01;0.075;0.25;0.03;0.03;Plasma_CC
0.025;0.01;0.075;0.25;0.05;0.018;Plasma_CC
0.025;0.01;0.075;0.25;0.05;0.03;Plasma_CC
0.025;0.01;0.075;0.25;0.07;0.018;Plasma_CC
0.025;0.01;0.075;0.25;0.07;0.03;Plasma_CC
0.025;0.01;0.1;0.075;0.03;0.018;Biomass
0.025;0.01;0.1;0.075;0.03;0.03;Plasma
0.025;0.01;0.1;0.075;0.05;0.018;Biomass
0.025;0.01;0.1;0.075;0.05;0.03;Plasma
0.025;0.01;0.1;0.075;0.07;0.018;Biomass
0.025;0.01;0.1;0.075;0.07;0.03;Plasma
0.025;0.01;0.1;0.1;0.03;0.018;Plasma_CC
0.025;0.01;0.1;0.1;0.03;0.03;Plasma_CC
0.025;0.01;0.1;0.1;0.05;0.018;Plasma_CC
0.025;0.01;0.1;0.1;0.05;0.03;Plasma_CC
0.025;0.01;0.1;0.1;0.07;0.018;Plasma_CC
0.025;0.01;0.1;0.1;0.07;0.03;Plasma_CC
0.025;0.01;0.1;0.2;0.03;0.018;Plasma_CC
0.025;0.01;0.1;0.2;0.03;0.03;Plasma_CC
0.025;0.01;0.1;0.2;0.05;0.018;Plasma_CC
0.025;0.01;0.1;0.2;0.05;0.03;Plasma_CC
0.025;0.01;0.1;0.2;0.07;0.018;Plasma_CC
0.025;0.01;0.1;0.2;0.07;0.03;Plasma_CC
0.025;0.01;0.1;0.25;0.03;0.018;Plasma_CC
0.025;0.01;0.1;0.25;0.03;0.03;Plasma_CC
0.025;0.01;0.1;0.25;0.05;0.018;Plasma_CC
0.025;0.01;0.1;0.25;0.05;0.03;Plasma_CC
0.025;0.01;0.1;0.25;0.07;0.018;Plasma_CC
0.025;0.01;0.1;0.25;0.07;0.03;Plasma_CC
0.025;0.025;0.01;0.075;0.03;0.018;Biomass
0.025;0.025;0.01;0.075;0.03;0.03;NG
0.025;0.025;0.01;0.075;0.05;0.018;Biomass
0.025;0.025;0.01;0.075;0.05;0.03;NG
0.025;0.025;0.01;0.075;0.07;0.018;Biomass
0.025;0.025;0.01;0.075;0.07;0.03;NG
0.025;0.025;0.01;0.1;0.03;0.018;Plasma_CC
0.025;0.025;0.01;0.1;0.03;0.03;Plasma_CC
0.025;0.025;0.01;0.1;0.05;0.018;Plasma_CC
0.025;0.025;0.01;0.1;0.05;0.03;Plasma_CC
0.025;0.025;0.01;0.1;0.07;0.018;Plasma_CC
0.025;0.025;0.01;0.1;0.07;0.03;Plasma_CC
0.025;0.025;0.01;0.2;0.03;0.018;Plasma_CC
0.025;0.025;0.01;0.2;0.03;0.03;Plasma_CC
0.025;0.025;0.01;0.2;0.05;0.018;Plasma_CC
0.025;0.025;0.01;0.2;0.05;0.03;Plasma_CC
0.025;0.025;0.01;0.2;0.07;0.018;Plasma_CC
0.025;0.025;0.01;0.2;0.07;0.03;Plasma_CC
0.025;0.025;0.01;0.25;0.03;0.018;Plasma_CC
0.025;0.025;0.01;0.25;0.03;0.03;Plasma_CC
0.025;0.025;0.01;0.25;0.05;0.018;Plasma_CC
0.025;0.025;0.01;0.25;0.05;0.03;Plasma_CC
0.025;0.025;0.01;0.25;0.07;0.018;Plasma_CC
0.025;0.025;0.01;0.25;0.07;0.03;Plasma_CC
0.025;0.025;0.035;0.075;0.03;0.018;Biomass
0.025;0.025;0.035;0.075;0.03;0.03;Plasma
0.025;0.025;0.035;0.075;0.05;0.018;Biomass
0.025;0.025;0.035;0.075;0.05;0.03;Plasma
0.025;0.025;0.035;0.075;0.07;0.018;Biomass
0.025;0.025;0.035;0.075;0.07;0.03;Plasma
0.025;0.025;0.035;0.1;0.03;0.018;Plasma_CC
0.025;0.025;0.035;0.1;0.03;0.03;Plasma_CC
0.025;0.025;0.035;0.1;0.05;0.018;Plasma_CC
0.025;0.025;0.035;0.1;0.05;0.03;Plasma_CC
0.025;0.025;0.035;0.1;0.07;0.018;Plasma_CC
0.025;0.025;0.035;0.1;0.07;0.03;Plasma_CC
0.025;0.025;0.035;0.2;0.03;0.018;Plasma_CC
0.025;0.025;0.035;0.2;0.03;0.03;Plasma_CC
0.025;0.025;0.035;0.2;0.05;0.018;Plasma_CC
0.025;0.025;0.035;0.2;0.05;0.03;Plasma_CC
0.025;0.025;0.035;0.2;0.07;0.018;Plasma_CC
0.025;0.025;0.035;0.2;0.07;0.03;Plasma_CC
0.025;0.025;0.035;0.25;0.03;0.018;Plasma_CC
0.025;0.025;0.035;0.25;0.03;0.03;Plasma_CC
0.025;0.025;0.035;0.25;0.05;0.018;Plasma_CC
0.025;0.025;0.035;0.25;0.05;0.03;Plasma_CC
0.025;0.025;0.035;0.25;0.07;0.018;Plasma_CC
0.025;0.025;0.035;0.25;0.07;0.03;Plasma_CC
0.025;0.025;0.055;0.075;0.03;0.018;Biomass
0.025;0.025;0.055;0.075;0.03;0.03;Plasma
0.025;0.025;0.055;0.075;0.05;0.018;Biomass
0.025;0.025;0.055;0.075;0.05;0.03;Plasma
0.025;0.025;0.055;0.075;0.07;0.018;Biomass
0.025;0.025;0.055;0.075;0.07;0.03;Plasma
0.025;0.025;0.055;0.1;0.03;0.018;Plasma_CC
0.025;0.025;0.055;0.1;0.03;0.03;Plasma_CC
0.025;0.025;0.055;0.1;0.05;0.018;Plasma_CC
0.025;0.025;0.055;0.1;0.05;0.03;Plasma_CC
0.025;0.025;0.055;0.1;0.07;0.018;Plasma_CC
0.025;0.025;0.055;0.1;0.07;0.03;Plasma_CC
0.025;0.025;0.055;0.2;0.03;0.018;Plasma_CC
0.025;0.025;0.055;0.2;0.03;0.03;Plasma_CC
0.025;0.025;0.055;0.2;0.05;0.018;Plasma_CC
0.025;0.025;0.055;0.2;0.05;0.03;Plasma_CC
0.025;0.025;0.055;0.2;0.07;0.018;Plasma_CC
0.025;0.025;0.055;0.2;0.07;0.03;Plasma_CC
0.025;0.025;0.055;0.25;0.03;0.018;Plasma_CC
0.025;0.025;0.055;0.25;0.03;0.03;Plasma_CC
0.025;0.025;0.055;0.25;0.05;0.018;Plasma_CC
0.025;0.025;0.055;0.25;0.05;0.03;Plasma_CC
0.025;0.025;0.055;0.25;0.07;0.018;Plasma_CC
0.025;0.025;0.055;0.25;0.07;0.03;Plasma_CC
0.025;0.025;0.075;0.075;0.03;0.018;Biomass
0.025;0.025;0.075;0.075;0.03;0.03;Plasma
0.025;0.025;0.075;0.075;0.05;0.018;Biomass
0.025;0.025;0.075;0.075;0.05;0.03;Plasma
0.025;0.025;0.075;0.075;0.07;0.018;Biomass
0.025;0.025;0.075;0.075;0.07;0.03;Plasma
0.025;0.025;0.075;0.1;0.03;0.018;Plasma_CC
0.025;0.025;0.075;0.1;0.03;0.03;Plasma_CC
0.025;0.025;0.075;0.1;0.05;0.018;Plasma_CC
0.025;0.025;0.075;0.1;0.05;0.03;Plasma_CC
0.025;0.025;0.075;0.1;0.07;0.018;Plasma_CC
0.025;0.025;0.075;0.1;0.07;0.03;Plasma_CC
0.025;0.025;0.075;0.2;0.03;0.018;Plasma_CC
0.025;0.025;0.075;0.2;0.03;0.03;Plasma_CC
0.025;0.025;0.075;0.2;0.05;0.018;Plasma_CC
0.025;0.025;0.075;0.2;0.05;0.03;Plasma_CC
0.025;0.025;0.075;0.2;0.07;0.018;Plasma_CC
0.025;0.025;0.075;0.2;0.07;0.03;Plasma_CC
0.025;0.025;0.075;0.25;0.03;0.018;Plasma_CC
0.025;0.025;0.075;0.25;0.03;0.03;Plasma_CC
0.025;0.025;0.075;0.25;0.05;0.018;Plasma_CC
0.025;0.025;0.075;0.25;0.05;0.03;Plasma_CC
0.025;0.025;0.075;0.25;0.07;0.018;Plasma_CC
0.025;0.025;0.075;0.25;0.07;0.03;Plasma_CC
0.025;0.025;0.1;0.075;0.03;0.018;Biomass
0.025;0.025;0.1;0.075;0.03;0.03;Plasma
0.025;0.025;0.1;0.075;0.05;0.018;Biomass
0.025;0.025;0.1;0.075;0.05;0.03;Plasma
0.025;0.025;0.1;0.075;0.07;0.018;Biomass
0.025;0.025;0.1;0.075;0.07;0.03;Plasma
0.025;0.025;0.1;0.1;0.03;0.018;Plasma_CC
0.025;0.025;0.1;0.1;0.03;0.03;Plasma_CC
0.025;0.025;0.1;0.1;0.05;0.018;Plasma_CC
0.025;0.025;0.1;0.1;0.05;0.03;Plasma_CC
0.025;0.025;0.1;0.1;0.07;0.018;Plasma_CC
0.025;0.025;0.1;0.1;0.07;0.03;Plasma_CC
0.025;0.025;0.1;0.2;0.03;0.018;Plasma_CC
0.025;0.025;0.1;0.2;0.03;0.03;Plasma_CC
0.025;0.025;0.1;0.2;0.05;0.018;Plasma_CC
0.025;0.025;0.1;0.2;0.05;0.03;Plasma_CC
0.025;0.025;0.1;0.2;0.07;0.018;Plasma_CC
0.025;0.025;0.1;0.2;0.07;0.03;Plasma_CC
0.025;0.025;0.1;0.25;0.03;0.018;Plasma_CC
0.025;0.025;0.1;0.25;0.03;0.03;Plasma_CC
0.025;0.025;0.1;0.25;0.05;0.018;Plasma_CC
0.025;0.025;0.1;0.25;0.05;0.03;Plasma_CC
0.025;0.025;0.1;0.25;0.07;0.018;Plasma_CC
0.025;0.025;0.1;0.25;0.07;0.03;Plasma_CC
0.025;0.05;0.01;0.075;0.03;0.018;Biomass
0.025;0.05;0.01;0.075;0.03;0.03;NG
0.025;0.05;0.01;0.075;0.05;0.018;Biomass
0.025;0.05;0.01;0.075;0.05;0.03;NG
0.025;0.05;0.01;0.075;0.07;0.018;Biomass
0.025;0.05;0.01;0.075;0.07;0.03;NG
0.025;0.05;0.01;0.1;0.03;0.018;Plasma_CC
0.025;0.05;0.01;0.1;0.03;0.03;Plasma_CC
0.025;0.05;0.01;0.1;0.05;0.018;Plasma_CC
0.025;0.05;0.01;0.1;0.05;0.03;Plasma_CC
0.025;0.05;0.01;0.1;0.07;0.018;Plasma_CC
0.025;0.05;0.01;0.1;0.07;0.03;Plasma_CC
0.025;0.05;0.01;0.2;0.03;0.018;Plasma_CC
0.025;0.05;0.01;0.2;0.03;0.03;Plasma_CC
0.025;0.05;0.01;0.2;0.05;0.018;Plasma_CC
0.025;0.05;0.01;0.2;0.05;0.03;Plasma_CC
0.025;0.05;0.01;0.2;0.07;0.018;Plasma_CC
0.025;0.05;0.01;0.2;0.07;0.03;Plasma_CC
0.025;0.05;0.01;0.25;0.03;0.018;Plasma_CC
0.025;0.05;0.01;0.25;0.03;0.03;Plasma_CC
0.025;0.05;0.01;0.25;0.05;0.018;Plasma_CC
0.025;0.05;0.01;0.25;0.05;0.03;Plasma_CC
0.025;0.05;0.01;0.25;0.07;0.018;Plasma_CC
0.025;0.05;0.01;0.25;0.07;0.03;Plasma_CC
0.025;0.05;0.035;0.075;0.03;0.018;Biomass
0.025;0.05;0.035;0.075;0.03;0.03;Plasma
0.025;0.05;0.035;0.075;0.05;0.018;Biomass
0.025;0.05;0.035;0.075;0.05;0.03;Plasma
0.025;0.05;0.035;0.075;0.07;0.018;Biomass
0.025;0.05;0.035;0.075;0.07;0.03;Plasma
0.025;0.05;0.035;0.1;0.03;0.018;Plasma_CC
0.025;0.05;0.035;0.1;0.03;0.03;Plasma_CC
0.025;0.05;0.035;0.1;0.05;0.018;Plasma_CC
0.025;0.05;0.035;0.1;0.05;0.03;Plasma_CC
0.025;0.05;0.035;0.1;0.07;0.018;Plasma_CC
0.025;0.05;0.035;0.1;0.07;0.03;Plasma_CC
0.025;0.05;0.035;0.2;0.03;0.018;Plasma_CC
0.025;0.05;0.035;0.2;0.03;0.03;Plasma_CC
0.025;0.05;0.035;0.2;0.05;0.018;Plasma_CC
0.025;0.05;0.035;0.2;0.05;0.03;Plasma_CC
0.025;0.05;0.035;0.2;0.07;0.018;Plasma_CC
0.025;0.05;0.035;0.2;0.07;0.03;Plasma_CC
0.025;0.05;0.035;0.25;0.03;0.018;Plasma_CC
0.025;0.05;0.035;0.25;0.03;0.03;Plasma_CC
0.025;0.05;0.035;0.25;0.05;0.018;Plasma_CC
0.025;0.05;0.035;0.25;0.05;0.03;Plasma_CC
0.025;0.05;0.035;0.25;0.07;0.018;Plasma_CC
0.025;0.05;0.035;0.25;0.07;0.03;Plasma_CC
0.025;0.05;0.055;0.075;0.03;0.018;Biomass
0.025;0.05;0.055;0.075;0.03;0.03;Plasma
0.025;0.05;0.055;0.075;0.05;0.018;Biomass
0.025;0.05;0.055;0.075;0.05;0.03;Plasma
0.025;0.05;0.055;0.075;0.07;0.018;Biomass
0.025;0.05;0.055;0.075;0.07;0.03;Plasma
0.025;0.05;0.055;0.1;0.03;0.018;Plasma_CC
0.025;0.05;0.055;0.1;0.03;0.03;Plasma_CC
0.025;0.05;0.055;0.1;0.05;0.018;Plasma_CC
0.025;0.05;0.055;0.1;0.05;0.03;Plasma_CC
0.025;0.05;0.055;0.1;0.07;0.018;Plasma_CC
0.025;0.05;0.055;0.1;0.07;0.03;Plasma_CC
0.025;0.05;0.055;0.2;0.03;0.018;Plasma_CC
0.025;0.05;0.055;0.2;0.03;0.03;Plasma_CC
0.025;0.05;0.055;0.2;0.05;0.018;Plasma_CC
0.025;0.05;0.055;0.2;0.05;0.03;Plasma_CC
0.025;0.05;0.055;0.2;0.07;0.018;Plasma_CC
0.025;0.05;0.055;0.2;0.07;0.03;Plasma_CC
0.025;0.05;0.055;0.25;0.03;0.018;Plasma_CC
0.025;0.05;0.055;0.25;0.03;0.03;Plasma_CC
0.025;0.05;0.055;0.25;0.05;0.018;Plasma_CC
0.025;0.05;0.055;0.25;0.05;0.03;Plasma_CC
0.025;0.05;0.055;0.25;0.07;0.018;Plasma_CC
0.025;0.05;0.055;0.25;0.07;0.03;Plasma_CC
0.025;0.05;0.075;0.075;0.03;0.018;Biomass
0.025;0.05;0.075;0.075;0.03;0.03;Plasma
0.025;0.05;0.075;0.075;0.05;0.018;Biomass
0.025;0.05;0.075;0.075;0.05;0.03;Plasma
0.025;0.05;0.075;0.075;0.07;0.018;Biomass
0.025;0.05;0.075;0.075;0.07;0.03;Plasma
0.025;0.05;0.075;0.1;0.03;0.018;Plasma_CC
0.025;0.05;0.075;0.1;0.03;0.03;Plasma_CC
0.025;0.05;0.075;0.1;0.05;0.018;Plasma_CC
0.025;0.05;0.075;0.1;0.05;0.03;Plasma_CC
0.025;0.05;0.075;0.1;0.07;0.018;Plasma_CC
0.025;0.05;0.075;0.1;0.07;0.03;Plasma_CC
0.025;0.05;0.075;0.2;0.03;0.018;Plasma_CC
0.025;0.05;0.075;0.2;0.03;0.03;Plasma_CC
0.025;0.05;0.075;0.2;0.05;0.018;Plasma_CC
0.025;0.05;0.075;0.2;0.05;0.03;Plasma_CC
0.025;0.05;0.075;0.2;0.07;0.018;Plasma_CC
0.025;0.05;0.075;0.2;0.07;0.03;Plasma_CC
0.025;0.05;0.075;0.25;0.03;0.018;Plasma_CC
0.025;0.05;0.075;0.25;0.03;0.03;Plasma_CC
0.025;0.05;0.075;0.25;0.05;0.018;Plasma_CC
0.025;0.05;0.075;0.25;0.05;0.03;Plasma_CC
0.025;0.05;0.075;0.25;0.07;0.018;Plasma_CC
0.025;0.05;0.075;0.25;0.07;0.03;Plasma_CC
0.025;0.05;0.1;0.075;0.03;0.018;Biomass
0.025;0.05;0.1;0.075;0.03;0.03;Plasma
0.025;0.05;0.1;0.075;0.05;0.018;Biomass
0.025;0.05;0.1;0.075;0.05;0.03;Plasma
0.025;0.05;0.1;0.075;0.07;0.018;Biomass
0.025;0.05;0.1;0.075;0.07;0.03;Plasma
0.025;0.05;0.1;0.1;0.03;0.018;Plasma_CC
0.025;0.05;0.1;0.1;0.03;0.03;Plasma_CC
0.025;0.05;0.1;0.1;0.05;0.018;Plasma_CC
0.025;0.05;0.1;0.1;0.05;0.03;Plasma_CC
0.025;0.05;0.1;0.1;0.07;0.018;Plasma_CC
0.025;0.05;0.1;0.1;0.07;0.03;Plasma_CC
0.025;0.05;0.1;0.2;0.03;0.018;Plasma_CC
0.025;0.05;0.1;0.2;0.03;0.03;Plasma_CC
0.025;0.05;0.1;0.2;0.05;0.018;Plasma_CC
0.025;0.05;0.1;0.2;0.05;0.03;Plasma_CC
0.025;0.05;0.1;0.2;0.07;0.018;Plasma_CC
0.025;0.05;0.1;0.2;0.07;0.03;Plasma_CC
0.025;0.05;0.1;0.25;0.03;0.018;Plasma_CC
0.025;0.05;0.1;0.25;0.03;0.03;Plasma_CC
0.025;0.05;0.1;0.25;0.05;0.018;Plasma_CC
0.025;0.05;0.1;0.25;0.05;0.03;Plasma_CC
0.025;0.05;0.1;0.25;0.07;0.018;Plasma_CC
0.025;0.05;0.1;0.25;0.07;0.03;Plasma_CC
0.025;0.075;0.01;0.075;0.03;0.018;Biomass
0.025;0.075;0.01;0.075;0.03;0.03;NG
0.025;0.075;0.01;0.075;0.05;0.018;Biomass
0.025;0.075;0.01;0.075;0.05;0.03;NG
0.025;0.075;0.01;0.075;0.07;0.018;Biomass
0.025;0.075;0.01;0.075;0.07;0.03;NG
0.025;0.075;0.01;0.1;0.03;0.018;Plasma_CC
0.025;0.075;0.01;0.1;0.03;0.03;Plasma_CC
0.025;0.075;0.01;0.1;0.05;0.018;Plasma_CC
0.025;0.075;0.01;0.1;0.05;0.03;Plasma_CC
0.025;0.075;0.01;0.1;0.07;0.018;Plasma_CC
0.025;0.075;0.01;0.1;0.07;0.03;Plasma_CC
0.025;0.075;0.01;0.2;0.03;0.018;Plasma_CC
0.025;0.075;0.01;0.2;0.03;0.03;Plasma_CC
0.025;0.075;0.01;0.2;0.05;0.018;Plasma_CC
0.025;0.075;0.01;0.2;0.05;0.03;Plasma_CC
0.025;0.075;0.01;0.2;0.07;0.018;Plasma_CC
0.025;0.075;0.01;0.2;0.07;0.03;Plasma_CC
0.025;0.075;0.01;0.25;0.03;0.018;Plasma_CC
0.025;0.075;0.01;0.25;0.03;0.03;Plasma_CC
0.025;0.075;0.01;0.25;0.05;0.018;Plasma_CC
0.025;0.075;0.01;0.25;0.05;0.03;Plasma_CC
0.025;0.075;0.01;0.25;0.07;0.018;Plasma_CC
0.025;0.075;0.01;0.25;0.07;0.03;Plasma_CC
0.025;0.075;0.035;0.075;0.03;0.018;Biomass
0.025;0.075;0.035;0.075;0.03;0.03;Plasma
0.025;0.075;0.035;0.075;0.05;0.018;Biomass
0.025;0.075;0.035;0.075;0.05;0.03;Plasma
0.025;0.075;0.035;0.075;0.07;0.018;Biomass
0.025;0.075;0.035;0.075;0.07;0.03;Plasma
0.025;0.075;0.035;0.1;0.03;0.018;Plasma_CC
0.025;0.075;0.035;0.1;0.03;0.03;Plasma_CC
0.025;0.075;0.035;0.1;0.05;0.018;Plasma_CC
0.025;0.075;0.035;0.1;0.05;0.03;Plasma_CC
0.025;0.075;0.035;0.1;0.07;0.018;Plasma_CC
0.025;0.075;0.035;0.1;0.07;0.03;Plasma_CC
0.025;0.075;0.035;0.2;0.03;0.018;Plasma_CC
0.025;0.075;0.035;0.2;0.03;0.03;Plasma_CC
0.025;0.075;0.035;0.2;0.05;0.018;Plasma_CC
0.025;0.075;0.035;0.2;0.05;0.03;Plasma_CC
0.025;0.075;0.035;0.2;0.07;0.018;Plasma_CC
0.025;0.075;0.035;0.2;0.07;0.03;Plasma_CC
0.025;0.075;0.035;0.25;0.03;0.018;Plasma_CC
0.025;0.075;0.035;0.25;0.03;0.03;Plasma_CC
0.025;0.075;0.035;0.25;0.05;0.018;Plasma_CC
0.025;0.075;0.035;0.25;0.05;0.03;Plasma_CC
0.025;0.075;0.035;0.25;0.07;0.018;Plasma_CC
0.025;0.075;0.035;0.25;0.07;0.03;Plasma_CC
0.025;0.075;0.055;0.075;0.03;0.018;Biomass
0.025;0.075;0.055;0.075;0.03;0.03;Plasma
0.025;0.075;0.055;0.075;0.05;0.018;Biomass
0.025;0.075;0.055;0.075;0.05;0.03;Plasma
0.025;0.075;0.055;0.075;0.07;0.018;Biomass
0.025;0.075;0.055;0.075;0.07;0.03;Plasma
0.025;0.075;0.055;0.1;0.03;0.018;Plasma_CC
0.025;0.075;0.055;0.1;0.03;0.03;Plasma_CC
0.025;0.075;0.055;0.1;0.05;0.018;Plasma_CC
0.025;0.075;0.055;0.1;0.05;0.03;Plasma_CC
0.025;0.075;0.055;0.1;0.07;0.018;Plasma_CC
0.025;0.075;0.055;0.1;0.07;0.03;Plasma_CC
0.025;0.075;0.055;0.2;0.03;0.018;Plasma_CC
0.025;0.075;0.055;0.2;0.03;0.03;Plasma_CC
0.025;0.075;0.055;0.2;0.05;0.018;Plasma_CC
0.025;0.075;0.055;0.2;0.05;0.03;Plasma_CC
0.025;0.075;0.055;0.2;0.07;0.018;Plasma_CC
0.025;0.075;0.055;0.2;0.07;0.03;Plasma_CC
0.025;0.075;0.055;0.25;0.03;0.018;Plasma_CC
0.025;0.075;0.055;0.25;0.03;0.03;Plasma_CC
0.025;0.075;0.055;0.25;0.05;0.018;Plasma_CC
0.025;0.075;0.055;0.25;0.05;0.03;Plasma_CC
0.025;0.075;0.055;0.25;0.07;0.018;Plasma_CC
0.025;0.075;0.055;0.25;0.07;0.03;Plasma_CC
0.025;0.075;0.075;0.075;0.03;0.018;Biomass
0.025;0.075;0.075;0.075;0.03;0.03;Plasma
0.025;0.075;0.075;0.075;0.05;0.018;Biomass
0.025;0.075;0.075;0.075;0.05;0.03;Plasma
0.025;0.075;0.075;0.075;0.07;0.018;Biomass
0.025;0.075;0.075;0.075;0.07;0.03;Plasma
0.025;0.075;0.075;0.1;0.03;0.018;Plasma_CC
0.025;0.075;0.075;0.1;0.03;0.03;Plasma_CC
0.025;0.075;0.075;0.1;0.05;0.018;Plasma_CC
0.025;0.075;0.075;0.1;0.05;0.03;Plasma_CC
0.025;0.075;0.075;0.1;0.07;0.018;Plasma_CC
0.025;0.075;0.075;0.1;0.07;0.03;Plasma_CC
0.025;0.075;0.075;0.2;0.03;0.018;Plasma_CC
0.025;0.075;0.075;0.2;0.03;0.03;Plasma_CC
0.025;0.075;0.075;0.2;0.05;0.018;Plasma_CC
0.025;0.075;0.075;0.2;0.05;0.03;Plasma_CC
0.025;0.075;0.075;0.2;0.07;0.018;Plasma_CC
0.025;0.075;0.075;0.2;0.07;0.03;Plasma_CC
0.025;0.075;0.075;0.25;0.03;0.018;Plasma_CC
0.025;0.075;0.075;0.25;0.03;0.03;Plasma_CC
0.025;0.075;0.075;0.25;0.05;0.018;Plasma_CC
0.025;0.075;0.075;0.25;0.05;0.03;Plasma_CC
0.025;0.075;0.075;0.25;0.07;0.018;Plasma_CC
0.025;0.075;0.075;0.25;0.07;0.03;Plasma_CC
0.025;0.075;0.1;0.075;0.03;0.018;Biomass
0.025;0.075;0.1;0.075;0.03;0.03;Plasma
0.025;0.075;0.1;0.075;0.05;0.018;Biomass
0.025;0.075;0.1;0.075;0.05;0.03;Plasma
0.025;0.075;0.1;0.075;0.07;0.018;Biomass
0.025;0.075;0.1;0.075;0.07;0.03;Plasma
0.025;0.075;0.1;0.1;0.03;0.018;Plasma_CC
0.025;0.075;0.1;0.1;0.03;0.03;Plasma_CC
0.025;0.075;0.1;0.1;0.05;0.018;Plasma_CC
0.025;0.075;0.1;0.1;0.05;0.03;Plasma_CC
0.025;0.075;0.1;0.1;0.07;0.018;Plasma_CC
0.025;0.075;0.1;0.1;0.07;0.03;Plasma_CC
0.025;0.075;0.1;0.2;0.03;0.018;Plasma_CC
0.025;0.075;0.1;0.2;0.03;0.03;Plasma_CC
0.025;0.075;0.1;0.2;0.05;0.018;Plasma_CC
0.025;0.075;0.1;0.2;0.05;0.03;Plasma_CC
0.025;0.075;0.1;0.2;0.07;0.018;Plasma_CC
0.025;0.075;0.1;0.2;0.07;0.03;Plasma_CC
0.025;0.075;0.1;0.25;0.03;0.018;Plasma_CC
0.025;0.075;0.1;0.25;0.03;0.03;Plasma_CC
0.025;0.075;0.1;0.25;0.05;0.018;Plasma_CC
0.025;0.075;0.1;0.25;0.05;0.03;Plasma_CC
0.025;0.075;0.1;0.25;0.07;0.018;Plasma_CC
0.025;0.075;0.1;0.25;0.07;0.03;Plasma_CC
0.025;0.1;0.01;0.075;0.03;0.018;Biomass
0.025;0.1;0.01;0.075;0.03;0.03;NG
0.025;0.1;0.01;0.075;0.05;0.018;Biomass
0.025;0.1;0.01;0.075;0.05;0.03;NG
0.025;0.1;0.01;0.075;0.07;0.018;Biomass
0.025;0.1;0.01;0.075;0.07;0.03;NG
0.025;0.1;0.01;0.1;0.03;0.018;Plasma_CC
0.025;0.1;0.01;0.1;0.03;0.03;Plasma_CC
0.025;0.1;0.01;0.1;0.05;0.018;Plasma_CC
0.025;0.1;0.01;0.1;0.05;0.03;Plasma_CC
0.025;0.1;0.01;0.1;0.07;0.018;Plasma_CC
0.025;0.1;0.01;0.1;0.07;0.03;Plasma_CC
0.025;0.1;0.01;0.2;0.03;0.018;Plasma_CC
0.025;0.1;0.01;0.2;0.03;0.03;Plasma_CC
0.025;0.1;0.01;0.2;0.05;0.018;Plasma_CC
0.025;0.1;0.01;0.2;0.05;0.03;Plasma_CC
0.025;0.1;0.01;0.2;0.07;0.018;Plasma_CC
0.025;0.1;0.01;0.2;0.07;0.03;Plasma_CC
0.025;0.1;0.01;0.25;0.03;0.018;Plasma_CC
0.025;0.1;0.01;0.25;0.03;0.03;Plasma_CC
0.025;0.1;0.01;0.25;0.05;0.018;Plasma_CC
0.025;0.1;0.01;0.25;0.05;0.03;Plasma_CC
0.025;0.1;0.01;0.25;0.07;0.018;Plasma_CC
0.025;0.1;0.01;0.25;0.07;0.03;Plasma_CC
0.025;0.1;0.035;0.075;0.03;0.018;Biomass
0.025;0.1;0.035;0.075;0.03;0.03;Plasma
0.025;0.1;0.035;0.075;0.05;0.018;Biomass
0.025;0.1;0.035;0.075;0.05;0.03;Plasma
0.025;0.1;0.035;0.075;0.07;0.018;Biomass
0.025;0.1;0.035;0.075;0.07;0.03;Plasma
0.025;0.1;0.035;0.1;0.03;0.018;Plasma_CC
0.025;0.1;0.035;0.1;0.03;0.03;Plasma_CC
0.025;0.1;0.035;0.1;0.05;0.018;Plasma_CC
0.025;0.1;0.035;0.1;0.05;0.03;Plasma_CC
0.025;0.1;0.035;0.1;0.07;0.018;Plasma_CC
0.025;0.1;0.035;0.1;0.07;0.03;Plasma_CC
0.025;0.1;0.035;0.2;0.03;0.018;Plasma_CC
0.025;0.1;0.035;0.2;0.03;0.03;Plasma_CC
0.025;0.1;0.035;0.2;0.05;0.018;Plasma_CC
0.025;0.1;0.035;0.2;0.05;0.03;Plasma_CC
0.025;0.1;0.035;0.2;0.07;0.018;Plasma_CC
0.025;0.1;0.035;0.2;0.07;0.03;Plasma_CC
0.025;0.1;0.035;0.25;0.03;0.018;Plasma_CC
0.025;0.1;0.035;0.25;0.03;0.03;Plasma_CC
0.025;0.1;0.035;0.25;0.05;0.018;Plasma_CC
0.025;0.1;0.035;0.25;0.05;0.03;Plasma_CC
0.025;0.1;0.035;0.25;0.07;0.018;Plasma_CC
0.025;0.1;0.035;0.25;0.07;0.03;Plasma_CC
0.025;0.1;0.055;0.075;0.03;0.018;Biomass
0.025;0.1;0.055;0.075;0.03;0.03;Plasma
0.025;0.1;0.055;0.075;0.05;0.018;Biomass
0.025;0.1;0.055;0.075;0.05;0.03;Plasma
0.025;0.1;0.055;0.075;0.07;0.018;Biomass
0.025;0.1;0.055;0.075;0.07;0.03;Plasma
0.025;0.1;0.055;0.1;0.03;0.018;Plasma_CC
0.025;0.1;0.055;0.1;0.03;0.03;Plasma_CC
0.025;0.1;0.055;0.1;0.05;0.018;Plasma_CC
0.025;0.1;0.055;0.1;0.05;0.03;Plasma_CC
0.025;0.1;0.055;0.1;0.07;0.018;Plasma_CC
0.025;0.1;0.055;0.1;0.07;0.03;Plasma_CC
0.025;0.1;0.055;0.2;0.03;0.018;Plasma_CC
0.025;0.1;0.055;0.2;0.03;0.03;Plasma_CC
0.025;0.1;0.055;0.2;0.05;0.018;Plasma_CC
0.025;0.1;0.055;0.2;0.05;0.03;Plasma_CC
0.025;0.1;0.055;0.2;0.07;0.018;Plasma_CC
0.025;0.1;0.055;0.2;0.07;0.03;Plasma_CC
0.025;0.1;0.055;0.25;0.03;0.018;Plasma_CC
0.025;0.1;0.055;0.25;0.03;0.03;Plasma_CC
0.025;0.1;0.055;0.25;0.05;0.018;Plasma_CC
0.025;0.1;0.055;0.25;0.05;0.03;Plasma_CC
0.025;0.1;0.055;0.25;0.07;0.018;Plasma_CC
0.025;0.1;0.055;0.25;0.07;0.03;Plasma_CC
0.025;0.1;0.075;0.075;0.03;0.018;Biomass
0.025;0.1;0.075;0.075;0.03;0.03;Plasma
0.025;0.1;0.075;0.075;0.05;0.018;Biomass
0.025;0.1;0.075;0.075;0.05;0.03;Plasma
0.025;0.1;0.075;0.075;0.07;0.018;Biomass
0.025;0.1;0.075;0.075;0.07;0.03;Plasma
0.025;0.1;0.075;0.1;0.03;0.018;Plasma_CC
0.025;0.1;0.075;0.1;0.03;0.03;Plasma_CC
0.025;0.1;0.075;0.1;0.05;0.018;Plasma_CC
0.025;0.1;0.075;0.1;0.05;0.03;Plasma_CC
0.025;0.1;0.075;0.1;0.07;0.018;Plasma_CC
0.025;0.1;0.075;0.1;0.07;0.03;Plasma_CC
0.025;0.1;0.075;0.2;0.03;0.018;Plasma_CC
0.025;0.1;0.075;0.2;0.03;0.03;Plasma_CC
0.025;0.1;0.075;0.2;0.05;0.018;Plasma_CC
0.025;0.1;0.075;0.2;0.05;0.03;Plasma_CC
0.025;0.1;0.075;0.2;0.07;0.018;Plasma_CC
0.025;0.1;0.075;0.2;0.07;0.03;Plasma_CC
0.025;0.1;0.075;0.25;0.03;0.018;Plasma_CC
0.025;0.1;0.075;0.25;0.03;0.03;Plasma_CC
0.025;0.1;0.075;0.25;0.05;0.018;Plasma_CC
0.025;0.1;0.075;0.25;0.05;0.03;Plasma_CC
0.025;0.1;0.075;0.25;0.07;0.018;Plasma_CC
0.025;0.1;0.075;0.25;0.07;0.03;Plasma_CC
0.025;0.1;0.1;0.075;0.03;0.018;Biomass
0.025;0.1;0.1;0.075;0.03;0.03;Plasma
0.025;0.1;0.1;0.075;0.05;0.018;Biomass
0.025;0.1;0.1;0.075;0.05;0.03;Plasma
0.025;0.1;0.1;0.075;0.07;0.018;Biomass
0.025;0.1;0.1;0.075;0.07;0.03;Plasma
0.025;0.1;0.1;0.1;0.03;0.018;Plasma_CC
0.025;0.1;0.1;0.1;0.03;0.03;Plasma_CC
0.025;0.1;0.1;0.1;0.05;0.018;Plasma_CC
0.025;0.1;0.1;0.1;0.05;0.03;Plasma_CC
0.025;0.1;0.1;0.1;0.07;0.018;Plasma_CC
0.025;0.1;0.1;0.1;0.07;0.03;Plasma_CC
0.025;0.1;0.1;0.2;0.03;0.018;Plasma_CC
0.025;0.1;0.1;0.2;0.03;0.03;Plasma_CC
0.025;0.1;0.1;0.2;0.05;0.018;Plasma_CC
0.025;0.1;0.1;0.2;0.05;0.03;Plasma_CC
0.025;0.1;0.1;0.2;0.07;0.018;Plasma_CC
0.025;0.1;0.1;0.2;0.07;0.03;Plasma_CC
0.025;0.1;0.1;0.25;0.03;0.018;Plasma_CC
0.025;0.1;0.1;0.25;0.03;0.03;Plasma_CC
0.025;0.1;0.1;0.25;0.05;0.018;Plasma_CC
0.025;0.1;0.1;0.25;0.05;0.03;Plasma_CC
0.025;0.1;0.1;0.25;0.07;0.018;Plasma_CC
0.025;0.1;0.1;0.25;0.07;0.03;Plasma_CC
0.025;0.15;0.01;0.075;0.03;0.018;Biomass
0.025;0.15;0.01;0.075;0.03;0.03;NG
0.025;0.15;0.01;0.075;0.05;0.018;Biomass
0.025;0.15;0.01;0.075;0.05;0.03;NG
0.025;0.15;0.01;0.075;0.07;0.018;Biomass
0.025;0.15;0.01;0.075;0.07;0.03;NG
0.025;0.15;0.01;0.1;0.03;0.018;Plasma_CC
0.025;0.15;0.01;0.1;0.03;0.03;Plasma_CC
0.025;0.15;0.01;0.1;0.05;0.018;Plasma_CC
0.025;0.15;0.01;0.1;0.05;0.03;Plasma_CC
0.025;0.15;0.01;0.1;0.07;0.018;Plasma_CC
0.025;0.15;0.01;0.1;0.07;0.03;Plasma_CC
0.025;0.15;0.01;0.2;0.03;0.018;Plasma_CC
0.025;0.15;0.01;0.2;0.03;0.03;Plasma_CC
0.025;0.15;0.01;0.2;0.05;0.018;Plasma_CC
0.025;0.15;0.01;0.2;0.05;0.03;Plasma_CC
0.025;0.15;0.01;0.2;0.07;0.018;Plasma_CC
0.025;0.15;0.01;0.2;0.07;0.03;Plasma_CC
0.025;0.15;0.01;0.25;0.03;0.018;Plasma_CC
0.025;0.15;0.01;0.25;0.03;0.03;Plasma_CC
0.025;0.15;0.01;0.25;0.05;0.018;Plasma_CC
0.025;0.15;0.01;0.25;0.05;0.03;Plasma_CC
0.025;0.15;0.01;0.25;0.07;0.018;Plasma_CC
0.025;0.15;0.01;0.25;0.07;0.03;Plasma_CC
0.025;0.15;0.035;0.075;0.03;0.018;Biomass
0.025;0.15;0.035;0.075;0.03;0.03;Plasma
0.025;0.15;0.035;0.075;0.05;0.018;Biomass
0.025;0.15;0.035;0.075;0.05;0.03;Plasma
0.025;0.15;0.035;0.075;0.07;0.018;Biomass
0.025;0.15;0.035;0.075;0.07;0.03;Plasma
0.025;0.15;0.035;0.1;0.03;0.018;Plasma_CC
0.025;0.15;0.035;0.1;0.03;0.03;Plasma_CC
0.025;0.15;0.035;0.1;0.05;0.018;Plasma_CC
0.025;0.15;0.035;0.1;0.05;0.03;Plasma_CC
0.025;0.15;0.035;0.1;0.07;0.018;Plasma_CC
0.025;0.15;0.035;0.1;0.07;0.03;Plasma_CC
0.025;0.15;0.035;0.2;0.03;0.018;Plasma_CC
0.025;0.15;0.035;0.2;0.03;0.03;Plasma_CC
0.025;0.15;0.035;0.2;0.05;0.018;Plasma_CC
0.025;0.15;0.035;0.2;0.05;0.03;Plasma_CC
0.025;0.15;0.035;0.2;0.07;0.018;Plasma_CC
0.025;0.15;0.035;0.2;0.07;0.03;Plasma_CC
0.025;0.15;0.035;0.25;0.03;0.018;Plasma_CC
0.025;0.15;0.035;0.25;0.03;0.03;Plasma_CC
0.025;0.15;0.035;0.25;0.05;0.018;Plasma_CC
0.025;0.15;0.035;0.25;0.05;0.03;Plasma_CC
0.025;0.15;0.035;0.25;0.07;0.018;Plasma_CC
0.025;0.15;0.035;0.25;0.07;0.03;Plasma_CC
0.025;0.15;0.055;0.075;0.03;0.018;Biomass
0.025;0.15;0.055;0.075;0.03;0.03;Plasma
0.025;0.15;0.055;0.075;0.05;0.018;Biomass
0.025;0.15;0.055;0.075;0.05;0.03;Plasma
0.025;0.15;0.055;0.075;0.07;0.018;Biomass
0.025;0.15;0.055;0.075;0.07;0.03;Plasma
0.025;0.15;0.055;0.1;0.03;0.018;Plasma_CC
0.025;0.15;0.055;0.1;0.03;0.03;Plasma_CC
0.025;0.15;0.055;0.1;0.05;0.018;Plasma_CC
0.025;0.15;0.055;0.1;0.05;0.03;Plasma_CC
0.025;0.15;0.055;0.1;0.07;0.018;Plasma_CC
0.025;0.15;0.055;0.1;0.07;0.03;Plasma_CC
0.025;0.15;0.055;0.2;0.03;0.018;Plasma_CC
0.025;0.15;0.055;0.2;0.03;0.03;Plasma_CC
0.025;0.15;0.055;0.2;0.05;0.018;Plasma_CC
0.025;0.15;0.055;0.2;0.05;0.03;Plasma_CC
0.025;0.15;0.055;0.2;0.07;0.018;Plasma_CC
0.025;0.15;0.055;0.2;0.07;0.03;Plasma_CC
0.025;0.15;0.055;0.25;0.03;0.018;Plasma_CC
0.025;0.15;0.055;0.25;0.03;0.03;Plasma_CC
0.025;0.15;0.055;0.25;0.05;0.018;Plasma_CC
0.025;0.15;0.055;0.25;0.05;0.03;Plasma_CC
0.025;0.15;0.055;0.25;0.07;0.018;Plasma_CC
0.025;0.15;0.055;0.25;0.07;0.03;Plasma_CC
0.025;0.15;0.075;0.075;0.03;0.018;Biomass
0.025;0.15;0.075;0.075;0.03;0.03;Plasma
0.025;0.15;0.075;0.075;0.05;0.018;Biomass
0.025;0.15;0.075;0.075;0.05;0.03;Plasma
0.025;0.15;0.075;0.075;0.07;0.018;Biomass
0.025;0.15;0.075;0.075;0.07;0.03;Plasma
0.025;0.15;0.075;0.1;0.03;0.018;Plasma_CC
0.025;0.15;0.075;0.1;0.03;0.03;Plasma_CC
0.025;0.15;0.075;0.1;0.05;0.018;Plasma_CC
0.025;0.15;0.075;0.1;0.05;0.03;Plasma_CC
0.025;0.15;0.075;0.1;0.07;0.018;Plasma_CC
0.025;0.15;0.075;0.1;0.07;0.03;Plasma_CC
0.025;0.15;0.075;0.2;0.03;0.018;Plasma_CC
0.025;0.15;0.075;0.2;0.03;0.03;Plasma_CC
0.025;0.15;0.075;0.2;0.05;0.018;Plasma_CC
0.025;0.15;0.075;0.2;0.05;0.03;Plasma_CC
0.025;0.15;0.075;0.2;0.07;0.018;Plasma_CC
0.025;0.15;0.075;0.2;0.07;0.03;Plasma_CC
0.025;0.15;0.075;0.25;0.03;0.018;Plasma_CC
0.025;0.15;0.075;0.25;0.03;0.03;Plasma_CC
0.025;0.15;0.075;0.25;0.05;0.018;Plasma_CC
0.025;0.15;0.075;0.25;0.05;0.03;Plasma_CC
0.025;0.15;0.075;0.25;0.07;0.018;Plasma_CC
0.025;0.15;0.075;0.25;0.07;0.03;Plasma_CC
0.025;0.15;0.1;0.075;0.03;0.018;Biomass
0.025;0.15;0.1;0.075;0.03;0.03;Plasma
0.025;0.15;0.1;0.075;0.05;0.018;Biomass
0.025;0.15;0.1;0.075;0.05;0.03;Plasma
0.025;0.15;0.1;0.075;0.07;0.018;Biomass
0.025;0.15;0.1;0.075;0.07;0.03;Plasma
0.025;0.15;0.1;0.1;0.03;0.018;Plasma_CC
0.025;0.15;0.1;0.1;0.03;0.03;Plasma_CC
0.025;0.15;0.1;0.1;0.05;0.018;Plasma_CC
0.025;0.15;0.1;0.1;0.05;0.03;Plasma_CC
0.025;0.15;0.1;0.1;0.07;0.018;Plasma_CC
0.025;0.15;0.1;0.1;0.07;0.03;Plasma_CC
0.025;0.15;0.1;0.2;0.03;0.018;Plasma_CC
0.025;0.15;0.1;0.2;0.03;0.03;Plasma_CC
0.025;0.15;0.1;0.2;0.05;0.018;Plasma_CC
0.025;0.15;0.1;0.2;0.05;0.03;Plasma_CC
0.025;0.15;0.1;0.2;0.07;0.018;Plasma_CC
0.025;0.15;0.1;0.2;0.07;0.03;Plasma_CC
0.025;0.15;0.1;0.25;0.03;0.018;Plasma_CC
0.025;0.15;0.1;0.25;0.03;0.03;Plasma_CC
0.025;0.15;0.1;0.25;0.05;0.018;Plasma_CC
0.025;0.15;0.1;0.25;0.05;0.03;Plasma_CC
0.025;0.15;0.1;0.25;0.07;0.018;Plasma_CC
0.025;0.15;0.1;0.25;0.07;0.03;Plasma_CC
0.025;0.2;0.01;0.075;0.03;0.018;Biomass
0.025;0.2;0.01;0.075;0.03;0.03;NG
0.025;0.2;0.01;0.075;0.05;0.018;Biomass
0.025;0.2;0.01;0.075;0.05;0.03;NG
0.025;0.2;0.01;0.075;0.07;0.018;Biomass
0.025;0.2;0.01;0.075;0.07;0.03;NG
0.025;0.2;0.01;0.1;0.03;0.018;Plasma_CC
0.025;0.2;0.01;0.1;0.03;0.03;Plasma_CC
0.025;0.2;0.01;0.1;0.05;0.018;Plasma_CC
0.025;0.2;0.01;0.1;0.05;0.03;Plasma_CC
0.025;0.2;0.01;0.1;0.07;0.018;Plasma_CC
0.025;0.2;0.01;0.1;0.07;0.03;Plasma_CC
0.025;0.2;0.01;0.2;0.03;0.018;Plasma_CC
0.025;0.2;0.01;0.2;0.03;0.03;Plasma_CC
0.025;0.2;0.01;0.2;0.05;0.018;Plasma_CC
0.025;0.2;0.01;0.2;0.05;0.03;Plasma_CC
0.025;0.2;0.01;0.2;0.07;0.018;Plasma_CC
0.025;0.2;0.01;0.2;0.07;0.03;Plasma_CC
0.025;0.2;0.01;0.25;0.03;0.018;Plasma_CC
0.025;0.2;0.01;0.25;0.03;0.03;Plasma_CC
0.025;0.2;0.01;0.25;0.05;0.018;Plasma_CC
0.025;0.2;0.01;0.25;0.05;0.03;Plasma_CC
0.025;0.2;0.01;0.25;0.07;0.018;Plasma_CC
0.025;0.2;0.01;0.25;0.07;0.03;Plasma_CC
0.025;0.2;0.035;0.075;0.03;0.018;Biomass
0.025;0.2;0.035;0.075;0.03;0.03;Plasma
0.025;0.2;0.035;0.075;0.05;0.018;Biomass
0.025;0.2;0.035;0.075;0.05;0.03;Plasma
0.025;0.2;0.035;0.075;0.07;0.018;Biomass
0.025;0.2;0.035;0.075;0.07;0.03;Plasma
0.025;0.2;0.035;0.1;0.03;0.018;Plasma_CC
0.025;0.2;0.035;0.1;0.03;0.03;Plasma_CC
0.025;0.2;0.035;0.1;0.05;0.018;Plasma_CC
0.025;0.2;0.035;0.1;0.05;0.03;Plasma_CC
0.025;0.2;0.035;0.1;0.07;0.018;Plasma_CC
0.025;0.2;0.035;0.1;0.07;0.03;Plasma_CC
0.025;0.2;0.035;0.2;0.03;0.018;Plasma_CC
0.025;0.2;0.035;0.2;0.03;0.03;Plasma_CC
0.025;0.2;0.035;0.2;0.05;0.018;Plasma_CC
0.025;0.2;0.035;0.2;0.05;0.03;Plasma_CC
0.025;0.2;0.035;0.2;0.07;0.018;Plasma_CC
0.025;0.2;0.035;0.2;0.07;0.03;Plasma_CC
0.025;0.2;0.035;0.25;0.03;0.018;Plasma_CC
0.025;0.2;0.035;0.25;0.03;0.03;Plasma_CC
0.025;0.2;0.035;0.25;0.05;0.018;Plasma_CC
0.025;0.2;0.035;0.25;0.05;0.03;Plasma_CC
0.025;0.2;0.035;0.25;0.07;0.018;Plasma_CC
0.025;0.2;0.035;0.25;0.07;0.03;Plasma_CC
0.025;0.2;0.055;0.075;0.03;0.018;Biomass
0.025;0.2;0.055;0.075;0.03;0.03;Plasma
0.025;0.2;0.055;0.075;0.05;0.018;Biomass
0.025;0.2;0.055;0.075;0.05;0.03;Plasma
0.025;0.2;0.055;0.075;0.07;0.018;Biomass
0.025;0.2;0.055;0.075;0.07;0.03;Plasma
0.025;0.2;0.055;0.1;0.03;0.018;Plasma_CC
0.025;0.2;0.055;0.1;0.03;0.03;Plasma_CC
0.025;0.2;0.055;0.1;0.05;0.018;Plasma_CC
0.025;0.2;0.055;0.1;0.05;0.03;Plasma_CC
0.025;0.2;0.055;0.1;0.07;0.018;Plasma_CC
0.025;0.2;0.055;0.1;0.07;0.03;Plasma_CC
0.025;0.2;0.055;0.2;0.03;0.018;Plasma_CC
0.025;0.2;0.055;0.2;0.03;0.03;Plasma_CC
0.025;0.2;0.055;0.2;0.05;0.018;Plasma_CC
0.025;0.2;0.055;0.2;0.05;0.03;Plasma_CC
0.025;0.2;0.055;0.2;0.07;0.018;Plasma_CC
0.025;0.2;0.055;0.2;0.07;0.03;Plasma_CC
0.025;0.2;0.055;0.25;0.03;0.018;Plasma_CC
0.025;0.2;0.055;0.25;0.03;0.03;Plasma_CC
0.025;0.2;0.055;0.25;0.05;0.018;Plasma_CC
0.025;0.2;0.055;0.25;0.05;0.03;Plasma_CC
0.025;0.2;0.055;0.25;0.07;0.018;Plasma_CC
0.025;0.2;0.055;0.25;0.07;0.03;Plasma_CC
0.025;0.2;0.075;0.075;0.03;0.018;Biomass
0.025;0.2;0.075;0.075;0.03;0.03;Plasma
0.025;0.2;0.075;0.075;0.05;0.018;Biomass
0.025;0.2;0.075;0.075;0.05;0.03;Plasma
0.025;0.2;0.075;0.075;0.07;0.018;Biomass
0.025;0.2;0.075;0.075;0.07;0.03;Plasma
0.025;0.2;0.075;0.1;0.03;0.018;Plasma_CC
0.025;0.2;0.075;0.1;0.03;0.03;Plasma_CC
0.025;0.2;0.075;0.1;0.05;0.018;Plasma_CC
0.025;0.2;0.075;0.1;0.05;0.03;Plasma_CC
0.025;0.2;0.075;0.1;0.07;0.018;Plasma_CC
0.025;0.2;0.075;0.1;0.07;0.03;Plasma_CC
0.025;0.2;0.075;0.2;0.03;0.018;Plasma_CC
0.025;0.2;0.075;0.2;0.03;0.03;Plasma_CC
0.025;0.2;0.075;0.2;0.05;0.018;Plasma_CC
0.025;0.2;0.075;0.2;0.05;0.03;Plasma_CC
0.025;0.2;0.075;0.2;0.07;0.018;Plasma_CC
0.025;0.2;0.075;0.2;0.07;0.03;Plasma_CC
0.025;0.2;0.075;0.25;0.03;0.018;Plasma_CC
0.025;0.2;0.075;0.25;0.03;0.03;Plasma_CC
0.025;0.2;0.075;0.25;0.05;0.018;Plasma_CC
0.025;0.2;0.075;0.25;0.05;0.03;Plasma_CC
0.025;0.2;0.075;0.25;0.07;0.018;Plasma_CC
0.025;0.2;0.075;0.25;0.07;0.03;Plasma_CC
0.025;0.2;0.1;0.075;0.03;0.018;Biomass
0.025;0.2;0.1;0.075;0.03;0.03;Plasma
0.025;0.2;0.1;0.075;0.05;0.018;Biomass
0.025;0.2;0.1;0.075;0.05;0.03;Plasma
0.025;0.2;0.1;0.075;0.07;0.018;Biomass
0.025;0.2;0.1;0.075;0.07;0.03;Plasma
0.025;0.2;0.1;0.1;0.03;0.018;Plasma_CC
0.025;0.2;0.1;0.1;0.03;0.03;Plasma_CC
0.025;0.2;0.1;0.1;0.05;0.018;Plasma_CC
0.025;0.2;0.1;0.1;0.05;0.03;Plasma_CC
0.025;0.2;0.1;0.1;0.07;0.018;Plasma_CC
0.025;0.2;0.1;0.1;0.07;0.03;Plasma_CC
0.025;0.2;0.1;0.2;0.03;0.018;Plasma_CC
0.025;0.2;0.1;0.2;0.03;0.03;Plasma_CC
0.025;0.2;0.1;0.2;0.05;0.018;Plasma_CC
0.025;0.2;0.1;0.2;0.05;0.03;Plasma_CC
0.025;0.2;0.1;0.2;0.07;0.018;Plasma_CC
0.025;0.2;0.1;0.2;0.07;0.03;Plasma_CC
0.025;0.2;0.1;0.25;0.03;0.018;Plasma_CC
0.025;0.2;0.1;0.25;0.03;0.03;Plasma_CC
0.025;0.2;0.1;0.25;0.05;0.018;Plasma_CC
0.025;0.2;0.1;0.25;0.05;0.03;Plasma_CC
0.025;0.2;0.1;0.25;0.07;0.018;Plasma_CC
0.025;0.2;0.1;0.25;0.07;0.03;BiomassOxy_CC
0.05;0.01;0.01;0.075;0.03;0.018;Biomass
0.05;0.01;0.01;0.075;0.03;0.03;NG
0.05;0.01;0.01;0.075;0.05;0.018;Biomass
0.05;0.01;0.01;0.075;0.05;0.03;NG
0.05;0.01;0.01;0.075;0.07;0.018;Biomass
0.05;0.01;0.01;0.075;0.07;0.03;NG
0.05;0.01;0.01;0.1;0.03;0.018;Biomass
0.05;0.01;0.01;0.1;0.03;0.03;NG
0.05;0.01;0.01;0.1;0.05;0.018;Biomass
0.05;0.01;0.01;0.1;0.05;0.03;NG
0.05;0.01;0.01;0.1;0.07;0.018;Biomass
0.05;0.01;0.01;0.1;0.07;0.03;NG
0.05;0.01;0.01;0.2;0.03;0.018;H2Oxy_CC
0.05;0.01;0.01;0.2;0.03;0.03;H2Oxy_CC
0.05;0.01;0.01;0.2;0.05;0.018;H2Oxy_CC
0.05;0.01;0.01;0.2;0.05;0.03;H2Oxy_CC
0.05;0.01;0.01;0.2;0.07;0.018;H2Oxy_CC
0.05;0.01;0.01;0.2;0.07;0.03;H2Oxy_CC
0.05;0.01;0.01;0.25;0.03;0.018;BiomassOxy_CC
0.05;0.01;0.01;0.25;0.03;0.03;H2Oxy_CC
0.05;0.01;0.01;0.25;0.05;0.018;BiomassOxy_CC
0.05;0.01;0.01;0.25;0.05;0.03;H2Oxy_CC
0.05;0.01;0.01;0.25;0.07;0.018;BiomassOxy_CC
0.05;0.01;0.01;0.25;0.07;0.03;H2Oxy_CC
0.05;0.01;0.035;0.075;0.03;0.018;Biomass
0.05;0.01;0.035;0.075;0.03;0.03;BioCH4
0.05;0.01;0.035;0.075;0.05;0.018;Biomass
0.05;0.01;0.035;0.075;0.05;0.03;Biomass
0.05;0.01;0.035;0.075;0.07;0.018;Biomass
0.05;0.01;0.035;0.075;0.07;0.03;Biomass
0.05;0.01;0.035;0.1;0.03;0.018;Biomass
0.05;0.01;0.035;0.1;0.03;0.03;BioCH4
0.05;0.01;0.035;0.1;0.05;0.018;Biomass
0.05;0.01;0.035;0.1;0.05;0.03;Biomass
0.05;0.01;0.035;0.1;0.07;0.018;Biomass
0.05;0.01;0.035;0.1;0.07;0.03;Biomass
0.05;0.01;0.035;0.2;0.03;0.018;H2Oxy_CC
0.05;0.01;0.035;0.2;0.03;0.03;H2Oxy_CC
0.05;0.01;0.035;0.2;0.05;0.018;H2Oxy_CC
0.05;0.01;0.035;0.2;0.05;0.03;H2Oxy_CC
0.05;0.01;0.035;0.2;0.07;0.018;H2Oxy_CC
0.05;0.01;0.035;0.2;0.07;0.03;H2Oxy_CC
0.05;0.01;0.035;0.25;0.03;0.018;BiomassOxy_CC
0.05;0.01;0.035;0.25;0.03;0.03;H2Oxy_CC
0.05;0.01;0.035;0.25;0.05;0.018;BiomassOxy_CC
0.05;0.01;0.035;0.25;0.05;0.03;H2Oxy_CC
0.05;0.01;0.035;0.25;0.07;0.018;BiomassOxy_CC
0.05;0.01;0.035;0.25;0.07;0.03;H2Oxy_CC
0.05;0.01;0.055;0.075;0.03;0.018;Biomass
0.05;0.01;0.055;0.075;0.03;0.03;BioCH4
0.05;0.01;0.055;0.075;0.05;0.018;Biomass
0.05;0.01;0.055;0.075;0.05;0.03;Biomass
0.05;0.01;0.055;0.075;0.07;0.018;Biomass
0.05;0.01;0.055;0.075;0.07;0.03;Biomass
0.05;0.01;0.055;0.1;0.03;0.018;Biomass
0.05;0.01;0.055;0.1;0.03;0.03;BioCH4
0.05;0.01;0.055;0.1;0.05;0.018;Biomass
0.05;0.01;0.055;0.1;0.05;0.03;Biomass
0.05;0.01;0.055;0.1;0.07;0.018;Biomass
0.05;0.01;0.055;0.1;0.07;0.03;Biomass
0.05;0.01;0.055;0.2;0.03;0.018;H2Oxy_CC
0.05;0.01;0.055;0.2;0.03;0.03;H2Oxy_CC
0.05;0.01;0.055;0.2;0.05;0.018;H2Oxy_CC
0.05;0.01;0.055;0.2;0.05;0.03;H2Oxy_CC
0.05;0.01;0.055;0.2;0.07;0.018;H2Oxy_CC
0.05;0.01;0.055;0.2;0.07;0.03;H2Oxy_CC
0.05;0.01;0.055;0.25;0.03;0.018;BiomassOxy_CC
0.05;0.01;0.055;0.25;0.03;0.03;H2Oxy_CC
0.05;0.01;0.055;0.25;0.05;0.018;BiomassOxy_CC
0.05;0.01;0.055;0.25;0.05;0.03;H2Oxy_CC
0.05;0.01;0.055;0.25;0.07;0.018;BiomassOxy_CC
0.05;0.01;0.055;0.25;0.07;0.03;H2Oxy_CC
0.05;0.01;0.075;0.075;0.03;0.018;Biomass
0.05;0.01;0.075;0.075;0.03;0.03;BioCH4
0.05;0.01;0.075;0.075;0.05;0.018;Biomass
0.05;0.01;0.075;0.075;0.05;0.03;Biomass
0.05;0.01;0.075;0.075;0.07;0.018;Biomass
0.05;0.01;0.075;0.075;0.07;0.03;Biomass
0.05;0.01;0.075;0.1;0.03;0.018;Biomass
0.05;0.01;0.075;0.1;0.03;0.03;BioCH4
0.05;0.01;0.075;0.1;0.05;0.018;Biomass
0.05;0.01;0.075;0.1;0.05;0.03;Biomass
0.05;0.01;0.075;0.1;0.07;0.018;Biomass
0.05;0.01;0.075;0.1;0.07;0.03;Biomass
0.05;0.01;0.075;0.2;0.03;0.018;H2Oxy_CC
0.05;0.01;0.075;0.2;0.03;0.03;H2Oxy_CC
0.05;0.01;0.075;0.2;0.05;0.018;H2Oxy_CC
0.05;0.01;0.075;0.2;0.05;0.03;H2Oxy_CC
0.05;0.01;0.075;0.2;0.07;0.018;H2Oxy_CC
0.05;0.01;0.075;0.2;0.07;0.03;H2Oxy_CC
0.05;0.01;0.075;0.25;0.03;0.018;BiomassOxy_CC
0.05;0.01;0.075;0.25;0.03;0.03;H2Oxy_CC
0.05;0.01;0.075;0.25;0.05;0.018;BiomassOxy_CC
0.05;0.01;0.075;0.25;0.05;0.03;H2Oxy_CC
0.05;0.01;0.075;0.25;0.07;0.018;BiomassOxy_CC
0.05;0.01;0.075;0.25;0.07;0.03;H2Oxy_CC
0.05;0.01;0.1;0.075;0.03;0.018;Biomass
0.05;0.01;0.1;0.075;0.03;0.03;BioCH4
0.05;0.01;0.1;0.075;0.05;0.018;Biomass
0.05;0.01;0.1;0.075;0.05;0.03;Biomass
0.05;0.01;0.1;0.075;0.07;0.018;Biomass
0.05;0.01;0.1;0.075;0.07;0.03;Biomass
0.05;0.01;0.1;0.1;0.03;0.018;Biomass
0.05;0.01;0.1;0.1;0.03;0.03;BioCH4
0.05;0.01;0.1;0.1;0.05;0.018;Biomass
0.05;0.01;0.1;0.1;0.05;0.03;Biomass
0.05;0.01;0.1;0.1;0.07;0.018;Biomass
0.05;0.01;0.1;0.1;0.07;0.03;Biomass
0.05;0.01;0.1;0.2;0.03;0.018;H2Oxy_CC
0.05;0.01;0.1;0.2;0.03;0.03;H2Oxy_CC
0.05;0.01;0.1;0.2;0.05;0.018;H2Oxy_CC
0.05;0.01;0.1;0.2;0.05;0.03;H2Oxy_CC
0.05;0.01;0.1;0.2;0.07;0.018;H2Oxy_CC
0.05;0.01;0.1;0.2;0.07;0.03;H2Oxy_CC
0.05;0.01;0.1;0.25;0.03;0.018;BiomassOxy_CC
0.05;0.01;0.1;0.25;0.03;0.03;H2Oxy_CC
0.05;0.01;0.1;0.25;0.05;0.018;BiomassOxy_CC
0.05;0.01;0.1;0.25;0.05;0.03;H2Oxy_CC
0.05;0.01;0.1;0.25;0.07;0.018;BiomassOxy_CC
0.05;0.01;0.1;0.25;0.07;0.03;H2Oxy_CC
0.05;0.025;0.01;0.075;0.03;0.018;Biomass
0.05;0.025;0.01;0.075;0.03;0.03;NG
0.05;0.025;0.01;0.075;0.05;0.018;Biomass
0.05;0.025;0.01;0.075;0.05;0.03;NG
0.05;0.025;0.01;0.075;0.07;0.018;Biomass
0.05;0.025;0.01;0.075;0.07;0.03;NG
0.05;0.025;0.01;0.1;0.03;0.018;Biomass
0.05;0.025;0.01;0.1;0.03;0.03;NG
0.05;0.025;0.01;0.1;0.05;0.018;Biomass
0.05;0.025;0.01;0.1;0.05;0.03;NG
0.05;0.025;0.01;0.1;0.07;0.018;Biomass
0.05;0.025;0.01;0.1;0.07;0.03;NG
0.05;0.025;0.01;0.2;0.03;0.018;BiomassOxy_CC
0.05;0.025;0.01;0.2;0.03;0.03;BioCH4Oxy_CC
0.05;0.025;0.01;0.2;0.05;0.018;BiomassOxy_CC
0.05;0.025;0.01;0.2;0.05;0.03;Plasma_CC
0.05;0.025;0.01;0.2;0.07;0.018;BiomassOxy_CC
0.05;0.025;0.01;0.2;0.07;0.03;Plasma_CC
0.05;0.025;0.01;0.25;0.03;0.018;BiomassOxy_CC
0.05;0.025;0.01;0.25;0.03;0.03;BioCH4Oxy_CC
0.05;0.025;0.01;0.25;0.05;0.018;BiomassOxy_CC
0.05;0.025;0.01;0.25;0.05;0.03;BiomassOxy_CC
0.05;0.025;0.01;0.25;0.07;0.018;BiomassOxy_CC
0.05;0.025;0.01;0.25;0.07;0.03;BiomassOxy_CC
0.05;0.025;0.035;0.075;0.03;0.018;Biomass
0.05;0.025;0.035;0.075;0.03;0.03;BioCH4
0.05;0.025;0.035;0.075;0.05;0.018;Biomass
0.05;0.025;0.035;0.075;0.05;0.03;Biomass
0.05;0.025;0.035;0.075;0.07;0.018;Biomass
0.05;0.025;0.035;0.075;0.07;0.03;Biomass
0.05;0.025;0.035;0.1;0.03;0.018;Biomass
0.05;0.025;0.035;0.1;0.03;0.03;BioCH4
0.05;0.025;0.035;0.1;0.05;0.018;Biomass
0.05;0.025;0.035;0.1;0.05;0.03;Biomass
0.05;0.025;0.035;0.1;0.07;0.018;Biomass
0.05;0.025;0.035;0.1;0.07;0.03;Biomass
0.05;0.025;0.035;0.2;0.03;0.018;BiomassOxy_CC
0.05;0.025;0.035;0.2;0.03;0.03;BioCH4Oxy_CC
0.05;0.025;0.035;0.2;0.05;0.018;BiomassOxy_CC
0.05;0.025;0.035;0.2;0.05;0.03;Plasma_CC
0.05;0.025;0.035;0.2;0.07;0.018;BiomassOxy_CC
0.05;0.025;0.035;0.2;0.07;0.03;Plasma_CC
0.05;0.025;0.035;0.25;0.03;0.018;BiomassOxy_CC
0.05;0.025;0.035;0.25;0.03;0.03;BioCH4Oxy_CC
0.05;0.025;0.035;0.25;0.05;0.018;BiomassOxy_CC
0.05;0.025;0.035;0.25;0.05;0.03;BiomassOxy_CC
0.05;0.025;0.035;0.25;0.07;0.018;BiomassOxy_CC
0.05;0.025;0.035;0.25;0.07;0.03;BiomassOxy_CC
0.05;0.025;0.055;0.075;0.03;0.018;Biomass
0.05;0.025;0.055;0.075;0.03;0.03;BioCH4
0.05;0.025;0.055;0.075;0.05;0.018;Biomass
0.05;0.025;0.055;0.075;0.05;0.03;Biomass
0.05;0.025;0.055;0.075;0.07;0.018;Biomass
0.05;0.025;0.055;0.075;0.07;0.03;Biomass
0.05;0.025;0.055;0.1;0.03;0.018;Biomass
0.05;0.025;0.055;0.1;0.03;0.03;BioCH4
0.05;0.025;0.055;0.1;0.05;0.018;Biomass
0.05;0.025;0.055;0.1;0.05;0.03;Biomass
0.05;0.025;0.055;0.1;0.07;0.018;Biomass
0.05;0.025;0.055;0.1;0.07;0.03;Biomass
0.05;0.025;0.055;0.2;0.03;0.018;BiomassOxy_CC
0.05;0.025;0.055;0.2;0.03;0.03;BioCH4Oxy_CC
0.05;0.025;0.055;0.2;0.05;0.018;BiomassOxy_CC
0.05;0.025;0.055;0.2;0.05;0.03;Plasma_CC
0.05;0.025;0.055;0.2;0.07;0.018;BiomassOxy_CC
0.05;0.025;0.055;0.2;0.07;0.03;Plasma_CC
0.05;0.025;0.055;0.25;0.03;0.018;BiomassOxy_CC
0.05;0.025;0.055;0.25;0.03;0.03;BioCH4Oxy_CC
0.05;0.025;0.055;0.25;0.05;0.018;BiomassOxy_CC
0.05;0.025;0.055;0.25;0.05;0.03;BiomassOxy_CC
0.05;0.025;0.055;0.25;0.07;0.018;BiomassOxy_CC
0.05;0.025;0.055;0.25;0.07;0.03;BiomassOxy_CC
0.05;0.025;0.075;0.075;0.03;0.018;Biomass
0.05;0.025;0.075;0.075;0.03;0.03;BioCH4
0.05;0.025;0.075;0.075;0.05;0.018;Biomass
0.05;0.025;0.075;0.075;0.05;0.03;Biomass
0.05;0.025;0.075;0.075;0.07;0.018;Biomass
0.05;0.025;0.075;0.075;0.07;0.03;Biomass
0.05;0.025;0.075;0.1;0.03;0.018;Biomass
0.05;0.025;0.075;0.1;0.03;0.03;BioCH4
0.05;0.025;0.075;0.1;0.05;0.018;Biomass
0.05;0.025;0.075;0.1;0.05;0.03;Biomass
0.05;0.025;0.075;0.1;0.07;0.018;Biomass
0.05;0.025;0.075;0.1;0.07;0.03;Biomass
0.05;0.025;0.075;0.2;0.03;0.018;BiomassOxy_CC
0.05;0.025;0.075;0.2;0.03;0.03;BioCH4Oxy_CC
0.05;0.025;0.075;0.2;0.05;0.018;BiomassOxy_CC
0.05;0.025;0.075;0.2;0.05;0.03;Plasma_CC
0.05;0.025;0.075;0.2;0.07;0.018;BiomassOxy_CC
0.05;0.025;0.075;0.2;0.07;0.03;Plasma_CC
0.05;0.025;0.075;0.25;0.03;0.018;BiomassOxy_CC
0.05;0.025;0.075;0.25;0.03;0.03;BioCH4Oxy_CC
0.05;0.025;0.075;0.25;0.05;0.018;BiomassOxy_CC
0.05;0.025;0.075;0.25;0.05;0.03;BiomassOxy_CC
0.05;0.025;0.075;0.25;0.07;0.018;BiomassOxy_CC
0.05;0.025;0.075;0.25;0.07;0.03;BiomassOxy_CC
0.05;0.025;0.1;0.075;0.03;0.018;Biomass
0.05;0.025;0.1;0.075;0.03;0.03;BioCH4
0.05;0.025;0.1;0.075;0.05;0.018;Biomass
0.05;0.025;0.1;0.075;0.05;0.03;Biomass
0.05;0.025;0.1;0.075;0.07;0.018;Biomass
0.05;0.025;0.1;0.075;0.07;0.03;Biomass
0.05;0.025;0.1;0.1;0.03;0.018;Biomass
0.05;0.025;0.1;0.1;0.03;0.03;BioCH4
0.05;0.025;0.1;0.1;0.05;0.018;Biomass
0.05;0.025;0.1;0.1;0.05;0.03;Biomass
0.05;0.025;0.1;0.1;0.07;0.018;Biomass
0.05;0.025;0.1;0.1;0.07;0.03;Biomass
0.05;0.025;0.1;0.2;0.03;0.018;BiomassOxy_CC
0.05;0.025;0.1;0.2;0.03;0.03;BioCH4Oxy_CC
0.05;0.025;0.1;0.2;0.05;0.018;BiomassOxy_CC
0.05;0.025;0.1;0.2;0.05;0.03;Plasma_CC
0.05;0.025;0.1;0.2;0.07;0.018;BiomassOxy_CC
0.05;0.025;0.1;0.2;0.07;0.03;Plasma_CC
0.05;0.025;0.1;0.25;0.03;0.018;BiomassOxy_CC
0.05;0.025;0.1;0.25;0.03;0.03;BioCH4Oxy_CC
0.05;0.025;0.1;0.25;0.05;0.018;BiomassOxy_CC
0.05;0.025;0.1;0.25;0.05;0.03;BiomassOxy_CC
0.05;0.025;0.1;0.25;0.07;0.018;BiomassOxy_CC
0.05;0.025;0.1;0.25;0.07;0.03;BiomassOxy_CC
0.05;0.05;0.01;0.075;0.03;0.018;Biomass
0.05;0.05;0.01;0.075;0.03;0.03;NG
0.05;0.05;0.01;0.075;0.05;0.018;Biomass
0.05;0.05;0.01;0.075;0.05;0.03;NG
0.05;0.05;0.01;0.075;0.07;0.018;Biomass
0.05;0.05;0.01;0.075;0.07;0.03;NG
0.05;0.05;0.01;0.1;0.03;0.018;Biomass
0.05;0.05;0.01;0.1;0.03;0.03;NG
0.05;0.05;0.01;0.1;0.05;0.018;Biomass
0.05;0.05;0.01;0.1;0.05;0.03;NG
0.05;0.05;0.01;0.1;0.07;0.018;Biomass
0.05;0.05;0.01;0.1;0.07;0.03;NG
0.05;0.05;0.01;0.2;0.03;0.018;BiomassOxy_CC
0.05;0.05;0.01;0.2;0.03;0.03;BioCH4Oxy_CC
0.05;0.05;0.01;0.2;0.05;0.018;BiomassOxy_CC
0.05;0.05;0.01;0.2;0.05;0.03;Plasma_CC
0.05;0.05;0.01;0.2;0.07;0.018;BiomassOxy_CC
0.05;0.05;0.01;0.2;0.07;0.03;Plasma_CC
0.05;0.05;0.01;0.25;0.03;0.018;BiomassOxy_CC
0.05;0.05;0.01;0.25;0.03;0.03;BioCH4Oxy_CC
0.05;0.05;0.01;0.25;0.05;0.018;BiomassOxy_CC
0.05;0.05;0.01;0.25;0.05;0.03;BiomassOxy_CC
0.05;0.05;0.01;0.25;0.07;0.018;BiomassOxy_CC
0.05;0.05;0.01;0.25;0.07;0.03;BiomassOxy_CC
0.05;0.05;0.035;0.075;0.03;0.018;Biomass
0.05;0.05;0.035;0.075;0.03;0.03;BioCH4
0.05;0.05;0.035;0.075;0.05;0.018;Biomass
0.05;0.05;0.035;0.075;0.05;0.03;Biomass
0.05;0.05;0.035;0.075;0.07;0.018;Biomass
0.05;0.05;0.035;0.075;0.07;0.03;Biomass
0.05;0.05;0.035;0.1;0.03;0.018;Biomass
0.05;0.05;0.035;0.1;0.03;0.03;BioCH4
0.05;0.05;0.035;0.1;0.05;0.018;Biomass
0.05;0.05;0.035;0.1;0.05;0.03;Biomass
0.05;0.05;0.035;0.1;0.07;0.018;Biomass
0.05;0.05;0.035;0.1;0.07;0.03;Biomass
0.05;0.05;0.035;0.2;0.03;0.018;BiomassOxy_CC
0.05;0.05;0.035;0.2;0.03;0.03;BioCH4Oxy_CC
0.05;0.05;0.035;0.2;0.05;0.018;BiomassOxy_CC
0.05;0.05;0.035;0.2;0.05;0.03;Plasma_CC
0.05;0.05;0.035;0.2;0.07;0.018;BiomassOxy_CC
0.05;0.05;0.035;0.2;0.07;0.03;Plasma_CC
0.05;0.05;0.035;0.25;0.03;0.018;BiomassOxy_CC
0.05;0.05;0.035;0.25;0.03;0.03;BioCH4Oxy_CC
0.05;0.05;0.035;0.25;0.05;0.018;BiomassOxy_CC
0.05;0.05;0.035;0.25;0.05;0.03;BiomassOxy_CC
0.05;0.05;0.035;0.25;0.07;0.018;BiomassOxy_CC
0.05;0.05;0.035;0.25;0.07;0.03;BiomassOxy_CC
0.05;0.05;0.055;0.075;0.03;0.018;Biomass
0.05;0.05;0.055;0.075;0.03;0.03;BioCH4
0.05;0.05;0.055;0.075;0.05;0.018;Biomass
0.05;0.05;0.055;0.075;0.05;0.03;Biomass
0.05;0.05;0.055;0.075;0.07;0.018;Biomass
0.05;0.05;0.055;0.075;0.07;0.03;Biomass
0.05;0.05;0.055;0.1;0.03;0.018;Biomass
0.05;0.05;0.055;0.1;0.03;0.03;BioCH4
0.05;0.05;0.055;0.1;0.05;0.018;Biomass
0.05;0.05;0.055;0.1;0.05;0.03;Biomass
0.05;0.05;0.055;0.1;0.07;0.018;Biomass
0.05;0.05;0.055;0.1;0.07;0.03;Biomass
0.05;0.05;0.055;0.2;0.03;0.018;BiomassOxy_CC
0.05;0.05;0.055;0.2;0.03;0.03;BioCH4Oxy_CC
0.05;0.05;0.055;0.2;0.05;0.018;BiomassOxy_CC
0.05;0.05;0.055;0.2;0.05;0.03;Plasma_CC
0.05;0.05;0.055;0.2;0.07;0.018;BiomassOxy_CC
0.05;0.05;0.055;0.2;0.07;0.03;Plasma_CC
0.05;0.05;0.055;0.25;0.03;0.018;BiomassOxy_CC
0.05;0.05;0.055;0.25;0.03;0.03;BioCH4Oxy_CC
0.05;0.05;0.055;0.25;0.05;0.018;BiomassOxy_CC
0.05;0.05;0.055;0.25;0.05;0.03;BiomassOxy_CC
0.05;0.05;0.055;0.25;0.07;0.018;BiomassOxy_CC
0.05;0.05;0.055;0.25;0.07;0.03;BiomassOxy_CC
0.05;0.05;0.075;0.075;0.03;0.018;Biomass
0.05;0.05;0.075;0.075;0.03;0.03;BioCH4
0.05;0.05;0.075;0.075;0.05;0.018;Biomass
0.05;0.05;0.075;0.075;0.05;0.03;Biomass
0.05;0.05;0.075;0.075;0.07;0.018;Biomass
0.05;0.05;0.075;0.075;0.07;0.03;Biomass
0.05;0.05;0.075;0.1;0.03;0.018;Biomass
0.05;0.05;0.075;0.1;0.03;0.03;BioCH4
0.05;0.05;0.075;0.1;0.05;0.018;Biomass
0.05;0.05;0.075;0.1;0.05;0.03;Biomass
0.05;0.05;0.075;0.1;0.07;0.018;Biomass
0.05;0.05;0.075;0.1;0.07;0.03;Biomass
0.05;0.05;0.075;0.2;0.03;0.018;BiomassOxy_CC
0.05;0.05;0.075;0.2;0.03;0.03;BioCH4Oxy_CC
0.05;0.05;0.075;0.2;0.05;0.018;BiomassOxy_CC
0.05;0.05;0.075;0.2;0.05;0.03;Plasma_CC
0.05;0.05;0.075;0.2;0.07;0.018;BiomassOxy_CC
0.05;0.05;0.075;0.2;0.07;0.03;Plasma_CC
0.05;0.05;0.075;0.25;0.03;0.018;BiomassOxy_CC
0.05;0.05;0.075;0.25;0.03;0.03;BioCH4Oxy_CC
0.05;0.05;0.075;0.25;0.05;0.018;BiomassOxy_CC
0.05;0.05;0.075;0.25;0.05;0.03;BiomassOxy_CC
0.05;0.05;0.075;0.25;0.07;0.018;BiomassOxy_CC
0.05;0.05;0.075;0.25;0.07;0.03;BiomassOxy_CC
0.05;0.05;0.1;0.075;0.03;0.018;Biomass
0.05;0.05;0.1;0.075;0.03;0.03;BioCH4
0.05;0.05;0.1;0.075;0.05;0.018;Biomass
0.05;0.05;0.1;0.075;0.05;0.03;Biomass
0.05;0.05;0.1;0.075;0.07;0.018;Biomass
0.05;0.05;0.1;0.075;0.07;0.03;Biomass
0.05;0.05;0.1;0.1;0.03;0.018;Biomass
0.05;0.05;0.1;0.1;0.03;0.03;BioCH4
0.05;0.05;0.1;0.1;0.05;0.018;Biomass
0.05;0.05;0.1;0.1;0.05;0.03;Biomass
0.05;0.05;0.1;0.1;0.07;0.018;Biomass
0.05;0.05;0.1;0.1;0.07;0.03;Biomass
0.05;0.05;0.1;0.2;0.03;0.018;BiomassOxy_CC
0.05;0.05;0.1;0.2;0.03;0.03;BioCH4Oxy_CC
0.05;0.05;0.1;0.2;0.05;0.018;BiomassOxy_CC
0.05;0.05;0.1;0.2;0.05;0.03;Plasma_CC
0.05;0.05;0.1;0.2;0.07;0.018;BiomassOxy_CC
0.05;0.05;0.1;0.2;0.07;0.03;Plasma_CC
0.05;0.05;0.1;0.25;0.03;0.018;BiomassOxy_CC
0.05;0.05;0.1;0.25;0.03;0.03;BioCH4Oxy_CC
0.05;0.05;0.1;0.25;0.05;0.018;BiomassOxy_CC
0.05;0.05;0.1;0.25;0.05;0.03;BiomassOxy_CC
0.05;0.05;0.1;0.25;0.07;0.018;BiomassOxy_CC
0.05;0.05;0.1;0.25;0.07;0.03;BiomassOxy_CC
0.05;0.075;0.01;0.075;0.03;0.018;Biomass
0.05;0.075;0.01;0.075;0.03;0.03;NG
0.05;0.075;0.01;0.075;0.05;0.018;Biomass
0.05;0.075;0.01;0.075;0.05;0.03;NG
0.05;0.075;0.01;0.075;0.07;0.018;Biomass
0.05;0.075;0.01;0.075;0.07;0.03;NG
0.05;0.075;0.01;0.1;0.03;0.018;Biomass
0.05;0.075;0.01;0.1;0.03;0.03;NG
0.05;0.075;0.01;0.1;0.05;0.018;Biomass
0.05;0.075;0.01;0.1;0.05;0.03;NG
0.05;0.075;0.01;0.1;0.07;0.018;Biomass
0.05;0.075;0.01;0.1;0.07;0.03;NG
0.05;0.075;0.01;0.2;0.03;0.018;BiomassOxy_CC
0.05;0.075;0.01;0.2;0.03;0.03;BioCH4Oxy_CC
0.05;0.075;0.01;0.2;0.05;0.018;BiomassOxy_CC
0.05;0.075;0.01;0.2;0.05;0.03;Plasma_CC
0.05;0.075;0.01;0.2;0.07;0.018;BiomassOxy_CC
0.05;0.075;0.01;0.2;0.07;0.03;Plasma_CC
0.05;0.075;0.01;0.25;0.03;0.018;BiomassOxy_CC
0.05;0.075;0.01;0.25;0.03;0.03;BioCH4Oxy_CC
0.05;0.075;0.01;0.25;0.05;0.018;BiomassOxy_CC
0.05;0.075;0.01;0.25;0.05;0.03;BiomassOxy_CC
0.05;0.075;0.01;0.25;0.07;0.018;BiomassOxy_CC
0.05;0.075;0.01;0.25;0.07;0.03;BiomassOxy_CC
0.05;0.075;0.035;0.075;0.03;0.018;Biomass
0.05;0.075;0.035;0.075;0.03;0.03;BioCH4
0.05;0.075;0.035;0.075;0.05;0.018;Biomass
0.05;0.075;0.035;0.075;0.05;0.03;Biomass
0.05;0.075;0.035;0.075;0.07;0.018;Biomass
0.05;0.075;0.035;0.075;0.07;0.03;Biomass
0.05;0.075;0.035;0.1;0.03;0.018;Biomass
0.05;0.075;0.035;0.1;0.03;0.03;BioCH4
0.05;0.075;0.035;0.1;0.05;0.018;Biomass
0.05;0.075;0.035;0.1;0.05;0.03;Biomass
0.05;0.075;0.035;0.1;0.07;0.018;Biomass
0.05;0.075;0.035;0.1;0.07;0.03;Biomass
0.05;0.075;0.035;0.2;0.03;0.018;BiomassOxy_CC
0.05;0.075;0.035;0.2;0.03;0.03;BioCH4Oxy_CC
0.05;0.075;0.035;0.2;0.05;0.018;BiomassOxy_CC
0.05;0.075;0.035;0.2;0.05;0.03;Plasma_CC
0.05;0.075;0.035;0.2;0.07;0.018;BiomassOxy_CC
0.05;0.075;0.035;0.2;0.07;0.03;Plasma_CC
0.05;0.075;0.035;0.25;0.03;0.018;BiomassOxy_CC
0.05;0.075;0.035;0.25;0.03;0.03;BioCH4Oxy_CC
0.05;0.075;0.035;0.25;0.05;0.018;BiomassOxy_CC
0.05;0.075;0.035;0.25;0.05;0.03;BiomassOxy_CC
0.05;0.075;0.035;0.25;0.07;0.018;BiomassOxy_CC
0.05;0.075;0.035;0.25;0.07;0.03;BiomassOxy_CC
0.05;0.075;0.055;0.075;0.03;0.018;Biomass
0.05;0.075;0.055;0.075;0.03;0.03;BioCH4
0.05;0.075;0.055;0.075;0.05;0.018;Biomass
0.05;0.075;0.055;0.075;0.05;0.03;Biomass
0.05;0.075;0.055;0.075;0.07;0.018;Biomass
0.05;0.075;0.055;0.075;0.07;0.03;Biomass
0.05;0.075;0.055;0.1;0.03;0.018;Biomass
0.05;0.075;0.055;0.1;0.03;0.03;BioCH4
0.05;0.075;0.055;0.1;0.05;0.018;Biomass
0.05;0.075;0.055;0.1;0.05;0.03;Biomass
0.05;0.075;0.055;0.1;0.07;0.018;Biomass
0.05;0.075;0.055;0.1;0.07;0.03;Biomass
0.05;0.075;0.055;0.2;0.03;0.018;BiomassOxy_CC
0.05;0.075;0.055;0.2;0.03;0.03;BioCH4Oxy_CC
0.05;0.075;0.055;0.2;0.05;0.018;BiomassOxy_CC
0.05;0.075;0.055;0.2;0.05;0.03;Plasma_CC
0.05;0.075;0.055;0.2;0.07;0.018;BiomassOxy_CC
0.05;0.075;0.055;0.2;0.07;0.03;Plasma_CC
0.05;0.075;0.055;0.25;0.03;0.018;BiomassOxy_CC
0.05;0.075;0.055;0.25;0.03;0.03;BioCH4Oxy_CC
0.05;0.075;0.055;0.25;0.05;0.018;BiomassOxy_CC
0.05;0.075;0.055;0.25;0.05;0.03;BiomassOxy_CC
0.05;0.075;0.055;0.25;0.07;0.018;BiomassOxy_CC
0.05;0.075;0.055;0.25;0.07;0.03;BiomassOxy_CC
0.05;0.075;0.075;0.075;0.03;0.018;Biomass
0.05;0.075;0.075;0.075;0.03;0.03;BioCH4
0.05;0.075;0.075;0.075;0.05;0.018;Biomass
0.05;0.075;0.075;0.075;0.05;0.03;Biomass
0.05;0.075;0.075;0.075;0.07;0.018;Biomass
0.05;0.075;0.075;0.075;0.07;0.03;Biomass
0.05;0.075;0.075;0.1;0.03;0.018;Biomass
0.05;0.075;0.075;0.1;0.03;0.03;BioCH4
0.05;0.075;0.075;0.1;0.05;0.018;Biomass
0.05;0.075;0.075;0.1;0.05;0.03;Biomass
0.05;0.075;0.075;0.1;0.07;0.018;Biomass
0.05;0.075;0.075;0.1;0.07;0.03;Biomass
0.05;0.075;0.075;0.2;0.03;0.018;BiomassOxy_CC
0.05;0.075;0.075;0.2;0.03;0.03;BioCH4Oxy_CC
0.05;0.075;0.075;0.2;0.05;0.018;BiomassOxy_CC
0.05;0.075;0.075;0.2;0.05;0.03;Plasma_CC
0.05;0.075;0.075;0.2;0.07;0.018;BiomassOxy_CC
0.05;0.075;0.075;0.2;0.07;0.03;Plasma_CC
0.05;0.075;0.075;0.25;0.03;0.018;BiomassOxy_CC
0.05;0.075;0.075;0.25;0.03;0.03;BioCH4Oxy_CC
0.05;0.075;0.075;0.25;0.05;0.018;BiomassOxy_CC
0.05;0.075;0.075;0.25;0.05;0.03;BiomassOxy_CC
0.05;0.075;0.075;0.25;0.07;0.018;BiomassOxy_CC
0.05;0.075;0.075;0.25;0.07;0.03;BiomassOxy_CC
0.05;0.075;0.1;0.075;0.03;0.018;Biomass
0.05;0.075;0.1;0.075;0.03;0.03;BioCH4
0.05;0.075;0.1;0.075;0.05;0.018;Biomass
0.05;0.075;0.1;0.075;0.05;0.03;Biomass
0.05;0.075;0.1;0.075;0.07;0.018;Biomass
0.05;0.075;0.1;0.075;0.07;0.03;Biomass
0.05;0.075;0.1;0.1;0.03;0.018;Biomass
0.05;0.075;0.1;0.1;0.03;0.03;BioCH4
0.05;0.075;0.1;0.1;0.05;0.018;Biomass
0.05;0.075;0.1;0.1;0.05;0.03;Biomass
0.05;0.075;0.1;0.1;0.07;0.018;Biomass
0.05;0.075;0.1;0.1;0.07;0.03;Biomass
0.05;0.075;0.1;0.2;0.03;0.018;BiomassOxy_CC
0.05;0.075;0.1;0.2;0.03;0.03;BioCH4Oxy_CC
0.05;0.075;0.1;0.2;0.05;0.018;BiomassOxy_CC
0.05;0.075;0.1;0.2;0.05;0.03;Plasma_CC
0.05;0.075;0.1;0.2;0.07;0.018;BiomassOxy_CC
0.05;0.075;0.1;0.2;0.07;0.03;Plasma_CC
0.05;0.075;0.1;0.25;0.03;0.018;BiomassOxy_CC
0.05;0.075;0.1;0.25;0.03;0.03;BioCH4Oxy_CC
0.05;0.075;0.1;0.25;0.05;0.018;BiomassOxy_CC
0.05;0.075;0.1;0.25;0.05;0.03;BiomassOxy_CC
0.05;0.075;0.1;0.25;0.07;0.018;BiomassOxy_CC
0.05;0.075;0.1;0.25;0.07;0.03;BiomassOxy_CC
0.05;0.1;0.01;0.075;0.03;0.018;Biomass
0.05;0.1;0.01;0.075;0.03;0.03;NG
0.05;0.1;0.01;0.075;0.05;0.018;Biomass
0.05;0.1;0.01;0.075;0.05;0.03;NG
0.05;0.1;0.01;0.075;0.07;0.018;Biomass
0.05;0.1;0.01;0.075;0.07;0.03;NG
0.05;0.1;0.01;0.1;0.03;0.018;Biomass
0.05;0.1;0.01;0.1;0.03;0.03;NG
0.05;0.1;0.01;0.1;0.05;0.018;Biomass
0.05;0.1;0.01;0.1;0.05;0.03;NG
0.05;0.1;0.01;0.1;0.07;0.018;Biomass
0.05;0.1;0.01;0.1;0.07;0.03;NG
0.05;0.1;0.01;0.2;0.03;0.018;BiomassOxy_CC
0.05;0.1;0.01;0.2;0.03;0.03;BioCH4Oxy_CC
0.05;0.1;0.01;0.2;0.05;0.018;BiomassOxy_CC
0.05;0.1;0.01;0.2;0.05;0.03;Plasma_CC
0.05;0.1;0.01;0.2;0.07;0.018;BiomassOxy_CC
0.05;0.1;0.01;0.2;0.07;0.03;Plasma_CC
0.05;0.1;0.01;0.25;0.03;0.018;BiomassOxy_CC
0.05;0.1;0.01;0.25;0.03;0.03;BioCH4Oxy_CC
0.05;0.1;0.01;0.25;0.05;0.018;BiomassOxy_CC
0.05;0.1;0.01;0.25;0.05;0.03;BiomassOxy_CC
0.05;0.1;0.01;0.25;0.07;0.018;BiomassOxy_CC
0.05;0.1;0.01;0.25;0.07;0.03;BiomassOxy_CC
0.05;0.1;0.035;0.075;0.03;0.018;Biomass
0.05;0.1;0.035;0.075;0.03;0.03;BioCH4
0.05;0.1;0.035;0.075;0.05;0.018;Biomass
0.05;0.1;0.035;0.075;0.05;0.03;Biomass
0.05;0.1;0.035;0.075;0.07;0.018;Biomass
0.05;0.1;0.035;0.075;0.07;0.03;Biomass
0.05;0.1;0.035;0.1;0.03;0.018;Biomass
0.05;0.1;0.035;0.1;0.03;0.03;BioCH4
0.05;0.1;0.035;0.1;0.05;0.018;Biomass
0.05;0.1;0.035;0.1;0.05;0.03;Biomass
0.05;0.1;0.035;0.1;0.07;0.018;Biomass
0.05;0.1;0.035;0.1;0.07;0.03;Biomass
0.05;0.1;0.035;0.2;0.03;0.018;BiomassOxy_CC
0.05;0.1;0.035;0.2;0.03;0.03;BioCH4Oxy_CC
0.05;0.1;0.035;0.2;0.05;0.018;BiomassOxy_CC
0.05;0.1;0.035;0.2;0.05;0.03;Plasma_CC
0.05;0.1;0.035;0.2;0.07;0.018;BiomassOxy_CC
0.05;0.1;0.035;0.2;0.07;0.03;Plasma_CC
0.05;0.1;0.035;0.25;0.03;0.018;BiomassOxy_CC
0.05;0.1;0.035;0.25;0.03;0.03;BioCH4Oxy_CC
0.05;0.1;0.035;0.25;0.05;0.018;BiomassOxy_CC
0.05;0.1;0.035;0.25;0.05;0.03;BiomassOxy_CC
0.05;0.1;0.035;0.25;0.07;0.018;BiomassOxy_CC
0.05;0.1;0.035;0.25;0.07;0.03;BiomassOxy_CC
0.05;0.1;0.055;0.075;0.03;0.018;Biomass
0.05;0.1;0.055;0.075;0.03;0.03;BioCH4
0.05;0.1;0.055;0.075;0.05;0.018;Biomass
0.05;0.1;0.055;0.075;0.05;0.03;Biomass
0.05;0.1;0.055;0.075;0.07;0.018;Biomass
0.05;0.1;0.055;0.075;0.07;0.03;Biomass
0.05;0.1;0.055;0.1;0.03;0.018;Biomass
0.05;0.1;0.055;0.1;0.03;0.03;BioCH4
0.05;0.1;0.055;0.1;0.05;0.018;Biomass
0.05;0.1;0.055;0.1;0.05;0.03;Biomass
0.05;0.1;0.055;0.1;0.07;0.018;Biomass
0.05;0.1;0.055;0.1;0.07;0.03;Biomass
0.05;0.1;0.055;0.2;0.03;0.018;BiomassOxy_CC
0.05;0.1;0.055;0.2;0.03;0.03;BioCH4Oxy_CC
0.05;0.1;0.055;0.2;0.05;0.018;BiomassOxy_CC
0.05;0.1;0.055;0.2;0.05;0.03;Plasma_CC
0.05;0.1;0.055;0.2;0.07;0.018;BiomassOxy_CC
0.05;0.1;0.055;0.2;0.07;0.03;Plasma_CC
0.05;0.1;0.055;0.25;0.03;0.018;BiomassOxy_CC
0.05;0.1;0.055;0.25;0.03;0.03;BioCH4Oxy_CC
0.05;0.1;0.055;0.25;0.05;0.018;BiomassOxy_CC
0.05;0.1;0.055;0.25;0.05;0.03;BiomassOxy_CC
0.05;0.1;0.055;0.25;0.07;0.018;BiomassOxy_CC
0.05;0.1;0.055;0.25;0.07;0.03;BiomassOxy_CC
0.05;0.1;0.075;0.075;0.03;0.018;Biomass
0.05;0.1;0.075;0.075;0.03;0.03;BioCH4
0.05;0.1;0.075;0.075;0.05;0.018;Biomass
0.05;0.1;0.075;0.075;0.05;0.03;Biomass
0.05;0.1;0.075;0.075;0.07;0.018;Biomass
0.05;0.1;0.075;0.075;0.07;0.03;Biomass
0.05;0.1;0.075;0.1;0.03;0.018;Biomass
0.05;0.1;0.075;0.1;0.03;0.03;BioCH4
0.05;0.1;0.075;0.1;0.05;0.018;Biomass
0.05;0.1;0.075;0.1;0.05;0.03;Biomass
0.05;0.1;0.075;0.1;0.07;0.018;Biomass
0.05;0.1;0.075;0.1;0.07;0.03;Biomass
0.05;0.1;0.075;0.2;0.03;0.018;BiomassOxy_CC
0.05;0.1;0.075;0.2;0.03;0.03;BioCH4Oxy_CC
0.05;0.1;0.075;0.2;0.05;0.018;BiomassOxy_CC
0.05;0.1;0.075;0.2;0.05;0.03;Plasma_CC
0.05;0.1;0.075;0.2;0.07;0.018;BiomassOxy_CC
0.05;0.1;0.075;0.2;0.07;0.03;Plasma_CC
0.05;0.1;0.075;0.25;0.03;0.018;BiomassOxy_CC
0.05;0.1;0.075;0.25;0.03;0.03;BioCH4Oxy_CC
0.05;0.1;0.075;0.25;0.05;0.018;BiomassOxy_CC
0.05;0.1;0.075;0.25;0.05;0.03;BiomassOxy_CC
0.05;0.1;0.075;0.25;0.07;0.018;BiomassOxy_CC
0.05;0.1;0.075;0.25;0.07;0.03;BiomassOxy_CC
0.05;0.1;0.1;0.075;0.03;0.018;Biomass
0.05;0.1;0.1;0.075;0.03;0.03;BioCH4
0.05;0.1;0.1;0.075;0.05;0.018;Biomass
0.05;0.1;0.1;0.075;0.05;0.03;Biomass
0.05;0.1;0.1;0.075;0.07;0.018;Biomass
0.05;0.1;0.1;0.075;0.07;0.03;Biomass
0.05;0.1;0.1;0.1;0.03;0.018;Biomass
0.05;0.1;0.1;0.1;0.03;0.03;BioCH4
0.05;0.1;0.1;0.1;0.05;0.018;Biomass
0.05;0.1;0.1;0.1;0.05;0.03;Biomass
0.05;0.1;0.1;0.1;0.07;0.018;Biomass
0.05;0.1;0.1;0.1;0.07;0.03;Biomass
0.05;0.1;0.1;0.2;0.03;0.018;BiomassOxy_CC
0.05;0.1;0.1;0.2;0.03;0.03;BioCH4Oxy_CC
0.05;0.1;0.1;0.2;0.05;0.018;BiomassOxy_CC
0.05;0.1;0.1;0.2;0.05;0.03;Plasma_CC
0.05;0.1;0.1;0.2;0.07;0.018;BiomassOxy_CC
0.05;0.1;0.1;0.2;0.07;0.03;Plasma_CC
0.05;0.1;0.1;0.25;0.03;0.018;BiomassOxy_CC
0.05;0.1;0.1;0.25;0.03;0.03;BioCH4Oxy_CC
0.05;0.1;0.1;0.25;0.05;0.018;BiomassOxy_CC
0.05;0.1;0.1;0.25;0.05;0.03;BiomassOxy_CC
0.05;0.1;0.1;0.25;0.07;0.018;BiomassOxy_CC
0.05;0.1;0.1;0.25;0.07;0.03;BiomassOxy_CC
0.05;0.15;0.01;0.075;0.03;0.018;Biomass
0.05;0.15;0.01;0.075;0.03;0.03;NG
0.05;0.15;0.01;0.075;0.05;0.018;Biomass
0.05;0.15;0.01;0.075;0.05;0.03;NG
0.05;0.15;0.01;0.075;0.07;0.018;Biomass
0.05;0.15;0.01;0.075;0.07;0.03;NG
0.05;0.15;0.01;0.1;0.03;0.018;Biomass
0.05;0.15;0.01;0.1;0.03;0.03;NG
0.05;0.15;0.01;0.1;0.05;0.018;Biomass
0.05;0.15;0.01;0.1;0.05;0.03;NG
0.05;0.15;0.01;0.1;0.07;0.018;Biomass
0.05;0.15;0.01;0.1;0.07;0.03;NG
0.05;0.15;0.01;0.2;0.03;0.018;BiomassOxy_CC
0.05;0.15;0.01;0.2;0.03;0.03;BioCH4Oxy_CC
0.05;0.15;0.01;0.2;0.05;0.018;BiomassOxy_CC
0.05;0.15;0.01;0.2;0.05;0.03;Plasma_CC
0.05;0.15;0.01;0.2;0.07;0.018;BiomassOxy_CC
0.05;0.15;0.01;0.2;0.07;0.03;Plasma_CC
0.05;0.15;0.01;0.25;0.03;0.018;BiomassOxy_CC
0.05;0.15;0.01;0.25;0.03;0.03;BioCH4Oxy_CC
0.05;0.15;0.01;0.25;0.05;0.018;BiomassOxy_CC
0.05;0.15;0.01;0.25;0.05;0.03;BiomassOxy_CC
0.05;0.15;0.01;0.25;0.07;0.018;BiomassOxy_CC
0.05;0.15;0.01;0.25;0.07;0.03;BiomassOxy_CC
0.05;0.15;0.035;0.075;0.03;0.018;Biomass
0.05;0.15;0.035;0.075;0.03;0.03;BioCH4
0.05;0.15;0.035;0.075;0.05;0.018;Biomass
0.05;0.15;0.035;0.075;0.05;0.03;Biomass
0.05;0.15;0.035;0.075;0.07;0.018;Biomass
0.05;0.15;0.035;0.075;0.07;0.03;Biomass
0.05;0.15;0.035;0.1;0.03;0.018;Biomass
0.05;0.15;0.035;0.1;0.03;0.03;BioCH4
0.05;0.15;0.035;0.1;0.05;0.018;Biomass
0.05;0.15;0.035;0.1;0.05;0.03;Biomass
0.05;0.15;0.035;0.1;0.07;0.018;Biomass
0.05;0.15;0.035;0.1;0.07;0.03;Biomass
0.05;0.15;0.035;0.2;0.03;0.018;BiomassOxy_CC
0.05;0.15;0.035;0.2;0.03;0.03;BioCH4Oxy_CC
0.05;0.15;0.035;0.2;0.05;0.018;BiomassOxy_CC
0.05;0.15;0.035;0.2;0.05;0.03;Plasma_CC
0.05;0.15;0.035;0.2;0.07;0.018;BiomassOxy_CC
0.05;0.15;0.035;0.2;0.07;0.03;Plasma_CC
0.05;0.15;0.035;0.25;0.03;0.018;BiomassOxy_CC
0.05;0.15;0.035;0.25;0.03;0.03;BioCH4Oxy_CC
0.05;0.15;0.035;0.25;0.05;0.018;BiomassOxy_CC
0.05;0.15;0.035;0.25;0.05;0.03;BiomassOxy_CC
0.05;0.15;0.035;0.25;0.07;0.018;BiomassOxy_CC
0.05;0.15;0.035;0.25;0.07;0.03;BiomassOxy_CC
0.05;0.15;0.055;0.075;0.03;0.018;Biomass
0.05;0.15;0.055;0.075;0.03;0.03;BioCH4
0.05;0.15;0.055;0.075;0.05;0.018;Biomass
0.05;0.15;0.055;0.075;0.05;0.03;Biomass
0.05;0.15;0.055;0.075;0.07;0.018;Biomass
0.05;0.15;0.055;0.075;0.07;0.03;Biomass
0.05;0.15;0.055;0.1;0.03;0.018;Biomass
0.05;0.15;0.055;0.1;0.03;0.03;BioCH4
0.05;0.15;0.055;0.1;0.05;0.018;Biomass
0.05;0.15;0.055;0.1;0.05;0.03;Biomass
0.05;0.15;0.055;0.1;0.07;0.018;Biomass
0.05;0.15;0.055;0.1;0.07;0.03;Biomass
0.05;0.15;0.055;0.2;0.03;0.018;BiomassOxy_CC
0.05;0.15;0.055;0.2;0.03;0.03;BioCH4Oxy_CC
0.05;0.15;0.055;0.2;0.05;0.018;BiomassOxy_CC
0.05;0.15;0.055;0.2;0.05;0.03;Plasma_CC
0.05;0.15;0.055;0.2;0.07;0.018;BiomassOxy_CC
0.05;0.15;0.055;0.2;0.07;0.03;Plasma_CC
0.05;0.15;0.055;0.25;0.03;0.018;BiomassOxy_CC
0.05;0.15;0.055;0.25;0.03;0.03;BioCH4Oxy_CC
0.05;0.15;0.055;0.25;0.05;0.018;BiomassOxy_CC
0.05;0.15;0.055;0.25;0.05;0.03;BiomassOxy_CC
0.05;0.15;0.055;0.25;0.07;0.018;BiomassOxy_CC
0.05;0.15;0.055;0.25;0.07;0.03;BiomassOxy_CC
0.05;0.15;0.075;0.075;0.03;0.018;Biomass
0.05;0.15;0.075;0.075;0.03;0.03;BioCH4
0.05;0.15;0.075;0.075;0.05;0.018;Biomass
0.05;0.15;0.075;0.075;0.05;0.03;Biomass
0.05;0.15;0.075;0.075;0.07;0.018;Biomass
0.05;0.15;0.075;0.075;0.07;0.03;Biomass
0.05;0.15;0.075;0.1;0.03;0.018;Biomass
0.05;0.15;0.075;0.1;0.03;0.03;BioCH4
0.05;0.15;0.075;0.1;0.05;0.018;Biomass
0.05;0.15;0.075;0.1;0.05;0.03;Biomass
0.05;0.15;0.075;0.1;0.07;0.018;Biomass
0.05;0.15;0.075;0.1;0.07;0.03;Biomass
0.05;0.15;0.075;0.2;0.03;0.018;BiomassOxy_CC
0.05;0.15;0.075;0.2;0.03;0.03;BioCH4Oxy_CC
0.05;0.15;0.075;0.2;0.05;0.018;BiomassOxy_CC
0.05;0.15;0.075;0.2;0.05;0.03;Plasma_CC
0.05;0.15;0.075;0.2;0.07;0.018;BiomassOxy_CC
0.05;0.15;0.075;0.2;0.07;0.03;Plasma_CC
0.05;0.15;0.075;0.25;0.03;0.018;BiomassOxy_CC
0.05;0.15;0.075;0.25;0.03;0.03;BioCH4Oxy_CC
0.05;0.15;0.075;0.25;0.05;0.018;BiomassOxy_CC
0.05;0.15;0.075;0.25;0.05;0.03;BiomassOxy_CC
0.05;0.15;0.075;0.25;0.07;0.018;BiomassOxy_CC
0.05;0.15;0.075;0.25;0.07;0.03;BiomassOxy_CC
0.05;0.15;0.1;0.075;0.03;0.018;Biomass
0.05;0.15;0.1;0.075;0.03;0.03;BioCH4
0.05;0.15;0.1;0.075;0.05;0.018;Biomass
0.05;0.15;0.1;0.075;0.05;0.03;Biomass
0.05;0.15;0.1;0.075;0.07;0.018;Biomass
0.05;0.15;0.1;0.075;0.07;0.03;Biomass
0.05;0.15;0.1;0.1;0.03;0.018;Biomass
0.05;0.15;0.1;0.1;0.03;0.03;BioCH4
0.05;0.15;0.1;0.1;0.05;0.018;Biomass
0.05;0.15;0.1;0.1;0.05;0.03;Biomass
0.05;0.15;0.1;0.1;0.07;0.018;Biomass
0.05;0.15;0.1;0.1;0.07;0.03;Biomass
0.05;0.15;0.1;0.2;0.03;0.018;BiomassOxy_CC
0.05;0.15;0.1;0.2;0.03;0.03;BioCH4Oxy_CC
0.05;0.15;0.1;0.2;0.05;0.018;BiomassOxy_CC
0.05;0.15;0.1;0.2;0.05;0.03;Plasma_CC
0.05;0.15;0.1;0.2;0.07;0.018;BiomassOxy_CC
0.05;0.15;0.1;0.2;0.07;0.03;Plasma_CC
0.05;0.15;0.1;0.25;0.03;0.018;BiomassOxy_CC
0.05;0.15;0.1;0.25;0.03;0.03;BioCH4Oxy_CC
0.05;0.15;0.1;0.25;0.05;0.018;BiomassOxy_CC
0.05;0.15;0.1;0.25;0.05;0.03;BiomassOxy_CC
0.05;0.15;0.1;0.25;0.07;0.018;BiomassOxy_CC
0.05;0.15;0.1;0.25;0.07;0.03;BiomassOxy_CC
0.05;0.2;0.01;0.075;0.03;0.018;Biomass
0.05;0.2;0.01;0.075;0.03;0.03;NG
0.05;0.2;0.01;0.075;0.05;0.018;Biomass
0.05;0.2;0.01;0.075;0.05;0.03;NG
0.05;0.2;0.01;0.075;0.07;0.018;Biomass
0.05;0.2;0.01;0.075;0.07;0.03;NG
0.05;0.2;0.01;0.1;0.03;0.018;Biomass
0.05;0.2;0.01;0.1;0.03;0.03;NG
0.05;0.2;0.01;0.1;0.05;0.018;Biomass
0.05;0.2;0.01;0.1;0.05;0.03;NG
0.05;0.2;0.01;0.1;0.07;0.018;Biomass
0.05;0.2;0.01;0.1;0.07;0.03;NG
0.05;0.2;0.01;0.2;0.03;0.018;BiomassOxy_CC
0.05;0.2;0.01;0.2;0.03;0.03;BioCH4Oxy_CC
0.05;0.2;0.01;0.2;0.05;0.018;BiomassOxy_CC
0.05;0.2;0.01;0.2;0.05;0.03;Plasma_CC
0.05;0.2;0.01;0.2;0.07;0.018;BiomassOxy_CC
0.05;0.2;0.01;0.2;0.07;0.03;Plasma_CC
0.05;0.2;0.01;0.25;0.03;0.018;BiomassOxy_CC
0.05;0.2;0.01;0.25;0.03;0.03;BioCH4Oxy_CC
0.05;0.2;0.01;0.25;0.05;0.018;BiomassOxy_CC
0.05;0.2;0.01;0.25;0.05;0.03;BiomassOxy_CC
0.05;0.2;0.01;0.25;0.07;0.018;BiomassOxy_CC
0.05;0.2;0.01;0.25;0.07;0.03;BiomassOxy_CC
0.05;0.2;0.035;0.075;0.03;0.018;Biomass
0.05;0.2;0.035;0.075;0.03;0.03;BioCH4
0.05;0.2;0.035;0.075;0.05;0.018;Biomass
0.05;0.2;0.035;0.075;0.05;0.03;Biomass
0.05;0.2;0.035;0.075;0.07;0.018;Biomass
0.05;0.2;0.035;0.075;0.07;0.03;Biomass
0.05;0.2;0.035;0.1;0.03;0.018;Biomass
0.05;0.2;0.035;0.1;0.03;0.03;BioCH4
0.05;0.2;0.035;0.1;0.05;0.018;Biomass
0.05;0.2;0.035;0.1;0.05;0.03;Biomass
0.05;0.2;0.035;0.1;0.07;0.018;Biomass
0.05;0.2;0.035;0.1;0.07;0.03;Biomass
0.05;0.2;0.035;0.2;0.03;0.018;BiomassOxy_CC
0.05;0.2;0.035;0.2;0.03;0.03;BioCH4Oxy_CC
0.05;0.2;0.035;0.2;0.05;0.018;BiomassOxy_CC
0.05;0.2;0.035;0.2;0.05;0.03;Plasma_CC
0.05;0.2;0.035;0.2;0.07;0.018;BiomassOxy_CC
0.05;0.2;0.035;0.2;0.07;0.03;Plasma_CC
0.05;0.2;0.035;0.25;0.03;0.018;BiomassOxy_CC
0.05;0.2;0.035;0.25;0.03;0.03;BioCH4Oxy_CC
0.05;0.2;0.035;0.25;0.05;0.018;BiomassOxy_CC
0.05;0.2;0.035;0.25;0.05;0.03;BiomassOxy_CC
0.05;0.2;0.035;0.25;0.07;0.018;BiomassOxy_CC
0.05;0.2;0.035;0.25;0.07;0.03;BiomassOxy_CC
0.05;0.2;0.055;0.075;0.03;0.018;Biomass
0.05;0.2;0.055;0.075;0.03;0.03;BioCH4
0.05;0.2;0.055;0.075;0.05;0.018;Biomass
0.05;0.2;0.055;0.075;0.05;0.03;Biomass
0.05;0.2;0.055;0.075;0.07;0.018;Biomass
0.05;0.2;0.055;0.075;0.07;0.03;Biomass
0.05;0.2;0.055;0.1;0.03;0.018;Biomass
0.05;0.2;0.055;0.1;0.03;0.03;BioCH4
0.05;0.2;0.055;0.1;0.05;0.018;Biomass
0.05;0.2;0.055;0.1;0.05;0.03;Biomass
0.05;0.2;0.055;0.1;0.07;0.018;Biomass
0.05;0.2;0.055;0.1;0.07;0.03;Biomass
0.05;0.2;0.055;0.2;0.03;0.018;BiomassOxy_CC
0.05;0.2;0.055;0.2;0.03;0.03;BioCH4Oxy_CC
0.05;0.2;0.055;0.2;0.05;0.018;BiomassOxy_CC
0.05;0.2;0.055;0.2;0.05;0.03;Plasma_CC
0.05;0.2;0.055;0.2;0.07;0.018;BiomassOxy_CC
0.05;0.2;0.055;0.2;0.07;0.03;Plasma_CC
0.05;0.2;0.055;0.25;0.03;0.018;BiomassOxy_CC
0.05;0.2;0.055;0.25;0.03;0.03;BioCH4Oxy_CC
0.05;0.2;0.055;0.25;0.05;0.018;BiomassOxy_CC
0.05;0.2;0.055;0.25;0.05;0.03;BiomassOxy_CC
0.05;0.2;0.055;0.25;0.07;0.018;BiomassOxy_CC
0.05;0.2;0.055;0.25;0.07;0.03;BiomassOxy_CC
0.05;0.2;0.075;0.075;0.03;0.018;Biomass
0.05;0.2;0.075;0.075;0.03;0.03;BioCH4
0.05;0.2;0.075;0.075;0.05;0.018;Biomass
0.05;0.2;0.075;0.075;0.05;0.03;Biomass
0.05;0.2;0.075;0.075;0.07;0.018;Biomass
0.05;0.2;0.075;0.075;0.07;0.03;Biomass
0.05;0.2;0.075;0.1;0.03;0.018;Biomass
0.05;0.2;0.075;0.1;0.03;0.03;BioCH4
0.05;0.2;0.075;0.1;0.05;0.018;Biomass
0.05;0.2;0.075;0.1;0.05;0.03;Biomass
0.05;0.2;0.075;0.1;0.07;0.018;Biomass
0.05;0.2;0.075;0.1;0.07;0.03;Biomass
0.05;0.2;0.075;0.2;0.03;0.018;BiomassOxy_CC
0.05;0.2;0.075;0.2;0.03;0.03;BioCH4Oxy_CC
0.05;0.2;0.075;0.2;0.05;0.018;BiomassOxy_CC
0.05;0.2;0.075;0.2;0.05;0.03;Plasma_CC
0.05;0.2;0.075;0.2;0.07;0.018;BiomassOxy_CC
0.05;0.2;0.075;0.2;0.07;0.03;Plasma_CC
0.05;0.2;0.075;0.25;0.03;0.018;BiomassOxy_CC
0.05;0.2;0.075;0.25;0.03;0.03;BioCH4Oxy_CC
0.05;0.2;0.075;0.25;0.05;0.018;BiomassOxy_CC
0.05;0.2;0.075;0.25;0.05;0.03;BiomassOxy_CC
0.05;0.2;0.075;0.25;0.07;0.018;BiomassOxy_CC
0.05;0.2;0.075;0.25;0.07;0.03;BiomassOxy_CC
0.05;0.2;0.1;0.075;0.03;0.018;Biomass
0.05;0.2;0.1;0.075;0.03;0.03;BioCH4
0.05;0.2;0.1;0.075;0.05;0.018;Biomass
0.05;0.2;0.1;0.075;0.05;0.03;Biomass
0.05;0.2;0.1;0.075;0.07;0.018;Biomass
0.05;0.2;0.1;0.075;0.07;0.03;Biomass
0.05;0.2;0.1;0.1;0.03;0.018;Biomass
0.05;0.2;0.1;0.1;0.03;0.03;BioCH4
0.05;0.2;0.1;0.1;0.05;0.018;Biomass
0.05;0.2;0.1;0.1;0.05;0.03;Biomass
0.05;0.2;0.1;0.1;0.07;0.018;Biomass
0.05;0.2;0.1;0.1;0.07;0.03;Biomass
0.05;0.2;0.1;0.2;0.03;0.018;BiomassOxy_CC
0.05;0.2;0.1;0.2;0.03;0.03;BioCH4Oxy_CC
0.05;0.2;0.1;0.2;0.05;0.018;BiomassOxy_CC
0.05;0.2;0.1;0.2;0.05;0.03;Plasma_CC
0.05;0.2;0.1;0.2;0.07;0.018;BiomassOxy_CC
0.05;0.2;0.1;0.2;0.07;0.03;Plasma_CC
0.05;0.2;0.1;0.25;0.03;0.018;BiomassOxy_CC
0.05;0.2;0.1;0.25;0.03;0.03;BioCH4Oxy_CC
0.05;0.2;0.1;0.25;0.05;0.018;BiomassOxy_CC
0.05;0.2;0.1;0.25;0.05;0.03;BiomassOxy_CC
0.05;0.2;0.1;0.25;0.07;0.018;BiomassOxy_CC
0.05;0.2;0.1;0.25;0.07;0.03;BiomassOxy_CC
0.075;0.01;0.01;0.075;0.03;0.018;Biomass
0.075;0.01;0.01;0.075;0.03;0.03;NG
0.075;0.01;0.01;0.075;0.05;0.018;Biomass
0.075;0.01;0.01;0.075;0.05;0.03;NG
0.075;0.01;0.01;0.075;0.07;0.018;Biomass
0.075;0.01;0.01;0.075;0.07;0.03;NG
0.075;0.01;0.01;0.1;0.03;0.018;Biomass
0.075;0.01;0.01;0.1;0.03;0.03;NG
0.075;0.01;0.01;0.1;0.05;0.018;Biomass
0.075;0.01;0.01;0.1;0.05;0.03;NG
0.075;0.01;0.01;0.1;0.07;0.018;Biomass
0.075;0.01;0.01;0.1;0.07;0.03;NG
0.075;0.01;0.01;0.2;0.03;0.018;Biomass_CC
0.075;0.01;0.01;0.2;0.03;0.03;H2Oxy_CC
0.075;0.01;0.01;0.2;0.05;0.018;Biomass_CC
0.075;0.01;0.01;0.2;0.05;0.03;H2Oxy_CC
0.075;0.01;0.01;0.2;0.07;0.018;Biomass_CC
0.075;0.01;0.01;0.2;0.07;0.03;H2Oxy_CC
0.075;0.01;0.01;0.25;0.03;0.018;Biomass_CC
0.075;0.01;0.01;0.25;0.03;0.03;H2Oxy_CC
0.075;0.01;0.01;0.25;0.05;0.018;Biomass_CC
0.075;0.01;0.01;0.25;0.05;0.03;H2Oxy_CC
0.075;0.01;0.01;0.25;0.07;0.018;Biomass_CC
0.075;0.01;0.01;0.25;0.07;0.03;H2Oxy_CC
0.075;0.01;0.035;0.075;0.03;0.018;Biomass
0.075;0.01;0.035;0.075;0.03;0.03;BioCH4
0.075;0.01;0.035;0.075;0.05;0.018;Biomass
0.075;0.01;0.035;0.075;0.05;0.03;Biomass
0.075;0.01;0.035;0.075;0.07;0.018;Biomass
0.075;0.01;0.035;0.075;0.07;0.03;Biomass
0.075;0.01;0.035;0.1;0.03;0.018;Biomass
0.075;0.01;0.035;0.1;0.03;0.03;BioCH4
0.075;0.01;0.035;0.1;0.05;0.018;Biomass
0.075;0.01;0.035;0.1;0.05;0.03;Biomass
0.075;0.01;0.035;0.1;0.07;0.018;Biomass
0.075;0.01;0.035;0.1;0.07;0.03;Biomass
0.075;0.01;0.035;0.2;0.03;0.018;H2Oxy_CC
0.075;0.01;0.035;0.2;0.03;0.03;H2Oxy_CC
0.075;0.01;0.035;0.2;0.05;0.018;H2Oxy_CC
0.075;0.01;0.035;0.2;0.05;0.03;H2Oxy_CC
0.075;0.01;0.035;0.2;0.07;0.018;H2Oxy_CC
0.075;0.01;0.035;0.2;0.07;0.03;H2Oxy_CC
0.075;0.01;0.035;0.25;0.03;0.018;H2Oxy_CC
0.075;0.01;0.035;0.25;0.03;0.03;H2Oxy_CC
0.075;0.01;0.035;0.25;0.05;0.018;H2Oxy_CC
0.075;0.01;0.035;0.25;0.05;0.03;H2Oxy_CC
0.075;0.01;0.035;0.25;0.07;0.018;H2Oxy_CC
0.075;0.01;0.035;0.25;0.07;0.03;H2Oxy_CC
0.075;0.01;0.055;0.075;0.03;0.018;Biomass
0.075;0.01;0.055;0.075;0.03;0.03;BioCH4
0.075;0.01;0.055;0.075;0.05;0.018;Biomass
0.075;0.01;0.055;0.075;0.05;0.03;Biomass
0.075;0.01;0.055;0.075;0.07;0.018;Biomass
0.075;0.01;0.055;0.075;0.07;0.03;Biomass
0.075;0.01;0.055;0.1;0.03;0.018;Biomass
0.075;0.01;0.055;0.1;0.03;0.03;BioCH4
0.075;0.01;0.055;0.1;0.05;0.018;Biomass
0.075;0.01;0.055;0.1;0.05;0.03;Biomass
0.075;0.01;0.055;0.1;0.07;0.018;Biomass
0.075;0.01;0.055;0.1;0.07;0.03;Biomass
0.075;0.01;0.055;0.2;0.03;0.018;H2Oxy_CC
0.075;0.01;0.055;0.2;0.03;0.03;H2Oxy_CC
0.075;0.01;0.055;0.2;0.05;0.018;H2Oxy_CC
0.075;0.01;0.055;0.2;0.05;0.03;H2Oxy_CC
0.075;0.01;0.055;0.2;0.07;0.018;H2Oxy_CC
0.075;0.01;0.055;0.2;0.07;0.03;H2Oxy_CC
0.075;0.01;0.055;0.25;0.03;0.018;H2Oxy_CC
0.075;0.01;0.055;0.25;0.03;0.03;H2Oxy_CC
0.075;0.01;0.055;0.25;0.05;0.018;H2Oxy_CC
0.075;0.01;0.055;0.25;0.05;0.03;H2Oxy_CC
0.075;0.01;0.055;0.25;0.07;0.018;H2Oxy_CC
0.075;0.01;0.055;0.25;0.07;0.03;H2Oxy_CC
0.075;0.01;0.075;0.075;0.03;0.018;Biomass
0.075;0.01;0.075;0.075;0.03;0.03;BioCH4
0.075;0.01;0.075;0.075;0.05;0.018;Biomass
0.075;0.01;0.075;0.075;0.05;0.03;Biomass
0.075;0.01;0.075;0.075;0.07;0.018;Biomass
0.075;0.01;0.075;0.075;0.07;0.03;Biomass
0.075;0.01;0.075;0.1;0.03;0.018;Biomass
0.075;0.01;0.075;0.1;0.03;0.03;BioCH4
0.075;0.01;0.075;0.1;0.05;0.018;Biomass
0.075;0.01;0.075;0.1;0.05;0.03;Biomass
0.075;0.01;0.075;0.1;0.07;0.018;Biomass
0.075;0.01;0.075;0.1;0.07;0.03;Biomass
0.075;0.01;0.075;0.2;0.03;0.018;H2Oxy_CC
0.075;0.01;0.075;0.2;0.03;0.03;H2Oxy_CC
0.075;0.01;0.075;0.2;0.05;0.018;H2Oxy_CC
0.075;0.01;0.075;0.2;0.05;0.03;H2Oxy_CC
0.075;0.01;0.075;0.2;0.07;0.018;H2Oxy_CC
0.075;0.01;0.075;0.2;0.07;0.03;H2Oxy_CC
0.075;0.01;0.075;0.25;0.03;0.018;H2Oxy_CC
0.075;0.01;0.075;0.25;0.03;0.03;H2Oxy_CC
0.075;0.01;0.075;0.25;0.05;0.018;H2Oxy_CC
0.075;0.01;0.075;0.25;0.05;0.03;H2Oxy_CC
0.075;0.01;0.075;0.25;0.07;0.018;H2Oxy_CC
0.075;0.01;0.075;0.25;0.07;0.03;H2Oxy_CC
0.075;0.01;0.1;0.075;0.03;0.018;Biomass
0.075;0.01;0.1;0.075;0.03;0.03;BioCH4
0.075;0.01;0.1;0.075;0.05;0.018;Biomass
0.075;0.01;0.1;0.075;0.05;0.03;Biomass
0.075;0.01;0.1;0.075;0.07;0.018;Biomass
0.075;0.01;0.1;0.075;0.07;0.03;Biomass
0.075;0.01;0.1;0.1;0.03;0.018;Biomass
0.075;0.01;0.1;0.1;0.03;0.03;BioCH4
0.075;0.01;0.1;0.1;0.05;0.018;Biomass
0.075;0.01;0.1;0.1;0.05;0.03;Biomass
0.075;0.01;0.1;0.1;0.07;0.018;Biomass
0.075;0.01;0.1;0.1;0.07;0.03;Biomass
0.075;0.01;0.1;0.2;0.03;0.018;H2Oxy_CC
0.075;0.01;0.1;0.2;0.03;0.03;H2Oxy_CC
0.075;0.01;0.1;0.2;0.05;0.018;H2Oxy_CC
0.075;0.01;0.1;0.2;0.05;0.03;H2Oxy_CC
0.075;0.01;0.1;0.2;0.07;0.018;H2Oxy_CC
0.075;0.01;0.1;0.2;0.07;0.03;H2Oxy_CC
0.075;0.01;0.1;0.25;0.03;0.018;H2Oxy_CC
0.075;0.01;0.1;0.25;0.03;0.03;H2Oxy_CC
0.075;0.01;0.1;0.25;0.05;0.018;H2Oxy_CC
0.075;0.01;0.1;0.25;0.05;0.03;H2Oxy_CC
0.075;0.01;0.1;0.25;0.07;0.018;H2Oxy_CC
0.075;0.01;0.1;0.25;0.07;0.03;H2Oxy_CC
0.075;0.025;0.01;0.075;0.03;0.018;Biomass
0.075;0.025;0.01;0.075;0.03;0.03;NG
0.075;0.025;0.01;0.075;0.05;0.018;Biomass
0.075;0.025;0.01;0.075;0.05;0.03;NG
0.075;0.025;0.01;0.075;0.07;0.018;Biomass
0.075;0.025;0.01;0.075;0.07;0.03;NG
0.075;0.025;0.01;0.1;0.03;0.018;Biomass
0.075;0.025;0.01;0.1;0.03;0.03;NG
0.075;0.025;0.01;0.1;0.05;0.018;Biomass
0.075;0.025;0.01;0.1;0.05;0.03;NG
0.075;0.025;0.01;0.1;0.07;0.018;Biomass
0.075;0.025;0.01;0.1;0.07;0.03;NG
0.075;0.025;0.01;0.2;0.03;0.018;Biomass_CC
0.075;0.025;0.01;0.2;0.03;0.03;BioCH4Oxy_CC
0.075;0.025;0.01;0.2;0.05;0.018;Biomass_CC
0.075;0.025;0.01;0.2;0.05;0.03;Biomass_CC
0.075;0.025;0.01;0.2;0.07;0.018;Biomass_CC
0.075;0.025;0.01;0.2;0.07;0.03;Biomass_CC
0.075;0.025;0.01;0.25;0.03;0.018;Biomass_CC
0.075;0.025;0.01;0.25;0.03;0.03;BioCH4Oxy_CC
0.075;0.025;0.01;0.25;0.05;0.018;Biomass_CC
0.075;0.025;0.01;0.25;0.05;0.03;Biomass_CC
0.075;0.025;0.01;0.25;0.07;0.018;Biomass_CC
0.075;0.025;0.01;0.25;0.07;0.03;Biomass_CC
0.075;0.025;0.035;0.075;0.03;0.018;Biomass
0.075;0.025;0.035;0.075;0.03;0.03;BioCH4
0.075;0.025;0.035;0.075;0.05;0.018;Biomass
0.075;0.025;0.035;0.075;0.05;0.03;Biomass
0.075;0.025;0.035;0.075;0.07;0.018;Biomass
0.075;0.025;0.035;0.075;0.07;0.03;Biomass
0.075;0.025;0.035;0.1;0.03;0.018;Biomass
0.075;0.025;0.035;0.1;0.03;0.03;BioCH4
0.075;0.025;0.035;0.1;0.05;0.018;Biomass
0.075;0.025;0.035;0.1;0.05;0.03;Biomass
0.075;0.025;0.035;0.1;0.07;0.018;Biomass
0.075;0.025;0.035;0.1;0.07;0.03;Biomass
0.075;0.025;0.035;0.2;0.03;0.018;BiomassOxy_CC
0.075;0.025;0.035;0.2;0.03;0.03;BioCH4Oxy_CC
0.075;0.025;0.035;0.2;0.05;0.018;BiomassOxy_CC
0.075;0.025;0.035;0.2;0.05;0.03;H2Oxy_CC
0.075;0.025;0.035;0.2;0.07;0.018;BiomassOxy_CC
0.075;0.025;0.035;0.2;0.07;0.03;H2Oxy_CC
0.075;0.025;0.035;0.25;0.03;0.018;BiomassOxy_CC
0.075;0.025;0.035;0.25;0.03;0.03;BioCH4Oxy_CC
0.075;0.025;0.035;0.25;0.05;0.018;BiomassOxy_CC
0.075;0.025;0.035;0.25;0.05;0.03;BiomassOxy_CC
0.075;0.025;0.035;0.25;0.07;0.018;BiomassOxy_CC
0.075;0.025;0.035;0.25;0.07;0.03;BiomassOxy_CC
0.075;0.025;0.055;0.075;0.03;0.018;Biomass
0.075;0.025;0.055;0.075;0.03;0.03;BioCH4
0.075;0.025;0.055;0.075;0.05;0.018;Biomass
0.075;0.025;0.055;0.075;0.05;0.03;Biomass
0.075;0.025;0.055;0.075;0.07;0.018;Biomass
0.075;0.025;0.055;0.075;0.07;0.03;Biomass
0.075;0.025;0.055;0.1;0.03;0.018;Biomass
0.075;0.025;0.055;0.1;0.03;0.03;BioCH4
0.075;0.025;0.055;0.1;0.05;0.018;Biomass
0.075;0.025;0.055;0.1;0.05;0.03;Biomass
0.075;0.025;0.055;0.1;0.07;0.018;Biomass
0.075;0.025;0.055;0.1;0.07;0.03;Biomass
0.075;0.025;0.055;0.2;0.03;0.018;BiomassOxy_CC
0.075;0.025;0.055;0.2;0.03;0.03;BioCH4Oxy_CC
0.075;0.025;0.055;0.2;0.05;0.018;BiomassOxy_CC
0.075;0.025;0.055;0.2;0.05;0.03;H2Oxy_CC
0.075;0.025;0.055;0.2;0.07;0.018;BiomassOxy_CC
0.075;0.025;0.055;0.2;0.07;0.03;H2Oxy_CC
0.075;0.025;0.055;0.25;0.03;0.018;BiomassOxy_CC
0.075;0.025;0.055;0.25;0.03;0.03;BioCH4Oxy_CC
0.075;0.025;0.055;0.25;0.05;0.018;BiomassOxy_CC
0.075;0.025;0.055;0.25;0.05;0.03;BiomassOxy_CC
0.075;0.025;0.055;0.25;0.07;0.018;BiomassOxy_CC
0.075;0.025;0.055;0.25;0.07;0.03;BiomassOxy_CC
0.075;0.025;0.075;0.075;0.03;0.018;Biomass
0.075;0.025;0.075;0.075;0.03;0.03;BioCH4
0.075;0.025;0.075;0.075;0.05;0.018;Biomass
0.075;0.025;0.075;0.075;0.05;0.03;Biomass
0.075;0.025;0.075;0.075;0.07;0.018;Biomass
0.075;0.025;0.075;0.075;0.07;0.03;Biomass
0.075;0.025;0.075;0.1;0.03;0.018;Biomass
0.075;0.025;0.075;0.1;0.03;0.03;BioCH4
0.075;0.025;0.075;0.1;0.05;0.018;Biomass
0.075;0.025;0.075;0.1;0.05;0.03;Biomass
0.075;0.025;0.075;0.1;0.07;0.018;Biomass
0.075;0.025;0.075;0.1;0.07;0.03;Biomass
0.075;0.025;0.075;0.2;0.03;0.018;BiomassOxy_CC
0.075;0.025;0.075;0.2;0.03;0.03;BioCH4Oxy_CC
0.075;0.025;0.075;0.2;0.05;0.018;BiomassOxy_CC
0.075;0.025;0.075;0.2;0.05;0.03;H2Oxy_CC
0.075;0.025;0.075;0.2;0.07;0.018;BiomassOxy_CC
0.075;0.025;0.075;0.2;0.07;0.03;H2Oxy_CC
0.075;0.025;0.075;0.25;0.03;0.018;BiomassOxy_CC
0.075;0.025;0.075;0.25;0.03;0.03;BioCH4Oxy_CC
0.075;0.025;0.075;0.25;0.05;0.018;BiomassOxy_CC
0.075;0.025;0.075;0.25;0.05;0.03;BiomassOxy_CC
0.075;0.025;0.075;0.25;0.07;0.018;BiomassOxy_CC
0.075;0.025;0.075;0.25;0.07;0.03;BiomassOxy_CC
0.075;0.025;0.1;0.075;0.03;0.018;Biomass
0.075;0.025;0.1;0.075;0.03;0.03;BioCH4
0.075;0.025;0.1;0.075;0.05;0.018;Biomass
0.075;0.025;0.1;0.075;0.05;0.03;Biomass
0.075;0.025;0.1;0.075;0.07;0.018;Biomass
0.075;0.025;0.1;0.075;0.07;0.03;Biomass
0.075;0.025;0.1;0.1;0.03;0.018;Biomass
0.075;0.025;0.1;0.1;0.03;0.03;BioCH4
0.075;0.025;0.1;0.1;0.05;0.018;Biomass
0.075;0.025;0.1;0.1;0.05;0.03;Biomass
0.075;0.025;0.1;0.1;0.07;0.018;Biomass
0.075;0.025;0.1;0.1;0.07;0.03;Biomass
0.075;0.025;0.1;0.2;0.03;0.018;BiomassOxy_CC
0.075;0.025;0.1;0.2;0.03;0.03;BioCH4Oxy_CC
0.075;0.025;0.1;0.2;0.05;0.018;BiomassOxy_CC
0.075;0.025;0.1;0.2;0.05;0.03;H2Oxy_CC
0.075;0.025;0.1;0.2;0.07;0.018;BiomassOxy_CC
0.075;0.025;0.1;0.2;0.07;0.03;H2Oxy_CC
0.075;0.025;0.1;0.25;0.03;0.018;BiomassOxy_CC
0.075;0.025;0.1;0.25;0.03;0.03;BioCH4Oxy_CC
0.075;0.025;0.1;0.25;0.05;0.018;BiomassOxy_CC
0.075;0.025;0.1;0.25;0.05;0.03;BiomassOxy_CC
0.075;0.025;0.1;0.25;0.07;0.018;BiomassOxy_CC
0.075;0.025;0.1;0.25;0.07;0.03;BiomassOxy_CC
0.075;0.05;0.01;0.075;0.03;0.018;Biomass
0.075;0.05;0.01;0.075;0.03;0.03;NG
0.075;0.05;0.01;0.075;0.05;0.018;Biomass
0.075;0.05;0.01;0.075;0.05;0.03;NG
0.075;0.05;0.01;0.075;0.07;0.018;Biomass
0.075;0.05;0.01;0.075;0.07;0.03;NG
0.075;0.05;0.01;0.1;0.03;0.018;Biomass
0.075;0.05;0.01;0.1;0.03;0.03;NG
0.075;0.05;0.01;0.1;0.05;0.018;Biomass
0.075;0.05;0.01;0.1;0.05;0.03;NG
0.075;0.05;0.01;0.1;0.07;0.018;Biomass
0.075;0.05;0.01;0.1;0.07;0.03;NG
0.075;0.05;0.01;0.2;0.03;0.018;Biomass_CC
0.075;0.05;0.01;0.2;0.03;0.03;BioCH4Oxy_CC
0.075;0.05;0.01;0.2;0.05;0.018;Biomass_CC
0.075;0.05;0.01;0.2;0.05;0.03;Biomass_CC
0.075;0.05;0.01;0.2;0.07;0.018;Biomass_CC
0.075;0.05;0.01;0.2;0.07;0.03;Biomass_CC
0.075;0.05;0.01;0.25;0.03;0.018;Biomass_CC
0.075;0.05;0.01;0.25;0.03;0.03;BioCH4Oxy_CC
0.075;0.05;0.01;0.25;0.05;0.018;Biomass_CC
0.075;0.05;0.01;0.25;0.05;0.03;Biomass_CC
0.075;0.05;0.01;0.25;0.07;0.018;Biomass_CC
0.075;0.05;0.01;0.25;0.07;0.03;Biomass_CC
0.075;0.05;0.035;0.075;0.03;0.018;Biomass
0.075;0.05;0.035;0.075;0.03;0.03;BioCH4
0.075;0.05;0.035;0.075;0.05;0.018;Biomass
0.075;0.05;0.035;0.075;0.05;0.03;Biomass
0.075;0.05;0.035;0.075;0.07;0.018;Biomass
0.075;0.05;0.035;0.075;0.07;0.03;Biomass
0.075;0.05;0.035;0.1;0.03;0.018;Biomass
0.075;0.05;0.035;0.1;0.03;0.03;BioCH4
0.075;0.05;0.035;0.1;0.05;0.018;Biomass
0.075;0.05;0.035;0.1;0.05;0.03;Biomass
0.075;0.05;0.035;0.1;0.07;0.018;Biomass
0.075;0.05;0.035;0.1;0.07;0.03;Biomass
0.075;0.05;0.035;0.2;0.03;0.018;BiomassOxy_CC
0.075;0.05;0.035;0.2;0.03;0.03;BioCH4Oxy_CC
0.075;0.05;0.035;0.2;0.05;0.018;BiomassOxy_CC
0.075;0.05;0.035;0.2;0.05;0.03;BiomassOxy_CC
0.075;0.05;0.035;0.2;0.07;0.018;BiomassOxy_CC
0.075;0.05;0.035;0.2;0.07;0.03;BiomassOxy_CC
0.075;0.05;0.035;0.25;0.03;0.018;BiomassOxy_CC
0.075;0.05;0.035;0.25;0.03;0.03;BioCH4Oxy_CC
0.075;0.05;0.035;0.25;0.05;0.018;BiomassOxy_CC
0.075;0.05;0.035;0.25;0.05;0.03;BiomassOxy_CC
0.075;0.05;0.035;0.25;0.07;0.018;BiomassOxy_CC
0.075;0.05;0.035;0.25;0.07;0.03;BiomassOxy_CC
0.075;0.05;0.055;0.075;0.03;0.018;Biomass
0.075;0.05;0.055;0.075;0.03;0.03;BioCH4
0.075;0.05;0.055;0.075;0.05;0.018;Biomass
0.075;0.05;0.055;0.075;0.05;0.03;Biomass
0.075;0.05;0.055;0.075;0.07;0.018;Biomass
0.075;0.05;0.055;0.075;0.07;0.03;Biomass
0.075;0.05;0.055;0.1;0.03;0.018;Biomass
0.075;0.05;0.055;0.1;0.03;0.03;BioCH4
0.075;0.05;0.055;0.1;0.05;0.018;Biomass
0.075;0.05;0.055;0.1;0.05;0.03;Biomass
0.075;0.05;0.055;0.1;0.07;0.018;Biomass
0.075;0.05;0.055;0.1;0.07;0.03;Biomass
0.075;0.05;0.055;0.2;0.03;0.018;BiomassOxy_CC
0.075;0.05;0.055;0.2;0.03;0.03;BioCH4Oxy_CC
0.075;0.05;0.055;0.2;0.05;0.018;BiomassOxy_CC
0.075;0.05;0.055;0.2;0.05;0.03;BiomassOxy_CC
0.075;0.05;0.055;0.2;0.07;0.018;BiomassOxy_CC
0.075;0.05;0.055;0.2;0.07;0.03;BiomassOxy_CC
0.075;0.05;0.055;0.25;0.03;0.018;BiomassOxy_CC
0.075;0.05;0.055;0.25;0.03;0.03;BioCH4Oxy_CC
0.075;0.05;0.055;0.25;0.05;0.018;BiomassOxy_CC
0.075;0.05;0.055;0.25;0.05;0.03;BiomassOxy_CC
0.075;0.05;0.055;0.25;0.07;0.018;BiomassOxy_CC
0.075;0.05;0.055;0.25;0.07;0.03;BiomassOxy_CC
0.075;0.05;0.075;0.075;0.03;0.018;Biomass
0.075;0.05;0.075;0.075;0.03;0.03;BioCH4
0.075;0.05;0.075;0.075;0.05;0.018;Biomass
0.075;0.05;0.075;0.075;0.05;0.03;Biomass
0.075;0.05;0.075;0.075;0.07;0.018;Biomass
0.075;0.05;0.075;0.075;0.07;0.03;Biomass
0.075;0.05;0.075;0.1;0.03;0.018;Biomass
0.075;0.05;0.075;0.1;0.03;0.03;BioCH4
0.075;0.05;0.075;0.1;0.05;0.018;Biomass
0.075;0.05;0.075;0.1;0.05;0.03;Biomass
0.075;0.05;0.075;0.1;0.07;0.018;Biomass
0.075;0.05;0.075;0.1;0.07;0.03;Biomass
0.075;0.05;0.075;0.2;0.03;0.018;BiomassOxy_CC
0.075;0.05;0.075;0.2;0.03;0.03;BioCH4Oxy_CC
0.075;0.05;0.075;0.2;0.05;0.018;BiomassOxy_CC
0.075;0.05;0.075;0.2;0.05;0.03;BiomassOxy_CC
0.075;0.05;0.075;0.2;0.07;0.018;BiomassOxy_CC
0.075;0.05;0.075;0.2;0.07;0.03;BiomassOxy_CC
0.075;0.05;0.075;0.25;0.03;0.018;BiomassOxy_CC
0.075;0.05;0.075;0.25;0.03;0.03;BioCH4Oxy_CC
0.075;0.05;0.075;0.25;0.05;0.018;BiomassOxy_CC
0.075;0.05;0.075;0.25;0.05;0.03;BiomassOxy_CC
0.075;0.05;0.075;0.25;0.07;0.018;BiomassOxy_CC
0.075;0.05;0.075;0.25;0.07;0.03;BiomassOxy_CC
0.075;0.05;0.1;0.075;0.03;0.018;Biomass
0.075;0.05;0.1;0.075;0.03;0.03;BioCH4
0.075;0.05;0.1;0.075;0.05;0.018;Biomass
0.075;0.05;0.1;0.075;0.05;0.03;Biomass
0.075;0.05;0.1;0.075;0.07;0.018;Biomass
0.075;0.05;0.1;0.075;0.07;0.03;Biomass
0.075;0.05;0.1;0.1;0.03;0.018;Biomass
0.075;0.05;0.1;0.1;0.03;0.03;BioCH4
0.075;0.05;0.1;0.1;0.05;0.018;Biomass
0.075;0.05;0.1;0.1;0.05;0.03;Biomass
0.075;0.05;0.1;0.1;0.07;0.018;Biomass
0.075;0.05;0.1;0.1;0.07;0.03;Biomass
0.075;0.05;0.1;0.2;0.03;0.018;BiomassOxy_CC
0.075;0.05;0.1;0.2;0.03;0.03;BioCH4Oxy_CC
0.075;0.05;0.1;0.2;0.05;0.018;BiomassOxy_CC
0.075;0.05;0.1;0.2;0.05;0.03;BiomassOxy_CC
0.075;0.05;0.1;0.2;0.07;0.018;BiomassOxy_CC
0.075;0.05;0.1;0.2;0.07;0.03;BiomassOxy_CC
0.075;0.05;0.1;0.25;0.03;0.018;BiomassOxy_CC
0.075;0.05;0.1;0.25;0.03;0.03;BioCH4Oxy_CC
0.075;0.05;0.1;0.25;0.05;0.018;BiomassOxy_CC
0.075;0.05;0.1;0.25;0.05;0.03;BiomassOxy_CC
0.075;0.05;0.1;0.25;0.07;0.018;BiomassOxy_CC
0.075;0.05;0.1;0.25;0.07;0.03;BiomassOxy_CC
0.075;0.075;0.01;0.075;0.03;0.018;Biomass
0.075;0.075;0.01;0.075;0.03;0.03;NG
0.075;0.075;0.01;0.075;0.05;0.018;Biomass
0.075;0.075;0.01;0.075;0.05;0.03;NG
0.075;0.075;0.01;0.075;0.07;0.018;Biomass
0.075;0.075;0.01;0.075;0.07;0.03;NG
0.075;0.075;0.01;0.1;0.03;0.018;Biomass
0.075;0.075;0.01;0.1;0.03;0.03;NG
0.075;0.075;0.01;0.1;0.05;0.018;Biomass
0.075;0.075;0.01;0.1;0.05;0.03;NG
0.075;0.075;0.01;0.1;0.07;0.018;Biomass
0.075;0.075;0.01;0.1;0.07;0.03;NG
0.075;0.075;0.01;0.2;0.03;0.018;Biomass_CC
0.075;0.075;0.01;0.2;0.03;0.03;BioCH4Oxy_CC
0.075;0.075;0.01;0.2;0.05;0.018;Biomass_CC
0.075;0.075;0.01;0.2;0.05;0.03;Biomass_CC
0.075;0.075;0.01;0.2;0.07;0.018;Biomass_CC
0.075;0.075;0.01;0.2;0.07;0.03;Biomass_CC
0.075;0.075;0.01;0.25;0.03;0.018;Biomass_CC
0.075;0.075;0.01;0.25;0.03;0.03;BioCH4Oxy_CC
0.075;0.075;0.01;0.25;0.05;0.018;Biomass_CC
0.075;0.075;0.01;0.25;0.05;0.03;Biomass_CC
0.075;0.075;0.01;0.25;0.07;0.018;Biomass_CC
0.075;0.075;0.01;0.25;0.07;0.03;Biomass_CC
0.075;0.075;0.035;0.075;0.03;0.018;Biomass
0.075;0.075;0.035;0.075;0.03;0.03;BioCH4
0.075;0.075;0.035;0.075;0.05;0.018;Biomass
0.075;0.075;0.035;0.075;0.05;0.03;Biomass
0.075;0.075;0.035;0.075;0.07;0.018;Biomass
0.075;0.075;0.035;0.075;0.07;0.03;Biomass
0.075;0.075;0.035;0.1;0.03;0.018;Biomass
0.075;0.075;0.035;0.1;0.03;0.03;BioCH4
0.075;0.075;0.035;0.1;0.05;0.018;Biomass
0.075;0.075;0.035;0.1;0.05;0.03;Biomass
0.075;0.075;0.035;0.1;0.07;0.018;Biomass
0.075;0.075;0.035;0.1;0.07;0.03;Biomass
0.075;0.075;0.035;0.2;0.03;0.018;BiomassOxy_CC
0.075;0.075;0.035;0.2;0.03;0.03;BioCH4Oxy_CC
0.075;0.075;0.035;0.2;0.05;0.018;BiomassOxy_CC
0.075;0.075;0.035;0.2;0.05;0.03;BiomassOxy_CC
0.075;0.075;0.035;0.2;0.07;0.018;BiomassOxy_CC
0.075;0.075;0.035;0.2;0.07;0.03;BiomassOxy_CC
0.075;0.075;0.035;0.25;0.03;0.018;BiomassOxy_CC
0.075;0.075;0.035;0.25;0.03;0.03;BioCH4Oxy_CC
0.075;0.075;0.035;0.25;0.05;0.018;BiomassOxy_CC
0.075;0.075;0.035;0.25;0.05;0.03;BiomassOxy_CC
0.075;0.075;0.035;0.25;0.07;0.018;BiomassOxy_CC
0.075;0.075;0.035;0.25;0.07;0.03;BiomassOxy_CC
0.075;0.075;0.055;0.075;0.03;0.018;Biomass
0.075;0.075;0.055;0.075;0.03;0.03;BioCH4
0.075;0.075;0.055;0.075;0.05;0.018;Biomass
0.075;0.075;0.055;0.075;0.05;0.03;Biomass
0.075;0.075;0.055;0.075;0.07;0.018;Biomass
0.075;0.075;0.055;0.075;0.07;0.03;Biomass
0.075;0.075;0.055;0.1;0.03;0.018;Biomass
0.075;0.075;0.055;0.1;0.03;0.03;BioCH4
0.075;0.075;0.055;0.1;0.05;0.018;Biomass
0.075;0.075;0.055;0.1;0.05;0.03;Biomass
0.075;0.075;0.055;0.1;0.07;0.018;Biomass
0.075;0.075;0.055;0.1;0.07;0.03;Biomass
0.075;0.075;0.055;0.2;0.03;0.018;BiomassOxy_CC
0.075;0.075;0.055;0.2;0.03;0.03;BioCH4Oxy_CC
0.075;0.075;0.055;0.2;0.05;0.018;BiomassOxy_CC
0.075;0.075;0.055;0.2;0.05;0.03;BiomassOxy_CC
0.075;0.075;0.055;0.2;0.07;0.018;BiomassOxy_CC
0.075;0.075;0.055;0.2;0.07;0.03;BiomassOxy_CC
0.075;0.075;0.055;0.25;0.03;0.018;BiomassOxy_CC
0.075;0.075;0.055;0.25;0.03;0.03;BioCH4Oxy_CC
0.075;0.075;0.055;0.25;0.05;0.018;BiomassOxy_CC
0.075;0.075;0.055;0.25;0.05;0.03;BiomassOxy_CC
0.075;0.075;0.055;0.25;0.07;0.018;BiomassOxy_CC
0.075;0.075;0.055;0.25;0.07;0.03;BiomassOxy_CC
0.075;0.075;0.075;0.075;0.03;0.018;Biomass
0.075;0.075;0.075;0.075;0.03;0.03;BioCH4
0.075;0.075;0.075;0.075;0.05;0.018;Biomass
0.075;0.075;0.075;0.075;0.05;0.03;Biomass
0.075;0.075;0.075;0.075;0.07;0.018;Biomass
0.075;0.075;0.075;0.075;0.07;0.03;Biomass
0.075;0.075;0.075;0.1;0.03;0.018;Biomass
0.075;0.075;0.075;0.1;0.03;0.03;BioCH4
0.075;0.075;0.075;0.1;0.05;0.018;Biomass
0.075;0.075;0.075;0.1;0.05;0.03;Biomass
0.075;0.075;0.075;0.1;0.07;0.018;Biomass
0.075;0.075;0.075;0.1;0.07;0.03;Biomass
0.075;0.075;0.075;0.2;0.03;0.018;BiomassOxy_CC
0.075;0.075;0.075;0.2;0.03;0.03;BioCH4Oxy_CC
0.075;0.075;0.075;0.2;0.05;0.018;BiomassOxy_CC
0.075;0.075;0.075;0.2;0.05;0.03;BiomassOxy_CC
0.075;0.075;0.075;0.2;0.07;0.018;BiomassOxy_CC
0.075;0.075;0.075;0.2;0.07;0.03;BiomassOxy_CC
0.075;0.075;0.075;0.25;0.03;0.018;BiomassOxy_CC
0.075;0.075;0.075;0.25;0.03;0.03;BioCH4Oxy_CC
0.075;0.075;0.075;0.25;0.05;0.018;BiomassOxy_CC
0.075;0.075;0.075;0.25;0.05;0.03;BiomassOxy_CC
0.075;0.075;0.075;0.25;0.07;0.018;BiomassOxy_CC
0.075;0.075;0.075;0.25;0.07;0.03;BiomassOxy_CC
0.075;0.075;0.1;0.075;0.03;0.018;Biomass
0.075;0.075;0.1;0.075;0.03;0.03;BioCH4
0.075;0.075;0.1;0.075;0.05;0.018;Biomass
0.075;0.075;0.1;0.075;0.05;0.03;Biomass
0.075;0.075;0.1;0.075;0.07;0.018;Biomass
0.075;0.075;0.1;0.075;0.07;0.03;Biomass
0.075;0.075;0.1;0.1;0.03;0.018;Biomass
0.075;0.075;0.1;0.1;0.03;0.03;BioCH4
0.075;0.075;0.1;0.1;0.05;0.018;Biomass
0.075;0.075;0.1;0.1;0.05;0.03;Biomass
0.075;0.075;0.1;0.1;0.07;0.018;Biomass
0.075;0.075;0.1;0.1;0.07;0.03;Biomass
0.075;0.075;0.1;0.2;0.03;0.018;BiomassOxy_CC
0.075;0.075;0.1;0.2;0.03;0.03;BioCH4Oxy_CC
0.075;0.075;0.1;0.2;0.05;0.018;BiomassOxy_CC
0.075;0.075;0.1;0.2;0.05;0.03;BiomassOxy_CC
0.075;0.075;0.1;0.2;0.07;0.018;BiomassOxy_CC
0.075;0.075;0.1;0.2;0.07;0.03;BiomassOxy_CC
0.075;0.075;0.1;0.25;0.03;0.018;BiomassOxy_CC
0.075;0.075;0.1;0.25;0.03;0.03;BioCH4Oxy_CC
0.075;0.075;0.1;0.25;0.05;0.018;BiomassOxy_CC
0.075;0.075;0.1;0.25;0.05;0.03;BiomassOxy_CC
0.075;0.075;0.1;0.25;0.07;0.018;BiomassOxy_CC
0.075;0.075;0.1;0.25;0.07;0.03;BiomassOxy_CC
0.075;0.1;0.01;0.075;0.03;0.018;Biomass
0.075;0.1;0.01;0.075;0.03;0.03;NG
0.075;0.1;0.01;0.075;0.05;0.018;Biomass
0.075;0.1;0.01;0.075;0.05;0.03;NG
0.075;0.1;0.01;0.075;0.07;0.018;Biomass
0.075;0.1;0.01;0.075;0.07;0.03;NG
0.075;0.1;0.01;0.1;0.03;0.018;Biomass
0.075;0.1;0.01;0.1;0.03;0.03;NG
0.075;0.1;0.01;0.1;0.05;0.018;Biomass
0.075;0.1;0.01;0.1;0.05;0.03;NG
0.075;0.1;0.01;0.1;0.07;0.018;Biomass
0.075;0.1;0.01;0.1;0.07;0.03;NG
0.075;0.1;0.01;0.2;0.03;0.018;Biomass_CC
0.075;0.1;0.01;0.2;0.03;0.03;BioCH4Oxy_CC
0.075;0.1;0.01;0.2;0.05;0.018;Biomass_CC
0.075;0.1;0.01;0.2;0.05;0.03;Biomass_CC
0.075;0.1;0.01;0.2;0.07;0.018;Biomass_CC
0.075;0.1;0.01;0.2;0.07;0.03;Biomass_CC
0.075;0.1;0.01;0.25;0.03;0.018;Biomass_CC
0.075;0.1;0.01;0.25;0.03;0.03;BioCH4Oxy_CC
0.075;0.1;0.01;0.25;0.05;0.018;Biomass_CC
0.075;0.1;0.01;0.25;0.05;0.03;Biomass_CC
0.075;0.1;0.01;0.25;0.07;0.018;Biomass_CC
0.075;0.1;0.01;0.25;0.07;0.03;Biomass_CC
0.075;0.1;0.035;0.075;0.03;0.018;Biomass
0.075;0.1;0.035;0.075;0.03;0.03;BioCH4
0.075;0.1;0.035;0.075;0.05;0.018;Biomass
0.075;0.1;0.035;0.075;0.05;0.03;Biomass
0.075;0.1;0.035;0.075;0.07;0.018;Biomass
0.075;0.1;0.035;0.075;0.07;0.03;Biomass
0.075;0.1;0.035;0.1;0.03;0.018;Biomass
0.075;0.1;0.035;0.1;0.03;0.03;BioCH4
0.075;0.1;0.035;0.1;0.05;0.018;Biomass
0.075;0.1;0.035;0.1;0.05;0.03;Biomass
0.075;0.1;0.035;0.1;0.07;0.018;Biomass
0.075;0.1;0.035;0.1;0.07;0.03;Biomass
0.075;0.1;0.035;0.2;0.03;0.018;BiomassOxy_CC
0.075;0.1;0.035;0.2;0.03;0.03;BioCH4Oxy_CC
0.075;0.1;0.035;0.2;0.05;0.018;BiomassOxy_CC
0.075;0.1;0.035;0.2;0.05;0.03;BiomassOxy_CC
0.075;0.1;0.035;0.2;0.07;0.018;BiomassOxy_CC
0.075;0.1;0.035;0.2;0.07;0.03;BiomassOxy_CC
0.075;0.1;0.035;0.25;0.03;0.018;BiomassOxy_CC
0.075;0.1;0.035;0.25;0.03;0.03;BioCH4Oxy_CC
0.075;0.1;0.035;0.25;0.05;0.018;BiomassOxy_CC
0.075;0.1;0.035;0.25;0.05;0.03;BiomassOxy_CC
0.075;0.1;0.035;0.25;0.07;0.018;BiomassOxy_CC
0.075;0.1;0.035;0.25;0.07;0.03;BiomassOxy_CC
0.075;0.1;0.055;0.075;0.03;0.018;Biomass
0.075;0.1;0.055;0.075;0.03;0.03;BioCH4
0.075;0.1;0.055;0.075;0.05;0.018;Biomass
0.075;0.1;0.055;0.075;0.05;0.03;Biomass
0.075;0.1;0.055;0.075;0.07;0.018;Biomass
0.075;0.1;0.055;0.075;0.07;0.03;Biomass
0.075;0.1;0.055;0.1;0.03;0.018;Biomass
0.075;0.1;0.055;0.1;0.03;0.03;BioCH4
0.075;0.1;0.055;0.1;0.05;0.018;Biomass
0.075;0.1;0.055;0.1;0.05;0.03;Biomass
0.075;0.1;0.055;0.1;0.07;0.018;Biomass
0.075;0.1;0.055;0.1;0.07;0.03;Biomass
0.075;0.1;0.055;0.2;0.03;0.018;BiomassOxy_CC
0.075;0.1;0.055;0.2;0.03;0.03;BioCH4Oxy_CC
0.075;0.1;0.055;0.2;0.05;0.018;BiomassOxy_CC
0.075;0.1;0.055;0.2;0.05;0.03;BiomassOxy_CC
0.075;0.1;0.055;0.2;0.07;0.018;BiomassOxy_CC
0.075;0.1;0.055;0.2;0.07;0.03;BiomassOxy_CC
0.075;0.1;0.055;0.25;0.03;0.018;BiomassOxy_CC
0.075;0.1;0.055;0.25;0.03;0.03;BioCH4Oxy_CC
0.075;0.1;0.055;0.25;0.05;0.018;BiomassOxy_CC
0.075;0.1;0.055;0.25;0.05;0.03;BiomassOxy_CC
0.075;0.1;0.055;0.25;0.07;0.018;BiomassOxy_CC
0.075;0.1;0.055;0.25;0.07;0.03;BiomassOxy_CC
0.075;0.1;0.075;0.075;0.03;0.018;Biomass
0.075;0.1;0.075;0.075;0.03;0.03;BioCH4
0.075;0.1;0.075;0.075;0.05;0.018;Biomass
0.075;0.1;0.075;0.075;0.05;0.03;Biomass
0.075;0.1;0.075;0.075;0.07;0.018;Biomass
0.075;0.1;0.075;0.075;0.07;0.03;Biomass
0.075;0.1;0.075;0.1;0.03;0.018;Biomass
0.075;0.1;0.075;0.1;0.03;0.03;BioCH4
0.075;0.1;0.075;0.1;0.05;0.018;Biomass
0.075;0.1;0.075;0.1;0.05;0.03;Biomass
0.075;0.1;0.075;0.1;0.07;0.018;Biomass
0.075;0.1;0.075;0.1;0.07;0.03;Biomass
0.075;0.1;0.075;0.2;0.03;0.018;BiomassOxy_CC
0.075;0.1;0.075;0.2;0.03;0.03;BioCH4Oxy_CC
0.075;0.1;0.075;0.2;0.05;0.018;BiomassOxy_CC
0.075;0.1;0.075;0.2;0.05;0.03;BiomassOxy_CC
0.075;0.1;0.075;0.2;0.07;0.018;BiomassOxy_CC
0.075;0.1;0.075;0.2;0.07;0.03;BiomassOxy_CC
0.075;0.1;0.075;0.25;0.03;0.018;BiomassOxy_CC
0.075;0.1;0.075;0.25;0.03;0.03;BioCH4Oxy_CC
0.075;0.1;0.075;0.25;0.05;0.018;BiomassOxy_CC
0.075;0.1;0.075;0.25;0.05;0.03;BiomassOxy_CC
0.075;0.1;0.075;0.25;0.07;0.018;BiomassOxy_CC
0.075;0.1;0.075;0.25;0.07;0.03;BiomassOxy_CC
0.075;0.1;0.1;0.075;0.03;0.018;Biomass
0.075;0.1;0.1;0.075;0.03;0.03;BioCH4
0.075;0.1;0.1;0.075;0.05;0.018;Biomass
0.075;0.1;0.1;0.075;0.05;0.03;Biomass
0.075;0.1;0.1;0.075;0.07;0.018;Biomass
0.075;0.1;0.1;0.075;0.07;0.03;Biomass
0.075;0.1;0.1;0.1;0.03;0.018;Biomass
0.075;0.1;0.1;0.1;0.03;0.03;BioCH4
0.075;0.1;0.1;0.1;0.05;0.018;Biomass
0.075;0.1;0.1;0.1;0.05;0.03;Biomass
0.075;0.1;0.1;0.1;0.07;0.018;Biomass
0.075;0.1;0.1;0.1;0.07;0.03;Biomass
0.075;0.1;0.1;0.2;0.03;0.018;BiomassOxy_CC
0.075;0.1;0.1;0.2;0.03;0.03;BioCH4Oxy_CC
0.075;0.1;0.1;0.2;0.05;0.018;BiomassOxy_CC
0.075;0.1;0.1;0.2;0.05;0.03;BiomassOxy_CC
0.075;0.1;0.1;0.2;0.07;0.018;BiomassOxy_CC
0.075;0.1;0.1;0.2;0.07;0.03;BiomassOxy_CC
0.075;0.1;0.1;0.25;0.03;0.018;BiomassOxy_CC
0.075;0.1;0.1;0.25;0.03;0.03;BioCH4Oxy_CC
0.075;0.1;0.1;0.25;0.05;0.018;BiomassOxy_CC
0.075;0.1;0.1;0.25;0.05;0.03;BiomassOxy_CC
0.075;0.1;0.1;0.25;0.07;0.018;BiomassOxy_CC
0.075;0.1;0.1;0.25;0.07;0.03;BiomassOxy_CC
0.075;0.15;0.01;0.075;0.03;0.018;Biomass
0.075;0.15;0.01;0.075;0.03;0.03;NG
0.075;0.15;0.01;0.075;0.05;0.018;Biomass
0.075;0.15;0.01;0.075;0.05;0.03;NG
0.075;0.15;0.01;0.075;0.07;0.018;Biomass
0.075;0.15;0.01;0.075;0.07;0.03;NG
0.075;0.15;0.01;0.1;0.03;0.018;Biomass
0.075;0.15;0.01;0.1;0.03;0.03;NG
0.075;0.15;0.01;0.1;0.05;0.018;Biomass
0.075;0.15;0.01;0.1;0.05;0.03;NG
0.075;0.15;0.01;0.1;0.07;0.018;Biomass
0.075;0.15;0.01;0.1;0.07;0.03;NG
0.075;0.15;0.01;0.2;0.03;0.018;Biomass_CC
0.075;0.15;0.01;0.2;0.03;0.03;BioCH4Oxy_CC
0.075;0.15;0.01;0.2;0.05;0.018;Biomass_CC
0.075;0.15;0.01;0.2;0.05;0.03;Biomass_CC
0.075;0.15;0.01;0.2;0.07;0.018;Biomass_CC
0.075;0.15;0.01;0.2;0.07;0.03;Biomass_CC
0.075;0.15;0.01;0.25;0.03;0.018;Biomass_CC
0.075;0.15;0.01;0.25;0.03;0.03;BioCH4Oxy_CC
0.075;0.15;0.01;0.25;0.05;0.018;Biomass_CC
0.075;0.15;0.01;0.25;0.05;0.03;Biomass_CC
0.075;0.15;0.01;0.25;0.07;0.018;Biomass_CC
0.075;0.15;0.01;0.25;0.07;0.03;Biomass_CC
0.075;0.15;0.035;0.075;0.03;0.018;Biomass
0.075;0.15;0.035;0.075;0.03;0.03;BioCH4
0.075;0.15;0.035;0.075;0.05;0.018;Biomass
0.075;0.15;0.035;0.075;0.05;0.03;Biomass
0.075;0.15;0.035;0.075;0.07;0.018;Biomass
0.075;0.15;0.035;0.075;0.07;0.03;Biomass
0.075;0.15;0.035;0.1;0.03;0.018;Biomass
0.075;0.15;0.035;0.1;0.03;0.03;BioCH4
0.075;0.15;0.035;0.1;0.05;0.018;Biomass
0.075;0.15;0.035;0.1;0.05;0.03;Biomass
0.075;0.15;0.035;0.1;0.07;0.018;Biomass
0.075;0.15;0.035;0.1;0.07;0.03;Biomass
0.075;0.15;0.035;0.2;0.03;0.018;BiomassOxy_CC
0.075;0.15;0.035;0.2;0.03;0.03;BioCH4Oxy_CC
0.075;0.15;0.035;0.2;0.05;0.018;BiomassOxy_CC
0.075;0.15;0.035;0.2;0.05;0.03;BiomassOxy_CC
0.075;0.15;0.035;0.2;0.07;0.018;BiomassOxy_CC
0.075;0.15;0.035;0.2;0.07;0.03;BiomassOxy_CC
0.075;0.15;0.035;0.25;0.03;0.018;BiomassOxy_CC
0.075;0.15;0.035;0.25;0.03;0.03;BioCH4Oxy_CC
0.075;0.15;0.035;0.25;0.05;0.018;BiomassOxy_CC
0.075;0.15;0.035;0.25;0.05;0.03;BiomassOxy_CC
0.075;0.15;0.035;0.25;0.07;0.018;BiomassOxy_CC
0.075;0.15;0.035;0.25;0.07;0.03;BiomassOxy_CC
0.075;0.15;0.055;0.075;0.03;0.018;Biomass
0.075;0.15;0.055;0.075;0.03;0.03;BioCH4
0.075;0.15;0.055;0.075;0.05;0.018;Biomass
0.075;0.15;0.055;0.075;0.05;0.03;Biomass
0.075;0.15;0.055;0.075;0.07;0.018;Biomass
0.075;0.15;0.055;0.075;0.07;0.03;Biomass
0.075;0.15;0.055;0.1;0.03;0.018;Biomass
0.075;0.15;0.055;0.1;0.03;0.03;BioCH4
0.075;0.15;0.055;0.1;0.05;0.018;Biomass
0.075;0.15;0.055;0.1;0.05;0.03;Biomass
0.075;0.15;0.055;0.1;0.07;0.018;Biomass
0.075;0.15;0.055;0.1;0.07;0.03;Biomass
0.075;0.15;0.055;0.2;0.03;0.018;BiomassOxy_CC
0.075;0.15;0.055;0.2;0.03;0.03;BioCH4Oxy_CC
0.075;0.15;0.055;0.2;0.05;0.018;BiomassOxy_CC
0.075;0.15;0.055;0.2;0.05;0.03;BiomassOxy_CC
0.075;0.15;0.055;0.2;0.07;0.018;BiomassOxy_CC
0.075;0.15;0.055;0.2;0.07;0.03;BiomassOxy_CC
0.075;0.15;0.055;0.25;0.03;0.018;BiomassOxy_CC
0.075;0.15;0.055;0.25;0.03;0.03;BioCH4Oxy_CC
0.075;0.15;0.055;0.25;0.05;0.018;BiomassOxy_CC
0.075;0.15;0.055;0.25;0.05;0.03;BiomassOxy_CC
0.075;0.15;0.055;0.25;0.07;0.018;BiomassOxy_CC
0.075;0.15;0.055;0.25;0.07;0.03;BiomassOxy_CC
0.075;0.15;0.075;0.075;0.03;0.018;Biomass
0.075;0.15;0.075;0.075;0.03;0.03;BioCH4
0.075;0.15;0.075;0.075;0.05;0.018;Biomass
0.075;0.15;0.075;0.075;0.05;0.03;Biomass
0.075;0.15;0.075;0.075;0.07;0.018;Biomass
0.075;0.15;0.075;0.075;0.07;0.03;Biomass
0.075;0.15;0.075;0.1;0.03;0.018;Biomass
0.075;0.15;0.075;0.1;0.03;0.03;BioCH4
0.075;0.15;0.075;0.1;0.05;0.018;Biomass
0.075;0.15;0.075;0.1;0.05;0.03;Biomass
0.075;0.15;0.075;0.1;0.07;0.018;Biomass
0.075;0.15;0.075;0.1;0.07;0.03;Biomass
0.075;0.15;0.075;0.2;0.03;0.018;BiomassOxy_CC
0.075;0.15;0.075;0.2;0.03;0.03;BioCH4Oxy_CC
0.075;0.15;0.075;0.2;0.05;0.018;BiomassOxy_CC
0.075;0.15;0.075;0.2;0.05;0.03;BiomassOxy_CC
0.075;0.15;0.075;0.2;0.07;0.018;BiomassOxy_CC
0.075;0.15;0.075;0.2;0.07;0.03;BiomassOxy_CC
0.075;0.15;0.075;0.25;0.03;0.018;BiomassOxy_CC
0.075;0.15;0.075;0.25;0.03;0.03;BioCH4Oxy_CC
0.075;0.15;0.075;0.25;0.05;0.018;BiomassOxy_CC
0.075;0.15;0.075;0.25;0.05;0.03;BiomassOxy_CC
0.075;0.15;0.075;0.25;0.07;0.018;BiomassOxy_CC
0.075;0.15;0.075;0.25;0.07;0.03;BiomassOxy_CC
0.075;0.15;0.1;0.075;0.03;0.018;Biomass
0.075;0.15;0.1;0.075;0.03;0.03;BioCH4
0.075;0.15;0.1;0.075;0.05;0.018;Biomass
0.075;0.15;0.1;0.075;0.05;0.03;Biomass
0.075;0.15;0.1;0.075;0.07;0.018;Biomass
0.075;0.15;0.1;0.075;0.07;0.03;Biomass
0.075;0.15;0.1;0.1;0.03;0.018;Biomass
0.075;0.15;0.1;0.1;0.03;0.03;BioCH4
0.075;0.15;0.1;0.1;0.05;0.018;Biomass
0.075;0.15;0.1;0.1;0.05;0.03;Biomass
0.075;0.15;0.1;0.1;0.07;0.018;Biomass
0.075;0.15;0.1;0.1;0.07;0.03;Biomass
0.075;0.15;0.1;0.2;0.03;0.018;BiomassOxy_CC
0.075;0.15;0.1;0.2;0.03;0.03;BioCH4Oxy_CC
0.075;0.15;0.1;0.2;0.05;0.018;BiomassOxy_CC
0.075;0.15;0.1;0.2;0.05;0.03;BiomassOxy_CC
0.075;0.15;0.1;0.2;0.07;0.018;BiomassOxy_CC
0.075;0.15;0.1;0.2;0.07;0.03;BiomassOxy_CC
0.075;0.15;0.1;0.25;0.03;0.018;BiomassOxy_CC
0.075;0.15;0.1;0.25;0.03;0.03;BioCH4Oxy_CC
0.075;0.15;0.1;0.25;0.05;0.018;BiomassOxy_CC
0.075;0.15;0.1;0.25;0.05;0.03;BiomassOxy_CC
0.075;0.15;0.1;0.25;0.07;0.018;BiomassOxy_CC
0.075;0.15;0.1;0.25;0.07;0.03;BiomassOxy_CC
0.075;0.2;0.01;0.075;0.03;0.018;Biomass
0.075;0.2;0.01;0.075;0.03;0.03;NG
0.075;0.2;0.01;0.075;0.05;0.018;Biomass
0.075;0.2;0.01;0.075;0.05;0.03;NG
0.075;0.2;0.01;0.075;0.07;0.018;Biomass
0.075;0.2;0.01;0.075;0.07;0.03;NG
0.075;0.2;0.01;0.1;0.03;0.018;Biomass
0.075;0.2;0.01;0.1;0.03;0.03;NG
0.075;0.2;0.01;0.1;0.05;0.018;Biomass
0.075;0.2;0.01;0.1;0.05;0.03;NG
0.075;0.2;0.01;0.1;0.07;0.018;Biomass
0.075;0.2;0.01;0.1;0.07;0.03;NG
0.075;0.2;0.01;0.2;0.03;0.018;Biomass_CC
0.075;0.2;0.01;0.2;0.03;0.03;BioCH4Oxy_CC
0.075;0.2;0.01;0.2;0.05;0.018;Biomass_CC
0.075;0.2;0.01;0.2;0.05;0.03;Biomass_CC
0.075;0.2;0.01;0.2;0.07;0.018;Biomass_CC
0.075;0.2;0.01;0.2;0.07;0.03;Biomass_CC
0.075;0.2;0.01;0.25;0.03;0.018;Biomass_CC
0.075;0.2;0.01;0.25;0.03;0.03;BioCH4Oxy_CC
0.075;0.2;0.01;0.25;0.05;0.018;Biomass_CC
0.075;0.2;0.01;0.25;0.05;0.03;Biomass_CC
0.075;0.2;0.01;0.25;0.07;0.018;Biomass_CC
0.075;0.2;0.01;0.25;0.07;0.03;Biomass_CC
0.075;0.2;0.035;0.075;0.03;0.018;Biomass
0.075;0.2;0.035;0.075;0.03;0.03;BioCH4
0.075;0.2;0.035;0.075;0.05;0.018;Biomass
0.075;0.2;0.035;0.075;0.05;0.03;Biomass
0.075;0.2;0.035;0.075;0.07;0.018;Biomass
0.075;0.2;0.035;0.075;0.07;0.03;Biomass
0.075;0.2;0.035;0.1;0.03;0.018;Biomass
0.075;0.2;0.035;0.1;0.03;0.03;BioCH4
0.075;0.2;0.035;0.1;0.05;0.018;Biomass
0.075;0.2;0.035;0.1;0.05;0.03;Biomass
0.075;0.2;0.035;0.1;0.07;0.018;Biomass
0.075;0.2;0.035;0.1;0.07;0.03;Biomass
0.075;0.2;0.035;0.2;0.03;0.018;BiomassOxy_CC
0.075;0.2;0.035;0.2;0.03;0.03;BioCH4Oxy_CC
0.075;0.2;0.035;0.2;0.05;0.018;BiomassOxy_CC
0.075;0.2;0.035;0.2;0.05;0.03;BiomassOxy_CC
0.075;0.2;0.035;0.2;0.07;0.018;BiomassOxy_CC
0.075;0.2;0.035;0.2;0.07;0.03;BiomassOxy_CC
0.075;0.2;0.035;0.25;0.03;0.018;BiomassOxy_CC
0.075;0.2;0.035;0.25;0.03;0.03;BioCH4Oxy_CC
0.075;0.2;0.035;0.25;0.05;0.018;BiomassOxy_CC
0.075;0.2;0.035;0.25;0.05;0.03;BiomassOxy_CC
0.075;0.2;0.035;0.25;0.07;0.018;BiomassOxy_CC
0.075;0.2;0.035;0.25;0.07;0.03;BiomassOxy_CC
0.075;0.2;0.055;0.075;0.03;0.018;Biomass
0.075;0.2;0.055;0.075;0.03;0.03;BioCH4
0.075;0.2;0.055;0.075;0.05;0.018;Biomass
0.075;0.2;0.055;0.075;0.05;0.03;Biomass
0.075;0.2;0.055;0.075;0.07;0.018;Biomass
0.075;0.2;0.055;0.075;0.07;0.03;Biomass
0.075;0.2;0.055;0.1;0.03;0.018;Biomass
0.075;0.2;0.055;0.1;0.03;0.03;BioCH4
0.075;0.2;0.055;0.1;0.05;0.018;Biomass
0.075;0.2;0.055;0.1;0.05;0.03;Biomass
0.075;0.2;0.055;0.1;0.07;0.018;Biomass
0.075;0.2;0.055;0.1;0.07;0.03;Biomass
0.075;0.2;0.055;0.2;0.03;0.018;BiomassOxy_CC
0.075;0.2;0.055;0.2;0.03;0.03;BioCH4Oxy_CC
0.075;0.2;0.055;0.2;0.05;0.018;BiomassOxy_CC
0.075;0.2;0.055;0.2;0.05;0.03;BiomassOxy_CC
0.075;0.2;0.055;0.2;0.07;0.018;BiomassOxy_CC
0.075;0.2;0.055;0.2;0.07;0.03;BiomassOxy_CC
0.075;0.2;0.055;0.25;0.03;0.018;BiomassOxy_CC
0.075;0.2;0.055;0.25;0.03;0.03;BioCH4Oxy_CC
0.075;0.2;0.055;0.25;0.05;0.018;BiomassOxy_CC
0.075;0.2;0.055;0.25;0.05;0.03;BiomassOxy_CC
0.075;0.2;0.055;0.25;0.07;0.018;BiomassOxy_CC
0.075;0.2;0.055;0.25;0.07;0.03;BiomassOxy_CC
0.075;0.2;0.075;0.075;0.03;0.018;Biomass
0.075;0.2;0.075;0.075;0.03;0.03;BioCH4
0.075;0.2;0.075;0.075;0.05;0.018;Biomass
0.075;0.2;0.075;0.075;0.05;0.03;Biomass
0.075;0.2;0.075;0.075;0.07;0.018;Biomass
0.075;0.2;0.075;0.075;0.07;0.03;Biomass
0.075;0.2;0.075;0.1;0.03;0.018;Biomass
0.075;0.2;0.075;0.1;0.03;0.03;BioCH4
0.075;0.2;0.075;0.1;0.05;0.018;Biomass
0.075;0.2;0.075;0.1;0.05;0.03;Biomass
0.075;0.2;0.075;0.1;0.07;0.018;Biomass
0.075;0.2;0.075;0.1;0.07;0.03;Biomass
0.075;0.2;0.075;0.2;0.03;0.018;BiomassOxy_CC
0.075;0.2;0.075;0.2;0.03;0.03;BioCH4Oxy_CC
0.075;0.2;0.075;0.2;0.05;0.018;BiomassOxy_CC
0.075;0.2;0.075;0.2;0.05;0.03;BiomassOxy_CC
0.075;0.2;0.075;0.2;0.07;0.018;BiomassOxy_CC
0.075;0.2;0.075;0.2;0.07;0.03;BiomassOxy_CC
0.075;0.2;0.075;0.25;0.03;0.018;BiomassOxy_CC
0.075;0.2;0.075;0.25;0.03;0.03;BioCH4Oxy_CC
0.075;0.2;0.075;0.25;0.05;0.018;BiomassOxy_CC
0.075;0.2;0.075;0.25;0.05;0.03;BiomassOxy_CC
0.075;0.2;0.075;0.25;0.07;0.018;BiomassOxy_CC
0.075;0.2;0.075;0.25;0.07;0.03;BiomassOxy_CC
0.075;0.2;0.1;0.075;0.03;0.018;Biomass
0.075;0.2;0.1;0.075;0.03;0.03;BioCH4
0.075;0.2;0.1;0.075;0.05;0.018;Biomass
0.075;0.2;0.1;0.075;0.05;0.03;Biomass
0.075;0.2;0.1;0.075;0.07;0.018;Biomass
0.075;0.2;0.1;0.075;0.07;0.03;Biomass
0.075;0.2;0.1;0.1;0.03;0.018;Biomass
0.075;0.2;0.1;0.1;0.03;0.03;BioCH4
0.075;0.2;0.1;0.1;0.05;0.018;Biomass
0.075;0.2;0.1;0.1;0.05;0.03;Biomass
0.075;0.2;0.1;0.1;0.07;0.018;Biomass
0.075;0.2;0.1;0.1;0.07;0.03;Biomass
0.075;0.2;0.1;0.2;0.03;0.018;BiomassOxy_CC
0.075;0.2;0.1;0.2;0.03;0.03;BioCH4Oxy_CC
0.075;0.2;0.1;0.2;0.05;0.018;BiomassOxy_CC
0.075;0.2;0.1;0.2;0.05;0.03;BiomassOxy_CC
0.075;0.2;0.1;0.2;0.07;0.018;BiomassOxy_CC
0.075;0.2;0.1;0.2;0.07;0.03;BiomassOxy_CC
0.075;0.2;0.1;0.25;0.03;0.018;BiomassOxy_CC
0.075;0.2;0.1;0.25;0.03;0.03;BioCH4Oxy_CC
0.075;0.2;0.1;0.25;0.05;0.018;BiomassOxy_CC
0.075;0.2;0.1;0.25;0.05;0.03;BiomassOxy_CC
0.075;0.2;0.1;0.25;0.07;0.018;BiomassOxy_CC
0.075;0.2;0.1;0.25;0.07;0.03;BiomassOxy_CC
0.1;0.01;0.01;0.075;0.03;0.018;Biomass
0.1;0.01;0.01;0.075;0.03;0.03;NG
0.1;0.01;0.01;0.075;0.05;0.018;Biomass
0.1;0.01;0.01;0.075;0.05;0.03;NG
0.1;0.01;0.01;0.075;0.07;0.018;Biomass
0.1;0.01;0.01;0.075;0.07;0.03;NG
0.1;0.01;0.01;0.1;0.03;0.018;Biomass
0.1;0.01;0.01;0.1;0.03;0.03;NG
0.1;0.01;0.01;0.1;0.05;0.018;Biomass
0.1;0.01;0.01;0.1;0.05;0.03;NG
0.1;0.01;0.01;0.1;0.07;0.018;Biomass
0.1;0.01;0.01;0.1;0.07;0.03;NG
0.1;0.01;0.01;0.2;0.03;0.018;Biomass_CC
0.1;0.01;0.01;0.2;0.03;0.03;H2Oxy_CC
0.1;0.01;0.01;0.2;0.05;0.018;Biomass_CC
0.1;0.01;0.01;0.2;0.05;0.03;H2Oxy_CC
0.1;0.01;0.01;0.2;0.07;0.018;Biomass_CC
0.1;0.01;0.01;0.2;0.07;0.03;H2Oxy_CC
0.1;0.01;0.01;0.25;0.03;0.018;Biomass_CC
0.1;0.01;0.01;0.25;0.03;0.03;H2Oxy_CC
0.1;0.01;0.01;0.25;0.05;0.018;Biomass_CC
0.1;0.01;0.01;0.25;0.05;0.03;H2Oxy_CC
0.1;0.01;0.01;0.25;0.07;0.018;Biomass_CC
0.1;0.01;0.01;0.25;0.07;0.03;H2Oxy_CC
0.1;0.01;0.035;0.075;0.03;0.018;Biomass
0.1;0.01;0.035;0.075;0.03;0.03;BioCH4
0.1;0.01;0.035;0.075;0.05;0.018;Biomass
0.1;0.01;0.035;0.075;0.05;0.03;Biomass
0.1;0.01;0.035;0.075;0.07;0.018;Biomass
0.1;0.01;0.035;0.075;0.07;0.03;Biomass
0.1;0.01;0.035;0.1;0.03;0.018;Biomass
0.1;0.01;0.035;0.1;0.03;0.03;BioCH4
0.1;0.01;0.035;0.1;0.05;0.018;Biomass
0.1;0.01;0.035;0.1;0.05;0.03;Biomass
0.1;0.01;0.035;0.1;0.07;0.018;Biomass
0.1;0.01;0.035;0.1;0.07;0.03;Biomass
0.1;0.01;0.035;0.2;0.03;0.018;H2Oxy_CC
0.1;0.01;0.035;0.2;0.03;0.03;H2Oxy_CC
0.1;0.01;0.035;0.2;0.05;0.018;H2Oxy_CC
0.1;0.01;0.035;0.2;0.05;0.03;H2Oxy_CC
0.1;0.01;0.035;0.2;0.07;0.018;H2Oxy_CC
0.1;0.01;0.035;0.2;0.07;0.03;H2Oxy_CC
0.1;0.01;0.035;0.25;0.03;0.018;H2Oxy_CC
0.1;0.01;0.035;0.25;0.03;0.03;H2Oxy_CC
0.1;0.01;0.035;0.25;0.05;0.018;H2Oxy_CC
0.1;0.01;0.035;0.25;0.05;0.03;H2Oxy_CC
0.1;0.01;0.035;0.25;0.07;0.018;H2Oxy_CC
0.1;0.01;0.035;0.25;0.07;0.03;H2Oxy_CC
0.1;0.01;0.055;0.075;0.03;0.018;Biomass
0.1;0.01;0.055;0.075;0.03;0.03;BioCH4
0.1;0.01;0.055;0.075;0.05;0.018;Biomass
0.1;0.01;0.055;0.075;0.05;0.03;Biomass
0.1;0.01;0.055;0.075;0.07;0.018;Biomass
0.1;0.01;0.055;0.075;0.07;0.03;Biomass
0.1;0.01;0.055;0.1;0.03;0.018;Biomass
0.1;0.01;0.055;0.1;0.03;0.03;BioCH4
0.1;0.01;0.055;0.1;0.05;0.018;Biomass
0.1;0.01;0.055;0.1;0.05;0.03;Biomass
0.1;0.01;0.055;0.1;0.07;0.018;Biomass
0.1;0.01;0.055;0.1;0.07;0.03;Biomass
0.1;0.01;0.055;0.2;0.03;0.018;H2Oxy_CC
0.1;0.01;0.055;0.2;0.03;0.03;H2Oxy_CC
0.1;0.01;0.055;0.2;0.05;0.018;H2Oxy_CC
0.1;0.01;0.055;0.2;0.05;0.03;H2Oxy_CC
0.1;0.01;0.055;0.2;0.07;0.018;H2Oxy_CC
0.1;0.01;0.055;0.2;0.07;0.03;H2Oxy_CC
0.1;0.01;0.055;0.25;0.03;0.018;H2Oxy_CC
0.1;0.01;0.055;0.25;0.03;0.03;H2Oxy_CC
0.1;0.01;0.055;0.25;0.05;0.018;H2Oxy_CC
0.1;0.01;0.055;0.25;0.05;0.03;H2Oxy_CC
0.1;0.01;0.055;0.25;0.07;0.018;H2Oxy_CC
0.1;0.01;0.055;0.25;0.07;0.03;H2Oxy_CC
0.1;0.01;0.075;0.075;0.03;0.018;Biomass
0.1;0.01;0.075;0.075;0.03;0.03;BioCH4
0.1;0.01;0.075;0.075;0.05;0.018;Biomass
0.1;0.01;0.075;0.075;0.05;0.03;Biomass
0.1;0.01;0.075;0.075;0.07;0.018;Biomass
0.1;0.01;0.075;0.075;0.07;0.03;Biomass
0.1;0.01;0.075;0.1;0.03;0.018;Biomass
0.1;0.01;0.075;0.1;0.03;0.03;BioCH4
0.1;0.01;0.075;0.1;0.05;0.018;Biomass
0.1;0.01;0.075;0.1;0.05;0.03;Biomass
0.1;0.01;0.075;0.1;0.07;0.018;Biomass
0.1;0.01;0.075;0.1;0.07;0.03;Biomass
0.1;0.01;0.075;0.2;0.03;0.018;H2Oxy_CC
0.1;0.01;0.075;0.2;0.03;0.03;H2Oxy_CC
0.1;0.01;0.075;0.2;0.05;0.018;H2Oxy_CC
0.1;0.01;0.075;0.2;0.05;0.03;H2Oxy_CC
0.1;0.01;0.075;0.2;0.07;0.018;H2Oxy_CC
0.1;0.01;0.075;0.2;0.07;0.03;H2Oxy_CC
0.1;0.01;0.075;0.25;0.03;0.018;H2Oxy_CC
0.1;0.01;0.075;0.25;0.03;0.03;H2Oxy_CC
0.1;0.01;0.075;0.25;0.05;0.018;H2Oxy_CC
0.1;0.01;0.075;0.25;0.05;0.03;H2Oxy_CC
0.1;0.01;0.075;0.25;0.07;0.018;H2Oxy_CC
0.1;0.01;0.075;0.25;0.07;0.03;H2Oxy_CC
0.1;0.01;0.1;0.075;0.03;0.018;Biomass
0.1;0.01;0.1;0.075;0.03;0.03;BioCH4
0.1;0.01;0.1;0.075;0.05;0.018;Biomass
0.1;0.01;0.1;0.075;0.05;0.03;Biomass
0.1;0.01;0.1;0.075;0.07;0.018;Biomass
0.1;0.01;0.1;0.075;0.07;0.03;Biomass
0.1;0.01;0.1;0.1;0.03;0.018;Biomass
0.1;0.01;0.1;0.1;0.03;0.03;BioCH4
0.1;0.01;0.1;0.1;0.05;0.018;Biomass
0.1;0.01;0.1;0.1;0.05;0.03;Biomass
0.1;0.01;0.1;0.1;0.07;0.018;Biomass
0.1;0.01;0.1;0.1;0.07;0.03;Biomass
0.1;0.01;0.1;0.2;0.03;0.018;H2Oxy_CC
0.1;0.01;0.1;0.2;0.03;0.03;H2Oxy_CC
0.1;0.01;0.1;0.2;0.05;0.018;H2Oxy_CC
0.1;0.01;0.1;0.2;0.05;0.03;H2Oxy_CC
0.1;0.01;0.1;0.2;0.07;0.018;H2Oxy_CC
0.1;0.01;0.1;0.2;0.07;0.03;H2Oxy_CC
0.1;0.01;0.1;0.25;0.03;0.018;H2Oxy_CC
0.1;0.01;0.1;0.25;0.03;0.03;H2Oxy_CC
0.1;0.01;0.1;0.25;0.05;0.018;H2Oxy_CC
0.1;0.01;0.1;0.25;0.05;0.03;H2Oxy_CC
0.1;0.01;0.1;0.25;0.07;0.018;H2Oxy_CC
0.1;0.01;0.1;0.25;0.07;0.03;H2Oxy_CC
0.1;0.025;0.01;0.075;0.03;0.018;Biomass
0.1;0.025;0.01;0.075;0.03;0.03;NG
0.1;0.025;0.01;0.075;0.05;0.018;Biomass
0.1;0.025;0.01;0.075;0.05;0.03;NG
0.1;0.025;0.01;0.075;0.07;0.018;Biomass
0.1;0.025;0.01;0.075;0.07;0.03;NG
0.1;0.025;0.01;0.1;0.03;0.018;Biomass
0.1;0.025;0.01;0.1;0.03;0.03;NG
0.1;0.025;0.01;0.1;0.05;0.018;Biomass
0.1;0.025;0.01;0.1;0.05;0.03;NG
0.1;0.025;0.01;0.1;0.07;0.018;Biomass
0.1;0.025;0.01;0.1;0.07;0.03;NG
0.1;0.025;0.01;0.2;0.03;0.018;Biomass_CC
0.1;0.025;0.01;0.2;0.03;0.03;Biomass_CC
0.1;0.025;0.01;0.2;0.05;0.018;Biomass_CC
0.1;0.025;0.01;0.2;0.05;0.03;Biomass_CC
0.1;0.025;0.01;0.2;0.07;0.018;Biomass_CC
0.1;0.025;0.01;0.2;0.07;0.03;Biomass_CC
0.1;0.025;0.01;0.25;0.03;0.018;Biomass_CC
0.1;0.025;0.01;0.25;0.03;0.03;Biomass_CC
0.1;0.025;0.01;0.25;0.05;0.018;Biomass_CC
0.1;0.025;0.01;0.25;0.05;0.03;Biomass_CC
0.1;0.025;0.01;0.25;0.07;0.018;Biomass_CC
0.1;0.025;0.01;0.25;0.07;0.03;Biomass_CC
0.1;0.025;0.035;0.075;0.03;0.018;Biomass
0.1;0.025;0.035;0.075;0.03;0.03;BioCH4
0.1;0.025;0.035;0.075;0.05;0.018;Biomass
0.1;0.025;0.035;0.075;0.05;0.03;Biomass
0.1;0.025;0.035;0.075;0.07;0.018;Biomass
0.1;0.025;0.035;0.075;0.07;0.03;Biomass
0.1;0.025;0.035;0.1;0.03;0.018;Biomass
0.1;0.025;0.035;0.1;0.03;0.03;BioCH4
0.1;0.025;0.035;0.1;0.05;0.018;Biomass
0.1;0.025;0.035;0.1;0.05;0.03;Biomass
0.1;0.025;0.035;0.1;0.07;0.018;Biomass
0.1;0.025;0.035;0.1;0.07;0.03;Biomass
0.1;0.025;0.035;0.2;0.03;0.018;BiomassOxy_CC
0.1;0.025;0.035;0.2;0.03;0.03;BioCH4Oxy_CC
0.1;0.025;0.035;0.2;0.05;0.018;BiomassOxy_CC
0.1;0.025;0.035;0.2;0.05;0.03;H2Oxy_CC
0.1;0.025;0.035;0.2;0.07;0.018;BiomassOxy_CC
0.1;0.025;0.035;0.2;0.07;0.03;H2Oxy_CC
0.1;0.025;0.035;0.25;0.03;0.018;BiomassOxy_CC
0.1;0.025;0.035;0.25;0.03;0.03;BioCH4Oxy_CC
0.1;0.025;0.035;0.25;0.05;0.018;BiomassOxy_CC
0.1;0.025;0.035;0.25;0.05;0.03;BiomassOxy_CC
0.1;0.025;0.035;0.25;0.07;0.018;BiomassOxy_CC
0.1;0.025;0.035;0.25;0.07;0.03;BiomassOxy_CC
0.1;0.025;0.055;0.075;0.03;0.018;Biomass
0.1;0.025;0.055;0.075;0.03;0.03;BioCH4
0.1;0.025;0.055;0.075;0.05;0.018;Biomass
0.1;0.025;0.055;0.075;0.05;0.03;Biomass
0.1;0.025;0.055;0.075;0.07;0.018;Biomass
0.1;0.025;0.055;0.075;0.07;0.03;Biomass
0.1;0.025;0.055;0.1;0.03;0.018;Biomass
0.1;0.025;0.055;0.1;0.03;0.03;BioCH4
0.1;0.025;0.055;0.1;0.05;0.018;Biomass
0.1;0.025;0.055;0.1;0.05;0.03;Biomass
0.1;0.025;0.055;0.1;0.07;0.018;Biomass
0.1;0.025;0.055;0.1;0.07;0.03;Biomass
0.1;0.025;0.055;0.2;0.03;0.018;BiomassOxy_CC
0.1;0.025;0.055;0.2;0.03;0.03;BioCH4Oxy_CC
0.1;0.025;0.055;0.2;0.05;0.018;BiomassOxy_CC
0.1;0.025;0.055;0.2;0.05;0.03;H2Oxy_CC
0.1;0.025;0.055;0.2;0.07;0.018;BiomassOxy_CC
0.1;0.025;0.055;0.2;0.07;0.03;H2Oxy_CC
0.1;0.025;0.055;0.25;0.03;0.018;BiomassOxy_CC
0.1;0.025;0.055;0.25;0.03;0.03;BioCH4Oxy_CC
0.1;0.025;0.055;0.25;0.05;0.018;BiomassOxy_CC
0.1;0.025;0.055;0.25;0.05;0.03;BiomassOxy_CC
0.1;0.025;0.055;0.25;0.07;0.018;BiomassOxy_CC
0.1;0.025;0.055;0.25;0.07;0.03;BiomassOxy_CC
0.1;0.025;0.075;0.075;0.03;0.018;Biomass
0.1;0.025;0.075;0.075;0.03;0.03;BioCH4
0.1;0.025;0.075;0.075;0.05;0.018;Biomass
0.1;0.025;0.075;0.075;0.05;0.03;Biomass
0.1;0.025;0.075;0.075;0.07;0.018;Biomass
0.1;0.025;0.075;0.075;0.07;0.03;Biomass
0.1;0.025;0.075;0.1;0.03;0.018;Biomass
0.1;0.025;0.075;0.1;0.03;0.03;BioCH4
0.1;0.025;0.075;0.1;0.05;0.018;Biomass
0.1;0.025;0.075;0.1;0.05;0.03;Biomass
0.1;0.025;0.075;0.1;0.07;0.018;Biomass
0.1;0.025;0.075;0.1;0.07;0.03;Biomass
0.1;0.025;0.075;0.2;0.03;0.018;BiomassOxy_CC
0.1;0.025;0.075;0.2;0.03;0.03;BioCH4Oxy_CC
0.1;0.025;0.075;0.2;0.05;0.018;BiomassOxy_CC
0.1;0.025;0.075;0.2;0.05;0.03;H2Oxy_CC
0.1;0.025;0.075;0.2;0.07;0.018;BiomassOxy_CC
0.1;0.025;0.075;0.2;0.07;0.03;H2Oxy_CC
0.1;0.025;0.075;0.25;0.03;0.018;BiomassOxy_CC
0.1;0.025;0.075;0.25;0.03;0.03;BioCH4Oxy_CC
0.1;0.025;0.075;0.25;0.05;0.018;BiomassOxy_CC
0.1;0.025;0.075;0.25;0.05;0.03;BiomassOxy_CC
0.1;0.025;0.075;0.25;0.07;0.018;BiomassOxy_CC
0.1;0.025;0.075;0.25;0.07;0.03;BiomassOxy_CC
0.1;0.025;0.1;0.075;0.03;0.018;Biomass
0.1;0.025;0.1;0.075;0.03;0.03;BioCH4
0.1;0.025;0.1;0.075;0.05;0.018;Biomass
0.1;0.025;0.1;0.075;0.05;0.03;Biomass
0.1;0.025;0.1;0.075;0.07;0.018;Biomass
0.1;0.025;0.1;0.075;0.07;0.03;Biomass
0.1;0.025;0.1;0.1;0.03;0.018;Biomass
0.1;0.025;0.1;0.1;0.03;0.03;BioCH4
0.1;0.025;0.1;0.1;0.05;0.018;Biomass
0.1;0.025;0.1;0.1;0.05;0.03;Biomass
0.1;0.025;0.1;0.1;0.07;0.018;Biomass
0.1;0.025;0.1;0.1;0.07;0.03;Biomass
0.1;0.025;0.1;0.2;0.03;0.018;BiomassOxy_CC
0.1;0.025;0.1;0.2;0.03;0.03;BioCH4Oxy_CC
0.1;0.025;0.1;0.2;0.05;0.018;BiomassOxy_CC
0.1;0.025;0.1;0.2;0.05;0.03;H2Oxy_CC
0.1;0.025;0.1;0.2;0.07;0.018;BiomassOxy_CC
0.1;0.025;0.1;0.2;0.07;0.03;H2Oxy_CC
0.1;0.025;0.1;0.25;0.03;0.018;BiomassOxy_CC
0.1;0.025;0.1;0.25;0.03;0.03;BioCH4Oxy_CC
0.1;0.025;0.1;0.25;0.05;0.018;BiomassOxy_CC
0.1;0.025;0.1;0.25;0.05;0.03;BiomassOxy_CC
0.1;0.025;0.1;0.25;0.07;0.018;BiomassOxy_CC
0.1;0.025;0.1;0.25;0.07;0.03;BiomassOxy_CC
0.1;0.05;0.01;0.075;0.03;0.018;Biomass
0.1;0.05;0.01;0.075;0.03;0.03;NG
0.1;0.05;0.01;0.075;0.05;0.018;Biomass
0.1;0.05;0.01;0.075;0.05;0.03;NG
0.1;0.05;0.01;0.075;0.07;0.018;Biomass
0.1;0.05;0.01;0.075;0.07;0.03;NG
0.1;0.05;0.01;0.1;0.03;0.018;Biomass
0.1;0.05;0.01;0.1;0.03;0.03;NG
0.1;0.05;0.01;0.1;0.05;0.018;Biomass
0.1;0.05;0.01;0.1;0.05;0.03;NG
0.1;0.05;0.01;0.1;0.07;0.018;Biomass
0.1;0.05;0.01;0.1;0.07;0.03;NG
0.1;0.05;0.01;0.2;0.03;0.018;Biomass_CC
0.1;0.05;0.01;0.2;0.03;0.03;Biomass_CC
0.1;0.05;0.01;0.2;0.05;0.018;Biomass_CC
0.1;0.05;0.01;0.2;0.05;0.03;Biomass_CC
0.1;0.05;0.01;0.2;0.07;0.018;Biomass_CC
0.1;0.05;0.01;0.2;0.07;0.03;Biomass_CC
0.1;0.05;0.01;0.25;0.03;0.018;Biomass_CC
0.1;0.05;0.01;0.25;0.03;0.03;Biomass_CC
0.1;0.05;0.01;0.25;0.05;0.018;Biomass_CC
0.1;0.05;0.01;0.25;0.05;0.03;Biomass_CC
0.1;0.05;0.01;0.25;0.07;0.018;Biomass_CC
0.1;0.05;0.01;0.25;0.07;0.03;Biomass_CC
0.1;0.05;0.035;0.075;0.03;0.018;Biomass
0.1;0.05;0.035;0.075;0.03;0.03;BioCH4
0.1;0.05;0.035;0.075;0.05;0.018;Biomass
0.1;0.05;0.035;0.075;0.05;0.03;Biomass
0.1;0.05;0.035;0.075;0.07;0.018;Biomass
0.1;0.05;0.035;0.075;0.07;0.03;Biomass
0.1;0.05;0.035;0.1;0.03;0.018;Biomass
0.1;0.05;0.035;0.1;0.03;0.03;BioCH4
0.1;0.05;0.035;0.1;0.05;0.018;Biomass
0.1;0.05;0.035;0.1;0.05;0.03;Biomass
0.1;0.05;0.035;0.1;0.07;0.018;Biomass
0.1;0.05;0.035;0.1;0.07;0.03;Biomass
0.1;0.05;0.035;0.2;0.03;0.018;BiomassOxy_CC
0.1;0.05;0.035;0.2;0.03;0.03;BioCH4Oxy_CC
0.1;0.05;0.035;0.2;0.05;0.018;BiomassOxy_CC
0.1;0.05;0.035;0.2;0.05;0.03;BiomassOxy_CC
0.1;0.05;0.035;0.2;0.07;0.018;BiomassOxy_CC
0.1;0.05;0.035;0.2;0.07;0.03;BiomassOxy_CC
0.1;0.05;0.035;0.25;0.03;0.018;BiomassOxy_CC
0.1;0.05;0.035;0.25;0.03;0.03;BioCH4Oxy_CC
0.1;0.05;0.035;0.25;0.05;0.018;BiomassOxy_CC
0.1;0.05;0.035;0.25;0.05;0.03;BiomassOxy_CC
0.1;0.05;0.035;0.25;0.07;0.018;BiomassOxy_CC
0.1;0.05;0.035;0.25;0.07;0.03;BiomassOxy_CC
0.1;0.05;0.055;0.075;0.03;0.018;Biomass
0.1;0.05;0.055;0.075;0.03;0.03;BioCH4
0.1;0.05;0.055;0.075;0.05;0.018;Biomass
0.1;0.05;0.055;0.075;0.05;0.03;Biomass
0.1;0.05;0.055;0.075;0.07;0.018;Biomass
0.1;0.05;0.055;0.075;0.07;0.03;Biomass
0.1;0.05;0.055;0.1;0.03;0.018;Biomass
0.1;0.05;0.055;0.1;0.03;0.03;BioCH4
0.1;0.05;0.055;0.1;0.05;0.018;Biomass
0.1;0.05;0.055;0.1;0.05;0.03;Biomass
0.1;0.05;0.055;0.1;0.07;0.018;Biomass
0.1;0.05;0.055;0.1;0.07;0.03;Biomass
0.1;0.05;0.055;0.2;0.03;0.018;BiomassOxy_CC
0.1;0.05;0.055;0.2;0.03;0.03;BioCH4Oxy_CC
0.1;0.05;0.055;0.2;0.05;0.018;BiomassOxy_CC
0.1;0.05;0.055;0.2;0.05;0.03;BiomassOxy_CC
0.1;0.05;0.055;0.2;0.07;0.018;BiomassOxy_CC
0.1;0.05;0.055;0.2;0.07;0.03;BiomassOxy_CC
0.1;0.05;0.055;0.25;0.03;0.018;BiomassOxy_CC
0.1;0.05;0.055;0.25;0.03;0.03;BioCH4Oxy_CC
0.1;0.05;0.055;0.25;0.05;0.018;BiomassOxy_CC
0.1;0.05;0.055;0.25;0.05;0.03;BiomassOxy_CC
0.1;0.05;0.055;0.25;0.07;0.018;BiomassOxy_CC
0.1;0.05;0.055;0.25;0.07;0.03;BiomassOxy_CC
0.1;0.05;0.075;0.075;0.03;0.018;Biomass
0.1;0.05;0.075;0.075;0.03;0.03;BioCH4
0.1;0.05;0.075;0.075;0.05;0.018;Biomass
0.1;0.05;0.075;0.075;0.05;0.03;Biomass
0.1;0.05;0.075;0.075;0.07;0.018;Biomass
0.1;0.05;0.075;0.075;0.07;0.03;Biomass
0.1;0.05;0.075;0.1;0.03;0.018;Biomass
0.1;0.05;0.075;0.1;0.03;0.03;BioCH4
0.1;0.05;0.075;0.1;0.05;0.018;Biomass
0.1;0.05;0.075;0.1;0.05;0.03;Biomass
0.1;0.05;0.075;0.1;0.07;0.018;Biomass
0.1;0.05;0.075;0.1;0.07;0.03;Biomass
0.1;0.05;0.075;0.2;0.03;0.018;BiomassOxy_CC
0.1;0.05;0.075;0.2;0.03;0.03;BioCH4Oxy_CC
0.1;0.05;0.075;0.2;0.05;0.018;BiomassOxy_CC
0.1;0.05;0.075;0.2;0.05;0.03;BiomassOxy_CC
0.1;0.05;0.075;0.2;0.07;0.018;BiomassOxy_CC
0.1;0.05;0.075;0.2;0.07;0.03;BiomassOxy_CC
0.1;0.05;0.075;0.25;0.03;0.018;BiomassOxy_CC
0.1;0.05;0.075;0.25;0.03;0.03;BioCH4Oxy_CC
0.1;0.05;0.075;0.25;0.05;0.018;BiomassOxy_CC
0.1;0.05;0.075;0.25;0.05;0.03;BiomassOxy_CC
0.1;0.05;0.075;0.25;0.07;0.018;BiomassOxy_CC
0.1;0.05;0.075;0.25;0.07;0.03;BiomassOxy_CC
0.1;0.05;0.1;0.075;0.03;0.018;Biomass
0.1;0.05;0.1;0.075;0.03;0.03;BioCH4
0.1;0.05;0.1;0.075;0.05;0.018;Biomass
0.1;0.05;0.1;0.075;0.05;0.03;Biomass
0.1;0.05;0.1;0.075;0.07;0.018;Biomass
0.1;0.05;0.1;0.075;0.07;0.03;Biomass
0.1;0.05;0.1;0.1;0.03;0.018;Biomass
0.1;0.05;0.1;0.1;0.03;0.03;BioCH4
0.1;0.05;0.1;0.1;0.05;0.018;Biomass
0.1;0.05;0.1;0.1;0.05;0.03;Biomass
0.1;0.05;0.1;0.1;0.07;0.018;Biomass
0.1;0.05;0.1;0.1;0.07;0.03;Biomass
0.1;0.05;0.1;0.2;0.03;0.018;BiomassOxy_CC
0.1;0.05;0.1;0.2;0.03;0.03;BioCH4Oxy_CC
0.1;0.05;0.1;0.2;0.05;0.018;BiomassOxy_CC
0.1;0.05;0.1;0.2;0.05;0.03;BiomassOxy_CC
0.1;0.05;0.1;0.2;0.07;0.018;BiomassOxy_CC
0.1;0.05;0.1;0.2;0.07;0.03;BiomassOxy_CC
0.1;0.05;0.1;0.25;0.03;0.018;BiomassOxy_CC
0.1;0.05;0.1;0.25;0.03;0.03;BioCH4Oxy_CC
0.1;0.05;0.1;0.25;0.05;0.018;BiomassOxy_CC
0.1;0.05;0.1;0.25;0.05;0.03;BiomassOxy_CC
0.1;0.05;0.1;0.25;0.07;0.018;BiomassOxy_CC
0.1;0.05;0.1;0.25;0.07;0.03;BiomassOxy_CC
0.1;0.075;0.01;0.075;0.03;0.018;Biomass
0.1;0.075;0.01;0.075;0.03;0.03;NG
0.1;0.075;0.01;0.075;0.05;0.018;Biomass
0.1;0.075;0.01;0.075;0.05;0.03;NG
0.1;0.075;0.01;0.075;0.07;0.018;Biomass
0.1;0.075;0.01;0.075;0.07;0.03;NG
0.1;0.075;0.01;0.1;0.03;0.018;Biomass
0.1;0.075;0.01;0.1;0.03;0.03;NG
0.1;0.075;0.01;0.1;0.05;0.018;Biomass
0.1;0.075;0.01;0.1;0.05;0.03;NG
0.1;0.075;0.01;0.1;0.07;0.018;Biomass
0.1;0.075;0.01;0.1;0.07;0.03;NG
0.1;0.075;0.01;0.2;0.03;0.018;Biomass_CC
0.1;0.075;0.01;0.2;0.03;0.03;Biomass_CC
0.1;0.075;0.01;0.2;0.05;0.018;Biomass_CC
0.1;0.075;0.01;0.2;0.05;0.03;Biomass_CC
0.1;0.075;0.01;0.2;0.07;0.018;Biomass_CC
0.1;0.075;0.01;0.2;0.07;0.03;Biomass_CC
0.1;0.075;0.01;0.25;0.03;0.018;Biomass_CC
0.1;0.075;0.01;0.25;0.03;0.03;Biomass_CC
0.1;0.075;0.01;0.25;0.05;0.018;Biomass_CC
0.1;0.075;0.01;0.25;0.05;0.03;Biomass_CC
0.1;0.075;0.01;0.25;0.07;0.018;Biomass_CC
0.1;0.075;0.01;0.25;0.07;0.03;Biomass_CC
0.1;0.075;0.035;0.075;0.03;0.018;Biomass
0.1;0.075;0.035;0.075;0.03;0.03;BioCH4
0.1;0.075;0.035;0.075;0.05;0.018;Biomass
0.1;0.075;0.035;0.075;0.05;0.03;Biomass
0.1;0.075;0.035;0.075;0.07;0.018;Biomass
0.1;0.075;0.035;0.075;0.07;0.03;Biomass
0.1;0.075;0.035;0.1;0.03;0.018;Biomass
0.1;0.075;0.035;0.1;0.03;0.03;BioCH4
0.1;0.075;0.035;0.1;0.05;0.018;Biomass
0.1;0.075;0.035;0.1;0.05;0.03;Biomass
0.1;0.075;0.035;0.1;0.07;0.018;Biomass
0.1;0.075;0.035;0.1;0.07;0.03;Biomass
0.1;0.075;0.035;0.2;0.03;0.018;BiomassOxy_CC
0.1;0.075;0.035;0.2;0.03;0.03;BioCH4Oxy_CC
0.1;0.075;0.035;0.2;0.05;0.018;BiomassOxy_CC
0.1;0.075;0.035;0.2;0.05;0.03;BiomassOxy_CC
0.1;0.075;0.035;0.2;0.07;0.018;BiomassOxy_CC
0.1;0.075;0.035;0.2;0.07;0.03;BiomassOxy_CC
0.1;0.075;0.035;0.25;0.03;0.018;BiomassOxy_CC
0.1;0.075;0.035;0.25;0.03;0.03;BioCH4Oxy_CC
0.1;0.075;0.035;0.25;0.05;0.018;BiomassOxy_CC
0.1;0.075;0.035;0.25;0.05;0.03;BiomassOxy_CC
0.1;0.075;0.035;0.25;0.07;0.018;BiomassOxy_CC
0.1;0.075;0.035;0.25;0.07;0.03;BiomassOxy_CC
0.1;0.075;0.055;0.075;0.03;0.018;Biomass
0.1;0.075;0.055;0.075;0.03;0.03;BioCH4
0.1;0.075;0.055;0.075;0.05;0.018;Biomass
0.1;0.075;0.055;0.075;0.05;0.03;Biomass
0.1;0.075;0.055;0.075;0.07;0.018;Biomass
0.1;0.075;0.055;0.075;0.07;0.03;Biomass
0.1;0.075;0.055;0.1;0.03;0.018;Biomass
0.1;0.075;0.055;0.1;0.03;0.03;BioCH4
0.1;0.075;0.055;0.1;0.05;0.018;Biomass
0.1;0.075;0.055;0.1;0.05;0.03;Biomass
0.1;0.075;0.055;0.1;0.07;0.018;Biomass
0.1;0.075;0.055;0.1;0.07;0.03;Biomass
0.1;0.075;0.055;0.2;0.03;0.018;BiomassOxy_CC
0.1;0.075;0.055;0.2;0.03;0.03;BioCH4Oxy_CC
0.1;0.075;0.055;0.2;0.05;0.018;BiomassOxy_CC
0.1;0.075;0.055;0.2;0.05;0.03;BiomassOxy_CC
0.1;0.075;0.055;0.2;0.07;0.018;BiomassOxy_CC
0.1;0.075;0.055;0.2;0.07;0.03;BiomassOxy_CC
0.1;0.075;0.055;0.25;0.03;0.018;BiomassOxy_CC
0.1;0.075;0.055;0.25;0.03;0.03;BioCH4Oxy_CC
0.1;0.075;0.055;0.25;0.05;0.018;BiomassOxy_CC
0.1;0.075;0.055;0.25;0.05;0.03;BiomassOxy_CC
0.1;0.075;0.055;0.25;0.07;0.018;BiomassOxy_CC
0.1;0.075;0.055;0.25;0.07;0.03;BiomassOxy_CC
0.1;0.075;0.075;0.075;0.03;0.018;Biomass
0.1;0.075;0.075;0.075;0.03;0.03;BioCH4
0.1;0.075;0.075;0.075;0.05;0.018;Biomass
0.1;0.075;0.075;0.075;0.05;0.03;Biomass
0.1;0.075;0.075;0.075;0.07;0.018;Biomass
0.1;0.075;0.075;0.075;0.07;0.03;Biomass
0.1;0.075;0.075;0.1;0.03;0.018;Biomass
0.1;0.075;0.075;0.1;0.03;0.03;BioCH4
0.1;0.075;0.075;0.1;0.05;0.018;Biomass
0.1;0.075;0.075;0.1;0.05;0.03;Biomass
0.1;0.075;0.075;0.1;0.07;0.018;Biomass
0.1;0.075;0.075;0.1;0.07;0.03;Biomass
0.1;0.075;0.075;0.2;0.03;0.018;BiomassOxy_CC
0.1;0.075;0.075;0.2;0.03;0.03;BioCH4Oxy_CC
0.1;0.075;0.075;0.2;0.05;0.018;BiomassOxy_CC
0.1;0.075;0.075;0.2;0.05;0.03;BiomassOxy_CC
0.1;0.075;0.075;0.2;0.07;0.018;BiomassOxy_CC
0.1;0.075;0.075;0.2;0.07;0.03;BiomassOxy_CC
0.1;0.075;0.075;0.25;0.03;0.018;BiomassOxy_CC
0.1;0.075;0.075;0.25;0.03;0.03;BioCH4Oxy_CC
0.1;0.075;0.075;0.25;0.05;0.018;BiomassOxy_CC
0.1;0.075;0.075;0.25;0.05;0.03;BiomassOxy_CC
0.1;0.075;0.075;0.25;0.07;0.018;BiomassOxy_CC
0.1;0.075;0.075;0.25;0.07;0.03;BiomassOxy_CC
0.1;0.075;0.1;0.075;0.03;0.018;Biomass
0.1;0.075;0.1;0.075;0.03;0.03;BioCH4
0.1;0.075;0.1;0.075;0.05;0.018;Biomass
0.1;0.075;0.1;0.075;0.05;0.03;Biomass
0.1;0.075;0.1;0.075;0.07;0.018;Biomass
0.1;0.075;0.1;0.075;0.07;0.03;Biomass
0.1;0.075;0.1;0.1;0.03;0.018;Biomass
0.1;0.075;0.1;0.1;0.03;0.03;BioCH4
0.1;0.075;0.1;0.1;0.05;0.018;Biomass
0.1;0.075;0.1;0.1;0.05;0.03;Biomass
0.1;0.075;0.1;0.1;0.07;0.018;Biomass
0.1;0.075;0.1;0.1;0.07;0.03;Biomass
0.1;0.075;0.1;0.2;0.03;0.018;BiomassOxy_CC
0.1;0.075;0.1;0.2;0.03;0.03;BioCH4Oxy_CC
0.1;0.075;0.1;0.2;0.05;0.018;BiomassOxy_CC
0.1;0.075;0.1;0.2;0.05;0.03;BiomassOxy_CC
0.1;0.075;0.1;0.2;0.07;0.018;BiomassOxy_CC
0.1;0.075;0.1;0.2;0.07;0.03;BiomassOxy_CC
0.1;0.075;0.1;0.25;0.03;0.018;BiomassOxy_CC
0.1;0.075;0.1;0.25;0.03;0.03;BioCH4Oxy_CC
0.1;0.075;0.1;0.25;0.05;0.018;BiomassOxy_CC
0.1;0.075;0.1;0.25;0.05;0.03;BiomassOxy_CC
0.1;0.075;0.1;0.25;0.07;0.018;BiomassOxy_CC
0.1;0.075;0.1;0.25;0.07;0.03;BiomassOxy_CC
0.1;0.1;0.01;0.075;0.03;0.018;Biomass
0.1;0.1;0.01;0.075;0.03;0.03;NG
0.1;0.1;0.01;0.075;0.05;0.018;Biomass
0.1;0.1;0.01;0.075;0.05;0.03;NG
0.1;0.1;0.01;0.075;0.07;0.018;Biomass
0.1;0.1;0.01;0.075;0.07;0.03;NG
0.1;0.1;0.01;0.1;0.03;0.018;Biomass
0.1;0.1;0.01;0.1;0.03;0.03;NG
0.1;0.1;0.01;0.1;0.05;0.018;Biomass
0.1;0.1;0.01;0.1;0.05;0.03;NG
0.1;0.1;0.01;0.1;0.07;0.018;Biomass
0.1;0.1;0.01;0.1;0.07;0.03;NG
0.1;0.1;0.01;0.2;0.03;0.018;Biomass_CC
0.1;0.1;0.01;0.2;0.03;0.03;Biomass_CC
0.1;0.1;0.01;0.2;0.05;0.018;Biomass_CC
0.1;0.1;0.01;0.2;0.05;0.03;Biomass_CC
0.1;0.1;0.01;0.2;0.07;0.018;Biomass_CC
0.1;0.1;0.01;0.2;0.07;0.03;Biomass_CC
0.1;0.1;0.01;0.25;0.03;0.018;Biomass_CC
0.1;0.1;0.01;0.25;0.03;0.03;Biomass_CC
0.1;0.1;0.01;0.25;0.05;0.018;Biomass_CC
0.1;0.1;0.01;0.25;0.05;0.03;Biomass_CC
0.1;0.1;0.01;0.25;0.07;0.018;Biomass_CC
0.1;0.1;0.01;0.25;0.07;0.03;Biomass_CC
0.1;0.1;0.035;0.075;0.03;0.018;Biomass
0.1;0.1;0.035;0.075;0.03;0.03;BioCH4
0.1;0.1;0.035;0.075;0.05;0.018;Biomass
0.1;0.1;0.035;0.075;0.05;0.03;Biomass
0.1;0.1;0.035;0.075;0.07;0.018;Biomass
0.1;0.1;0.035;0.075;0.07;0.03;Biomass
0.1;0.1;0.035;0.1;0.03;0.018;Biomass
0.1;0.1;0.035;0.1;0.03;0.03;BioCH4
0.1;0.1;0.035;0.1;0.05;0.018;Biomass
0.1;0.1;0.035;0.1;0.05;0.03;Biomass
0.1;0.1;0.035;0.1;0.07;0.018;Biomass
0.1;0.1;0.035;0.1;0.07;0.03;Biomass
0.1;0.1;0.035;0.2;0.03;0.018;BiomassOxy_CC
0.1;0.1;0.035;0.2;0.03;0.03;BioCH4Oxy_CC
0.1;0.1;0.035;0.2;0.05;0.018;BiomassOxy_CC
0.1;0.1;0.035;0.2;0.05;0.03;BiomassOxy_CC
0.1;0.1;0.035;0.2;0.07;0.018;BiomassOxy_CC
0.1;0.1;0.035;0.2;0.07;0.03;BiomassOxy_CC
0.1;0.1;0.035;0.25;0.03;0.018;BiomassOxy_CC
0.1;0.1;0.035;0.25;0.03;0.03;BioCH4Oxy_CC
0.1;0.1;0.035;0.25;0.05;0.018;BiomassOxy_CC
0.1;0.1;0.035;0.25;0.05;0.03;BiomassOxy_CC
0.1;0.1;0.035;0.25;0.07;0.018;BiomassOxy_CC
0.1;0.1;0.035;0.25;0.07;0.03;BiomassOxy_CC
0.1;0.1;0.055;0.075;0.03;0.018;Biomass
0.1;0.1;0.055;0.075;0.03;0.03;BioCH4
0.1;0.1;0.055;0.075;0.05;0.018;Biomass
0.1;0.1;0.055;0.075;0.05;0.03;Biomass
0.1;0.1;0.055;0.075;0.07;0.018;Biomass
0.1;0.1;0.055;0.075;0.07;0.03;Biomass
0.1;0.1;0.055;0.1;0.03;0.018;Biomass
0.1;0.1;0.055;0.1;0.03;0.03;BioCH4
0.1;0.1;0.055;0.1;0.05;0.018;Biomass
0.1;0.1;0.055;0.1;0.05;0.03;Biomass
0.1;0.1;0.055;0.1;0.07;0.018;Biomass
0.1;0.1;0.055;0.1;0.07;0.03;Biomass
0.1;0.1;0.055;0.2;0.03;0.018;BiomassOxy_CC
0.1;0.1;0.055;0.2;0.03;0.03;BioCH4Oxy_CC
0.1;0.1;0.055;0.2;0.05;0.018;BiomassOxy_CC
0.1;0.1;0.055;0.2;0.05;0.03;BiomassOxy_CC
0.1;0.1;0.055;0.2;0.07;0.018;BiomassOxy_CC
0.1;0.1;0.055;0.2;0.07;0.03;BiomassOxy_CC
0.1;0.1;0.055;0.25;0.03;0.018;BiomassOxy_CC
0.1;0.1;0.055;0.25;0.03;0.03;BioCH4Oxy_CC
0.1;0.1;0.055;0.25;0.05;0.018;BiomassOxy_CC
0.1;0.1;0.055;0.25;0.05;0.03;BiomassOxy_CC
0.1;0.1;0.055;0.25;0.07;0.018;BiomassOxy_CC
0.1;0.1;0.055;0.25;0.07;0.03;BiomassOxy_CC
0.1;0.1;0.075;0.075;0.03;0.018;Biomass
0.1;0.1;0.075;0.075;0.03;0.03;BioCH4
0.1;0.1;0.075;0.075;0.05;0.018;Biomass
0.1;0.1;0.075;0.075;0.05;0.03;Biomass
0.1;0.1;0.075;0.075;0.07;0.018;Biomass
0.1;0.1;0.075;0.075;0.07;0.03;Biomass
0.1;0.1;0.075;0.1;0.03;0.018;Biomass
0.1;0.1;0.075;0.1;0.03;0.03;BioCH4
0.1;0.1;0.075;0.1;0.05;0.018;Biomass
0.1;0.1;0.075;0.1;0.05;0.03;Biomass
0.1;0.1;0.075;0.1;0.07;0.018;Biomass
0.1;0.1;0.075;0.1;0.07;0.03;Biomass
0.1;0.1;0.075;0.2;0.03;0.018;BiomassOxy_CC
0.1;0.1;0.075;0.2;0.03;0.03;BioCH4Oxy_CC
0.1;0.1;0.075;0.2;0.05;0.018;BiomassOxy_CC
0.1;0.1;0.075;0.2;0.05;0.03;BiomassOxy_CC
0.1;0.1;0.075;0.2;0.07;0.018;BiomassOxy_CC
0.1;0.1;0.075;0.2;0.07;0.03;BiomassOxy_CC
0.1;0.1;0.075;0.25;0.03;0.018;BiomassOxy_CC
0.1;0.1;0.075;0.25;0.03;0.03;BioCH4Oxy_CC
0.1;0.1;0.075;0.25;0.05;0.018;BiomassOxy_CC
0.1;0.1;0.075;0.25;0.05;0.03;BiomassOxy_CC
0.1;0.1;0.075;0.25;0.07;0.018;BiomassOxy_CC
0.1;0.1;0.075;0.25;0.07;0.03;BiomassOxy_CC
0.1;0.1;0.1;0.075;0.03;0.018;Biomass
0.1;0.1;0.1;0.075;0.03;0.03;BioCH4
0.1;0.1;0.1;0.075;0.05;0.018;Biomass
0.1;0.1;0.1;0.075;0.05;0.03;Biomass
0.1;0.1;0.1;0.075;0.07;0.018;Biomass
0.1;0.1;0.1;0.075;0.07;0.03;Biomass
0.1;0.1;0.1;0.1;0.03;0.018;Biomass
0.1;0.1;0.1;0.1;0.03;0.03;BioCH4
0.1;0.1;0.1;0.1;0.05;0.018;Biomass
0.1;0.1;0.1;0.1;0.05;0.03;Biomass
0.1;0.1;0.1;0.1;0.07;0.018;Biomass
0.1;0.1;0.1;0.1;0.07;0.03;Biomass
0.1;0.1;0.1;0.2;0.03;0.018;BiomassOxy_CC
0.1;0.1;0.1;0.2;0.03;0.03;BioCH4Oxy_CC
0.1;0.1;0.1;0.2;0.05;0.018;BiomassOxy_CC
0.1;0.1;0.1;0.2;0.05;0.03;BiomassOxy_CC
0.1;0.1;0.1;0.2;0.07;0.018;BiomassOxy_CC
0.1;0.1;0.1;0.2;0.07;0.03;BiomassOxy_CC
0.1;0.1;0.1;0.25;0.03;0.018;BiomassOxy_CC
0.1;0.1;0.1;0.25;0.03;0.03;BioCH4Oxy_CC
0.1;0.1;0.1;0.25;0.05;0.018;BiomassOxy_CC
0.1;0.1;0.1;0.25;0.05;0.03;BiomassOxy_CC
0.1;0.1;0.1;0.25;0.07;0.018;BiomassOxy_CC
0.1;0.1;0.1;0.25;0.07;0.03;BiomassOxy_CC
0.1;0.15;0.01;0.075;0.03;0.018;Biomass
0.1;0.15;0.01;0.075;0.03;0.03;NG
0.1;0.15;0.01;0.075;0.05;0.018;Biomass
0.1;0.15;0.01;0.075;0.05;0.03;NG
0.1;0.15;0.01;0.075;0.07;0.018;Biomass
0.1;0.15;0.01;0.075;0.07;0.03;NG
0.1;0.15;0.01;0.1;0.03;0.018;Biomass
0.1;0.15;0.01;0.1;0.03;0.03;NG
0.1;0.15;0.01;0.1;0.05;0.018;Biomass
0.1;0.15;0.01;0.1;0.05;0.03;NG
0.1;0.15;0.01;0.1;0.07;0.018;Biomass
0.1;0.15;0.01;0.1;0.07;0.03;NG
0.1;0.15;0.01;0.2;0.03;0.018;Biomass_CC
0.1;0.15;0.01;0.2;0.03;0.03;Biomass_CC
0.1;0.15;0.01;0.2;0.05;0.018;Biomass_CC
0.1;0.15;0.01;0.2;0.05;0.03;Biomass_CC
0.1;0.15;0.01;0.2;0.07;0.018;Biomass_CC
0.1;0.15;0.01;0.2;0.07;0.03;Biomass_CC
0.1;0.15;0.01;0.25;0.03;0.018;Biomass_CC
0.1;0.15;0.01;0.25;0.03;0.03;Biomass_CC
0.1;0.15;0.01;0.25;0.05;0.018;Biomass_CC
0.1;0.15;0.01;0.25;0.05;0.03;Biomass_CC
0.1;0.15;0.01;0.25;0.07;0.018;Biomass_CC
0.1;0.15;0.01;0.25;0.07;0.03;Biomass_CC
0.1;0.15;0.035;0.075;0.03;0.018;Biomass
0.1;0.15;0.035;0.075;0.03;0.03;BioCH4
0.1;0.15;0.035;0.075;0.05;0.018;Biomass
0.1;0.15;0.035;0.075;0.05;0.03;Biomass
0.1;0.15;0.035;0.075;0.07;0.018;Biomass
0.1;0.15;0.035;0.075;0.07;0.03;Biomass
0.1;0.15;0.035;0.1;0.03;0.018;Biomass
0.1;0.15;0.035;0.1;0.03;0.03;BioCH4
0.1;0.15;0.035;0.1;0.05;0.018;Biomass
0.1;0.15;0.035;0.1;0.05;0.03;Biomass
0.1;0.15;0.035;0.1;0.07;0.018;Biomass
0.1;0.15;0.035;0.1;0.07;0.03;Biomass
0.1;0.15;0.035;0.2;0.03;0.018;BiomassOxy_CC
0.1;0.15;0.035;0.2;0.03;0.03;BioCH4Oxy_CC
0.1;0.15;0.035;0.2;0.05;0.018;BiomassOxy_CC
0.1;0.15;0.035;0.2;0.05;0.03;BiomassOxy_CC
0.1;0.15;0.035;0.2;0.07;0.018;BiomassOxy_CC
0.1;0.15;0.035;0.2;0.07;0.03;BiomassOxy_CC
0.1;0.15;0.035;0.25;0.03;0.018;BiomassOxy_CC
0.1;0.15;0.035;0.25;0.03;0.03;BioCH4Oxy_CC
0.1;0.15;0.035;0.25;0.05;0.018;BiomassOxy_CC
0.1;0.15;0.035;0.25;0.05;0.03;BiomassOxy_CC
0.1;0.15;0.035;0.25;0.07;0.018;BiomassOxy_CC
0.1;0.15;0.035;0.25;0.07;0.03;BiomassOxy_CC
0.1;0.15;0.055;0.075;0.03;0.018;Biomass
0.1;0.15;0.055;0.075;0.03;0.03;BioCH4
0.1;0.15;0.055;0.075;0.05;0.018;Biomass
0.1;0.15;0.055;0.075;0.05;0.03;Biomass
0.1;0.15;0.055;0.075;0.07;0.018;Biomass
0.1;0.15;0.055;0.075;0.07;0.03;Biomass
0.1;0.15;0.055;0.1;0.03;0.018;Biomass
0.1;0.15;0.055;0.1;0.03;0.03;BioCH4
0.1;0.15;0.055;0.1;0.05;0.018;Biomass
0.1;0.15;0.055;0.1;0.05;0.03;Biomass
0.1;0.15;0.055;0.1;0.07;0.018;Biomass
0.1;0.15;0.055;0.1;0.07;0.03;Biomass
0.1;0.15;0.055;0.2;0.03;0.018;BiomassOxy_CC
0.1;0.15;0.055;0.2;0.03;0.03;BioCH4Oxy_CC
0.1;0.15;0.055;0.2;0.05;0.018;BiomassOxy_CC
0.1;0.15;0.055;0.2;0.05;0.03;BiomassOxy_CC
0.1;0.15;0.055;0.2;0.07;0.018;BiomassOxy_CC
0.1;0.15;0.055;0.2;0.07;0.03;BiomassOxy_CC
0.1;0.15;0.055;0.25;0.03;0.018;BiomassOxy_CC
0.1;0.15;0.055;0.25;0.03;0.03;BioCH4Oxy_CC
0.1;0.15;0.055;0.25;0.05;0.018;BiomassOxy_CC
0.1;0.15;0.055;0.25;0.05;0.03;BiomassOxy_CC
0.1;0.15;0.055;0.25;0.07;0.018;BiomassOxy_CC
0.1;0.15;0.055;0.25;0.07;0.03;BiomassOxy_CC
0.1;0.15;0.075;0.075;0.03;0.018;Biomass
0.1;0.15;0.075;0.075;0.03;0.03;BioCH4
0.1;0.15;0.075;0.075;0.05;0.018;Biomass
0.1;0.15;0.075;0.075;0.05;0.03;Biomass
0.1;0.15;0.075;0.075;0.07;0.018;Biomass
0.1;0.15;0.075;0.075;0.07;0.03;Biomass
0.1;0.15;0.075;0.1;0.03;0.018;Biomass
0.1;0.15;0.075;0.1;0.03;0.03;BioCH4
0.1;0.15;0.075;0.1;0.05;0.018;Biomass
0.1;0.15;0.075;0.1;0.05;0.03;Biomass
0.1;0.15;0.075;0.1;0.07;0.018;Biomass
0.1;0.15;0.075;0.1;0.07;0.03;Biomass
0.1;0.15;0.075;0.2;0.03;0.018;BiomassOxy_CC
0.1;0.15;0.075;0.2;0.03;0.03;BioCH4Oxy_CC
0.1;0.15;0.075;0.2;0.05;0.018;BiomassOxy_CC
0.1;0.15;0.075;0.2;0.05;0.03;BiomassOxy_CC
0.1;0.15;0.075;0.2;0.07;0.018;BiomassOxy_CC
0.1;0.15;0.075;0.2;0.07;0.03;BiomassOxy_CC
0.1;0.15;0.075;0.25;0.03;0.018;BiomassOxy_CC
0.1;0.15;0.075;0.25;0.03;0.03;BioCH4Oxy_CC
0.1;0.15;0.075;0.25;0.05;0.018;BiomassOxy_CC
0.1;0.15;0.075;0.25;0.05;0.03;BiomassOxy_CC
0.1;0.15;0.075;0.25;0.07;0.018;BiomassOxy_CC
0.1;0.15;0.075;0.25;0.07;0.03;BiomassOxy_CC
0.1;0.15;0.1;0.075;0.03;0.018;Biomass
0.1;0.15;0.1;0.075;0.03;0.03;BioCH4
0.1;0.15;0.1;0.075;0.05;0.018;Biomass
0.1;0.15;0.1;0.075;0.05;0.03;Biomass
0.1;0.15;0.1;0.075;0.07;0.018;Biomass
0.1;0.15;0.1;0.075;0.07;0.03;Biomass
0.1;0.15;0.1;0.1;0.03;0.018;Biomass
0.1;0.15;0.1;0.1;0.03;0.03;BioCH4
0.1;0.15;0.1;0.1;0.05;0.018;Biomass
0.1;0.15;0.1;0.1;0.05;0.03;Biomass
0.1;0.15;0.1;0.1;0.07;0.018;Biomass
0.1;0.15;0.1;0.1;0.07;0.03;Biomass
0.1;0.15;0.1;0.2;0.03;0.018;BiomassOxy_CC
0.1;0.15;0.1;0.2;0.03;0.03;BioCH4Oxy_CC
0.1;0.15;0.1;0.2;0.05;0.018;BiomassOxy_CC
0.1;0.15;0.1;0.2;0.05;0.03;BiomassOxy_CC
0.1;0.15;0.1;0.2;0.07;0.018;BiomassOxy_CC
0.1;0.15;0.1;0.2;0.07;0.03;BiomassOxy_CC
0.1;0.15;0.1;0.25;0.03;0.018;BiomassOxy_CC
0.1;0.15;0.1;0.25;0.03;0.03;BioCH4Oxy_CC
0.1;0.15;0.1;0.25;0.05;0.018;BiomassOxy_CC
0.1;0.15;0.1;0.25;0.05;0.03;BiomassOxy_CC
0.1;0.15;0.1;0.25;0.07;0.018;BiomassOxy_CC
0.1;0.15;0.1;0.25;0.07;0.03;BiomassOxy_CC
0.1;0.2;0.01;0.075;0.03;0.018;Biomass
0.1;0.2;0.01;0.075;0.03;0.03;NG
0.1;0.2;0.01;0.075;0.05;0.018;Biomass
0.1;0.2;0.01;0.075;0.05;0.03;NG
0.1;0.2;0.01;0.075;0.07;0.018;Biomass
0.1;0.2;0.01;0.075;0.07;0.03;NG
0.1;0.2;0.01;0.1;0.03;0.018;Biomass
0.1;0.2;0.01;0.1;0.03;0.03;NG
0.1;0.2;0.01;0.1;0.05;0.018;Biomass
0.1;0.2;0.01;0.1;0.05;0.03;NG
0.1;0.2;0.01;0.1;0.07;0.018;Biomass
0.1;0.2;0.01;0.1;0.07;0.03;NG
0.1;0.2;0.01;0.2;0.03;0.018;Biomass_CC
0.1;0.2;0.01;0.2;0.03;0.03;Biomass_CC
0.1;0.2;0.01;0.2;0.05;0.018;Biomass_CC
0.1;0.2;0.01;0.2;0.05;0.03;Biomass_CC
0.1;0.2;0.01;0.2;0.07;0.018;Biomass_CC
0.1;0.2;0.01;0.2;0.07;0.03;Biomass_CC
0.1;0.2;0.01;0.25;0.03;0.018;Biomass_CC
0.1;0.2;0.01;0.25;0.03;0.03;Biomass_CC
0.1;0.2;0.01;0.25;0.05;0.018;Biomass_CC
0.1;0.2;0.01;0.25;0.05;0.03;Biomass_CC
0.1;0.2;0.01;0.25;0.07;0.018;Biomass_CC
0.1;0.2;0.01;0.25;0.07;0.03;Biomass_CC
0.1;0.2;0.035;0.075;0.03;0.018;Biomass
0.1;0.2;0.035;0.075;0.03;0.03;BioCH4
0.1;0.2;0.035;0.075;0.05;0.018;Biomass
0.1;0.2;0.035;0.075;0.05;0.03;Biomass
0.1;0.2;0.035;0.075;0.07;0.018;Biomass
0.1;0.2;0.035;0.075;0.07;0.03;Biomass
0.1;0.2;0.035;0.1;0.03;0.018;Biomass
0.1;0.2;0.035;0.1;0.03;0.03;BioCH4
0.1;0.2;0.035;0.1;0.05;0.018;Biomass
0.1;0.2;0.035;0.1;0.05;0.03;Biomass
0.1;0.2;0.035;0.1;0.07;0.018;Biomass
0.1;0.2;0.035;0.1;0.07;0.03;Biomass
0.1;0.2;0.035;0.2;0.03;0.018;BiomassOxy_CC
0.1;0.2;0.035;0.2;0.03;0.03;BioCH4Oxy_CC
0.1;0.2;0.035;0.2;0.05;0.018;BiomassOxy_CC
0.1;0.2;0.035;0.2;0.05;0.03;BiomassOxy_CC
0.1;0.2;0.035;0.2;0.07;0.018;BiomassOxy_CC
0.1;0.2;0.035;0.2;0.07;0.03;BiomassOxy_CC
0.1;0.2;0.035;0.25;0.03;0.018;BiomassOxy_CC
0.1;0.2;0.035;0.25;0.03;0.03;BioCH4Oxy_CC
0.1;0.2;0.035;0.25;0.05;0.018;BiomassOxy_CC
0.1;0.2;0.035;0.25;0.05;0.03;BiomassOxy_CC
0.1;0.2;0.035;0.25;0.07;0.018;BiomassOxy_CC
0.1;0.2;0.035;0.25;0.07;0.03;BiomassOxy_CC
0.1;0.2;0.055;0.075;0.03;0.018;Biomass
0.1;0.2;0.055;0.075;0.03;0.03;BioCH4
0.1;0.2;0.055;0.075;0.05;0.018;Biomass
0.1;0.2;0.055;0.075;0.05;0.03;Biomass
0.1;0.2;0.055;0.075;0.07;0.018;Biomass
0.1;0.2;0.055;0.075;0.07;0.03;Biomass
0.1;0.2;0.055;0.1;0.03;0.018;Biomass
0.1;0.2;0.055;0.1;0.03;0.03;BioCH4
0.1;0.2;0.055;0.1;0.05;0.018;Biomass
0.1;0.2;0.055;0.1;0.05;0.03;Biomass
0.1;0.2;0.055;0.1;0.07;0.018;Biomass
0.1;0.2;0.055;0.1;0.07;0.03;Biomass
0.1;0.2;0.055;0.2;0.03;0.018;BiomassOxy_CC
0.1;0.2;0.055;0.2;0.03;0.03;BioCH4Oxy_CC
0.1;0.2;0.055;0.2;0.05;0.018;BiomassOxy_CC
0.1;0.2;0.055;0.2;0.05;0.03;BiomassOxy_CC
0.1;0.2;0.055;0.2;0.07;0.018;BiomassOxy_CC
0.1;0.2;0.055;0.2;0.07;0.03;BiomassOxy_CC
0.1;0.2;0.055;0.25;0.03;0.018;BiomassOxy_CC
0.1;0.2;0.055;0.25;0.03;0.03;BioCH4Oxy_CC
0.1;0.2;0.055;0.25;0.05;0.018;BiomassOxy_CC
0.1;0.2;0.055;0.25;0.05;0.03;BiomassOxy_CC
0.1;0.2;0.055;0.25;0.07;0.018;BiomassOxy_CC
0.1;0.2;0.055;0.25;0.07;0.03;BiomassOxy_CC
0.1;0.2;0.075;0.075;0.03;0.018;Biomass
0.1;0.2;0.075;0.075;0.03;0.03;BioCH4
0.1;0.2;0.075;0.075;0.05;0.018;Biomass
0.1;0.2;0.075;0.075;0.05;0.03;Biomass
0.1;0.2;0.075;0.075;0.07;0.018;Biomass
0.1;0.2;0.075;0.075;0.07;0.03;Biomass
0.1;0.2;0.075;0.1;0.03;0.018;Biomass
0.1;0.2;0.075;0.1;0.03;0.03;BioCH4
0.1;0.2;0.075;0.1;0.05;0.018;Biomass
0.1;0.2;0.075;0.1;0.05;0.03;Biomass
0.1;0.2;0.075;0.1;0.07;0.018;Biomass
0.1;0.2;0.075;0.1;0.07;0.03;Biomass
0.1;0.2;0.075;0.2;0.03;0.018;BiomassOxy_CC
0.1;0.2;0.075;0.2;0.03;0.03;BioCH4Oxy_CC
0.1;0.2;0.075;0.2;0.05;0.018;BiomassOxy_CC
0.1;0.2;0.075;0.2;0.05;0.03;BiomassOxy_CC
0.1;0.2;0.075;0.2;0.07;0.018;BiomassOxy_CC
0.1;0.2;0.075;0.2;0.07;0.03;BiomassOxy_CC
0.1;0.2;0.075;0.25;0.03;0.018;BiomassOxy_CC
0.1;0.2;0.075;0.25;0.03;0.03;BioCH4Oxy_CC
0.1;0.2;0.075;0.25;0.05;0.018;BiomassOxy_CC
0.1;0.2;0.075;0.25;0.05;0.03;BiomassOxy_CC
0.1;0.2;0.075;0.25;0.07;0.018;BiomassOxy_CC
0.1;0.2;0.075;0.25;0.07;0.03;BiomassOxy_CC
0.1;0.2;0.1;0.075;0.03;0.018;Biomass
0.1;0.2;0.1;0.075;0.03;0.03;BioCH4
0.1;0.2;0.1;0.075;0.05;0.018;Biomass
0.1;0.2;0.1;0.075;0.05;0.03;Biomass
0.1;0.2;0.1;0.075;0.07;0.018;Biomass
0.1;0.2;0.1;0.075;0.07;0.03;Biomass
0.1;0.2;0.1;0.1;0.03;0.018;Biomass
0.1;0.2;0.1;0.1;0.03;0.03;BioCH4
0.1;0.2;0.1;0.1;0.05;0.018;Biomass
0.1;0.2;0.1;0.1;0.05;0.03;Biomass
0.1;0.2;0.1;0.1;0.07;0.018;Biomass
0.1;0.2;0.1;0.1;0.07;0.03;Biomass
0.1;0.2;0.1;0.2;0.03;0.018;BiomassOxy_CC
0.1;0.2;0.1;0.2;0.03;0.03;BioCH4Oxy_CC
0.1;0.2;0.1;0.2;0.05;0.018;BiomassOxy_CC
0.1;0.2;0.1;0.2;0.05;0.03;BiomassOxy_CC
0.1;0.2;0.1;0.2;0.07;0.018;BiomassOxy_CC
0.1;0.2;0.1;0.2;0.07;0.03;BiomassOxy_CC
0.1;0.2;0.1;0.25;0.03;0.018;BiomassOxy_CC
0.1;0.2;0.1;0.25;0.03;0.03;BioCH4Oxy_CC
0.1;0.2;0.1;0.25;0.05;0.018;BiomassOxy_CC
0.1;0.2;0.1;0.25;0.05;0.03;BiomassOxy_CC
0.1;0.2;0.1;0.25;0.07;0.018;BiomassOxy_CC
0.1;0.2;0.1;0.25;0.07;0.03;BiomassOxy_CC
0.125;0.01;0.01;0.075;0.03;0.018;Biomass
0.125;0.01;0.01;0.075;0.03;0.03;NG
0.125;0.01;0.01;0.075;0.05;0.018;Biomass
0.125;0.01;0.01;0.075;0.05;0.03;NG
0.125;0.01;0.01;0.075;0.07;0.018;Biomass
0.125;0.01;0.01;0.075;0.07;0.03;NG
0.125;0.01;0.01;0.1;0.03;0.018;Biomass
0.125;0.01;0.01;0.1;0.03;0.03;NG
0.125;0.01;0.01;0.1;0.05;0.018;Biomass
0.125;0.01;0.01;0.1;0.05;0.03;NG
0.125;0.01;0.01;0.1;0.07;0.018;Biomass
0.125;0.01;0.01;0.1;0.07;0.03;NG
0.125;0.01;0.01;0.2;0.03;0.018;Biomass_CC
0.125;0.01;0.01;0.2;0.03;0.03;H2Oxy_CC
0.125;0.01;0.01;0.2;0.05;0.018;Biomass_CC
0.125;0.01;0.01;0.2;0.05;0.03;H2Oxy_CC
0.125;0.01;0.01;0.2;0.07;0.018;Biomass_CC
0.125;0.01;0.01;0.2;0.07;0.03;H2Oxy_CC
0.125;0.01;0.01;0.25;0.03;0.018;Biomass_CC
0.125;0.01;0.01;0.25;0.03;0.03;Biomass_CC
0.125;0.01;0.01;0.25;0.05;0.018;Biomass_CC
0.125;0.01;0.01;0.25;0.05;0.03;Biomass_CC
0.125;0.01;0.01;0.25;0.07;0.018;Biomass_CC
0.125;0.01;0.01;0.25;0.07;0.03;Biomass_CC
0.125;0.01;0.035;0.075;0.03;0.018;Biomass
0.125;0.01;0.035;0.075;0.03;0.03;BioCH4
0.125;0.01;0.035;0.075;0.05;0.018;Biomass
0.125;0.01;0.035;0.075;0.05;0.03;Biomass
0.125;0.01;0.035;0.075;0.07;0.018;Biomass
0.125;0.01;0.035;0.075;0.07;0.03;Biomass
0.125;0.01;0.035;0.1;0.03;0.018;Biomass
0.125;0.01;0.035;0.1;0.03;0.03;BioCH4
0.125;0.01;0.035;0.1;0.05;0.018;Biomass
0.125;0.01;0.035;0.1;0.05;0.03;Biomass
0.125;0.01;0.035;0.1;0.07;0.018;Biomass
0.125;0.01;0.035;0.1;0.07;0.03;Biomass
0.125;0.01;0.035;0.2;0.03;0.018;H2Oxy_CC
0.125;0.01;0.035;0.2;0.03;0.03;H2Oxy_CC
0.125;0.01;0.035;0.2;0.05;0.018;H2Oxy_CC
0.125;0.01;0.035;0.2;0.05;0.03;H2Oxy_CC
0.125;0.01;0.035;0.2;0.07;0.018;H2Oxy_CC
0.125;0.01;0.035;0.2;0.07;0.03;H2Oxy_CC
0.125;0.01;0.035;0.25;0.03;0.018;H2Oxy_CC
0.125;0.01;0.035;0.25;0.03;0.03;H2Oxy_CC
0.125;0.01;0.035;0.25;0.05;0.018;H2Oxy_CC
0.125;0.01;0.035;0.25;0.05;0.03;H2Oxy_CC
0.125;0.01;0.035;0.25;0.07;0.018;H2Oxy_CC
0.125;0.01;0.035;0.25;0.07;0.03;H2Oxy_CC
0.125;0.01;0.055;0.075;0.03;0.018;Biomass
0.125;0.01;0.055;0.075;0.03;0.03;BioCH4
0.125;0.01;0.055;0.075;0.05;0.018;Biomass
0.125;0.01;0.055;0.075;0.05;0.03;Biomass
0.125;0.01;0.055;0.075;0.07;0.018;Biomass
0.125;0.01;0.055;0.075;0.07;0.03;Biomass
0.125;0.01;0.055;0.1;0.03;0.018;Biomass
0.125;0.01;0.055;0.1;0.03;0.03;BioCH4
0.125;0.01;0.055;0.1;0.05;0.018;Biomass
0.125;0.01;0.055;0.1;0.05;0.03;Biomass
0.125;0.01;0.055;0.1;0.07;0.018;Biomass
0.125;0.01;0.055;0.1;0.07;0.03;Biomass
0.125;0.01;0.055;0.2;0.03;0.018;H2Oxy_CC
0.125;0.01;0.055;0.2;0.03;0.03;H2Oxy_CC
0.125;0.01;0.055;0.2;0.05;0.018;H2Oxy_CC
0.125;0.01;0.055;0.2;0.05;0.03;H2Oxy_CC
0.125;0.01;0.055;0.2;0.07;0.018;H2Oxy_CC
0.125;0.01;0.055;0.2;0.07;0.03;H2Oxy_CC
0.125;0.01;0.055;0.25;0.03;0.018;H2Oxy_CC
0.125;0.01;0.055;0.25;0.03;0.03;H2Oxy_CC
0.125;0.01;0.055;0.25;0.05;0.018;H2Oxy_CC
0.125;0.01;0.055;0.25;0.05;0.03;H2Oxy_CC
0.125;0.01;0.055;0.25;0.07;0.018;H2Oxy_CC
0.125;0.01;0.055;0.25;0.07;0.03;H2Oxy_CC
0.125;0.01;0.075;0.075;0.03;0.018;Biomass
0.125;0.01;0.075;0.075;0.03;0.03;BioCH4
0.125;0.01;0.075;0.075;0.05;0.018;Biomass
0.125;0.01;0.075;0.075;0.05;0.03;Biomass
0.125;0.01;0.075;0.075;0.07;0.018;Biomass
0.125;0.01;0.075;0.075;0.07;0.03;Biomass
0.125;0.01;0.075;0.1;0.03;0.018;Biomass
0.125;0.01;0.075;0.1;0.03;0.03;BioCH4
0.125;0.01;0.075;0.1;0.05;0.018;Biomass
0.125;0.01;0.075;0.1;0.05;0.03;Biomass
0.125;0.01;0.075;0.1;0.07;0.018;Biomass
0.125;0.01;0.075;0.1;0.07;0.03;Biomass
0.125;0.01;0.075;0.2;0.03;0.018;H2Oxy_CC
0.125;0.01;0.075;0.2;0.03;0.03;H2Oxy_CC
0.125;0.01;0.075;0.2;0.05;0.018;H2Oxy_CC
0.125;0.01;0.075;0.2;0.05;0.03;H2Oxy_CC
0.125;0.01;0.075;0.2;0.07;0.018;H2Oxy_CC
0.125;0.01;0.075;0.2;0.07;0.03;H2Oxy_CC
0.125;0.01;0.075;0.25;0.03;0.018;H2Oxy_CC
0.125;0.01;0.075;0.25;0.03;0.03;H2Oxy_CC
0.125;0.01;0.075;0.25;0.05;0.018;H2Oxy_CC
0.125;0.01;0.075;0.25;0.05;0.03;H2Oxy_CC
0.125;0.01;0.075;0.25;0.07;0.018;H2Oxy_CC
0.125;0.01;0.075;0.25;0.07;0.03;H2Oxy_CC
0.125;0.01;0.1;0.075;0.03;0.018;Biomass
0.125;0.01;0.1;0.075;0.03;0.03;BioCH4
0.125;0.01;0.1;0.075;0.05;0.018;Biomass
0.125;0.01;0.1;0.075;0.05;0.03;Biomass
0.125;0.01;0.1;0.075;0.07;0.018;Biomass
0.125;0.01;0.1;0.075;0.07;0.03;Biomass
0.125;0.01;0.1;0.1;0.03;0.018;Biomass
0.125;0.01;0.1;0.1;0.03;0.03;BioCH4
0.125;0.01;0.1;0.1;0.05;0.018;Biomass
0.125;0.01;0.1;0.1;0.05;0.03;Biomass
0.125;0.01;0.1;0.1;0.07;0.018;Biomass
0.125;0.01;0.1;0.1;0.07;0.03;Biomass
0.125;0.01;0.1;0.2;0.03;0.018;H2Oxy_CC
0.125;0.01;0.1;0.2;0.03;0.03;H2Oxy_CC
0.125;0.01;0.1;0.2;0.05;0.018;H2Oxy_CC
0.125;0.01;0.1;0.2;0.05;0.03;H2Oxy_CC
0.125;0.01;0.1;0.2;0.07;0.018;H2Oxy_CC
0.125;0.01;0.1;0.2;0.07;0.03;H2Oxy_CC
0.125;0.01;0.1;0.25;0.03;0.018;H2Oxy_CC
0.125;0.01;0.1;0.25;0.03;0.03;H2Oxy_CC
0.125;0.01;0.1;0.25;0.05;0.018;H2Oxy_CC
0.125;0.01;0.1;0.25;0.05;0.03;H2Oxy_CC
0.125;0.01;0.1;0.25;0.07;0.018;H2Oxy_CC
0.125;0.01;0.1;0.25;0.07;0.03;H2Oxy_CC
0.125;0.025;0.01;0.075;0.03;0.018;Biomass
0.125;0.025;0.01;0.075;0.03;0.03;NG
0.125;0.025;0.01;0.075;0.05;0.018;Biomass
0.125;0.025;0.01;0.075;0.05;0.03;NG
0.125;0.025;0.01;0.075;0.07;0.018;Biomass
0.125;0.025;0.01;0.075;0.07;0.03;NG
0.125;0.025;0.01;0.1;0.03;0.018;Biomass
0.125;0.025;0.01;0.1;0.03;0.03;NG
0.125;0.025;0.01;0.1;0.05;0.018;Biomass
0.125;0.025;0.01;0.1;0.05;0.03;NG
0.125;0.025;0.01;0.1;0.07;0.018;Biomass
0.125;0.025;0.01;0.1;0.07;0.03;NG
0.125;0.025;0.01;0.2;0.03;0.018;Biomass_CC
0.125;0.025;0.01;0.2;0.03;0.03;Biomass_CC
0.125;0.025;0.01;0.2;0.05;0.018;Biomass_CC
0.125;0.025;0.01;0.2;0.05;0.03;Biomass_CC
0.125;0.025;0.01;0.2;0.07;0.018;Biomass_CC
0.125;0.025;0.01;0.2;0.07;0.03;Biomass_CC
0.125;0.025;0.01;0.25;0.03;0.018;Biomass_CC
0.125;0.025;0.01;0.25;0.03;0.03;Biomass_CC
0.125;0.025;0.01;0.25;0.05;0.018;Biomass_CC
0.125;0.025;0.01;0.25;0.05;0.03;Biomass_CC
0.125;0.025;0.01;0.25;0.07;0.018;Biomass_CC
0.125;0.025;0.01;0.25;0.07;0.03;Biomass_CC
0.125;0.025;0.035;0.075;0.03;0.018;Biomass
0.125;0.025;0.035;0.075;0.03;0.03;BioCH4
0.125;0.025;0.035;0.075;0.05;0.018;Biomass
0.125;0.025;0.035;0.075;0.05;0.03;Biomass
0.125;0.025;0.035;0.075;0.07;0.018;Biomass
0.125;0.025;0.035;0.075;0.07;0.03;Biomass
0.125;0.025;0.035;0.1;0.03;0.018;Biomass
0.125;0.025;0.035;0.1;0.03;0.03;BioCH4
0.125;0.025;0.035;0.1;0.05;0.018;Biomass
0.125;0.025;0.035;0.1;0.05;0.03;Biomass
0.125;0.025;0.035;0.1;0.07;0.018;Biomass
0.125;0.025;0.035;0.1;0.07;0.03;Biomass
0.125;0.025;0.035;0.2;0.03;0.018;BiomassOxy_CC
0.125;0.025;0.035;0.2;0.03;0.03;BioCH4Oxy_CC
0.125;0.025;0.035;0.2;0.05;0.018;BiomassOxy_CC
0.125;0.025;0.035;0.2;0.05;0.03;H2Oxy_CC
0.125;0.025;0.035;0.2;0.07;0.018;BiomassOxy_CC
0.125;0.025;0.035;0.2;0.07;0.03;H2Oxy_CC
0.125;0.025;0.035;0.25;0.03;0.018;BiomassOxy_CC
0.125;0.025;0.035;0.25;0.03;0.03;BioCH4Oxy_CC
0.125;0.025;0.035;0.25;0.05;0.018;BiomassOxy_CC
0.125;0.025;0.035;0.25;0.05;0.03;BiomassOxy_CC
0.125;0.025;0.035;0.25;0.07;0.018;BiomassOxy_CC
0.125;0.025;0.035;0.25;0.07;0.03;BiomassOxy_CC
0.125;0.025;0.055;0.075;0.03;0.018;Biomass
0.125;0.025;0.055;0.075;0.03;0.03;BioCH4
0.125;0.025;0.055;0.075;0.05;0.018;Biomass
0.125;0.025;0.055;0.075;0.05;0.03;Biomass
0.125;0.025;0.055;0.075;0.07;0.018;Biomass
0.125;0.025;0.055;0.075;0.07;0.03;Biomass
0.125;0.025;0.055;0.1;0.03;0.018;Biomass
0.125;0.025;0.055;0.1;0.03;0.03;BioCH4
0.125;0.025;0.055;0.1;0.05;0.018;Biomass
0.125;0.025;0.055;0.1;0.05;0.03;Biomass
0.125;0.025;0.055;0.1;0.07;0.018;Biomass
0.125;0.025;0.055;0.1;0.07;0.03;Biomass
0.125;0.025;0.055;0.2;0.03;0.018;BiomassOxy_CC
0.125;0.025;0.055;0.2;0.03;0.03;BioCH4Oxy_CC
0.125;0.025;0.055;0.2;0.05;0.018;BiomassOxy_CC
0.125;0.025;0.055;0.2;0.05;0.03;H2Oxy_CC
0.125;0.025;0.055;0.2;0.07;0.018;BiomassOxy_CC
0.125;0.025;0.055;0.2;0.07;0.03;H2Oxy_CC
0.125;0.025;0.055;0.25;0.03;0.018;BiomassOxy_CC
0.125;0.025;0.055;0.25;0.03;0.03;BioCH4Oxy_CC
0.125;0.025;0.055;0.25;0.05;0.018;BiomassOxy_CC
0.125;0.025;0.055;0.25;0.05;0.03;BiomassOxy_CC
0.125;0.025;0.055;0.25;0.07;0.018;BiomassOxy_CC
0.125;0.025;0.055;0.25;0.07;0.03;BiomassOxy_CC
0.125;0.025;0.075;0.075;0.03;0.018;Biomass
0.125;0.025;0.075;0.075;0.03;0.03;BioCH4
0.125;0.025;0.075;0.075;0.05;0.018;Biomass
0.125;0.025;0.075;0.075;0.05;0.03;Biomass
0.125;0.025;0.075;0.075;0.07;0.018;Biomass
0.125;0.025;0.075;0.075;0.07;0.03;Biomass
0.125;0.025;0.075;0.1;0.03;0.018;Biomass
0.125;0.025;0.075;0.1;0.03;0.03;BioCH4
0.125;0.025;0.075;0.1;0.05;0.018;Biomass
0.125;0.025;0.075;0.1;0.05;0.03;Biomass
0.125;0.025;0.075;0.1;0.07;0.018;Biomass
0.125;0.025;0.075;0.1;0.07;0.03;Biomass
0.125;0.025;0.075;0.2;0.03;0.018;BiomassOxy_CC
0.125;0.025;0.075;0.2;0.03;0.03;BioCH4Oxy_CC
0.125;0.025;0.075;0.2;0.05;0.018;BiomassOxy_CC
0.125;0.025;0.075;0.2;0.05;0.03;H2Oxy_CC
0.125;0.025;0.075;0.2;0.07;0.018;BiomassOxy_CC
0.125;0.025;0.075;0.2;0.07;0.03;H2Oxy_CC
0.125;0.025;0.075;0.25;0.03;0.018;BiomassOxy_CC
0.125;0.025;0.075;0.25;0.03;0.03;BioCH4Oxy_CC
0.125;0.025;0.075;0.25;0.05;0.018;BiomassOxy_CC
0.125;0.025;0.075;0.25;0.05;0.03;BiomassOxy_CC
0.125;0.025;0.075;0.25;0.07;0.018;BiomassOxy_CC
0.125;0.025;0.075;0.25;0.07;0.03;BiomassOxy_CC
0.125;0.025;0.1;0.075;0.03;0.018;Biomass
0.125;0.025;0.1;0.075;0.03;0.03;BioCH4
0.125;0.025;0.1;0.075;0.05;0.018;Biomass
0.125;0.025;0.1;0.075;0.05;0.03;Biomass
0.125;0.025;0.1;0.075;0.07;0.018;Biomass
0.125;0.025;0.1;0.075;0.07;0.03;Biomass
0.125;0.025;0.1;0.1;0.03;0.018;Biomass
0.125;0.025;0.1;0.1;0.03;0.03;BioCH4
0.125;0.025;0.1;0.1;0.05;0.018;Biomass
0.125;0.025;0.1;0.1;0.05;0.03;Biomass
0.125;0.025;0.1;0.1;0.07;0.018;Biomass
0.125;0.025;0.1;0.1;0.07;0.03;Biomass
0.125;0.025;0.1;0.2;0.03;0.018;BiomassOxy_CC
0.125;0.025;0.1;0.2;0.03;0.03;BioCH4Oxy_CC
0.125;0.025;0.1;0.2;0.05;0.018;BiomassOxy_CC
0.125;0.025;0.1;0.2;0.05;0.03;H2Oxy_CC
0.125;0.025;0.1;0.2;0.07;0.018;BiomassOxy_CC
0.125;0.025;0.1;0.2;0.07;0.03;H2Oxy_CC
0.125;0.025;0.1;0.25;0.03;0.018;BiomassOxy_CC
0.125;0.025;0.1;0.25;0.03;0.03;BioCH4Oxy_CC
0.125;0.025;0.1;0.25;0.05;0.018;BiomassOxy_CC
0.125;0.025;0.1;0.25;0.05;0.03;BiomassOxy_CC
0.125;0.025;0.1;0.25;0.07;0.018;BiomassOxy_CC
0.125;0.025;0.1;0.25;0.07;0.03;BiomassOxy_CC
0.125;0.05;0.01;0.075;0.03;0.018;Biomass
0.125;0.05;0.01;0.075;0.03;0.03;NG
0.125;0.05;0.01;0.075;0.05;0.018;Biomass
0.125;0.05;0.01;0.075;0.05;0.03;NG
0.125;0.05;0.01;0.075;0.07;0.018;Biomass
0.125;0.05;0.01;0.075;0.07;0.03;NG
0.125;0.05;0.01;0.1;0.03;0.018;Biomass
0.125;0.05;0.01;0.1;0.03;0.03;NG
0.125;0.05;0.01;0.1;0.05;0.018;Biomass
0.125;0.05;0.01;0.1;0.05;0.03;NG
0.125;0.05;0.01;0.1;0.07;0.018;Biomass
0.125;0.05;0.01;0.1;0.07;0.03;NG
0.125;0.05;0.01;0.2;0.03;0.018;Biomass_CC
0.125;0.05;0.01;0.2;0.03;0.03;Biomass_CC
0.125;0.05;0.01;0.2;0.05;0.018;Biomass_CC
0.125;0.05;0.01;0.2;0.05;0.03;Biomass_CC
0.125;0.05;0.01;0.2;0.07;0.018;Biomass_CC
0.125;0.05;0.01;0.2;0.07;0.03;Biomass_CC
0.125;0.05;0.01;0.25;0.03;0.018;Biomass_CC
0.125;0.05;0.01;0.25;0.03;0.03;Biomass_CC
0.125;0.05;0.01;0.25;0.05;0.018;Biomass_CC
0.125;0.05;0.01;0.25;0.05;0.03;Biomass_CC
0.125;0.05;0.01;0.25;0.07;0.018;Biomass_CC
0.125;0.05;0.01;0.25;0.07;0.03;Biomass_CC
0.125;0.05;0.035;0.075;0.03;0.018;Biomass
0.125;0.05;0.035;0.075;0.03;0.03;BioCH4
0.125;0.05;0.035;0.075;0.05;0.018;Biomass
0.125;0.05;0.035;0.075;0.05;0.03;Biomass
0.125;0.05;0.035;0.075;0.07;0.018;Biomass
0.125;0.05;0.035;0.075;0.07;0.03;Biomass
0.125;0.05;0.035;0.1;0.03;0.018;Biomass
0.125;0.05;0.035;0.1;0.03;0.03;BioCH4
0.125;0.05;0.035;0.1;0.05;0.018;Biomass
0.125;0.05;0.035;0.1;0.05;0.03;Biomass
0.125;0.05;0.035;0.1;0.07;0.018;Biomass
0.125;0.05;0.035;0.1;0.07;0.03;Biomass
0.125;0.05;0.035;0.2;0.03;0.018;BiomassOxy_CC
0.125;0.05;0.035;0.2;0.03;0.03;BioCH4Oxy_CC
0.125;0.05;0.035;0.2;0.05;0.018;BiomassOxy_CC
0.125;0.05;0.035;0.2;0.05;0.03;BiomassOxy_CC
0.125;0.05;0.035;0.2;0.07;0.018;BiomassOxy_CC
0.125;0.05;0.035;0.2;0.07;0.03;BiomassOxy_CC
0.125;0.05;0.035;0.25;0.03;0.018;BiomassOxy_CC
0.125;0.05;0.035;0.25;0.03;0.03;BioCH4Oxy_CC
0.125;0.05;0.035;0.25;0.05;0.018;BiomassOxy_CC
0.125;0.05;0.035;0.25;0.05;0.03;BiomassOxy_CC
0.125;0.05;0.035;0.25;0.07;0.018;BiomassOxy_CC
0.125;0.05;0.035;0.25;0.07;0.03;BiomassOxy_CC
0.125;0.05;0.055;0.075;0.03;0.018;Biomass
0.125;0.05;0.055;0.075;0.03;0.03;BioCH4
0.125;0.05;0.055;0.075;0.05;0.018;Biomass
0.125;0.05;0.055;0.075;0.05;0.03;Biomass
0.125;0.05;0.055;0.075;0.07;0.018;Biomass
0.125;0.05;0.055;0.075;0.07;0.03;Biomass
0.125;0.05;0.055;0.1;0.03;0.018;Biomass
0.125;0.05;0.055;0.1;0.03;0.03;BioCH4
0.125;0.05;0.055;0.1;0.05;0.018;Biomass
0.125;0.05;0.055;0.1;0.05;0.03;Biomass
0.125;0.05;0.055;0.1;0.07;0.018;Biomass
0.125;0.05;0.055;0.1;0.07;0.03;Biomass
0.125;0.05;0.055;0.2;0.03;0.018;BiomassOxy_CC
0.125;0.05;0.055;0.2;0.03;0.03;BioCH4Oxy_CC
0.125;0.05;0.055;0.2;0.05;0.018;BiomassOxy_CC
0.125;0.05;0.055;0.2;0.05;0.03;BiomassOxy_CC
0.125;0.05;0.055;0.2;0.07;0.018;BiomassOxy_CC
0.125;0.05;0.055;0.2;0.07;0.03;BiomassOxy_CC
0.125;0.05;0.055;0.25;0.03;0.018;BiomassOxy_CC
0.125;0.05;0.055;0.25;0.03;0.03;BioCH4Oxy_CC
0.125;0.05;0.055;0.25;0.05;0.018;BiomassOxy_CC
0.125;0.05;0.055;0.25;0.05;0.03;BiomassOxy_CC
0.125;0.05;0.055;0.25;0.07;0.018;BiomassOxy_CC
0.125;0.05;0.055;0.25;0.07;0.03;BiomassOxy_CC
0.125;0.05;0.075;0.075;0.03;0.018;Biomass
0.125;0.05;0.075;0.075;0.03;0.03;BioCH4
0.125;0.05;0.075;0.075;0.05;0.018;Biomass
0.125;0.05;0.075;0.075;0.05;0.03;Biomass
0.125;0.05;0.075;0.075;0.07;0.018;Biomass
0.125;0.05;0.075;0.075;0.07;0.03;Biomass
0.125;0.05;0.075;0.1;0.03;0.018;Biomass
0.125;0.05;0.075;0.1;0.03;0.03;BioCH4
0.125;0.05;0.075;0.1;0.05;0.018;Biomass
0.125;0.05;0.075;0.1;0.05;0.03;Biomass
0.125;0.05;0.075;0.1;0.07;0.018;Biomass
0.125;0.05;0.075;0.1;0.07;0.03;Biomass
0.125;0.05;0.075;0.2;0.03;0.018;BiomassOxy_CC
0.125;0.05;0.075;0.2;0.03;0.03;BioCH4Oxy_CC
0.125;0.05;0.075;0.2;0.05;0.018;BiomassOxy_CC
0.125;0.05;0.075;0.2;0.05;0.03;BiomassOxy_CC
0.125;0.05;0.075;0.2;0.07;0.018;BiomassOxy_CC
0.125;0.05;0.075;0.2;0.07;0.03;BiomassOxy_CC
0.125;0.05;0.075;0.25;0.03;0.018;BiomassOxy_CC
0.125;0.05;0.075;0.25;0.03;0.03;BioCH4Oxy_CC
0.125;0.05;0.075;0.25;0.05;0.018;BiomassOxy_CC
0.125;0.05;0.075;0.25;0.05;0.03;BiomassOxy_CC
0.125;0.05;0.075;0.25;0.07;0.018;BiomassOxy_CC
0.125;0.05;0.075;0.25;0.07;0.03;BiomassOxy_CC
0.125;0.05;0.1;0.075;0.03;0.018;Biomass
0.125;0.05;0.1;0.075;0.03;0.03;BioCH4
0.125;0.05;0.1;0.075;0.05;0.018;Biomass
0.125;0.05;0.1;0.075;0.05;0.03;Biomass
0.125;0.05;0.1;0.075;0.07;0.018;Biomass
0.125;0.05;0.1;0.075;0.07;0.03;Biomass
0.125;0.05;0.1;0.1;0.03;0.018;Biomass
0.125;0.05;0.1;0.1;0.03;0.03;BioCH4
0.125;0.05;0.1;0.1;0.05;0.018;Biomass
0.125;0.05;0.1;0.1;0.05;0.03;Biomass
0.125;0.05;0.1;0.1;0.07;0.018;Biomass
0.125;0.05;0.1;0.1;0.07;0.03;Biomass
0.125;0.05;0.1;0.2;0.03;0.018;BiomassOxy_CC
0.125;0.05;0.1;0.2;0.03;0.03;BioCH4Oxy_CC
0.125;0.05;0.1;0.2;0.05;0.018;BiomassOxy_CC
0.125;0.05;0.1;0.2;0.05;0.03;BiomassOxy_CC
0.125;0.05;0.1;0.2;0.07;0.018;BiomassOxy_CC
0.125;0.05;0.1;0.2;0.07;0.03;BiomassOxy_CC
0.125;0.05;0.1;0.25;0.03;0.018;BiomassOxy_CC
0.125;0.05;0.1;0.25;0.03;0.03;BioCH4Oxy_CC
0.125;0.05;0.1;0.25;0.05;0.018;BiomassOxy_CC
0.125;0.05;0.1;0.25;0.05;0.03;BiomassOxy_CC
0.125;0.05;0.1;0.25;0.07;0.018;BiomassOxy_CC
0.125;0.05;0.1;0.25;0.07;0.03;BiomassOxy_CC
0.125;0.075;0.01;0.075;0.03;0.018;Biomass
0.125;0.075;0.01;0.075;0.03;0.03;NG
0.125;0.075;0.01;0.075;0.05;0.018;Biomass
0.125;0.075;0.01;0.075;0.05;0.03;NG
0.125;0.075;0.01;0.075;0.07;0.018;Biomass
0.125;0.075;0.01;0.075;0.07;0.03;NG
0.125;0.075;0.01;0.1;0.03;0.018;Biomass
0.125;0.075;0.01;0.1;0.03;0.03;NG
0.125;0.075;0.01;0.1;0.05;0.018;Biomass
0.125;0.075;0.01;0.1;0.05;0.03;NG
0.125;0.075;0.01;0.1;0.07;0.018;Biomass
0.125;0.075;0.01;0.1;0.07;0.03;NG
0.125;0.075;0.01;0.2;0.03;0.018;Biomass_CC
0.125;0.075;0.01;0.2;0.03;0.03;Biomass_CC
0.125;0.075;0.01;0.2;0.05;0.018;Biomass_CC
0.125;0.075;0.01;0.2;0.05;0.03;Biomass_CC
0.125;0.075;0.01;0.2;0.07;0.018;Biomass_CC
0.125;0.075;0.01;0.2;0.07;0.03;Biomass_CC
0.125;0.075;0.01;0.25;0.03;0.018;Biomass_CC
0.125;0.075;0.01;0.25;0.03;0.03;Biomass_CC
0.125;0.075;0.01;0.25;0.05;0.018;Biomass_CC
0.125;0.075;0.01;0.25;0.05;0.03;Biomass_CC
0.125;0.075;0.01;0.25;0.07;0.018;Biomass_CC
0.125;0.075;0.01;0.25;0.07;0.03;Biomass_CC
0.125;0.075;0.035;0.075;0.03;0.018;Biomass
0.125;0.075;0.035;0.075;0.03;0.03;BioCH4
0.125;0.075;0.035;0.075;0.05;0.018;Biomass
0.125;0.075;0.035;0.075;0.05;0.03;Biomass
0.125;0.075;0.035;0.075;0.07;0.018;Biomass
0.125;0.075;0.035;0.075;0.07;0.03;Biomass
0.125;0.075;0.035;0.1;0.03;0.018;Biomass
0.125;0.075;0.035;0.1;0.03;0.03;BioCH4
0.125;0.075;0.035;0.1;0.05;0.018;Biomass
0.125;0.075;0.035;0.1;0.05;0.03;Biomass
0.125;0.075;0.035;0.1;0.07;0.018;Biomass
0.125;0.075;0.035;0.1;0.07;0.03;Biomass
0.125;0.075;0.035;0.2;0.03;0.018;BiomassOxy_CC
0.125;0.075;0.035;0.2;0.03;0.03;BioCH4Oxy_CC
0.125;0.075;0.035;0.2;0.05;0.018;BiomassOxy_CC
0.125;0.075;0.035;0.2;0.05;0.03;BiomassOxy_CC
0.125;0.075;0.035;0.2;0.07;0.018;BiomassOxy_CC
0.125;0.075;0.035;0.2;0.07;0.03;BiomassOxy_CC
0.125;0.075;0.035;0.25;0.03;0.018;BiomassOxy_CC
0.125;0.075;0.035;0.25;0.03;0.03;BioCH4Oxy_CC
0.125;0.075;0.035;0.25;0.05;0.018;BiomassOxy_CC
0.125;0.075;0.035;0.25;0.05;0.03;BiomassOxy_CC
0.125;0.075;0.035;0.25;0.07;0.018;BiomassOxy_CC
0.125;0.075;0.035;0.25;0.07;0.03;BiomassOxy_CC
0.125;0.075;0.055;0.075;0.03;0.018;Biomass
0.125;0.075;0.055;0.075;0.03;0.03;BioCH4
0.125;0.075;0.055;0.075;0.05;0.018;Biomass
0.125;0.075;0.055;0.075;0.05;0.03;Biomass
0.125;0.075;0.055;0.075;0.07;0.018;Biomass
0.125;0.075;0.055;0.075;0.07;0.03;Biomass
0.125;0.075;0.055;0.1;0.03;0.018;Biomass
0.125;0.075;0.055;0.1;0.03;0.03;BioCH4
0.125;0.075;0.055;0.1;0.05;0.018;Biomass
0.125;0.075;0.055;0.1;0.05;0.03;Biomass
0.125;0.075;0.055;0.1;0.07;0.018;Biomass
0.125;0.075;0.055;0.1;0.07;0.03;Biomass
0.125;0.075;0.055;0.2;0.03;0.018;BiomassOxy_CC
0.125;0.075;0.055;0.2;0.03;0.03;BioCH4Oxy_CC
0.125;0.075;0.055;0.2;0.05;0.018;BiomassOxy_CC
0.125;0.075;0.055;0.2;0.05;0.03;BiomassOxy_CC
0.125;0.075;0.055;0.2;0.07;0.018;BiomassOxy_CC
0.125;0.075;0.055;0.2;0.07;0.03;BiomassOxy_CC
0.125;0.075;0.055;0.25;0.03;0.018;BiomassOxy_CC
0.125;0.075;0.055;0.25;0.03;0.03;BioCH4Oxy_CC
0.125;0.075;0.055;0.25;0.05;0.018;BiomassOxy_CC
0.125;0.075;0.055;0.25;0.05;0.03;BiomassOxy_CC
0.125;0.075;0.055;0.25;0.07;0.018;BiomassOxy_CC
0.125;0.075;0.055;0.25;0.07;0.03;BiomassOxy_CC
0.125;0.075;0.075;0.075;0.03;0.018;Biomass
0.125;0.075;0.075;0.075;0.03;0.03;BioCH4
0.125;0.075;0.075;0.075;0.05;0.018;Biomass
0.125;0.075;0.075;0.075;0.05;0.03;Biomass
0.125;0.075;0.075;0.075;0.07;0.018;Biomass
0.125;0.075;0.075;0.075;0.07;0.03;Biomass
0.125;0.075;0.075;0.1;0.03;0.018;Biomass
0.125;0.075;0.075;0.1;0.03;0.03;BioCH4
0.125;0.075;0.075;0.1;0.05;0.018;Biomass
0.125;0.075;0.075;0.1;0.05;0.03;Biomass
0.125;0.075;0.075;0.1;0.07;0.018;Biomass
0.125;0.075;0.075;0.1;0.07;0.03;Biomass
0.125;0.075;0.075;0.2;0.03;0.018;BiomassOxy_CC
0.125;0.075;0.075;0.2;0.03;0.03;BioCH4Oxy_CC
0.125;0.075;0.075;0.2;0.05;0.018;BiomassOxy_CC
0.125;0.075;0.075;0.2;0.05;0.03;BiomassOxy_CC
0.125;0.075;0.075;0.2;0.07;0.018;BiomassOxy_CC
0.125;0.075;0.075;0.2;0.07;0.03;BiomassOxy_CC
0.125;0.075;0.075;0.25;0.03;0.018;BiomassOxy_CC
0.125;0.075;0.075;0.25;0.03;0.03;BioCH4Oxy_CC
0.125;0.075;0.075;0.25;0.05;0.018;BiomassOxy_CC
0.125;0.075;0.075;0.25;0.05;0.03;BiomassOxy_CC
0.125;0.075;0.075;0.25;0.07;0.018;BiomassOxy_CC
0.125;0.075;0.075;0.25;0.07;0.03;BiomassOxy_CC
0.125;0.075;0.1;0.075;0.03;0.018;Biomass
0.125;0.075;0.1;0.075;0.03;0.03;BioCH4
0.125;0.075;0.1;0.075;0.05;0.018;Biomass
0.125;0.075;0.1;0.075;0.05;0.03;Biomass
0.125;0.075;0.1;0.075;0.07;0.018;Biomass
0.125;0.075;0.1;0.075;0.07;0.03;Biomass
0.125;0.075;0.1;0.1;0.03;0.018;Biomass
0.125;0.075;0.1;0.1;0.03;0.03;BioCH4
0.125;0.075;0.1;0.1;0.05;0.018;Biomass
0.125;0.075;0.1;0.1;0.05;0.03;Biomass
0.125;0.075;0.1;0.1;0.07;0.018;Biomass
0.125;0.075;0.1;0.1;0.07;0.03;Biomass
0.125;0.075;0.1;0.2;0.03;0.018;BiomassOxy_CC
0.125;0.075;0.1;0.2;0.03;0.03;BioCH4Oxy_CC
0.125;0.075;0.1;0.2;0.05;0.018;BiomassOxy_CC
0.125;0.075;0.1;0.2;0.05;0.03;BiomassOxy_CC
0.125;0.075;0.1;0.2;0.07;0.018;BiomassOxy_CC
0.125;0.075;0.1;0.2;0.07;0.03;BiomassOxy_CC
0.125;0.075;0.1;0.25;0.03;0.018;BiomassOxy_CC
0.125;0.075;0.1;0.25;0.03;0.03;BioCH4Oxy_CC
0.125;0.075;0.1;0.25;0.05;0.018;BiomassOxy_CC
0.125;0.075;0.1;0.25;0.05;0.03;BiomassOxy_CC
0.125;0.075;0.1;0.25;0.07;0.018;BiomassOxy_CC
0.125;0.075;0.1;0.25;0.07;0.03;BiomassOxy_CC
0.125;0.1;0.01;0.075;0.03;0.018;Biomass
0.125;0.1;0.01;0.075;0.03;0.03;NG
0.125;0.1;0.01;0.075;0.05;0.018;Biomass
0.125;0.1;0.01;0.075;0.05;0.03;NG
0.125;0.1;0.01;0.075;0.07;0.018;Biomass
0.125;0.1;0.01;0.075;0.07;0.03;NG
0.125;0.1;0.01;0.1;0.03;0.018;Biomass
0.125;0.1;0.01;0.1;0.03;0.03;NG
0.125;0.1;0.01;0.1;0.05;0.018;Biomass
0.125;0.1;0.01;0.1;0.05;0.03;NG
0.125;0.1;0.01;0.1;0.07;0.018;Biomass
0.125;0.1;0.01;0.1;0.07;0.03;NG
0.125;0.1;0.01;0.2;0.03;0.018;Biomass_CC
0.125;0.1;0.01;0.2;0.03;0.03;Biomass_CC
0.125;0.1;0.01;0.2;0.05;0.018;Biomass_CC
0.125;0.1;0.01;0.2;0.05;0.03;Biomass_CC
0.125;0.1;0.01;0.2;0.07;0.018;Biomass_CC
0.125;0.1;0.01;0.2;0.07;0.03;Biomass_CC
0.125;0.1;0.01;0.25;0.03;0.018;Biomass_CC
0.125;0.1;0.01;0.25;0.03;0.03;Biomass_CC
0.125;0.1;0.01;0.25;0.05;0.018;Biomass_CC
0.125;0.1;0.01;0.25;0.05;0.03;Biomass_CC
0.125;0.1;0.01;0.25;0.07;0.018;Biomass_CC
0.125;0.1;0.01;0.25;0.07;0.03;Biomass_CC
0.125;0.1;0.035;0.075;0.03;0.018;Biomass
0.125;0.1;0.035;0.075;0.03;0.03;BioCH4
0.125;0.1;0.035;0.075;0.05;0.018;Biomass
0.125;0.1;0.035;0.075;0.05;0.03;Biomass
0.125;0.1;0.035;0.075;0.07;0.018;Biomass
0.125;0.1;0.035;0.075;0.07;0.03;Biomass
0.125;0.1;0.035;0.1;0.03;0.018;Biomass
0.125;0.1;0.035;0.1;0.03;0.03;BioCH4
0.125;0.1;0.035;0.1;0.05;0.018;Biomass
0.125;0.1;0.035;0.1;0.05;0.03;Biomass
0.125;0.1;0.035;0.1;0.07;0.018;Biomass
0.125;0.1;0.035;0.1;0.07;0.03;Biomass
0.125;0.1;0.035;0.2;0.03;0.018;BiomassOxy_CC
0.125;0.1;0.035;0.2;0.03;0.03;BioCH4Oxy_CC
0.125;0.1;0.035;0.2;0.05;0.018;BiomassOxy_CC
0.125;0.1;0.035;0.2;0.05;0.03;BiomassOxy_CC
0.125;0.1;0.035;0.2;0.07;0.018;BiomassOxy_CC
0.125;0.1;0.035;0.2;0.07;0.03;BiomassOxy_CC
0.125;0.1;0.035;0.25;0.03;0.018;BiomassOxy_CC
0.125;0.1;0.035;0.25;0.03;0.03;BioCH4Oxy_CC
0.125;0.1;0.035;0.25;0.05;0.018;BiomassOxy_CC
0.125;0.1;0.035;0.25;0.05;0.03;BiomassOxy_CC
0.125;0.1;0.035;0.25;0.07;0.018;BiomassOxy_CC
0.125;0.1;0.035;0.25;0.07;0.03;BiomassOxy_CC
0.125;0.1;0.055;0.075;0.03;0.018;Biomass
0.125;0.1;0.055;0.075;0.03;0.03;BioCH4
0.125;0.1;0.055;0.075;0.05;0.018;Biomass
0.125;0.1;0.055;0.075;0.05;0.03;Biomass
0.125;0.1;0.055;0.075;0.07;0.018;Biomass
0.125;0.1;0.055;0.075;0.07;0.03;Biomass
0.125;0.1;0.055;0.1;0.03;0.018;Biomass
0.125;0.1;0.055;0.1;0.03;0.03;BioCH4
0.125;0.1;0.055;0.1;0.05;0.018;Biomass
0.125;0.1;0.055;0.1;0.05;0.03;Biomass
0.125;0.1;0.055;0.1;0.07;0.018;Biomass
0.125;0.1;0.055;0.1;0.07;0.03;Biomass
0.125;0.1;0.055;0.2;0.03;0.018;BiomassOxy_CC
0.125;0.1;0.055;0.2;0.03;0.03;BioCH4Oxy_CC
0.125;0.1;0.055;0.2;0.05;0.018;BiomassOxy_CC
0.125;0.1;0.055;0.2;0.05;0.03;BiomassOxy_CC
0.125;0.1;0.055;0.2;0.07;0.018;BiomassOxy_CC
0.125;0.1;0.055;0.2;0.07;0.03;BiomassOxy_CC
0.125;0.1;0.055;0.25;0.03;0.018;BiomassOxy_CC
0.125;0.1;0.055;0.25;0.03;0.03;BioCH4Oxy_CC
0.125;0.1;0.055;0.25;0.05;0.018;BiomassOxy_CC
0.125;0.1;0.055;0.25;0.05;0.03;BiomassOxy_CC
0.125;0.1;0.055;0.25;0.07;0.018;BiomassOxy_CC
0.125;0.1;0.055;0.25;0.07;0.03;BiomassOxy_CC
0.125;0.1;0.075;0.075;0.03;0.018;Biomass
0.125;0.1;0.075;0.075;0.03;0.03;BioCH4
0.125;0.1;0.075;0.075;0.05;0.018;Biomass
0.125;0.1;0.075;0.075;0.05;0.03;Biomass
0.125;0.1;0.075;0.075;0.07;0.018;Biomass
0.125;0.1;0.075;0.075;0.07;0.03;Biomass
0.125;0.1;0.075;0.1;0.03;0.018;Biomass
0.125;0.1;0.075;0.1;0.03;0.03;BioCH4
0.125;0.1;0.075;0.1;0.05;0.018;Biomass
0.125;0.1;0.075;0.1;0.05;0.03;Biomass
0.125;0.1;0.075;0.1;0.07;0.018;Biomass
0.125;0.1;0.075;0.1;0.07;0.03;Biomass
0.125;0.1;0.075;0.2;0.03;0.018;BiomassOxy_CC
0.125;0.1;0.075;0.2;0.03;0.03;BioCH4Oxy_CC
0.125;0.1;0.075;0.2;0.05;0.018;BiomassOxy_CC
0.125;0.1;0.075;0.2;0.05;0.03;BiomassOxy_CC
0.125;0.1;0.075;0.2;0.07;0.018;BiomassOxy_CC
0.125;0.1;0.075;0.2;0.07;0.03;BiomassOxy_CC
0.125;0.1;0.075;0.25;0.03;0.018;BiomassOxy_CC
0.125;0.1;0.075;0.25;0.03;0.03;BioCH4Oxy_CC
0.125;0.1;0.075;0.25;0.05;0.018;BiomassOxy_CC
0.125;0.1;0.075;0.25;0.05;0.03;BiomassOxy_CC
0.125;0.1;0.075;0.25;0.07;0.018;BiomassOxy_CC
0.125;0.1;0.075;0.25;0.07;0.03;BiomassOxy_CC
0.125;0.1;0.1;0.075;0.03;0.018;Biomass
0.125;0.1;0.1;0.075;0.03;0.03;BioCH4
0.125;0.1;0.1;0.075;0.05;0.018;Biomass
0.125;0.1;0.1;0.075;0.05;0.03;Biomass
0.125;0.1;0.1;0.075;0.07;0.018;Biomass
0.125;0.1;0.1;0.075;0.07;0.03;Biomass
0.125;0.1;0.1;0.1;0.03;0.018;Biomass
0.125;0.1;0.1;0.1;0.03;0.03;BioCH4
0.125;0.1;0.1;0.1;0.05;0.018;Biomass
0.125;0.1;0.1;0.1;0.05;0.03;Biomass
0.125;0.1;0.1;0.1;0.07;0.018;Biomass
0.125;0.1;0.1;0.1;0.07;0.03;Biomass
0.125;0.1;0.1;0.2;0.03;0.018;BiomassOxy_CC
0.125;0.1;0.1;0.2;0.03;0.03;BioCH4Oxy_CC
0.125;0.1;0.1;0.2;0.05;0.018;BiomassOxy_CC
0.125;0.1;0.1;0.2;0.05;0.03;BiomassOxy_CC
0.125;0.1;0.1;0.2;0.07;0.018;BiomassOxy_CC
0.125;0.1;0.1;0.2;0.07;0.03;BiomassOxy_CC
0.125;0.1;0.1;0.25;0.03;0.018;BiomassOxy_CC
0.125;0.1;0.1;0.25;0.03;0.03;BioCH4Oxy_CC
0.125;0.1;0.1;0.25;0.05;0.018;BiomassOxy_CC
0.125;0.1;0.1;0.25;0.05;0.03;BiomassOxy_CC
0.125;0.1;0.1;0.25;0.07;0.018;BiomassOxy_CC
0.125;0.1;0.1;0.25;0.07;0.03;BiomassOxy_CC
0.125;0.15;0.01;0.075;0.03;0.018;Biomass
0.125;0.15;0.01;0.075;0.03;0.03;NG
0.125;0.15;0.01;0.075;0.05;0.018;Biomass
0.125;0.15;0.01;0.075;0.05;0.03;NG
0.125;0.15;0.01;0.075;0.07;0.018;Biomass
0.125;0.15;0.01;0.075;0.07;0.03;NG
0.125;0.15;0.01;0.1;0.03;0.018;Biomass
0.125;0.15;0.01;0.1;0.03;0.03;NG
0.125;0.15;0.01;0.1;0.05;0.018;Biomass
0.125;0.15;0.01;0.1;0.05;0.03;NG
0.125;0.15;0.01;0.1;0.07;0.018;Biomass
0.125;0.15;0.01;0.1;0.07;0.03;NG
0.125;0.15;0.01;0.2;0.03;0.018;Biomass_CC
0.125;0.15;0.01;0.2;0.03;0.03;Biomass_CC
0.125;0.15;0.01;0.2;0.05;0.018;Biomass_CC
0.125;0.15;0.01;0.2;0.05;0.03;Biomass_CC
0.125;0.15;0.01;0.2;0.07;0.018;Biomass_CC
0.125;0.15;0.01;0.2;0.07;0.03;Biomass_CC
0.125;0.15;0.01;0.25;0.03;0.018;Biomass_CC
0.125;0.15;0.01;0.25;0.03;0.03;Biomass_CC
0.125;0.15;0.01;0.25;0.05;0.018;Biomass_CC
0.125;0.15;0.01;0.25;0.05;0.03;Biomass_CC
0.125;0.15;0.01;0.25;0.07;0.018;Biomass_CC
0.125;0.15;0.01;0.25;0.07;0.03;Biomass_CC
0.125;0.15;0.035;0.075;0.03;0.018;Biomass
0.125;0.15;0.035;0.075;0.03;0.03;BioCH4
0.125;0.15;0.035;0.075;0.05;0.018;Biomass
0.125;0.15;0.035;0.075;0.05;0.03;Biomass
0.125;0.15;0.035;0.075;0.07;0.018;Biomass
0.125;0.15;0.035;0.075;0.07;0.03;Biomass
0.125;0.15;0.035;0.1;0.03;0.018;Biomass
0.125;0.15;0.035;0.1;0.03;0.03;BioCH4
0.125;0.15;0.035;0.1;0.05;0.018;Biomass
0.125;0.15;0.035;0.1;0.05;0.03;Biomass
0.125;0.15;0.035;0.1;0.07;0.018;Biomass
0.125;0.15;0.035;0.1;0.07;0.03;Biomass
0.125;0.15;0.035;0.2;0.03;0.018;BiomassOxy_CC
0.125;0.15;0.035;0.2;0.03;0.03;BioCH4Oxy_CC
0.125;0.15;0.035;0.2;0.05;0.018;BiomassOxy_CC
0.125;0.15;0.035;0.2;0.05;0.03;BiomassOxy_CC
0.125;0.15;0.035;0.2;0.07;0.018;BiomassOxy_CC
0.125;0.15;0.035;0.2;0.07;0.03;BiomassOxy_CC
0.125;0.15;0.035;0.25;0.03;0.018;BiomassOxy_CC
0.125;0.15;0.035;0.25;0.03;0.03;BioCH4Oxy_CC
0.125;0.15;0.035;0.25;0.05;0.018;BiomassOxy_CC
0.125;0.15;0.035;0.25;0.05;0.03;BiomassOxy_CC
0.125;0.15;0.035;0.25;0.07;0.018;BiomassOxy_CC
0.125;0.15;0.035;0.25;0.07;0.03;BiomassOxy_CC
0.125;0.15;0.055;0.075;0.03;0.018;Biomass
0.125;0.15;0.055;0.075;0.03;0.03;BioCH4
0.125;0.15;0.055;0.075;0.05;0.018;Biomass
0.125;0.15;0.055;0.075;0.05;0.03;Biomass
0.125;0.15;0.055;0.075;0.07;0.018;Biomass
0.125;0.15;0.055;0.075;0.07;0.03;Biomass
0.125;0.15;0.055;0.1;0.03;0.018;Biomass
0.125;0.15;0.055;0.1;0.03;0.03;BioCH4
0.125;0.15;0.055;0.1;0.05;0.018;Biomass
0.125;0.15;0.055;0.1;0.05;0.03;Biomass
0.125;0.15;0.055;0.1;0.07;0.018;Biomass
0.125;0.15;0.055;0.1;0.07;0.03;Biomass
0.125;0.15;0.055;0.2;0.03;0.018;BiomassOxy_CC
0.125;0.15;0.055;0.2;0.03;0.03;BioCH4Oxy_CC
0.125;0.15;0.055;0.2;0.05;0.018;BiomassOxy_CC
0.125;0.15;0.055;0.2;0.05;0.03;BiomassOxy_CC
0.125;0.15;0.055;0.2;0.07;0.018;BiomassOxy_CC
0.125;0.15;0.055;0.2;0.07;0.03;BiomassOxy_CC
0.125;0.15;0.055;0.25;0.03;0.018;BiomassOxy_CC
0.125;0.15;0.055;0.25;0.03;0.03;BioCH4Oxy_CC
0.125;0.15;0.055;0.25;0.05;0.018;BiomassOxy_CC
0.125;0.15;0.055;0.25;0.05;0.03;BiomassOxy_CC
0.125;0.15;0.055;0.25;0.07;0.018;BiomassOxy_CC
0.125;0.15;0.055;0.25;0.07;0.03;BiomassOxy_CC
0.125;0.15;0.075;0.075;0.03;0.018;Biomass
0.125;0.15;0.075;0.075;0.03;0.03;BioCH4
0.125;0.15;0.075;0.075;0.05;0.018;Biomass
0.125;0.15;0.075;0.075;0.05;0.03;Biomass
0.125;0.15;0.075;0.075;0.07;0.018;Biomass
0.125;0.15;0.075;0.075;0.07;0.03;Biomass
0.125;0.15;0.075;0.1;0.03;0.018;Biomass
0.125;0.15;0.075;0.1;0.03;0.03;BioCH4
0.125;0.15;0.075;0.1;0.05;0.018;Biomass
0.125;0.15;0.075;0.1;0.05;0.03;Biomass
0.125;0.15;0.075;0.1;0.07;0.018;Biomass
0.125;0.15;0.075;0.1;0.07;0.03;Biomass
0.125;0.15;0.075;0.2;0.03;0.018;BiomassOxy_CC
0.125;0.15;0.075;0.2;0.03;0.03;BioCH4Oxy_CC
0.125;0.15;0.075;0.2;0.05;0.018;BiomassOxy_CC
0.125;0.15;0.075;0.2;0.05;0.03;BiomassOxy_CC
0.125;0.15;0.075;0.2;0.07;0.018;BiomassOxy_CC
0.125;0.15;0.075;0.2;0.07;0.03;BiomassOxy_CC
0.125;0.15;0.075;0.25;0.03;0.018;BiomassOxy_CC
0.125;0.15;0.075;0.25;0.03;0.03;BioCH4Oxy_CC
0.125;0.15;0.075;0.25;0.05;0.018;BiomassOxy_CC
0.125;0.15;0.075;0.25;0.05;0.03;BiomassOxy_CC
0.125;0.15;0.075;0.25;0.07;0.018;BiomassOxy_CC
0.125;0.15;0.075;0.25;0.07;0.03;BiomassOxy_CC
0.125;0.15;0.1;0.075;0.03;0.018;Biomass
0.125;0.15;0.1;0.075;0.03;0.03;BioCH4
0.125;0.15;0.1;0.075;0.05;0.018;Biomass
0.125;0.15;0.1;0.075;0.05;0.03;Biomass
0.125;0.15;0.1;0.075;0.07;0.018;Biomass
0.125;0.15;0.1;0.075;0.07;0.03;Biomass
0.125;0.15;0.1;0.1;0.03;0.018;Biomass
0.125;0.15;0.1;0.1;0.03;0.03;BioCH4
0.125;0.15;0.1;0.1;0.05;0.018;Biomass
0.125;0.15;0.1;0.1;0.05;0.03;Biomass
0.125;0.15;0.1;0.1;0.07;0.018;Biomass
0.125;0.15;0.1;0.1;0.07;0.03;Biomass
0.125;0.15;0.1;0.2;0.03;0.018;BiomassOxy_CC
0.125;0.15;0.1;0.2;0.03;0.03;BioCH4Oxy_CC
0.125;0.15;0.1;0.2;0.05;0.018;BiomassOxy_CC
0.125;0.15;0.1;0.2;0.05;0.03;BiomassOxy_CC
0.125;0.15;0.1;0.2;0.07;0.018;BiomassOxy_CC
0.125;0.15;0.1;0.2;0.07;0.03;BiomassOxy_CC
0.125;0.15;0.1;0.25;0.03;0.018;BiomassOxy_CC
0.125;0.15;0.1;0.25;0.03;0.03;BioCH4Oxy_CC
0.125;0.15;0.1;0.25;0.05;0.018;BiomassOxy_CC
0.125;0.15;0.1;0.25;0.05;0.03;BiomassOxy_CC
0.125;0.15;0.1;0.25;0.07;0.018;BiomassOxy_CC
0.125;0.15;0.1;0.25;0.07;0.03;BiomassOxy_CC
0.125;0.2;0.01;0.075;0.03;0.018;Biomass
0.125;0.2;0.01;0.075;0.03;0.03;NG
0.125;0.2;0.01;0.075;0.05;0.018;Biomass
0.125;0.2;0.01;0.075;0.05;0.03;NG
0.125;0.2;0.01;0.075;0.07;0.018;Biomass
0.125;0.2;0.01;0.075;0.07;0.03;NG
0.125;0.2;0.01;0.1;0.03;0.018;Biomass
0.125;0.2;0.01;0.1;0.03;0.03;NG
0.125;0.2;0.01;0.1;0.05;0.018;Biomass
0.125;0.2;0.01;0.1;0.05;0.03;NG
0.125;0.2;0.01;0.1;0.07;0.018;Biomass
0.125;0.2;0.01;0.1;0.07;0.03;NG
0.125;0.2;0.01;0.2;0.03;0.018;Biomass_CC
0.125;0.2;0.01;0.2;0.03;0.03;Biomass_CC
0.125;0.2;0.01;0.2;0.05;0.018;Biomass_CC
0.125;0.2;0.01;0.2;0.05;0.03;Biomass_CC
0.125;0.2;0.01;0.2;0.07;0.018;Biomass_CC
0.125;0.2;0.01;0.2;0.07;0.03;Biomass_CC
0.125;0.2;0.01;0.25;0.03;0.018;Biomass_CC
0.125;0.2;0.01;0.25;0.03;0.03;Biomass_CC
0.125;0.2;0.01;0.25;0.05;0.018;Biomass_CC
0.125;0.2;0.01;0.25;0.05;0.03;Biomass_CC
0.125;0.2;0.01;0.25;0.07;0.018;Biomass_CC
0.125;0.2;0.01;0.25;0.07;0.03;Biomass_CC
0.125;0.2;0.035;0.075;0.03;0.018;Biomass
0.125;0.2;0.035;0.075;0.03;0.03;BioCH4
0.125;0.2;0.035;0.075;0.05;0.018;Biomass
0.125;0.2;0.035;0.075;0.05;0.03;Biomass
0.125;0.2;0.035;0.075;0.07;0.018;Biomass
0.125;0.2;0.035;0.075;0.07;0.03;Biomass
0.125;0.2;0.035;0.1;0.03;0.018;Biomass
0.125;0.2;0.035;0.1;0.03;0.03;BioCH4
0.125;0.2;0.035;0.1;0.05;0.018;Biomass
0.125;0.2;0.035;0.1;0.05;0.03;Biomass
0.125;0.2;0.035;0.1;0.07;0.018;Biomass
0.125;0.2;0.035;0.1;0.07;0.03;Biomass
0.125;0.2;0.035;0.2;0.03;0.018;BiomassOxy_CC
0.125;0.2;0.035;0.2;0.03;0.03;BioCH4Oxy_CC
0.125;0.2;0.035;0.2;0.05;0.018;BiomassOxy_CC
0.125;0.2;0.035;0.2;0.05;0.03;BiomassOxy_CC
0.125;0.2;0.035;0.2;0.07;0.018;BiomassOxy_CC
0.125;0.2;0.035;0.2;0.07;0.03;BiomassOxy_CC
0.125;0.2;0.035;0.25;0.03;0.018;BiomassOxy_CC
0.125;0.2;0.035;0.25;0.03;0.03;BioCH4Oxy_CC
0.125;0.2;0.035;0.25;0.05;0.018;BiomassOxy_CC
0.125;0.2;0.035;0.25;0.05;0.03;BiomassOxy_CC
0.125;0.2;0.035;0.25;0.07;0.018;BiomassOxy_CC
0.125;0.2;0.035;0.25;0.07;0.03;BiomassOxy_CC
0.125;0.2;0.055;0.075;0.03;0.018;Biomass
0.125;0.2;0.055;0.075;0.03;0.03;BioCH4
0.125;0.2;0.055;0.075;0.05;0.018;Biomass
0.125;0.2;0.055;0.075;0.05;0.03;Biomass
0.125;0.2;0.055;0.075;0.07;0.018;Biomass
0.125;0.2;0.055;0.075;0.07;0.03;Biomass
0.125;0.2;0.055;0.1;0.03;0.018;Biomass
0.125;0.2;0.055;0.1;0.03;0.03;BioCH4
0.125;0.2;0.055;0.1;0.05;0.018;Biomass
0.125;0.2;0.055;0.1;0.05;0.03;Biomass
0.125;0.2;0.055;0.1;0.07;0.018;Biomass
0.125;0.2;0.055;0.1;0.07;0.03;Biomass
0.125;0.2;0.055;0.2;0.03;0.018;BiomassOxy_CC
0.125;0.2;0.055;0.2;0.03;0.03;BioCH4Oxy_CC
0.125;0.2;0.055;0.2;0.05;0.018;BiomassOxy_CC
0.125;0.2;0.055;0.2;0.05;0.03;BiomassOxy_CC
0.125;0.2;0.055;0.2;0.07;0.018;BiomassOxy_CC
0.125;0.2;0.055;0.2;0.07;0.03;BiomassOxy_CC
0.125;0.2;0.055;0.25;0.03;0.018;BiomassOxy_CC
0.125;0.2;0.055;0.25;0.03;0.03;BioCH4Oxy_CC
0.125;0.2;0.055;0.25;0.05;0.018;BiomassOxy_CC
0.125;0.2;0.055;0.25;0.05;0.03;BiomassOxy_CC
0.125;0.2;0.055;0.25;0.07;0.018;BiomassOxy_CC
0.125;0.2;0.055;0.25;0.07;0.03;BiomassOxy_CC
0.125;0.2;0.075;0.075;0.03;0.018;Biomass
0.125;0.2;0.075;0.075;0.03;0.03;BioCH4
0.125;0.2;0.075;0.075;0.05;0.018;Biomass
0.125;0.2;0.075;0.075;0.05;0.03;Biomass
0.125;0.2;0.075;0.075;0.07;0.018;Biomass
0.125;0.2;0.075;0.075;0.07;0.03;Biomass
0.125;0.2;0.075;0.1;0.03;0.018;Biomass
0.125;0.2;0.075;0.1;0.03;0.03;BioCH4
0.125;0.2;0.075;0.1;0.05;0.018;Biomass
0.125;0.2;0.075;0.1;0.05;0.03;Biomass
0.125;0.2;0.075;0.1;0.07;0.018;Biomass
0.125;0.2;0.075;0.1;0.07;0.03;Biomass
0.125;0.2;0.075;0.2;0.03;0.018;BiomassOxy_CC
0.125;0.2;0.075;0.2;0.03;0.03;BioCH4Oxy_CC
0.125;0.2;0.075;0.2;0.05;0.018;BiomassOxy_CC
0.125;0.2;0.075;0.2;0.05;0.03;BiomassOxy_CC
0.125;0.2;0.075;0.2;0.07;0.018;BiomassOxy_CC
0.125;0.2;0.075;0.2;0.07;0.03;BiomassOxy_CC
0.125;0.2;0.075;0.25;0.03;0.018;BiomassOxy_CC
0.125;0.2;0.075;0.25;0.03;0.03;BioCH4Oxy_CC
0.125;0.2;0.075;0.25;0.05;0.018;BiomassOxy_CC
0.125;0.2;0.075;0.25;0.05;0.03;BiomassOxy_CC
0.125;0.2;0.075;0.25;0.07;0.018;BiomassOxy_CC
0.125;0.2;0.075;0.25;0.07;0.03;BiomassOxy_CC
0.125;0.2;0.1;0.075;0.03;0.018;Biomass
0.125;0.2;0.1;0.075;0.03;0.03;BioCH4
0.125;0.2;0.1;0.075;0.05;0.018;Biomass
0.125;0.2;0.1;0.075;0.05;0.03;Biomass
0.125;0.2;0.1;0.075;0.07;0.018;Biomass
0.125;0.2;0.1;0.075;0.07;0.03;Biomass
0.125;0.2;0.1;0.1;0.03;0.018;Biomass
0.125;0.2;0.1;0.1;0.03;0.03;BioCH4
0.125;0.2;0.1;0.1;0.05;0.018;Biomass
0.125;0.2;0.1;0.1;0.05;0.03;Biomass
0.125;0.2;0.1;0.1;0.07;0.018;Biomass
0.125;0.2;0.1;0.1;0.07;0.03;Biomass
0.125;0.2;0.1;0.2;0.03;0.018;BiomassOxy_CC
0.125;0.2;0.1;0.2;0.03;0.03;BioCH4Oxy_CC
0.125;0.2;0.1;0.2;0.05;0.018;BiomassOxy_CC
0.125;0.2;0.1;0.2;0.05;0.03;BiomassOxy_CC
0.125;0.2;0.1;0.2;0.07;0.018;BiomassOxy_CC
0.125;0.2;0.1;0.2;0.07;0.03;BiomassOxy_CC
0.125;0.2;0.1;0.25;0.03;0.018;BiomassOxy_CC
0.125;0.2;0.1;0.25;0.03;0.03;BioCH4Oxy_CC
0.125;0.2;0.1;0.25;0.05;0.018;BiomassOxy_CC
0.125;0.2;0.1;0.25;0.05;0.03;BiomassOxy_CC
0.125;0.2;0.1;0.25;0.07;0.018;BiomassOxy_CC
0.125;0.2;0.1;0.25;0.07;0.03;BiomassOxy_CC
0.15;0.01;0.01;0.075;0.03;0.018;Biomass
0.15;0.01;0.01;0.075;0.03;0.03;NG
0.15;0.01;0.01;0.075;0.05;0.018;Biomass
0.15;0.01;0.01;0.075;0.05;0.03;NG
0.15;0.01;0.01;0.075;0.07;0.018;Biomass
0.15;0.01;0.01;0.075;0.07;0.03;NG
0.15;0.01;0.01;0.1;0.03;0.018;Biomass
0.15;0.01;0.01;0.1;0.03;0.03;NG
0.15;0.01;0.01;0.1;0.05;0.018;Biomass
0.15;0.01;0.01;0.1;0.05;0.03;NG
0.15;0.01;0.01;0.1;0.07;0.018;Biomass
0.15;0.01;0.01;0.1;0.07;0.03;NG
0.15;0.01;0.01;0.2;0.03;0.018;Biomass_CC
0.15;0.01;0.01;0.2;0.03;0.03;Biomass_CC
0.15;0.01;0.01;0.2;0.05;0.018;Biomass_CC
0.15;0.01;0.01;0.2;0.05;0.03;Biomass_CC
0.15;0.01;0.01;0.2;0.07;0.018;Biomass_CC
0.15;0.01;0.01;0.2;0.07;0.03;Biomass_CC
0.15;0.01;0.01;0.25;0.03;0.018;Biomass_CC
0.15;0.01;0.01;0.25;0.03;0.03;Biomass_CC
0.15;0.01;0.01;0.25;0.05;0.018;Biomass_CC
0.15;0.01;0.01;0.25;0.05;0.03;Biomass_CC
0.15;0.01;0.01;0.25;0.07;0.018;Biomass_CC
0.15;0.01;0.01;0.25;0.07;0.03;Biomass_CC
0.15;0.01;0.035;0.075;0.03;0.018;Biomass
0.15;0.01;0.035;0.075;0.03;0.03;BioCH4
0.15;0.01;0.035;0.075;0.05;0.018;Biomass
0.15;0.01;0.035;0.075;0.05;0.03;Biomass
0.15;0.01;0.035;0.075;0.07;0.018;Biomass
0.15;0.01;0.035;0.075;0.07;0.03;Biomass
0.15;0.01;0.035;0.1;0.03;0.018;Biomass
0.15;0.01;0.035;0.1;0.03;0.03;BioCH4
0.15;0.01;0.035;0.1;0.05;0.018;Biomass
0.15;0.01;0.035;0.1;0.05;0.03;Biomass
0.15;0.01;0.035;0.1;0.07;0.018;Biomass
0.15;0.01;0.035;0.1;0.07;0.03;Biomass
0.15;0.01;0.035;0.2;0.03;0.018;H2Oxy_CC
0.15;0.01;0.035;0.2;0.03;0.03;H2Oxy_CC
0.15;0.01;0.035;0.2;0.05;0.018;H2Oxy_CC
0.15;0.01;0.035;0.2;0.05;0.03;H2Oxy_CC
0.15;0.01;0.035;0.2;0.07;0.018;H2Oxy_CC
0.15;0.01;0.035;0.2;0.07;0.03;H2Oxy_CC
0.15;0.01;0.035;0.25;0.03;0.018;H2Oxy_CC
0.15;0.01;0.035;0.25;0.03;0.03;H2Oxy_CC
0.15;0.01;0.035;0.25;0.05;0.018;H2Oxy_CC
0.15;0.01;0.035;0.25;0.05;0.03;H2Oxy_CC
0.15;0.01;0.035;0.25;0.07;0.018;H2Oxy_CC
0.15;0.01;0.035;0.25;0.07;0.03;H2Oxy_CC
0.15;0.01;0.055;0.075;0.03;0.018;Biomass
0.15;0.01;0.055;0.075;0.03;0.03;BioCH4
0.15;0.01;0.055;0.075;0.05;0.018;Biomass
0.15;0.01;0.055;0.075;0.05;0.03;Biomass
0.15;0.01;0.055;0.075;0.07;0.018;Biomass
0.15;0.01;0.055;0.075;0.07;0.03;Biomass
0.15;0.01;0.055;0.1;0.03;0.018;Biomass
0.15;0.01;0.055;0.1;0.03;0.03;BioCH4
0.15;0.01;0.055;0.1;0.05;0.018;Biomass
0.15;0.01;0.055;0.1;0.05;0.03;Biomass
0.15;0.01;0.055;0.1;0.07;0.018;Biomass
0.15;0.01;0.055;0.1;0.07;0.03;Biomass
0.15;0.01;0.055;0.2;0.03;0.018;H2Oxy_CC
0.15;0.01;0.055;0.2;0.03;0.03;H2Oxy_CC
0.15;0.01;0.055;0.2;0.05;0.018;H2Oxy_CC
0.15;0.01;0.055;0.2;0.05;0.03;H2Oxy_CC
0.15;0.01;0.055;0.2;0.07;0.018;H2Oxy_CC
0.15;0.01;0.055;0.2;0.07;0.03;H2Oxy_CC
0.15;0.01;0.055;0.25;0.03;0.018;H2Oxy_CC
0.15;0.01;0.055;0.25;0.03;0.03;H2Oxy_CC
0.15;0.01;0.055;0.25;0.05;0.018;H2Oxy_CC
0.15;0.01;0.055;0.25;0.05;0.03;H2Oxy_CC
0.15;0.01;0.055;0.25;0.07;0.018;H2Oxy_CC
0.15;0.01;0.055;0.25;0.07;0.03;H2Oxy_CC
0.15;0.01;0.075;0.075;0.03;0.018;Biomass
0.15;0.01;0.075;0.075;0.03;0.03;BioCH4
0.15;0.01;0.075;0.075;0.05;0.018;Biomass
0.15;0.01;0.075;0.075;0.05;0.03;Biomass
0.15;0.01;0.075;0.075;0.07;0.018;Biomass
0.15;0.01;0.075;0.075;0.07;0.03;Biomass
0.15;0.01;0.075;0.1;0.03;0.018;Biomass
0.15;0.01;0.075;0.1;0.03;0.03;BioCH4
0.15;0.01;0.075;0.1;0.05;0.018;Biomass
0.15;0.01;0.075;0.1;0.05;0.03;Biomass
0.15;0.01;0.075;0.1;0.07;0.018;Biomass
0.15;0.01;0.075;0.1;0.07;0.03;Biomass
0.15;0.01;0.075;0.2;0.03;0.018;H2Oxy_CC
0.15;0.01;0.075;0.2;0.03;0.03;H2Oxy_CC
0.15;0.01;0.075;0.2;0.05;0.018;H2Oxy_CC
0.15;0.01;0.075;0.2;0.05;0.03;H2Oxy_CC
0.15;0.01;0.075;0.2;0.07;0.018;H2Oxy_CC
0.15;0.01;0.075;0.2;0.07;0.03;H2Oxy_CC
0.15;0.01;0.075;0.25;0.03;0.018;H2Oxy_CC
0.15;0.01;0.075;0.25;0.03;0.03;H2Oxy_CC
0.15;0.01;0.075;0.25;0.05;0.018;H2Oxy_CC
0.15;0.01;0.075;0.25;0.05;0.03;H2Oxy_CC
0.15;0.01;0.075;0.25;0.07;0.018;H2Oxy_CC
0.15;0.01;0.075;0.25;0.07;0.03;H2Oxy_CC
0.15;0.01;0.1;0.075;0.03;0.018;Biomass
0.15;0.01;0.1;0.075;0.03;0.03;BioCH4
0.15;0.01;0.1;0.075;0.05;0.018;Biomass
0.15;0.01;0.1;0.075;0.05;0.03;Biomass
0.15;0.01;0.1;0.075;0.07;0.018;Biomass
0.15;0.01;0.1;0.075;0.07;0.03;Biomass
0.15;0.01;0.1;0.1;0.03;0.018;Biomass
0.15;0.01;0.1;0.1;0.03;0.03;BioCH4
0.15;0.01;0.1;0.1;0.05;0.018;Biomass
0.15;0.01;0.1;0.1;0.05;0.03;Biomass
0.15;0.01;0.1;0.1;0.07;0.018;Biomass
0.15;0.01;0.1;0.1;0.07;0.03;Biomass
0.15;0.01;0.1;0.2;0.03;0.018;H2Oxy_CC
0.15;0.01;0.1;0.2;0.03;0.03;H2Oxy_CC
0.15;0.01;0.1;0.2;0.05;0.018;H2Oxy_CC
0.15;0.01;0.1;0.2;0.05;0.03;H2Oxy_CC
0.15;0.01;0.1;0.2;0.07;0.018;H2Oxy_CC
0.15;0.01;0.1;0.2;0.07;0.03;H2Oxy_CC
0.15;0.01;0.1;0.25;0.03;0.018;H2Oxy_CC
0.15;0.01;0.1;0.25;0.03;0.03;H2Oxy_CC
0.15;0.01;0.1;0.25;0.05;0.018;H2Oxy_CC
0.15;0.01;0.1;0.25;0.05;0.03;H2Oxy_CC
0.15;0.01;0.1;0.25;0.07;0.018;H2Oxy_CC
0.15;0.01;0.1;0.25;0.07;0.03;H2Oxy_CC
0.15;0.025;0.01;0.075;0.03;0.018;Biomass
0.15;0.025;0.01;0.075;0.03;0.03;NG
0.15;0.025;0.01;0.075;0.05;0.018;Biomass
0.15;0.025;0.01;0.075;0.05;0.03;NG
0.15;0.025;0.01;0.075;0.07;0.018;Biomass
0.15;0.025;0.01;0.075;0.07;0.03;NG
0.15;0.025;0.01;0.1;0.03;0.018;Biomass
0.15;0.025;0.01;0.1;0.03;0.03;NG
0.15;0.025;0.01;0.1;0.05;0.018;Biomass
0.15;0.025;0.01;0.1;0.05;0.03;NG
0.15;0.025;0.01;0.1;0.07;0.018;Biomass
0.15;0.025;0.01;0.1;0.07;0.03;NG
0.15;0.025;0.01;0.2;0.03;0.018;Biomass_CC
0.15;0.025;0.01;0.2;0.03;0.03;Biomass_CC
0.15;0.025;0.01;0.2;0.05;0.018;Biomass_CC
0.15;0.025;0.01;0.2;0.05;0.03;Biomass_CC
0.15;0.025;0.01;0.2;0.07;0.018;Biomass_CC
0.15;0.025;0.01;0.2;0.07;0.03;Biomass_CC
0.15;0.025;0.01;0.25;0.03;0.018;Biomass_CC
0.15;0.025;0.01;0.25;0.03;0.03;Biomass_CC
0.15;0.025;0.01;0.25;0.05;0.018;Biomass_CC
0.15;0.025;0.01;0.25;0.05;0.03;Biomass_CC
0.15;0.025;0.01;0.25;0.07;0.018;Biomass_CC
0.15;0.025;0.01;0.25;0.07;0.03;Biomass_CC
0.15;0.025;0.035;0.075;0.03;0.018;Biomass
0.15;0.025;0.035;0.075;0.03;0.03;BioCH4
0.15;0.025;0.035;0.075;0.05;0.018;Biomass
0.15;0.025;0.035;0.075;0.05;0.03;Biomass
0.15;0.025;0.035;0.075;0.07;0.018;Biomass
0.15;0.025;0.035;0.075;0.07;0.03;Biomass
0.15;0.025;0.035;0.1;0.03;0.018;Biomass
0.15;0.025;0.035;0.1;0.03;0.03;BioCH4
0.15;0.025;0.035;0.1;0.05;0.018;Biomass
0.15;0.025;0.035;0.1;0.05;0.03;Biomass
0.15;0.025;0.035;0.1;0.07;0.018;Biomass
0.15;0.025;0.035;0.1;0.07;0.03;Biomass
0.15;0.025;0.035;0.2;0.03;0.018;BiomassOxy_CC
0.15;0.025;0.035;0.2;0.03;0.03;BioCH4Oxy_CC
0.15;0.025;0.035;0.2;0.05;0.018;BiomassOxy_CC
0.15;0.025;0.035;0.2;0.05;0.03;H2Oxy_CC
0.15;0.025;0.035;0.2;0.07;0.018;BiomassOxy_CC
0.15;0.025;0.035;0.2;0.07;0.03;H2Oxy_CC
0.15;0.025;0.035;0.25;0.03;0.018;BiomassOxy_CC
0.15;0.025;0.035;0.25;0.03;0.03;BioCH4Oxy_CC
0.15;0.025;0.035;0.25;0.05;0.018;BiomassOxy_CC
0.15;0.025;0.035;0.25;0.05;0.03;H2Oxy_CC
0.15;0.025;0.035;0.25;0.07;0.018;BiomassOxy_CC
0.15;0.025;0.035;0.25;0.07;0.03;H2Oxy_CC
0.15;0.025;0.055;0.075;0.03;0.018;Biomass
0.15;0.025;0.055;0.075;0.03;0.03;BioCH4
0.15;0.025;0.055;0.075;0.05;0.018;Biomass
0.15;0.025;0.055;0.075;0.05;0.03;Biomass
0.15;0.025;0.055;0.075;0.07;0.018;Biomass
0.15;0.025;0.055;0.075;0.07;0.03;Biomass
0.15;0.025;0.055;0.1;0.03;0.018;Biomass
0.15;0.025;0.055;0.1;0.03;0.03;BioCH4
0.15;0.025;0.055;0.1;0.05;0.018;Biomass
0.15;0.025;0.055;0.1;0.05;0.03;Biomass
0.15;0.025;0.055;0.1;0.07;0.018;Biomass
0.15;0.025;0.055;0.1;0.07;0.03;Biomass
0.15;0.025;0.055;0.2;0.03;0.018;BiomassOxy_CC
0.15;0.025;0.055;0.2;0.03;0.03;BioCH4Oxy_CC
0.15;0.025;0.055;0.2;0.05;0.018;BiomassOxy_CC
0.15;0.025;0.055;0.2;0.05;0.03;H2Oxy_CC
0.15;0.025;0.055;0.2;0.07;0.018;BiomassOxy_CC
0.15;0.025;0.055;0.2;0.07;0.03;H2Oxy_CC
0.15;0.025;0.055;0.25;0.03;0.018;BiomassOxy_CC
0.15;0.025;0.055;0.25;0.03;0.03;BioCH4Oxy_CC
0.15;0.025;0.055;0.25;0.05;0.018;BiomassOxy_CC
0.15;0.025;0.055;0.25;0.05;0.03;H2Oxy_CC
0.15;0.025;0.055;0.25;0.07;0.018;BiomassOxy_CC
0.15;0.025;0.055;0.25;0.07;0.03;H2Oxy_CC
0.15;0.025;0.075;0.075;0.03;0.018;Biomass
0.15;0.025;0.075;0.075;0.03;0.03;BioCH4
0.15;0.025;0.075;0.075;0.05;0.018;Biomass
0.15;0.025;0.075;0.075;0.05;0.03;Biomass
0.15;0.025;0.075;0.075;0.07;0.018;Biomass
0.15;0.025;0.075;0.075;0.07;0.03;Biomass
0.15;0.025;0.075;0.1;0.03;0.018;Biomass
0.15;0.025;0.075;0.1;0.03;0.03;BioCH4
0.15;0.025;0.075;0.1;0.05;0.018;Biomass
0.15;0.025;0.075;0.1;0.05;0.03;Biomass
0.15;0.025;0.075;0.1;0.07;0.018;Biomass
0.15;0.025;0.075;0.1;0.07;0.03;Biomass
0.15;0.025;0.075;0.2;0.03;0.018;BiomassOxy_CC
0.15;0.025;0.075;0.2;0.03;0.03;BioCH4Oxy_CC
0.15;0.025;0.075;0.2;0.05;0.018;BiomassOxy_CC
0.15;0.025;0.075;0.2;0.05;0.03;H2Oxy_CC
0.15;0.025;0.075;0.2;0.07;0.018;BiomassOxy_CC
0.15;0.025;0.075;0.2;0.07;0.03;H2Oxy_CC
0.15;0.025;0.075;0.25;0.03;0.018;BiomassOxy_CC
0.15;0.025;0.075;0.25;0.03;0.03;BioCH4Oxy_CC
0.15;0.025;0.075;0.25;0.05;0.018;BiomassOxy_CC
0.15;0.025;0.075;0.25;0.05;0.03;H2Oxy_CC
0.15;0.025;0.075;0.25;0.07;0.018;BiomassOxy_CC
0.15;0.025;0.075;0.25;0.07;0.03;H2Oxy_CC
0.15;0.025;0.1;0.075;0.03;0.018;Biomass
0.15;0.025;0.1;0.075;0.03;0.03;BioCH4
0.15;0.025;0.1;0.075;0.05;0.018;Biomass
0.15;0.025;0.1;0.075;0.05;0.03;Biomass
0.15;0.025;0.1;0.075;0.07;0.018;Biomass
0.15;0.025;0.1;0.075;0.07;0.03;Biomass
0.15;0.025;0.1;0.1;0.03;0.018;Biomass
0.15;0.025;0.1;0.1;0.03;0.03;BioCH4
0.15;0.025;0.1;0.1;0.05;0.018;Biomass
0.15;0.025;0.1;0.1;0.05;0.03;Biomass
0.15;0.025;0.1;0.1;0.07;0.018;Biomass
0.15;0.025;0.1;0.1;0.07;0.03;Biomass
0.15;0.025;0.1;0.2;0.03;0.018;BiomassOxy_CC
0.15;0.025;0.1;0.2;0.03;0.03;BioCH4Oxy_CC
0.15;0.025;0.1;0.2;0.05;0.018;BiomassOxy_CC
0.15;0.025;0.1;0.2;0.05;0.03;H2Oxy_CC
0.15;0.025;0.1;0.2;0.07;0.018;BiomassOxy_CC
0.15;0.025;0.1;0.2;0.07;0.03;H2Oxy_CC
0.15;0.025;0.1;0.25;0.03;0.018;BiomassOxy_CC
0.15;0.025;0.1;0.25;0.03;0.03;BioCH4Oxy_CC
0.15;0.025;0.1;0.25;0.05;0.018;BiomassOxy_CC
0.15;0.025;0.1;0.25;0.05;0.03;H2Oxy_CC
0.15;0.025;0.1;0.25;0.07;0.018;BiomassOxy_CC
0.15;0.025;0.1;0.25;0.07;0.03;H2Oxy_CC
0.15;0.05;0.01;0.075;0.03;0.018;Biomass
0.15;0.05;0.01;0.075;0.03;0.03;NG
0.15;0.05;0.01;0.075;0.05;0.018;Biomass
0.15;0.05;0.01;0.075;0.05;0.03;NG
0.15;0.05;0.01;0.075;0.07;0.018;Biomass
0.15;0.05;0.01;0.075;0.07;0.03;NG
0.15;0.05;0.01;0.1;0.03;0.018;Biomass
0.15;0.05;0.01;0.1;0.03;0.03;NG
0.15;0.05;0.01;0.1;0.05;0.018;Biomass
0.15;0.05;0.01;0.1;0.05;0.03;NG
0.15;0.05;0.01;0.1;0.07;0.018;Biomass
0.15;0.05;0.01;0.1;0.07;0.03;NG
0.15;0.05;0.01;0.2;0.03;0.018;Biomass_CC
0.15;0.05;0.01;0.2;0.03;0.03;Biomass_CC
0.15;0.05;0.01;0.2;0.05;0.018;Biomass_CC
0.15;0.05;0.01;0.2;0.05;0.03;Biomass_CC
0.15;0.05;0.01;0.2;0.07;0.018;Biomass_CC
0.15;0.05;0.01;0.2;0.07;0.03;Biomass_CC
0.15;0.05;0.01;0.25;0.03;0.018;Biomass_CC
0.15;0.05;0.01;0.25;0.03;0.03;Biomass_CC
0.15;0.05;0.01;0.25;0.05;0.018;Biomass_CC
0.15;0.05;0.01;0.25;0.05;0.03;Biomass_CC
0.15;0.05;0.01;0.25;0.07;0.018;Biomass_CC
0.15;0.05;0.01;0.25;0.07;0.03;Biomass_CC
0.15;0.05;0.035;0.075;0.03;0.018;Biomass
0.15;0.05;0.035;0.075;0.03;0.03;BioCH4
0.15;0.05;0.035;0.075;0.05;0.018;Biomass
0.15;0.05;0.035;0.075;0.05;0.03;Biomass
0.15;0.05;0.035;0.075;0.07;0.018;Biomass
0.15;0.05;0.035;0.075;0.07;0.03;Biomass
0.15;0.05;0.035;0.1;0.03;0.018;Biomass
0.15;0.05;0.035;0.1;0.03;0.03;BioCH4
0.15;0.05;0.035;0.1;0.05;0.018;Biomass
0.15;0.05;0.035;0.1;0.05;0.03;Biomass
0.15;0.05;0.035;0.1;0.07;0.018;Biomass
0.15;0.05;0.035;0.1;0.07;0.03;Biomass
0.15;0.05;0.035;0.2;0.03;0.018;BiomassOxy_CC
0.15;0.05;0.035;0.2;0.03;0.03;BioCH4Oxy_CC
0.15;0.05;0.035;0.2;0.05;0.018;BiomassOxy_CC
0.15;0.05;0.035;0.2;0.05;0.03;BiomassOxy_CC
0.15;0.05;0.035;0.2;0.07;0.018;BiomassOxy_CC
0.15;0.05;0.035;0.2;0.07;0.03;BiomassOxy_CC
0.15;0.05;0.035;0.25;0.03;0.018;BiomassOxy_CC
0.15;0.05;0.035;0.25;0.03;0.03;BioCH4Oxy_CC
0.15;0.05;0.035;0.25;0.05;0.018;BiomassOxy_CC
0.15;0.05;0.035;0.25;0.05;0.03;BiomassOxy_CC
0.15;0.05;0.035;0.25;0.07;0.018;BiomassOxy_CC
0.15;0.05;0.035;0.25;0.07;0.03;BiomassOxy_CC
0.15;0.05;0.055;0.075;0.03;0.018;Biomass
0.15;0.05;0.055;0.075;0.03;0.03;BioCH4
0.15;0.05;0.055;0.075;0.05;0.018;Biomass
0.15;0.05;0.055;0.075;0.05;0.03;Biomass
0.15;0.05;0.055;0.075;0.07;0.018;Biomass
0.15;0.05;0.055;0.075;0.07;0.03;Biomass
0.15;0.05;0.055;0.1;0.03;0.018;Biomass
0.15;0.05;0.055;0.1;0.03;0.03;BioCH4
0.15;0.05;0.055;0.1;0.05;0.018;Biomass
0.15;0.05;0.055;0.1;0.05;0.03;Biomass
0.15;0.05;0.055;0.1;0.07;0.018;Biomass
0.15;0.05;0.055;0.1;0.07;0.03;Biomass
0.15;0.05;0.055;0.2;0.03;0.018;BiomassOxy_CC
0.15;0.05;0.055;0.2;0.03;0.03;BioCH4Oxy_CC
0.15;0.05;0.055;0.2;0.05;0.018;BiomassOxy_CC
0.15;0.05;0.055;0.2;0.05;0.03;BiomassOxy_CC
0.15;0.05;0.055;0.2;0.07;0.018;BiomassOxy_CC
0.15;0.05;0.055;0.2;0.07;0.03;BiomassOxy_CC
0.15;0.05;0.055;0.25;0.03;0.018;BiomassOxy_CC
0.15;0.05;0.055;0.25;0.03;0.03;BioCH4Oxy_CC
0.15;0.05;0.055;0.25;0.05;0.018;BiomassOxy_CC
0.15;0.05;0.055;0.25;0.05;0.03;BiomassOxy_CC
0.15;0.05;0.055;0.25;0.07;0.018;BiomassOxy_CC
0.15;0.05;0.055;0.25;0.07;0.03;BiomassOxy_CC
0.15;0.05;0.075;0.075;0.03;0.018;Biomass
0.15;0.05;0.075;0.075;0.03;0.03;BioCH4
0.15;0.05;0.075;0.075;0.05;0.018;Biomass
0.15;0.05;0.075;0.075;0.05;0.03;Biomass
0.15;0.05;0.075;0.075;0.07;0.018;Biomass
0.15;0.05;0.075;0.075;0.07;0.03;Biomass
0.15;0.05;0.075;0.1;0.03;0.018;Biomass
0.15;0.05;0.075;0.1;0.03;0.03;BioCH4
0.15;0.05;0.075;0.1;0.05;0.018;Biomass
0.15;0.05;0.075;0.1;0.05;0.03;Biomass
0.15;0.05;0.075;0.1;0.07;0.018;Biomass
0.15;0.05;0.075;0.1;0.07;0.03;Biomass
0.15;0.05;0.075;0.2;0.03;0.018;BiomassOxy_CC
0.15;0.05;0.075;0.2;0.03;0.03;BioCH4Oxy_CC
0.15;0.05;0.075;0.2;0.05;0.018;BiomassOxy_CC
0.15;0.05;0.075;0.2;0.05;0.03;BiomassOxy_CC
0.15;0.05;0.075;0.2;0.07;0.018;BiomassOxy_CC
0.15;0.05;0.075;0.2;0.07;0.03;BiomassOxy_CC
0.15;0.05;0.075;0.25;0.03;0.018;BiomassOxy_CC
0.15;0.05;0.075;0.25;0.03;0.03;BioCH4Oxy_CC
0.15;0.05;0.075;0.25;0.05;0.018;BiomassOxy_CC
0.15;0.05;0.075;0.25;0.05;0.03;BiomassOxy_CC
0.15;0.05;0.075;0.25;0.07;0.018;BiomassOxy_CC
0.15;0.05;0.075;0.25;0.07;0.03;BiomassOxy_CC
0.15;0.05;0.1;0.075;0.03;0.018;Biomass
0.15;0.05;0.1;0.075;0.03;0.03;NG
0.15;0.05;0.1;0.075;0.05;0.018;Biomass
0.15;0.05;0.1;0.075;0.05;0.03;NG
0.15;0.05;0.1;0.075;0.07;0.018;Biomass
0.15;0.05;0.1;0.075;0.07;0.03;NG
0.15;0.05;0.1;0.1;0.03;0.018;Biomass
0.15;0.05;0.1;0.1;0.03;0.03;NG
0.15;0.05;0.1;0.1;0.05;0.018;Biomass
0.15;0.05;0.1;0.1;0.05;0.03;NG
0.15;0.05;0.1;0.1;0.07;0.018;Biomass
0.15;0.05;0.1;0.1;0.07;0.03;NG
0.15;0.05;0.1;0.2;0.03;0.018;Biomass_CC
0.15;0.05;0.1;0.2;0.03;0.03;Biomass_CC
0.15;0.05;0.1;0.2;0.05;0.018;Biomass_CC
0.15;0.05;0.1;0.2;0.05;0.03;Biomass_CC
0.15;0.05;0.1;0.2;0.07;0.018;Biomass_CC
0.15;0.05;0.1;0.2;0.07;0.03;Biomass_CC
0.15;0.05;0.1;0.25;0.03;0.018;Biomass_CC
0.15;0.05;0.1;0.25;0.03;0.03;Biomass_CC
0.15;0.05;0.1;0.25;0.05;0.018;Biomass_CC
0.15;0.05;0.1;0.25;0.05;0.03;Biomass_CC
0.15;0.05;0.1;0.25;0.07;0.018;Biomass_CC
0.15;0.05;0.1;0.25;0.07;0.03;Biomass_CC
0.15;0.075;0.01;0.075;0.03;0.018;Biomass
0.15;0.075;0.01;0.075;0.03;0.03;BioCH4
0.15;0.075;0.01;0.075;0.05;0.018;Biomass
0.15;0.075;0.01;0.075;0.05;0.03;Biomass
0.15;0.075;0.01;0.075;0.07;0.018;Biomass
0.15;0.075;0.01;0.075;0.07;0.03;Biomass
0.15;0.075;0.01;0.1;0.03;0.018;Biomass
0.15;0.075;0.01;0.1;0.03;0.03;BioCH4
0.15;0.075;0.01;0.1;0.05;0.018;Biomass
0.15;0.075;0.01;0.1;0.05;0.03;Biomass
0.15;0.075;0.01;0.1;0.07;0.018;Biomass
0.15;0.075;0.01;0.1;0.07;0.03;Biomass
0.15;0.075;0.01;0.2;0.03;0.018;H2Oxy_CC
0.15;0.075;0.01;0.2;0.03;0.03;H2Oxy_CC
0.15;0.075;0.01;0.2;0.05;0.018;H2Oxy_CC
0.15;0.075;0.01;0.2;0.05;0.03;H2Oxy_CC
0.15;0.075;0.01;0.2;0.07;0.018;H2Oxy_CC
0.15;0.075;0.01;0.2;0.07;0.03;H2Oxy_CC
0.15;0.075;0.01;0.25;0.03;0.018;H2Oxy_CC
0.15;0.075;0.01;0.25;0.03;0.03;H2Oxy_CC
0.15;0.075;0.01;0.25;0.05;0.018;H2Oxy_CC
0.15;0.075;0.01;0.25;0.05;0.03;H2Oxy_CC
0.15;0.075;0.01;0.25;0.07;0.018;H2Oxy_CC
0.15;0.075;0.01;0.25;0.07;0.03;H2Oxy_CC
0.15;0.075;0.035;0.075;0.03;0.018;Biomass
0.15;0.075;0.035;0.075;0.03;0.03;BioCH4
0.15;0.075;0.035;0.075;0.05;0.018;Biomass
0.15;0.075;0.035;0.075;0.05;0.03;Biomass
0.15;0.075;0.035;0.075;0.07;0.018;Biomass
0.15;0.075;0.035;0.075;0.07;0.03;Biomass
0.15;0.075;0.035;0.1;0.03;0.018;Biomass
0.15;0.075;0.035;0.1;0.03;0.03;BioCH4
0.15;0.075;0.035;0.1;0.05;0.018;Biomass
0.15;0.075;0.035;0.1;0.05;0.03;Biomass
0.15;0.075;0.035;0.1;0.07;0.018;Biomass
0.15;0.075;0.035;0.1;0.07;0.03;Biomass
0.15;0.075;0.035;0.2;0.03;0.018;H2Oxy_CC
0.15;0.075;0.035;0.2;0.03;0.03;H2Oxy_CC
0.15;0.075;0.035;0.2;0.05;0.018;H2Oxy_CC
0.15;0.075;0.035;0.2;0.05;0.03;H2Oxy_CC
0.15;0.075;0.035;0.2;0.07;0.018;H2Oxy_CC
0.15;0.075;0.035;0.2;0.07;0.03;H2Oxy_CC
0.15;0.075;0.035;0.25;0.03;0.018;H2Oxy_CC
0.15;0.075;0.035;0.25;0.03;0.03;H2Oxy_CC
0.15;0.075;0.035;0.25;0.05;0.018;H2Oxy_CC
0.15;0.075;0.035;0.25;0.05;0.03;H2Oxy_CC
0.15;0.075;0.035;0.25;0.07;0.018;H2Oxy_CC
0.15;0.075;0.035;0.25;0.07;0.03;H2Oxy_CC
0.15;0.075;0.055;0.075;0.03;0.018;Biomass
0.15;0.075;0.055;0.075;0.03;0.03;BioCH4
0.15;0.075;0.055;0.075;0.05;0.018;Biomass
0.15;0.075;0.055;0.075;0.05;0.03;Biomass
0.15;0.075;0.055;0.075;0.07;0.018;Biomass
0.15;0.075;0.055;0.075;0.07;0.03;Biomass
0.15;0.075;0.055;0.1;0.03;0.018;Biomass
0.15;0.075;0.055;0.1;0.03;0.03;BioCH4
0.15;0.075;0.055;0.1;0.05;0.018;Biomass
0.15;0.075;0.055;0.1;0.05;0.03;Biomass
0.15;0.075;0.055;0.1;0.07;0.018;Biomass
0.15;0.075;0.055;0.1;0.07;0.03;Biomass
0.15;0.075;0.055;0.2;0.03;0.018;H2Oxy_CC
0.15;0.075;0.055;0.2;0.03;0.03;H2Oxy_CC
0.15;0.075;0.055;0.2;0.05;0.018;H2Oxy_CC
0.15;0.075;0.055;0.2;0.05;0.03;H2Oxy_CC
0.15;0.075;0.055;0.2;0.07;0.018;H2Oxy_CC
0.15;0.075;0.055;0.2;0.07;0.03;H2Oxy_CC
0.15;0.075;0.055;0.25;0.03;0.018;H2Oxy_CC
0.15;0.075;0.055;0.25;0.03;0.03;H2Oxy_CC
0.15;0.075;0.055;0.25;0.05;0.018;H2Oxy_CC
0.15;0.075;0.055;0.25;0.05;0.03;H2Oxy_CC
0.15;0.075;0.055;0.25;0.07;0.018;H2Oxy_CC
0.15;0.075;0.055;0.25;0.07;0.03;H2Oxy_CC
0.15;0.075;0.075;0.075;0.03;0.018;Biomass
0.15;0.075;0.075;0.075;0.03;0.03;BioCH4
0.15;0.075;0.075;0.075;0.05;0.018;Biomass
0.15;0.075;0.075;0.075;0.05;0.03;Biomass
0.15;0.075;0.075;0.075;0.07;0.018;Biomass
0.15;0.075;0.075;0.075;0.07;0.03;Biomass
0.15;0.075;0.075;0.1;0.03;0.018;Biomass
0.15;0.075;0.075;0.1;0.03;0.03;BioCH4
0.15;0.075;0.075;0.1;0.05;0.018;Biomass
0.15;0.075;0.075;0.1;0.05;0.03;Biomass
0.15;0.075;0.075;0.1;0.07;0.018;Biomass
0.15;0.075;0.075;0.1;0.07;0.03;Biomass
0.15;0.075;0.075;0.2;0.03;0.018;H2Oxy_CC
0.15;0.075;0.075;0.2;0.03;0.03;H2Oxy_CC
0.15;0.075;0.075;0.2;0.05;0.018;H2Oxy_CC
0.15;0.075;0.075;0.2;0.05;0.03;H2Oxy_CC
0.15;0.075;0.075;0.2;0.07;0.018;H2Oxy_CC
0.15;0.075;0.075;0.2;0.07;0.03;H2Oxy_CC
0.15;0.075;0.075;0.25;0.03;0.018;H2Oxy_CC
0.15;0.075;0.075;0.25;0.03;0.03;H2Oxy_CC
0.15;0.075;0.075;0.25;0.05;0.018;H2Oxy_CC
0.15;0.075;0.075;0.25;0.05;0.03;H2Oxy_CC
0.15;0.075;0.075;0.25;0.07;0.018;H2Oxy_CC
0.15;0.075;0.075;0.25;0.07;0.03;H2Oxy_CC
0.15;0.075;0.1;0.075;0.03;0.018;Biomass
0.15;0.075;0.1;0.075;0.03;0.03;NG
0.15;0.075;0.1;0.075;0.05;0.018;Biomass
0.15;0.075;0.1;0.075;0.05;0.03;NG
0.15;0.075;0.1;0.075;0.07;0.018;Biomass
0.15;0.075;0.1;0.075;0.07;0.03;NG
0.15;0.075;0.1;0.1;0.03;0.018;Biomass
0.15;0.075;0.1;0.1;0.03;0.03;NG
0.15;0.075;0.1;0.1;0.05;0.018;Biomass
0.15;0.075;0.1;0.1;0.05;0.03;NG
0.15;0.075;0.1;0.1;0.07;0.018;Biomass
0.15;0.075;0.1;0.1;0.07;0.03;NG
0.15;0.075;0.1;0.2;0.03;0.018;Biomass_CC
0.15;0.075;0.1;0.2;0.03;0.03;Biomass_CC
0.15;0.075;0.1;0.2;0.05;0.018;Biomass_CC
0.15;0.075;0.1;0.2;0.05;0.03;Biomass_CC
0.15;0.075;0.1;0.2;0.07;0.018;Biomass_CC
0.15;0.075;0.1;0.2;0.07;0.03;Biomass_CC
0.15;0.075;0.1;0.25;0.03;0.018;Biomass_CC
0.15;0.075;0.1;0.25;0.03;0.03;Biomass_CC
0.15;0.075;0.1;0.25;0.05;0.018;Biomass_CC
0.15;0.075;0.1;0.25;0.05;0.03;Biomass_CC
0.15;0.075;0.1;0.25;0.07;0.018;Biomass_CC
0.15;0.075;0.1;0.25;0.07;0.03;Biomass_CC
0.15;0.1;0.01;0.075;0.03;0.018;Biomass
0.15;0.1;0.01;0.075;0.03;0.03;BioCH4
0.15;0.1;0.01;0.075;0.05;0.018;Biomass
0.15;0.1;0.01;0.075;0.05;0.03;Biomass
0.15;0.1;0.01;0.075;0.07;0.018;Biomass
0.15;0.1;0.01;0.075;0.07;0.03;Biomass
0.15;0.1;0.01;0.1;0.03;0.018;Biomass
0.15;0.1;0.01;0.1;0.03;0.03;BioCH4
0.15;0.1;0.01;0.1;0.05;0.018;Biomass
0.15;0.1;0.01;0.1;0.05;0.03;Biomass
0.15;0.1;0.01;0.1;0.07;0.018;Biomass
0.15;0.1;0.01;0.1;0.07;0.03;Biomass
0.15;0.1;0.01;0.2;0.03;0.018;BiomassOxy_CC
0.15;0.1;0.01;0.2;0.03;0.03;BioCH4Oxy_CC
0.15;0.1;0.01;0.2;0.05;0.018;BiomassOxy_CC
0.15;0.1;0.01;0.2;0.05;0.03;H2Oxy_CC
0.15;0.1;0.01;0.2;0.07;0.018;BiomassOxy_CC
0.15;0.1;0.01;0.2;0.07;0.03;H2Oxy_CC
0.15;0.1;0.01;0.25;0.03;0.018;BiomassOxy_CC
0.15;0.1;0.01;0.25;0.03;0.03;BioCH4Oxy_CC
0.15;0.1;0.01;0.25;0.05;0.018;BiomassOxy_CC
0.15;0.1;0.01;0.25;0.05;0.03;H2Oxy_CC
0.15;0.1;0.01;0.25;0.07;0.018;BiomassOxy_CC
0.15;0.1;0.01;0.25;0.07;0.03;H2Oxy_CC
0.15;0.1;0.035;0.075;0.03;0.018;Biomass
0.15;0.1;0.035;0.075;0.03;0.03;BioCH4
0.15;0.1;0.035;0.075;0.05;0.018;Biomass
0.15;0.1;0.035;0.075;0.05;0.03;Biomass
0.15;0.1;0.035;0.075;0.07;0.018;Biomass
0.15;0.1;0.035;0.075;0.07;0.03;Biomass
0.15;0.1;0.035;0.1;0.03;0.018;Biomass
0.15;0.1;0.035;0.1;0.03;0.03;BioCH4
0.15;0.1;0.035;0.1;0.05;0.018;Biomass
0.15;0.1;0.035;0.1;0.05;0.03;Biomass
0.15;0.1;0.035;0.1;0.07;0.018;Biomass
0.15;0.1;0.035;0.1;0.07;0.03;Biomass
0.15;0.1;0.035;0.2;0.03;0.018;BiomassOxy_CC
0.15;0.1;0.035;0.2;0.03;0.03;BioCH4Oxy_CC
0.15;0.1;0.035;0.2;0.05;0.018;BiomassOxy_CC
0.15;0.1;0.035;0.2;0.05;0.03;H2Oxy_CC
0.15;0.1;0.035;0.2;0.07;0.018;BiomassOxy_CC
0.15;0.1;0.035;0.2;0.07;0.03;H2Oxy_CC
0.15;0.1;0.035;0.25;0.03;0.018;BiomassOxy_CC
0.15;0.1;0.035;0.25;0.03;0.03;BioCH4Oxy_CC
0.15;0.1;0.035;0.25;0.05;0.018;BiomassOxy_CC
0.15;0.1;0.035;0.25;0.05;0.03;H2Oxy_CC
0.15;0.1;0.035;0.25;0.07;0.018;BiomassOxy_CC
0.15;0.1;0.035;0.25;0.07;0.03;H2Oxy_CC
0.15;0.1;0.055;0.075;0.03;0.018;Biomass
0.15;0.1;0.055;0.075;0.03;0.03;BioCH4
0.15;0.1;0.055;0.075;0.05;0.018;Biomass
0.15;0.1;0.055;0.075;0.05;0.03;Biomass
0.15;0.1;0.055;0.075;0.07;0.018;Biomass
0.15;0.1;0.055;0.075;0.07;0.03;Biomass
0.15;0.1;0.055;0.1;0.03;0.018;Biomass
0.15;0.1;0.055;0.1;0.03;0.03;BioCH4
0.15;0.1;0.055;0.1;0.05;0.018;Biomass
0.15;0.1;0.055;0.1;0.05;0.03;Biomass
0.15;0.1;0.055;0.1;0.07;0.018;Biomass
0.15;0.1;0.055;0.1;0.07;0.03;Biomass
0.15;0.1;0.055;0.2;0.03;0.018;BiomassOxy_CC
0.15;0.1;0.055;0.2;0.03;0.03;BioCH4Oxy_CC
0.15;0.1;0.055;0.2;0.05;0.018;BiomassOxy_CC
0.15;0.1;0.055;0.2;0.05;0.03;H2Oxy_CC
0.15;0.1;0.055;0.2;0.07;0.018;BiomassOxy_CC
0.15;0.1;0.055;0.2;0.07;0.03;H2Oxy_CC
0.15;0.1;0.055;0.25;0.03;0.018;BiomassOxy_CC
0.15;0.1;0.055;0.25;0.03;0.03;BioCH4Oxy_CC
0.15;0.1;0.055;0.25;0.05;0.018;BiomassOxy_CC
0.15;0.1;0.055;0.25;0.05;0.03;H2Oxy_CC
0.15;0.1;0.055;0.25;0.07;0.018;BiomassOxy_CC
0.15;0.1;0.055;0.25;0.07;0.03;H2Oxy_CC
0.15;0.1;0.075;0.075;0.03;0.018;Biomass
0.15;0.1;0.075;0.075;0.03;0.03;BioCH4
0.15;0.1;0.075;0.075;0.05;0.018;Biomass
0.15;0.1;0.075;0.075;0.05;0.03;Biomass
0.15;0.1;0.075;0.075;0.07;0.018;Biomass
0.15;0.1;0.075;0.075;0.07;0.03;Biomass
0.15;0.1;0.075;0.1;0.03;0.018;Biomass
0.15;0.1;0.075;0.1;0.03;0.03;BioCH4
0.15;0.1;0.075;0.1;0.05;0.018;Biomass
0.15;0.1;0.075;0.1;0.05;0.03;Biomass
0.15;0.1;0.075;0.1;0.07;0.018;Biomass
0.15;0.1;0.075;0.1;0.07;0.03;Biomass
0.15;0.1;0.075;0.2;0.03;0.018;BiomassOxy_CC
0.15;0.1;0.075;0.2;0.03;0.03;BioCH4Oxy_CC
0.15;0.1;0.075;0.2;0.05;0.018;BiomassOxy_CC
0.15;0.1;0.075;0.2;0.05;0.03;H2Oxy_CC
0.15;0.1;0.075;0.2;0.07;0.018;BiomassOxy_CC
0.15;0.1;0.075;0.2;0.07;0.03;H2Oxy_CC
0.15;0.1;0.075;0.25;0.03;0.018;BiomassOxy_CC
0.15;0.1;0.075;0.25;0.03;0.03;BioCH4Oxy_CC
0.15;0.1;0.075;0.25;0.05;0.018;BiomassOxy_CC
0.15;0.1;0.075;0.25;0.05;0.03;H2Oxy_CC
0.15;0.1;0.075;0.25;0.07;0.018;BiomassOxy_CC
0.15;0.1;0.075;0.25;0.07;0.03;H2Oxy_CC
0.15;0.1;0.1;0.075;0.03;0.018;Biomass
0.15;0.1;0.1;0.075;0.03;0.03;NG
0.15;0.1;0.1;0.075;0.05;0.018;Biomass
0.15;0.1;0.1;0.075;0.05;0.03;NG
0.15;0.1;0.1;0.075;0.07;0.018;Biomass
0.15;0.1;0.1;0.075;0.07;0.03;NG
0.15;0.1;0.1;0.1;0.03;0.018;Biomass
0.15;0.1;0.1;0.1;0.03;0.03;NG
0.15;0.1;0.1;0.1;0.05;0.018;Biomass
0.15;0.1;0.1;0.1;0.05;0.03;NG
0.15;0.1;0.1;0.1;0.07;0.018;Biomass
0.15;0.1;0.1;0.1;0.07;0.03;NG
0.15;0.1;0.1;0.2;0.03;0.018;Biomass_CC
0.15;0.1;0.1;0.2;0.03;0.03;Biomass_CC
0.15;0.1;0.1;0.2;0.05;0.018;Biomass_CC
0.15;0.1;0.1;0.2;0.05;0.03;Biomass_CC
0.15;0.1;0.1;0.2;0.07;0.018;Biomass_CC
0.15;0.1;0.1;0.2;0.07;0.03;Biomass_CC
0.15;0.1;0.1;0.25;0.03;0.018;Biomass_CC
0.15;0.1;0.1;0.25;0.03;0.03;Biomass_CC
0.15;0.1;0.1;0.25;0.05;0.018;Biomass_CC
0.15;0.1;0.1;0.25;0.05;0.03;Biomass_CC
0.15;0.1;0.1;0.25;0.07;0.018;Biomass_CC
0.15;0.1;0.1;0.25;0.07;0.03;Biomass_CC
0.15;0.15;0.01;0.075;0.03;0.018;Biomass
0.15;0.15;0.01;0.075;0.03;0.03;BioCH4
0.15;0.15;0.01;0.075;0.05;0.018;Biomass
0.15;0.15;0.01;0.075;0.05;0.03;Biomass
0.15;0.15;0.01;0.075;0.07;0.018;Biomass
0.15;0.15;0.01;0.075;0.07;0.03;Biomass
0.15;0.15;0.01;0.1;0.03;0.018;Biomass
0.15;0.15;0.01;0.1;0.03;0.03;BioCH4
0.15;0.15;0.01;0.1;0.05;0.018;Biomass
0.15;0.15;0.01;0.1;0.05;0.03;Biomass
0.15;0.15;0.01;0.1;0.07;0.018;Biomass
0.15;0.15;0.01;0.1;0.07;0.03;Biomass
0.15;0.15;0.01;0.2;0.03;0.018;BiomassOxy_CC
0.15;0.15;0.01;0.2;0.03;0.03;BioCH4Oxy_CC
0.15;0.15;0.01;0.2;0.05;0.018;BiomassOxy_CC
0.15;0.15;0.01;0.2;0.05;0.03;BiomassOxy_CC
0.15;0.15;0.01;0.2;0.07;0.018;BiomassOxy_CC
0.15;0.15;0.01;0.2;0.07;0.03;BiomassOxy_CC
0.15;0.15;0.01;0.25;0.03;0.018;BiomassOxy_CC
0.15;0.15;0.01;0.25;0.03;0.03;BioCH4Oxy_CC
0.15;0.15;0.01;0.25;0.05;0.018;BiomassOxy_CC
0.15;0.15;0.01;0.25;0.05;0.03;BiomassOxy_CC
0.15;0.15;0.01;0.25;0.07;0.018;BiomassOxy_CC
0.15;0.15;0.01;0.25;0.07;0.03;BiomassOxy_CC
0.15;0.15;0.035;0.075;0.03;0.018;Biomass
0.15;0.15;0.035;0.075;0.03;0.03;BioCH4
0.15;0.15;0.035;0.075;0.05;0.018;Biomass
0.15;0.15;0.035;0.075;0.05;0.03;Biomass
0.15;0.15;0.035;0.075;0.07;0.018;Biomass
0.15;0.15;0.035;0.075;0.07;0.03;Biomass
0.15;0.15;0.035;0.1;0.03;0.018;Biomass
0.15;0.15;0.035;0.1;0.03;0.03;BioCH4
0.15;0.15;0.035;0.1;0.05;0.018;Biomass
0.15;0.15;0.035;0.1;0.05;0.03;Biomass
0.15;0.15;0.035;0.1;0.07;0.018;Biomass
0.15;0.15;0.035;0.1;0.07;0.03;Biomass
0.15;0.15;0.035;0.2;0.03;0.018;BiomassOxy_CC
0.15;0.15;0.035;0.2;0.03;0.03;BioCH4Oxy_CC
0.15;0.15;0.035;0.2;0.05;0.018;BiomassOxy_CC
0.15;0.15;0.035;0.2;0.05;0.03;BiomassOxy_CC
0.15;0.15;0.035;0.2;0.07;0.018;BiomassOxy_CC
0.15;0.15;0.035;0.2;0.07;0.03;BiomassOxy_CC
0.15;0.15;0.035;0.25;0.03;0.018;BiomassOxy_CC
0.15;0.15;0.035;0.25;0.03;0.03;BioCH4Oxy_CC
0.15;0.15;0.035;0.25;0.05;0.018;BiomassOxy_CC
0.15;0.15;0.035;0.25;0.05;0.03;BiomassOxy_CC
0.15;0.15;0.035;0.25;0.07;0.018;BiomassOxy_CC
0.15;0.15;0.035;0.25;0.07;0.03;BiomassOxy_CC
0.15;0.15;0.055;0.075;0.03;0.018;Biomass
0.15;0.15;0.055;0.075;0.03;0.03;BioCH4
0.15;0.15;0.055;0.075;0.05;0.018;Biomass
0.15;0.15;0.055;0.075;0.05;0.03;Biomass
0.15;0.15;0.055;0.075;0.07;0.018;Biomass
0.15;0.15;0.055;0.075;0.07;0.03;Biomass
0.15;0.15;0.055;0.1;0.03;0.018;Biomass
0.15;0.15;0.055;0.1;0.03;0.03;BioCH4
0.15;0.15;0.055;0.1;0.05;0.018;Biomass
0.15;0.15;0.055;0.1;0.05;0.03;Biomass
0.15;0.15;0.055;0.1;0.07;0.018;Biomass
0.15;0.15;0.055;0.1;0.07;0.03;Biomass
0.15;0.15;0.055;0.2;0.03;0.018;BiomassOxy_CC
0.15;0.15;0.055;0.2;0.03;0.03;BioCH4Oxy_CC
0.15;0.15;0.055;0.2;0.05;0.018;BiomassOxy_CC
0.15;0.15;0.055;0.2;0.05;0.03;BiomassOxy_CC
0.15;0.15;0.055;0.2;0.07;0.018;BiomassOxy_CC
0.15;0.15;0.055;0.2;0.07;0.03;BiomassOxy_CC
0.15;0.15;0.055;0.25;0.03;0.018;BiomassOxy_CC
0.15;0.15;0.055;0.25;0.03;0.03;BioCH4Oxy_CC
0.15;0.15;0.055;0.25;0.05;0.018;BiomassOxy_CC
0.15;0.15;0.055;0.25;0.05;0.03;BiomassOxy_CC
0.15;0.15;0.055;0.25;0.07;0.018;BiomassOxy_CC
0.15;0.15;0.055;0.25;0.07;0.03;BiomassOxy_CC
0.15;0.15;0.075;0.075;0.03;0.018;Biomass
0.15;0.15;0.075;0.075;0.03;0.03;BioCH4
0.15;0.15;0.075;0.075;0.05;0.018;Biomass
0.15;0.15;0.075;0.075;0.05;0.03;Biomass
0.15;0.15;0.075;0.075;0.07;0.018;Biomass
0.15;0.15;0.075;0.075;0.07;0.03;Biomass
0.15;0.15;0.075;0.1;0.03;0.018;Biomass
0.15;0.15;0.075;0.1;0.03;0.03;BioCH4
0.15;0.15;0.075;0.1;0.05;0.018;Biomass
0.15;0.15;0.075;0.1;0.05;0.03;Biomass
0.15;0.15;0.075;0.1;0.07;0.018;Biomass
0.15;0.15;0.075;0.1;0.07;0.03;Biomass
0.15;0.15;0.075;0.2;0.03;0.018;BiomassOxy_CC
0.15;0.15;0.075;0.2;0.03;0.03;BioCH4Oxy_CC
0.15;0.15;0.075;0.2;0.05;0.018;BiomassOxy_CC
0.15;0.15;0.075;0.2;0.05;0.03;BiomassOxy_CC
0.15;0.15;0.075;0.2;0.07;0.018;BiomassOxy_CC
0.15;0.15;0.075;0.2;0.07;0.03;BiomassOxy_CC
0.15;0.15;0.075;0.25;0.03;0.018;BiomassOxy_CC
0.15;0.15;0.075;0.25;0.03;0.03;BioCH4Oxy_CC
0.15;0.15;0.075;0.25;0.05;0.018;BiomassOxy_CC
0.15;0.15;0.075;0.25;0.05;0.03;BiomassOxy_CC
0.15;0.15;0.075;0.25;0.07;0.018;BiomassOxy_CC
0.15;0.15;0.075;0.25;0.07;0.03;BiomassOxy_CC
0.15;0.15;0.1;0.075;0.03;0.018;Biomass
0.15;0.15;0.1;0.075;0.03;0.03;BioCH4
0.15;0.15;0.1;0.075;0.05;0.018;Biomass
0.15;0.15;0.1;0.075;0.05;0.03;Biomass
0.15;0.15;0.1;0.075;0.07;0.018;Biomass
0.15;0.15;0.1;0.075;0.07;0.03;Biomass
0.15;0.15;0.1;0.1;0.03;0.018;Biomass
0.15;0.15;0.1;0.1;0.03;0.03;BioCH4
0.15;0.15;0.1;0.1;0.05;0.018;Biomass
0.15;0.15;0.1;0.1;0.05;0.03;Biomass
0.15;0.15;0.1;0.1;0.07;0.018;Biomass
0.15;0.15;0.1;0.1;0.07;0.03;Biomass
0.15;0.15;0.1;0.2;0.03;0.018;BiomassOxy_CC
0.15;0.15;0.1;0.2;0.03;0.03;BioCH4Oxy_CC
0.15;0.15;0.1;0.2;0.05;0.018;BiomassOxy_CC
0.15;0.15;0.1;0.2;0.05;0.03;BiomassOxy_CC
0.15;0.15;0.1;0.2;0.07;0.018;BiomassOxy_CC
0.15;0.15;0.1;0.2;0.07;0.03;BiomassOxy_CC
0.15;0.15;0.1;0.25;0.03;0.018;BiomassOxy_CC
0.15;0.15;0.1;0.25;0.03;0.03;BioCH4Oxy_CC
0.15;0.15;0.1;0.25;0.05;0.018;BiomassOxy_CC
0.15;0.15;0.1;0.25;0.05;0.03;BiomassOxy_CC
0.15;0.15;0.1;0.25;0.07;0.018;BiomassOxy_CC
0.15;0.15;0.1;0.25;0.07;0.03;BiomassOxy_CC
0.15;0.2;0.01;0.075;0.03;0.018;Biomass
0.15;0.2;0.01;0.075;0.03;0.03;NG
0.15;0.2;0.01;0.075;0.05;0.018;Biomass
0.15;0.2;0.01;0.075;0.05;0.03;NG
0.15;0.2;0.01;0.075;0.07;0.018;Biomass
0.15;0.2;0.01;0.075;0.07;0.03;NG
0.15;0.2;0.01;0.1;0.03;0.018;Biomass
0.15;0.2;0.01;0.1;0.03;0.03;NG
0.15;0.2;0.01;0.1;0.05;0.018;Biomass
0.15;0.2;0.01;0.1;0.05;0.03;NG
0.15;0.2;0.01;0.1;0.07;0.018;Biomass
0.15;0.2;0.01;0.1;0.07;0.03;NG
0.15;0.2;0.01;0.2;0.03;0.018;Biomass_CC
0.15;0.2;0.01;0.2;0.03;0.03;Biomass_CC
0.15;0.2;0.01;0.2;0.05;0.018;Biomass_CC
0.15;0.2;0.01;0.2;0.05;0.03;Biomass_CC
0.15;0.2;0.01;0.2;0.07;0.018;Biomass_CC
0.15;0.2;0.01;0.2;0.07;0.03;Biomass_CC
0.15;0.2;0.01;0.25;0.03;0.018;Biomass_CC
0.15;0.2;0.01;0.25;0.03;0.03;Biomass_CC
0.15;0.2;0.01;0.25;0.05;0.018;Biomass_CC
0.15;0.2;0.01;0.25;0.05;0.03;Biomass_CC
0.15;0.2;0.01;0.25;0.07;0.018;Biomass_CC
0.15;0.2;0.01;0.25;0.07;0.03;Biomass_CC
0.15;0.2;0.035;0.075;0.03;0.018;Biomass
0.15;0.2;0.035;0.075;0.03;0.03;BioCH4
0.15;0.2;0.035;0.075;0.05;0.018;Biomass
0.15;0.2;0.035;0.075;0.05;0.03;Biomass
0.15;0.2;0.035;0.075;0.07;0.018;Biomass
0.15;0.2;0.035;0.075;0.07;0.03;Biomass
0.15;0.2;0.035;0.1;0.03;0.018;Biomass
0.15;0.2;0.035;0.1;0.03;0.03;BioCH4
0.15;0.2;0.035;0.1;0.05;0.018;Biomass
0.15;0.2;0.035;0.1;0.05;0.03;Biomass
0.15;0.2;0.035;0.1;0.07;0.018;Biomass
0.15;0.2;0.035;0.1;0.07;0.03;Biomass
0.15;0.2;0.035;0.2;0.03;0.018;BiomassOxy_CC
0.15;0.2;0.035;0.2;0.03;0.03;BioCH4Oxy_CC
0.15;0.2;0.035;0.2;0.05;0.018;BiomassOxy_CC
0.15;0.2;0.035;0.2;0.05;0.03;BiomassOxy_CC
0.15;0.2;0.035;0.2;0.07;0.018;BiomassOxy_CC
0.15;0.2;0.035;0.2;0.07;0.03;BiomassOxy_CC
0.15;0.2;0.035;0.25;0.03;0.018;BiomassOxy_CC
0.15;0.2;0.035;0.25;0.03;0.03;BioCH4Oxy_CC
0.15;0.2;0.035;0.25;0.05;0.018;BiomassOxy_CC
0.15;0.2;0.035;0.25;0.05;0.03;BiomassOxy_CC
0.15;0.2;0.035;0.25;0.07;0.018;BiomassOxy_CC
0.15;0.2;0.035;0.25;0.07;0.03;BiomassOxy_CC
0.15;0.2;0.055;0.075;0.03;0.018;Biomass
0.15;0.2;0.055;0.075;0.03;0.03;BioCH4
0.15;0.2;0.055;0.075;0.05;0.018;Biomass
0.15;0.2;0.055;0.075;0.05;0.03;Biomass
0.15;0.2;0.055;0.075;0.07;0.018;Biomass
0.15;0.2;0.055;0.075;0.07;0.03;Biomass
0.15;0.2;0.055;0.1;0.03;0.018;Biomass
0.15;0.2;0.055;0.1;0.03;0.03;BioCH4
0.15;0.2;0.055;0.1;0.05;0.018;Biomass
0.15;0.2;0.055;0.1;0.05;0.03;Biomass
0.15;0.2;0.055;0.1;0.07;0.018;Biomass
0.15;0.2;0.055;0.1;0.07;0.03;Biomass
0.15;0.2;0.055;0.2;0.03;0.018;BiomassOxy_CC
0.15;0.2;0.055;0.2;0.03;0.03;BioCH4Oxy_CC
0.15;0.2;0.055;0.2;0.05;0.018;BiomassOxy_CC
0.15;0.2;0.055;0.2;0.05;0.03;BiomassOxy_CC
0.15;0.2;0.055;0.2;0.07;0.018;BiomassOxy_CC
0.15;0.2;0.055;0.2;0.07;0.03;BiomassOxy_CC
0.15;0.2;0.055;0.25;0.03;0.018;BiomassOxy_CC
0.15;0.2;0.055;0.25;0.03;0.03;BioCH4Oxy_CC
0.15;0.2;0.055;0.25;0.05;0.018;BiomassOxy_CC
0.15;0.2;0.055;0.25;0.05;0.03;BiomassOxy_CC
0.15;0.2;0.055;0.25;0.07;0.018;BiomassOxy_CC
0.15;0.2;0.055;0.25;0.07;0.03;BiomassOxy_CC
0.15;0.2;0.075;0.075;0.03;0.018;Biomass
0.15;0.2;0.075;0.075;0.03;0.03;BioCH4
0.15;0.2;0.075;0.075;0.05;0.018;Biomass
0.15;0.2;0.075;0.075;0.05;0.03;Biomass
0.15;0.2;0.075;0.075;0.07;0.018;Biomass
0.15;0.2;0.075;0.075;0.07;0.03;Biomass
0.15;0.2;0.075;0.1;0.03;0.018;Biomass
0.15;0.2;0.075;0.1;0.03;0.03;BioCH4
0.15;0.2;0.075;0.1;0.05;0.018;Biomass
0.15;0.2;0.075;0.1;0.05;0.03;Biomass
0.15;0.2;0.075;0.1;0.07;0.018;Biomass
0.15;0.2;0.075;0.1;0.07;0.03;Biomass
0.15;0.2;0.075;0.2;0.03;0.018;BiomassOxy_CC
0.15;0.2;0.075;0.2;0.03;0.03;BioCH4Oxy_CC
0.15;0.2;0.075;0.2;0.05;0.018;BiomassOxy_CC
0.15;0.2;0.075;0.2;0.05;0.03;BiomassOxy_CC
0.15;0.2;0.075;0.2;0.07;0.018;BiomassOxy_CC
0.15;0.2;0.075;0.2;0.07;0.03;BiomassOxy_CC
0.15;0.2;0.075;0.25;0.03;0.018;BiomassOxy_CC
0.15;0.2;0.075;0.25;0.03;0.03;BioCH4Oxy_CC
0.15;0.2;0.075;0.25;0.05;0.018;BiomassOxy_CC
0.15;0.2;0.075;0.25;0.05;0.03;BiomassOxy_CC
0.15;0.2;0.075;0.25;0.07;0.018;BiomassOxy_CC
0.15;0.2;0.075;0.25;0.07;0.03;BiomassOxy_CC
0.15;0.2;0.1;0.075;0.03;0.018;Biomass
0.15;0.2;0.1;0.075;0.03;0.03;BioCH4
0.15;0.2;0.1;0.075;0.05;0.018;Biomass
0.15;0.2;0.1;0.075;0.05;0.03;Biomass
0.15;0.2;0.1;0.075;0.07;0.018;Biomass
0.15;0.2;0.1;0.075;0.07;0.03;Biomass
0.15;0.2;0.1;0.1;0.03;0.018;Biomass
0.15;0.2;0.1;0.1;0.03;0.03;BioCH4
0.15;0.2;0.1;0.1;0.05;0.018;Biomass
0.15;0.2;0.1;0.1;0.05;0.03;Biomass
0.15;0.2;0.1;0.1;0.07;0.018;Biomass
0.15;0.2;0.1;0.1;0.07;0.03;Biomass
0.15;0.2;0.1;0.2;0.03;0.018;BiomassOxy_CC
0.15;0.2;0.1;0.2;0.03;0.03;BioCH4Oxy_CC
0.15;0.2;0.1;0.2;0.05;0.018;BiomassOxy_CC
0.15;0.2;0.1;0.2;0.05;0.03;BiomassOxy_CC
0.15;0.2;0.1;0.2;0.07;0.018;BiomassOxy_CC
0.15;0.2;0.1;0.2;0.07;0.03;BiomassOxy_CC
0.15;0.2;0.1;0.25;0.03;0.018;BiomassOxy_CC
0.15;0.2;0.1;0.25;0.03;0.03;BioCH4Oxy_CC
0.15;0.2;0.1;0.25;0.05;0.018;BiomassOxy_CC
0.15;0.2;0.1;0.25;0.05;0.03;BiomassOxy_CC
0.15;0.2;0.1;0.25;0.07;0.018;BiomassOxy_CC
0.15;0.2;0.1;0.25;0.07;0.03;BiomassOxy_CC
0.175;0.01;0.01;0.075;0.03;0.018;Biomass
0.175;0.01;0.01;0.075;0.03;0.03;NG
0.175;0.01;0.01;0.075;0.05;0.018;Biomass
0.175;0.01;0.01;0.075;0.05;0.03;NG
0.175;0.01;0.01;0.075;0.07;0.018;Biomass
0.175;0.01;0.01;0.075;0.07;0.03;NG
0.175;0.01;0.01;0.1;0.03;0.018;Biomass
0.175;0.01;0.01;0.1;0.03;0.03;NG
0.175;0.01;0.01;0.1;0.05;0.018;Biomass
0.175;0.01;0.01;0.1;0.05;0.03;NG
0.175;0.01;0.01;0.1;0.07;0.018;Biomass
0.175;0.01;0.01;0.1;0.07;0.03;NG
0.175;0.01;0.01;0.2;0.03;0.018;Biomass_CC
0.175;0.01;0.01;0.2;0.03;0.03;Biomass_CC
0.175;0.01;0.01;0.2;0.05;0.018;Biomass_CC
0.175;0.01;0.01;0.2;0.05;0.03;Biomass_CC
0.175;0.01;0.01;0.2;0.07;0.018;Biomass_CC
0.175;0.01;0.01;0.2;0.07;0.03;Biomass_CC
0.175;0.01;0.01;0.25;0.03;0.018;Biomass_CC
0.175;0.01;0.01;0.25;0.03;0.03;Biomass_CC
0.175;0.01;0.01;0.25;0.05;0.018;Biomass_CC
0.175;0.01;0.01;0.25;0.05;0.03;Biomass_CC
0.175;0.01;0.01;0.25;0.07;0.018;Biomass_CC
0.175;0.01;0.01;0.25;0.07;0.03;Biomass_CC
0.175;0.01;0.035;0.075;0.03;0.018;Biomass
0.175;0.01;0.035;0.075;0.03;0.03;BioCH4
0.175;0.01;0.035;0.075;0.05;0.018;Biomass
0.175;0.01;0.035;0.075;0.05;0.03;Biomass
0.175;0.01;0.035;0.075;0.07;0.018;Biomass
0.175;0.01;0.035;0.075;0.07;0.03;Biomass
0.175;0.01;0.035;0.1;0.03;0.018;Biomass
0.175;0.01;0.035;0.1;0.03;0.03;BioCH4
0.175;0.01;0.035;0.1;0.05;0.018;Biomass
0.175;0.01;0.035;0.1;0.05;0.03;Biomass
0.175;0.01;0.035;0.1;0.07;0.018;Biomass
0.175;0.01;0.035;0.1;0.07;0.03;Biomass
0.175;0.01;0.035;0.2;0.03;0.018;H2Oxy_CC
0.175;0.01;0.035;0.2;0.03;0.03;H2Oxy_CC
0.175;0.01;0.035;0.2;0.05;0.018;H2Oxy_CC
0.175;0.01;0.035;0.2;0.05;0.03;H2Oxy_CC
0.175;0.01;0.035;0.2;0.07;0.018;H2Oxy_CC
0.175;0.01;0.035;0.2;0.07;0.03;H2Oxy_CC
0.175;0.01;0.035;0.25;0.03;0.018;H2Oxy_CC
0.175;0.01;0.035;0.25;0.03;0.03;H2Oxy_CC
0.175;0.01;0.035;0.25;0.05;0.018;H2Oxy_CC
0.175;0.01;0.035;0.25;0.05;0.03;H2Oxy_CC
0.175;0.01;0.035;0.25;0.07;0.018;H2Oxy_CC
0.175;0.01;0.035;0.25;0.07;0.03;H2Oxy_CC
0.175;0.01;0.055;0.075;0.03;0.018;Biomass
0.175;0.01;0.055;0.075;0.03;0.03;BioCH4
0.175;0.01;0.055;0.075;0.05;0.018;Biomass
0.175;0.01;0.055;0.075;0.05;0.03;Biomass
0.175;0.01;0.055;0.075;0.07;0.018;Biomass
0.175;0.01;0.055;0.075;0.07;0.03;Biomass
0.175;0.01;0.055;0.1;0.03;0.018;Biomass
0.175;0.01;0.055;0.1;0.03;0.03;BioCH4
0.175;0.01;0.055;0.1;0.05;0.018;Biomass
0.175;0.01;0.055;0.1;0.05;0.03;Biomass
0.175;0.01;0.055;0.1;0.07;0.018;Biomass
0.175;0.01;0.055;0.1;0.07;0.03;Biomass
0.175;0.01;0.055;0.2;0.03;0.018;H2Oxy_CC
0.175;0.01;0.055;0.2;0.03;0.03;H2Oxy_CC
0.175;0.01;0.055;0.2;0.05;0.018;H2Oxy_CC
0.175;0.01;0.055;0.2;0.05;0.03;H2Oxy_CC
0.175;0.01;0.055;0.2;0.07;0.018;H2Oxy_CC
0.175;0.01;0.055;0.2;0.07;0.03;H2Oxy_CC
0.175;0.01;0.055;0.25;0.03;0.018;H2Oxy_CC
0.175;0.01;0.055;0.25;0.03;0.03;H2Oxy_CC
0.175;0.01;0.055;0.25;0.05;0.018;H2Oxy_CC
0.175;0.01;0.055;0.25;0.05;0.03;H2Oxy_CC
0.175;0.01;0.055;0.25;0.07;0.018;H2Oxy_CC
0.175;0.01;0.055;0.25;0.07;0.03;H2Oxy_CC
0.175;0.01;0.075;0.075;0.03;0.018;Biomass
0.175;0.01;0.075;0.075;0.03;0.03;BioCH4
0.175;0.01;0.075;0.075;0.05;0.018;Biomass
0.175;0.01;0.075;0.075;0.05;0.03;Biomass
0.175;0.01;0.075;0.075;0.07;0.018;Biomass
0.175;0.01;0.075;0.075;0.07;0.03;Biomass
0.175;0.01;0.075;0.1;0.03;0.018;Biomass
0.175;0.01;0.075;0.1;0.03;0.03;BioCH4
0.175;0.01;0.075;0.1;0.05;0.018;Biomass
0.175;0.01;0.075;0.1;0.05;0.03;Biomass
0.175;0.01;0.075;0.1;0.07;0.018;Biomass
0.175;0.01;0.075;0.1;0.07;0.03;Biomass
0.175;0.01;0.075;0.2;0.03;0.018;H2Oxy_CC
0.175;0.01;0.075;0.2;0.03;0.03;H2Oxy_CC
0.175;0.01;0.075;0.2;0.05;0.018;H2Oxy_CC
0.175;0.01;0.075;0.2;0.05;0.03;H2Oxy_CC
0.175;0.01;0.075;0.2;0.07;0.018;H2Oxy_CC
0.175;0.01;0.075;0.2;0.07;0.03;H2Oxy_CC
0.175;0.01;0.075;0.25;0.03;0.018;H2Oxy_CC
0.175;0.01;0.075;0.25;0.03;0.03;H2Oxy_CC
0.175;0.01;0.075;0.25;0.05;0.018;H2Oxy_CC
0.175;0.01;0.075;0.25;0.05;0.03;H2Oxy_CC
0.175;0.01;0.075;0.25;0.07;0.018;H2Oxy_CC
0.175;0.01;0.075;0.25;0.07;0.03;H2Oxy_CC
0.175;0.01;0.1;0.075;0.03;0.018;Biomass
0.175;0.01;0.1;0.075;0.03;0.03;BioCH4
0.175;0.01;0.1;0.075;0.05;0.018;Biomass
0.175;0.01;0.1;0.075;0.05;0.03;Biomass
0.175;0.01;0.1;0.075;0.07;0.018;Biomass
0.175;0.01;0.1;0.075;0.07;0.03;Biomass
0.175;0.01;0.1;0.1;0.03;0.018;Biomass
0.175;0.01;0.1;0.1;0.03;0.03;BioCH4
0.175;0.01;0.1;0.1;0.05;0.018;Biomass
0.175;0.01;0.1;0.1;0.05;0.03;Biomass
0.175;0.01;0.1;0.1;0.07;0.018;Biomass
0.175;0.01;0.1;0.1;0.07;0.03;Biomass
0.175;0.01;0.1;0.2;0.03;0.018;H2Oxy_CC
0.175;0.01;0.1;0.2;0.03;0.03;H2Oxy_CC
0.175;0.01;0.1;0.2;0.05;0.018;H2Oxy_CC
0.175;0.01;0.1;0.2;0.05;0.03;H2Oxy_CC
0.175;0.01;0.1;0.2;0.07;0.018;H2Oxy_CC
0.175;0.01;0.1;0.2;0.07;0.03;H2Oxy_CC
0.175;0.01;0.1;0.25;0.03;0.018;H2Oxy_CC
0.175;0.01;0.1;0.25;0.03;0.03;H2Oxy_CC
0.175;0.01;0.1;0.25;0.05;0.018;H2Oxy_CC
0.175;0.01;0.1;0.25;0.05;0.03;H2Oxy_CC
0.175;0.01;0.1;0.25;0.07;0.018;H2Oxy_CC
0.175;0.01;0.1;0.25;0.07;0.03;H2Oxy_CC
0.175;0.025;0.01;0.075;0.03;0.018;Biomass
0.175;0.025;0.01;0.075;0.03;0.03;NG
0.175;0.025;0.01;0.075;0.05;0.018;Biomass
0.175;0.025;0.01;0.075;0.05;0.03;NG
0.175;0.025;0.01;0.075;0.07;0.018;Biomass
0.175;0.025;0.01;0.075;0.07;0.03;NG
0.175;0.025;0.01;0.1;0.03;0.018;Biomass
0.175;0.025;0.01;0.1;0.03;0.03;NG
0.175;0.025;0.01;0.1;0.05;0.018;Biomass
0.175;0.025;0.01;0.1;0.05;0.03;NG
0.175;0.025;0.01;0.1;0.07;0.018;Biomass
0.175;0.025;0.01;0.1;0.07;0.03;NG
0.175;0.025;0.01;0.2;0.03;0.018;Biomass_CC
0.175;0.025;0.01;0.2;0.03;0.03;Biomass_CC
0.175;0.025;0.01;0.2;0.05;0.018;Biomass_CC
0.175;0.025;0.01;0.2;0.05;0.03;Biomass_CC
0.175;0.025;0.01;0.2;0.07;0.018;Biomass_CC
0.175;0.025;0.01;0.2;0.07;0.03;Biomass_CC
0.175;0.025;0.01;0.25;0.03;0.018;Biomass_CC
0.175;0.025;0.01;0.25;0.03;0.03;Biomass_CC
0.175;0.025;0.01;0.25;0.05;0.018;Biomass_CC
0.175;0.025;0.01;0.25;0.05;0.03;Biomass_CC
0.175;0.025;0.01;0.25;0.07;0.018;Biomass_CC
0.175;0.025;0.01;0.25;0.07;0.03;Biomass_CC
0.175;0.025;0.035;0.075;0.03;0.018;Biomass
0.175;0.025;0.035;0.075;0.03;0.03;BioCH4
0.175;0.025;0.035;0.075;0.05;0.018;Biomass
0.175;0.025;0.035;0.075;0.05;0.03;Biomass
0.175;0.025;0.035;0.075;0.07;0.018;Biomass
0.175;0.025;0.035;0.075;0.07;0.03;Biomass
0.175;0.025;0.035;0.1;0.03;0.018;Biomass
0.175;0.025;0.035;0.1;0.03;0.03;BioCH4
0.175;0.025;0.035;0.1;0.05;0.018;Biomass
0.175;0.025;0.035;0.1;0.05;0.03;Biomass
0.175;0.025;0.035;0.1;0.07;0.018;Biomass
0.175;0.025;0.035;0.1;0.07;0.03;Biomass
0.175;0.025;0.035;0.2;0.03;0.018;Biomass_CC
0.175;0.025;0.035;0.2;0.03;0.03;BioCH4Oxy_CC
0.175;0.025;0.035;0.2;0.05;0.018;Biomass_CC
0.175;0.025;0.035;0.2;0.05;0.03;H2Oxy_CC
0.175;0.025;0.035;0.2;0.07;0.018;Biomass_CC
0.175;0.025;0.035;0.2;0.07;0.03;H2Oxy_CC
0.175;0.025;0.035;0.25;0.03;0.018;Biomass_CC
0.175;0.025;0.035;0.25;0.03;0.03;BioCH4Oxy_CC
0.175;0.025;0.035;0.25;0.05;0.018;Biomass_CC
0.175;0.025;0.035;0.25;0.05;0.03;H2Oxy_CC
0.175;0.025;0.035;0.25;0.07;0.018;Biomass_CC
0.175;0.025;0.035;0.25;0.07;0.03;H2Oxy_CC
0.175;0.025;0.055;0.075;0.03;0.018;Biomass
0.175;0.025;0.055;0.075;0.03;0.03;BioCH4
0.175;0.025;0.055;0.075;0.05;0.018;Biomass
0.175;0.025;0.055;0.075;0.05;0.03;Biomass
0.175;0.025;0.055;0.075;0.07;0.018;Biomass
0.175;0.025;0.055;0.075;0.07;0.03;Biomass
0.175;0.025;0.055;0.1;0.03;0.018;Biomass
0.175;0.025;0.055;0.1;0.03;0.03;BioCH4
0.175;0.025;0.055;0.1;0.05;0.018;Biomass
0.175;0.025;0.055;0.1;0.05;0.03;Biomass
0.175;0.025;0.055;0.1;0.07;0.018;Biomass
0.175;0.025;0.055;0.1;0.07;0.03;Biomass
0.175;0.025;0.055;0.2;0.03;0.018;BiomassOxy_CC
0.175;0.025;0.055;0.2;0.03;0.03;BioCH4Oxy_CC
0.175;0.025;0.055;0.2;0.05;0.018;BiomassOxy_CC
0.175;0.025;0.055;0.2;0.05;0.03;H2Oxy_CC
0.175;0.025;0.055;0.2;0.07;0.018;BiomassOxy_CC
0.175;0.025;0.055;0.2;0.07;0.03;H2Oxy_CC
0.175;0.025;0.055;0.25;0.03;0.018;BiomassOxy_CC
0.175;0.025;0.055;0.25;0.03;0.03;BioCH4Oxy_CC
0.175;0.025;0.055;0.25;0.05;0.018;BiomassOxy_CC
0.175;0.025;0.055;0.25;0.05;0.03;H2Oxy_CC
0.175;0.025;0.055;0.25;0.07;0.018;BiomassOxy_CC
0.175;0.025;0.055;0.25;0.07;0.03;H2Oxy_CC
0.175;0.025;0.075;0.075;0.03;0.018;Biomass
0.175;0.025;0.075;0.075;0.03;0.03;BioCH4
0.175;0.025;0.075;0.075;0.05;0.018;Biomass
0.175;0.025;0.075;0.075;0.05;0.03;Biomass
0.175;0.025;0.075;0.075;0.07;0.018;Biomass
0.175;0.025;0.075;0.075;0.07;0.03;Biomass
0.175;0.025;0.075;0.1;0.03;0.018;Biomass
0.175;0.025;0.075;0.1;0.03;0.03;BioCH4
0.175;0.025;0.075;0.1;0.05;0.018;Biomass
0.175;0.025;0.075;0.1;0.05;0.03;Biomass
0.175;0.025;0.075;0.1;0.07;0.018;Biomass
0.175;0.025;0.075;0.1;0.07;0.03;Biomass
0.175;0.025;0.075;0.2;0.03;0.018;BiomassOxy_CC
0.175;0.025;0.075;0.2;0.03;0.03;BioCH4Oxy_CC
0.175;0.025;0.075;0.2;0.05;0.018;BiomassOxy_CC
0.175;0.025;0.075;0.2;0.05;0.03;H2Oxy_CC
0.175;0.025;0.075;0.2;0.07;0.018;BiomassOxy_CC
0.175;0.025;0.075;0.2;0.07;0.03;H2Oxy_CC
0.175;0.025;0.075;0.25;0.03;0.018;BiomassOxy_CC
0.175;0.025;0.075;0.25;0.03;0.03;BioCH4Oxy_CC
0.175;0.025;0.075;0.25;0.05;0.018;BiomassOxy_CC
0.175;0.025;0.075;0.25;0.05;0.03;H2Oxy_CC
0.175;0.025;0.075;0.25;0.07;0.018;BiomassOxy_CC
0.175;0.025;0.075;0.25;0.07;0.03;H2Oxy_CC
0.175;0.025;0.1;0.075;0.03;0.018;Biomass
0.175;0.025;0.1;0.075;0.03;0.03;BioCH4
0.175;0.025;0.1;0.075;0.05;0.018;Biomass
0.175;0.025;0.1;0.075;0.05;0.03;Biomass
0.175;0.025;0.1;0.075;0.07;0.018;Biomass
0.175;0.025;0.1;0.075;0.07;0.03;Biomass
0.175;0.025;0.1;0.1;0.03;0.018;Biomass
0.175;0.025;0.1;0.1;0.03;0.03;BioCH4
0.175;0.025;0.1;0.1;0.05;0.018;Biomass
0.175;0.025;0.1;0.1;0.05;0.03;Biomass
0.175;0.025;0.1;0.1;0.07;0.018;Biomass
0.175;0.025;0.1;0.1;0.07;0.03;Biomass
0.175;0.025;0.1;0.2;0.03;0.018;BiomassOxy_CC
0.175;0.025;0.1;0.2;0.03;0.03;BioCH4Oxy_CC
0.175;0.025;0.1;0.2;0.05;0.018;BiomassOxy_CC
0.175;0.025;0.1;0.2;0.05;0.03;H2Oxy_CC
0.175;0.025;0.1;0.2;0.07;0.018;BiomassOxy_CC
0.175;0.025;0.1;0.2;0.07;0.03;H2Oxy_CC
0.175;0.025;0.1;0.25;0.03;0.018;BiomassOxy_CC
0.175;0.025;0.1;0.25;0.03;0.03;BioCH4Oxy_CC
0.175;0.025;0.1;0.25;0.05;0.018;BiomassOxy_CC
0.175;0.025;0.1;0.25;0.05;0.03;H2Oxy_CC
0.175;0.025;0.1;0.25;0.07;0.018;BiomassOxy_CC
0.175;0.025;0.1;0.25;0.07;0.03;H2Oxy_CC
0.175;0.05;0.01;0.075;0.03;0.018;Biomass
0.175;0.05;0.01;0.075;0.03;0.03;NG
0.175;0.05;0.01;0.075;0.05;0.018;Biomass
0.175;0.05;0.01;0.075;0.05;0.03;NG
0.175;0.05;0.01;0.075;0.07;0.018;Biomass
0.175;0.05;0.01;0.075;0.07;0.03;NG
0.175;0.05;0.01;0.1;0.03;0.018;Biomass
0.175;0.05;0.01;0.1;0.03;0.03;NG
0.175;0.05;0.01;0.1;0.05;0.018;Biomass
0.175;0.05;0.01;0.1;0.05;0.03;NG
0.175;0.05;0.01;0.1;0.07;0.018;Biomass
0.175;0.05;0.01;0.1;0.07;0.03;NG
0.175;0.05;0.01;0.2;0.03;0.018;Biomass_CC
0.175;0.05;0.01;0.2;0.03;0.03;Biomass_CC
0.175;0.05;0.01;0.2;0.05;0.018;Biomass_CC
0.175;0.05;0.01;0.2;0.05;0.03;Biomass_CC
0.175;0.05;0.01;0.2;0.07;0.018;Biomass_CC
0.175;0.05;0.01;0.2;0.07;0.03;Biomass_CC
0.175;0.05;0.01;0.25;0.03;0.018;Biomass_CC
0.175;0.05;0.01;0.25;0.03;0.03;Biomass_CC
0.175;0.05;0.01;0.25;0.05;0.018;Biomass_CC
0.175;0.05;0.01;0.25;0.05;0.03;Biomass_CC
0.175;0.05;0.01;0.25;0.07;0.018;Biomass_CC
0.175;0.05;0.01;0.25;0.07;0.03;Biomass_CC
0.175;0.05;0.035;0.075;0.03;0.018;Biomass
0.175;0.05;0.035;0.075;0.03;0.03;BioCH4
0.175;0.05;0.035;0.075;0.05;0.018;Biomass
0.175;0.05;0.035;0.075;0.05;0.03;Biomass
0.175;0.05;0.035;0.075;0.07;0.018;Biomass
0.175;0.05;0.035;0.075;0.07;0.03;Biomass
0.175;0.05;0.035;0.1;0.03;0.018;Biomass
0.175;0.05;0.035;0.1;0.03;0.03;BioCH4
0.175;0.05;0.035;0.1;0.05;0.018;Biomass
0.175;0.05;0.035;0.1;0.05;0.03;Biomass
0.175;0.05;0.035;0.1;0.07;0.018;Biomass
0.175;0.05;0.035;0.1;0.07;0.03;Biomass
0.175;0.05;0.035;0.2;0.03;0.018;Biomass_CC
0.175;0.05;0.035;0.2;0.03;0.03;BioCH4Oxy_CC
0.175;0.05;0.035;0.2;0.05;0.018;Biomass_CC
0.175;0.05;0.035;0.2;0.05;0.03;Biomass_CC
0.175;0.05;0.035;0.2;0.07;0.018;Biomass_CC
0.175;0.05;0.035;0.2;0.07;0.03;Biomass_CC
0.175;0.05;0.035;0.25;0.03;0.018;Biomass_CC
0.175;0.05;0.035;0.25;0.03;0.03;BioCH4Oxy_CC
0.175;0.05;0.035;0.25;0.05;0.018;Biomass_CC
0.175;0.05;0.035;0.25;0.05;0.03;Biomass_CC
0.175;0.05;0.035;0.25;0.07;0.018;Biomass_CC
0.175;0.05;0.035;0.25;0.07;0.03;Biomass_CC
0.175;0.05;0.055;0.075;0.03;0.018;Biomass
0.175;0.05;0.055;0.075;0.03;0.03;BioCH4
0.175;0.05;0.055;0.075;0.05;0.018;Biomass
0.175;0.05;0.055;0.075;0.05;0.03;Biomass
0.175;0.05;0.055;0.075;0.07;0.018;Biomass
0.175;0.05;0.055;0.075;0.07;0.03;Biomass
0.175;0.05;0.055;0.1;0.03;0.018;Biomass
0.175;0.05;0.055;0.1;0.03;0.03;BioCH4
0.175;0.05;0.055;0.1;0.05;0.018;Biomass
0.175;0.05;0.055;0.1;0.05;0.03;Biomass
0.175;0.05;0.055;0.1;0.07;0.018;Biomass
0.175;0.05;0.055;0.1;0.07;0.03;Biomass
0.175;0.05;0.055;0.2;0.03;0.018;BiomassOxy_CC
0.175;0.05;0.055;0.2;0.03;0.03;BioCH4Oxy_CC
0.175;0.05;0.055;0.2;0.05;0.018;BiomassOxy_CC
0.175;0.05;0.055;0.2;0.05;0.03;BiomassOxy_CC
0.175;0.05;0.055;0.2;0.07;0.018;BiomassOxy_CC
0.175;0.05;0.055;0.2;0.07;0.03;BiomassOxy_CC
0.175;0.05;0.055;0.25;0.03;0.018;BiomassOxy_CC
0.175;0.05;0.055;0.25;0.03;0.03;BioCH4Oxy_CC
0.175;0.05;0.055;0.25;0.05;0.018;BiomassOxy_CC
0.175;0.05;0.055;0.25;0.05;0.03;BiomassOxy_CC
0.175;0.05;0.055;0.25;0.07;0.018;BiomassOxy_CC
0.175;0.05;0.055;0.25;0.07;0.03;BiomassOxy_CC
0.175;0.05;0.075;0.075;0.03;0.018;Biomass
0.175;0.05;0.075;0.075;0.03;0.03;BioCH4
0.175;0.05;0.075;0.075;0.05;0.018;Biomass
0.175;0.05;0.075;0.075;0.05;0.03;Biomass
0.175;0.05;0.075;0.075;0.07;0.018;Biomass
0.175;0.05;0.075;0.075;0.07;0.03;Biomass
0.175;0.05;0.075;0.1;0.03;0.018;Biomass
0.175;0.05;0.075;0.1;0.03;0.03;BioCH4
0.175;0.05;0.075;0.1;0.05;0.018;Biomass
0.175;0.05;0.075;0.1;0.05;0.03;Biomass
0.175;0.05;0.075;0.1;0.07;0.018;Biomass
0.175;0.05;0.075;0.1;0.07;0.03;Biomass
0.175;0.05;0.075;0.2;0.03;0.018;BiomassOxy_CC
0.175;0.05;0.075;0.2;0.03;0.03;BioCH4Oxy_CC
0.175;0.05;0.075;0.2;0.05;0.018;BiomassOxy_CC
0.175;0.05;0.075;0.2;0.05;0.03;BiomassOxy_CC
0.175;0.05;0.075;0.2;0.07;0.018;BiomassOxy_CC
0.175;0.05;0.075;0.2;0.07;0.03;BiomassOxy_CC
0.175;0.05;0.075;0.25;0.03;0.018;BiomassOxy_CC
0.175;0.05;0.075;0.25;0.03;0.03;BioCH4Oxy_CC
0.175;0.05;0.075;0.25;0.05;0.018;BiomassOxy_CC
0.175;0.05;0.075;0.25;0.05;0.03;BiomassOxy_CC
0.175;0.05;0.075;0.25;0.07;0.018;BiomassOxy_CC
0.175;0.05;0.075;0.25;0.07;0.03;BiomassOxy_CC
0.175;0.05;0.1;0.075;0.03;0.018;Biomass
0.175;0.05;0.1;0.075;0.03;0.03;BioCH4
0.175;0.05;0.1;0.075;0.05;0.018;Biomass
0.175;0.05;0.1;0.075;0.05;0.03;Biomass
0.175;0.05;0.1;0.075;0.07;0.018;Biomass
0.175;0.05;0.1;0.075;0.07;0.03;Biomass
0.175;0.05;0.1;0.1;0.03;0.018;Biomass
0.175;0.05;0.1;0.1;0.03;0.03;BioCH4
0.175;0.05;0.1;0.1;0.05;0.018;Biomass
0.175;0.05;0.1;0.1;0.05;0.03;Biomass
0.175;0.05;0.1;0.1;0.07;0.018;Biomass
0.175;0.05;0.1;0.1;0.07;0.03;Biomass
0.175;0.05;0.1;0.2;0.03;0.018;BiomassOxy_CC
0.175;0.05;0.1;0.2;0.03;0.03;BioCH4Oxy_CC
0.175;0.05;0.1;0.2;0.05;0.018;BiomassOxy_CC
0.175;0.05;0.1;0.2;0.05;0.03;BiomassOxy_CC
0.175;0.05;0.1;0.2;0.07;0.018;BiomassOxy_CC
0.175;0.05;0.1;0.2;0.07;0.03;BiomassOxy_CC
0.175;0.05;0.1;0.25;0.03;0.018;BiomassOxy_CC
0.175;0.05;0.1;0.25;0.03;0.03;BioCH4Oxy_CC
0.175;0.05;0.1;0.25;0.05;0.018;BiomassOxy_CC
0.175;0.05;0.1;0.25;0.05;0.03;BiomassOxy_CC
0.175;0.05;0.1;0.25;0.07;0.018;BiomassOxy_CC
0.175;0.05;0.1;0.25;0.07;0.03;BiomassOxy_CC
0.175;0.075;0.01;0.075;0.03;0.018;Biomass
0.175;0.075;0.01;0.075;0.03;0.03;NG
0.175;0.075;0.01;0.075;0.05;0.018;Biomass
0.175;0.075;0.01;0.075;0.05;0.03;NG
0.175;0.075;0.01;0.075;0.07;0.018;Biomass
0.175;0.075;0.01;0.075;0.07;0.03;NG
0.175;0.075;0.01;0.1;0.03;0.018;Biomass
0.175;0.075;0.01;0.1;0.03;0.03;NG
0.175;0.075;0.01;0.1;0.05;0.018;Biomass
0.175;0.075;0.01;0.1;0.05;0.03;NG
0.175;0.075;0.01;0.1;0.07;0.018;Biomass
0.175;0.075;0.01;0.1;0.07;0.03;NG
0.175;0.075;0.01;0.2;0.03;0.018;Biomass_CC
0.175;0.075;0.01;0.2;0.03;0.03;Biomass_CC
0.175;0.075;0.01;0.2;0.05;0.018;Biomass_CC
0.175;0.075;0.01;0.2;0.05;0.03;Biomass_CC
0.175;0.075;0.01;0.2;0.07;0.018;Biomass_CC
0.175;0.075;0.01;0.2;0.07;0.03;Biomass_CC
0.175;0.075;0.01;0.25;0.03;0.018;Biomass_CC
0.175;0.075;0.01;0.25;0.03;0.03;Biomass_CC
0.175;0.075;0.01;0.25;0.05;0.018;Biomass_CC
0.175;0.075;0.01;0.25;0.05;0.03;Biomass_CC
0.175;0.075;0.01;0.25;0.07;0.018;Biomass_CC
0.175;0.075;0.01;0.25;0.07;0.03;Biomass_CC
0.175;0.075;0.035;0.075;0.03;0.018;Biomass
0.175;0.075;0.035;0.075;0.03;0.03;BioCH4
0.175;0.075;0.035;0.075;0.05;0.018;Biomass
0.175;0.075;0.035;0.075;0.05;0.03;Biomass
0.175;0.075;0.035;0.075;0.07;0.018;Biomass
0.175;0.075;0.035;0.075;0.07;0.03;Biomass
0.175;0.075;0.035;0.1;0.03;0.018;Biomass
0.175;0.075;0.035;0.1;0.03;0.03;BioCH4
0.175;0.075;0.035;0.1;0.05;0.018;Biomass
0.175;0.075;0.035;0.1;0.05;0.03;Biomass
0.175;0.075;0.035;0.1;0.07;0.018;Biomass
0.175;0.075;0.035;0.1;0.07;0.03;Biomass
0.175;0.075;0.035;0.2;0.03;0.018;Biomass_CC
0.175;0.075;0.035;0.2;0.03;0.03;BioCH4Oxy_CC
0.175;0.075;0.035;0.2;0.05;0.018;Biomass_CC
0.175;0.075;0.035;0.2;0.05;0.03;Biomass_CC
0.175;0.075;0.035;0.2;0.07;0.018;Biomass_CC
0.175;0.075;0.035;0.2;0.07;0.03;Biomass_CC
0.175;0.075;0.035;0.25;0.03;0.018;Biomass_CC
0.175;0.075;0.035;0.25;0.03;0.03;BioCH4Oxy_CC
0.175;0.075;0.035;0.25;0.05;0.018;Biomass_CC
0.175;0.075;0.035;0.25;0.05;0.03;Biomass_CC
0.175;0.075;0.035;0.25;0.07;0.018;Biomass_CC
0.175;0.075;0.035;0.25;0.07;0.03;Biomass_CC
0.175;0.075;0.055;0.075;0.03;0.018;Biomass
0.175;0.075;0.055;0.075;0.03;0.03;BioCH4
0.175;0.075;0.055;0.075;0.05;0.018;Biomass
0.175;0.075;0.055;0.075;0.05;0.03;Biomass
0.175;0.075;0.055;0.075;0.07;0.018;Biomass
0.175;0.075;0.055;0.075;0.07;0.03;Biomass
0.175;0.075;0.055;0.1;0.03;0.018;Biomass
0.175;0.075;0.055;0.1;0.03;0.03;BioCH4
0.175;0.075;0.055;0.1;0.05;0.018;Biomass
0.175;0.075;0.055;0.1;0.05;0.03;Biomass
0.175;0.075;0.055;0.1;0.07;0.018;Biomass
0.175;0.075;0.055;0.1;0.07;0.03;Biomass
0.175;0.075;0.055;0.2;0.03;0.018;BiomassOxy_CC
0.175;0.075;0.055;0.2;0.03;0.03;BioCH4Oxy_CC
0.175;0.075;0.055;0.2;0.05;0.018;BiomassOxy_CC
0.175;0.075;0.055;0.2;0.05;0.03;BiomassOxy_CC
0.175;0.075;0.055;0.2;0.07;0.018;BiomassOxy_CC
0.175;0.075;0.055;0.2;0.07;0.03;BiomassOxy_CC
0.175;0.075;0.055;0.25;0.03;0.018;BiomassOxy_CC
0.175;0.075;0.055;0.25;0.03;0.03;BioCH4Oxy_CC
0.175;0.075;0.055;0.25;0.05;0.018;BiomassOxy_CC
0.175;0.075;0.055;0.25;0.05;0.03;BiomassOxy_CC
0.175;0.075;0.055;0.25;0.07;0.018;BiomassOxy_CC
0.175;0.075;0.055;0.25;0.07;0.03;BiomassOxy_CC
0.175;0.075;0.075;0.075;0.03;0.018;Biomass
0.175;0.075;0.075;0.075;0.03;0.03;BioCH4
0.175;0.075;0.075;0.075;0.05;0.018;Biomass
0.175;0.075;0.075;0.075;0.05;0.03;Biomass
0.175;0.075;0.075;0.075;0.07;0.018;Biomass
0.175;0.075;0.075;0.075;0.07;0.03;Biomass
0.175;0.075;0.075;0.1;0.03;0.018;Biomass
0.175;0.075;0.075;0.1;0.03;0.03;BioCH4
0.175;0.075;0.075;0.1;0.05;0.018;Biomass
0.175;0.075;0.075;0.1;0.05;0.03;Biomass
0.175;0.075;0.075;0.1;0.07;0.018;Biomass
0.175;0.075;0.075;0.1;0.07;0.03;Biomass
0.175;0.075;0.075;0.2;0.03;0.018;BiomassOxy_CC
0.175;0.075;0.075;0.2;0.03;0.03;BioCH4Oxy_CC
0.175;0.075;0.075;0.2;0.05;0.018;BiomassOxy_CC
0.175;0.075;0.075;0.2;0.05;0.03;BiomassOxy_CC
0.175;0.075;0.075;0.2;0.07;0.018;BiomassOxy_CC
0.175;0.075;0.075;0.2;0.07;0.03;BiomassOxy_CC
0.175;0.075;0.075;0.25;0.03;0.018;BiomassOxy_CC
0.175;0.075;0.075;0.25;0.03;0.03;BioCH4Oxy_CC
0.175;0.075;0.075;0.25;0.05;0.018;BiomassOxy_CC
0.175;0.075;0.075;0.25;0.05;0.03;BiomassOxy_CC
0.175;0.075;0.075;0.25;0.07;0.018;BiomassOxy_CC
0.175;0.075;0.075;0.25;0.07;0.03;BiomassOxy_CC
0.175;0.075;0.1;0.075;0.03;0.018;Biomass
0.175;0.075;0.1;0.075;0.03;0.03;BioCH4
0.175;0.075;0.1;0.075;0.05;0.018;Biomass
0.175;0.075;0.1;0.075;0.05;0.03;Biomass
0.175;0.075;0.1;0.075;0.07;0.018;Biomass
0.175;0.075;0.1;0.075;0.07;0.03;Biomass
0.175;0.075;0.1;0.1;0.03;0.018;Biomass
0.175;0.075;0.1;0.1;0.03;0.03;BioCH4
0.175;0.075;0.1;0.1;0.05;0.018;Biomass
0.175;0.075;0.1;0.1;0.05;0.03;Biomass
0.175;0.075;0.1;0.1;0.07;0.018;Biomass
0.175;0.075;0.1;0.1;0.07;0.03;Biomass
0.175;0.075;0.1;0.2;0.03;0.018;BiomassOxy_CC
0.175;0.075;0.1;0.2;0.03;0.03;BioCH4Oxy_CC
0.175;0.075;0.1;0.2;0.05;0.018;BiomassOxy_CC
0.175;0.075;0.1;0.2;0.05;0.03;BiomassOxy_CC
0.175;0.075;0.1;0.2;0.07;0.018;BiomassOxy_CC
0.175;0.075;0.1;0.2;0.07;0.03;BiomassOxy_CC
0.175;0.075;0.1;0.25;0.03;0.018;BiomassOxy_CC
0.175;0.075;0.1;0.25;0.03;0.03;BioCH4Oxy_CC
0.175;0.075;0.1;0.25;0.05;0.018;BiomassOxy_CC
0.175;0.075;0.1;0.25;0.05;0.03;BiomassOxy_CC
0.175;0.075;0.1;0.25;0.07;0.018;BiomassOxy_CC
0.175;0.075;0.1;0.25;0.07;0.03;BiomassOxy_CC
0.175;0.1;0.01;0.075;0.03;0.018;Biomass
0.175;0.1;0.01;0.075;0.03;0.03;NG
0.175;0.1;0.01;0.075;0.05;0.018;Biomass
0.175;0.1;0.01;0.075;0.05;0.03;NG
0.175;0.1;0.01;0.075;0.07;0.018;Biomass
0.175;0.1;0.01;0.075;0.07;0.03;NG
0.175;0.1;0.01;0.1;0.03;0.018;Biomass
0.175;0.1;0.01;0.1;0.03;0.03;NG
0.175;0.1;0.01;0.1;0.05;0.018;Biomass
0.175;0.1;0.01;0.1;0.05;0.03;NG
0.175;0.1;0.01;0.1;0.07;0.018;Biomass
0.175;0.1;0.01;0.1;0.07;0.03;NG
0.175;0.1;0.01;0.2;0.03;0.018;Biomass_CC
0.175;0.1;0.01;0.2;0.03;0.03;Biomass_CC
0.175;0.1;0.01;0.2;0.05;0.018;Biomass_CC
0.175;0.1;0.01;0.2;0.05;0.03;Biomass_CC
0.175;0.1;0.01;0.2;0.07;0.018;Biomass_CC
0.175;0.1;0.01;0.2;0.07;0.03;Biomass_CC
0.175;0.1;0.01;0.25;0.03;0.018;Biomass_CC
0.175;0.1;0.01;0.25;0.03;0.03;Biomass_CC
0.175;0.1;0.01;0.25;0.05;0.018;Biomass_CC
0.175;0.1;0.01;0.25;0.05;0.03;Biomass_CC
0.175;0.1;0.01;0.25;0.07;0.018;Biomass_CC
0.175;0.1;0.01;0.25;0.07;0.03;Biomass_CC
0.175;0.1;0.035;0.075;0.03;0.018;Biomass
0.175;0.1;0.035;0.075;0.03;0.03;BioCH4
0.175;0.1;0.035;0.075;0.05;0.018;Biomass
0.175;0.1;0.035;0.075;0.05;0.03;Biomass
0.175;0.1;0.035;0.075;0.07;0.018;Biomass
0.175;0.1;0.035;0.075;0.07;0.03;Biomass
0.175;0.1;0.035;0.1;0.03;0.018;Biomass
0.175;0.1;0.035;0.1;0.03;0.03;BioCH4
0.175;0.1;0.035;0.1;0.05;0.018;Biomass
0.175;0.1;0.035;0.1;0.05;0.03;Biomass
0.175;0.1;0.035;0.1;0.07;0.018;Biomass
0.175;0.1;0.035;0.1;0.07;0.03;Biomass
0.175;0.1;0.035;0.2;0.03;0.018;Biomass_CC
0.175;0.1;0.035;0.2;0.03;0.03;BioCH4Oxy_CC
0.175;0.1;0.035;0.2;0.05;0.018;Biomass_CC
0.175;0.1;0.035;0.2;0.05;0.03;Biomass_CC
0.175;0.1;0.035;0.2;0.07;0.018;Biomass_CC
0.175;0.1;0.035;0.2;0.07;0.03;Biomass_CC
0.175;0.1;0.035;0.25;0.03;0.018;Biomass_CC
0.175;0.1;0.035;0.25;0.03;0.03;BioCH4Oxy_CC
0.175;0.1;0.035;0.25;0.05;0.018;Biomass_CC
0.175;0.1;0.035;0.25;0.05;0.03;Biomass_CC
0.175;0.1;0.035;0.25;0.07;0.018;Biomass_CC
0.175;0.1;0.035;0.25;0.07;0.03;Biomass_CC
0.175;0.1;0.055;0.075;0.03;0.018;Biomass
0.175;0.1;0.055;0.075;0.03;0.03;BioCH4
0.175;0.1;0.055;0.075;0.05;0.018;Biomass
0.175;0.1;0.055;0.075;0.05;0.03;Biomass
0.175;0.1;0.055;0.075;0.07;0.018;Biomass
0.175;0.1;0.055;0.075;0.07;0.03;Biomass
0.175;0.1;0.055;0.1;0.03;0.018;Biomass
0.175;0.1;0.055;0.1;0.03;0.03;BioCH4
0.175;0.1;0.055;0.1;0.05;0.018;Biomass
0.175;0.1;0.055;0.1;0.05;0.03;Biomass
0.175;0.1;0.055;0.1;0.07;0.018;Biomass
0.175;0.1;0.055;0.1;0.07;0.03;Biomass
0.175;0.1;0.055;0.2;0.03;0.018;BiomassOxy_CC
0.175;0.1;0.055;0.2;0.03;0.03;BioCH4Oxy_CC
0.175;0.1;0.055;0.2;0.05;0.018;BiomassOxy_CC
0.175;0.1;0.055;0.2;0.05;0.03;BiomassOxy_CC
0.175;0.1;0.055;0.2;0.07;0.018;BiomassOxy_CC
0.175;0.1;0.055;0.2;0.07;0.03;BiomassOxy_CC
0.175;0.1;0.055;0.25;0.03;0.018;BiomassOxy_CC
0.175;0.1;0.055;0.25;0.03;0.03;BioCH4Oxy_CC
0.175;0.1;0.055;0.25;0.05;0.018;BiomassOxy_CC
0.175;0.1;0.055;0.25;0.05;0.03;BiomassOxy_CC
0.175;0.1;0.055;0.25;0.07;0.018;BiomassOxy_CC
0.175;0.1;0.055;0.25;0.07;0.03;BiomassOxy_CC
0.175;0.1;0.075;0.075;0.03;0.018;Biomass
0.175;0.1;0.075;0.075;0.03;0.03;BioCH4
0.175;0.1;0.075;0.075;0.05;0.018;Biomass
0.175;0.1;0.075;0.075;0.05;0.03;Biomass
0.175;0.1;0.075;0.075;0.07;0.018;Biomass
0.175;0.1;0.075;0.075;0.07;0.03;Biomass
0.175;0.1;0.075;0.1;0.03;0.018;Biomass
0.175;0.1;0.075;0.1;0.03;0.03;BioCH4
0.175;0.1;0.075;0.1;0.05;0.018;Biomass
0.175;0.1;0.075;0.1;0.05;0.03;Biomass
0.175;0.1;0.075;0.1;0.07;0.018;Biomass
0.175;0.1;0.075;0.1;0.07;0.03;Biomass
0.175;0.1;0.075;0.2;0.03;0.018;BiomassOxy_CC
0.175;0.1;0.075;0.2;0.03;0.03;BioCH4Oxy_CC
0.175;0.1;0.075;0.2;0.05;0.018;BiomassOxy_CC
0.175;0.1;0.075;0.2;0.05;0.03;BiomassOxy_CC
0.175;0.1;0.075;0.2;0.07;0.018;BiomassOxy_CC
0.175;0.1;0.075;0.2;0.07;0.03;BiomassOxy_CC
0.175;0.1;0.075;0.25;0.03;0.018;BiomassOxy_CC
0.175;0.1;0.075;0.25;0.03;0.03;BioCH4Oxy_CC
0.175;0.1;0.075;0.25;0.05;0.018;BiomassOxy_CC
0.175;0.1;0.075;0.25;0.05;0.03;BiomassOxy_CC
0.175;0.1;0.075;0.25;0.07;0.018;BiomassOxy_CC
0.175;0.1;0.075;0.25;0.07;0.03;BiomassOxy_CC
0.175;0.1;0.1;0.075;0.03;0.018;Biomass
0.175;0.1;0.1;0.075;0.03;0.03;BioCH4
0.175;0.1;0.1;0.075;0.05;0.018;Biomass
0.175;0.1;0.1;0.075;0.05;0.03;Biomass
0.175;0.1;0.1;0.075;0.07;0.018;Biomass
0.175;0.1;0.1;0.075;0.07;0.03;Biomass
0.175;0.1;0.1;0.1;0.03;0.018;Biomass
0.175;0.1;0.1;0.1;0.03;0.03;BioCH4
0.175;0.1;0.1;0.1;0.05;0.018;Biomass
0.175;0.1;0.1;0.1;0.05;0.03;Biomass
0.175;0.1;0.1;0.1;0.07;0.018;Biomass
0.175;0.1;0.1;0.1;0.07;0.03;Biomass
0.175;0.1;0.1;0.2;0.03;0.018;BiomassOxy_CC
0.175;0.1;0.1;0.2;0.03;0.03;BioCH4Oxy_CC
0.175;0.1;0.1;0.2;0.05;0.018;BiomassOxy_CC
0.175;0.1;0.1;0.2;0.05;0.03;BiomassOxy_CC
0.175;0.1;0.1;0.2;0.07;0.018;BiomassOxy_CC
0.175;0.1;0.1;0.2;0.07;0.03;BiomassOxy_CC
0.175;0.1;0.1;0.25;0.03;0.018;BiomassOxy_CC
0.175;0.1;0.1;0.25;0.03;0.03;BioCH4Oxy_CC
0.175;0.1;0.1;0.25;0.05;0.018;BiomassOxy_CC
0.175;0.1;0.1;0.25;0.05;0.03;BiomassOxy_CC
0.175;0.1;0.1;0.25;0.07;0.018;BiomassOxy_CC
0.175;0.1;0.1;0.25;0.07;0.03;BiomassOxy_CC
0.175;0.15;0.01;0.075;0.03;0.018;Biomass
0.175;0.15;0.01;0.075;0.03;0.03;NG
0.175;0.15;0.01;0.075;0.05;0.018;Biomass
0.175;0.15;0.01;0.075;0.05;0.03;NG
0.175;0.15;0.01;0.075;0.07;0.018;Biomass
0.175;0.15;0.01;0.075;0.07;0.03;NG
0.175;0.15;0.01;0.1;0.03;0.018;Biomass
0.175;0.15;0.01;0.1;0.03;0.03;NG
0.175;0.15;0.01;0.1;0.05;0.018;Biomass
0.175;0.15;0.01;0.1;0.05;0.03;NG
0.175;0.15;0.01;0.1;0.07;0.018;Biomass
0.175;0.15;0.01;0.1;0.07;0.03;NG
0.175;0.15;0.01;0.2;0.03;0.018;Biomass_CC
0.175;0.15;0.01;0.2;0.03;0.03;Biomass_CC
0.175;0.15;0.01;0.2;0.05;0.018;Biomass_CC
0.175;0.15;0.01;0.2;0.05;0.03;Biomass_CC
0.175;0.15;0.01;0.2;0.07;0.018;Biomass_CC
0.175;0.15;0.01;0.2;0.07;0.03;Biomass_CC
0.175;0.15;0.01;0.25;0.03;0.018;Biomass_CC
0.175;0.15;0.01;0.25;0.03;0.03;Biomass_CC
0.175;0.15;0.01;0.25;0.05;0.018;Biomass_CC
0.175;0.15;0.01;0.25;0.05;0.03;Biomass_CC
0.175;0.15;0.01;0.25;0.07;0.018;Biomass_CC
0.175;0.15;0.01;0.25;0.07;0.03;Biomass_CC
0.175;0.15;0.035;0.075;0.03;0.018;Biomass
0.175;0.15;0.035;0.075;0.03;0.03;BioCH4
0.175;0.15;0.035;0.075;0.05;0.018;Biomass
0.175;0.15;0.035;0.075;0.05;0.03;Biomass
0.175;0.15;0.035;0.075;0.07;0.018;Biomass
0.175;0.15;0.035;0.075;0.07;0.03;Biomass
0.175;0.15;0.035;0.1;0.03;0.018;Biomass
0.175;0.15;0.035;0.1;0.03;0.03;BioCH4
0.175;0.15;0.035;0.1;0.05;0.018;Biomass
0.175;0.15;0.035;0.1;0.05;0.03;Biomass
0.175;0.15;0.035;0.1;0.07;0.018;Biomass
0.175;0.15;0.035;0.1;0.07;0.03;Biomass
0.175;0.15;0.035;0.2;0.03;0.018;Biomass_CC
0.175;0.15;0.035;0.2;0.03;0.03;BioCH4Oxy_CC
0.175;0.15;0.035;0.2;0.05;0.018;Biomass_CC
0.175;0.15;0.035;0.2;0.05;0.03;Biomass_CC
0.175;0.15;0.035;0.2;0.07;0.018;Biomass_CC
0.175;0.15;0.035;0.2;0.07;0.03;Biomass_CC
0.175;0.15;0.035;0.25;0.03;0.018;Biomass_CC
0.175;0.15;0.035;0.25;0.03;0.03;BioCH4Oxy_CC
0.175;0.15;0.035;0.25;0.05;0.018;Biomass_CC
0.175;0.15;0.035;0.25;0.05;0.03;Biomass_CC
0.175;0.15;0.035;0.25;0.07;0.018;Biomass_CC
0.175;0.15;0.035;0.25;0.07;0.03;Biomass_CC
0.175;0.15;0.055;0.075;0.03;0.018;Biomass
0.175;0.15;0.055;0.075;0.03;0.03;BioCH4
0.175;0.15;0.055;0.075;0.05;0.018;Biomass
0.175;0.15;0.055;0.075;0.05;0.03;Biomass
0.175;0.15;0.055;0.075;0.07;0.018;Biomass
0.175;0.15;0.055;0.075;0.07;0.03;Biomass
0.175;0.15;0.055;0.1;0.03;0.018;Biomass
0.175;0.15;0.055;0.1;0.03;0.03;BioCH4
0.175;0.15;0.055;0.1;0.05;0.018;Biomass
0.175;0.15;0.055;0.1;0.05;0.03;Biomass
0.175;0.15;0.055;0.1;0.07;0.018;Biomass
0.175;0.15;0.055;0.1;0.07;0.03;Biomass
0.175;0.15;0.055;0.2;0.03;0.018;BiomassOxy_CC
0.175;0.15;0.055;0.2;0.03;0.03;BioCH4Oxy_CC
0.175;0.15;0.055;0.2;0.05;0.018;BiomassOxy_CC
0.175;0.15;0.055;0.2;0.05;0.03;BiomassOxy_CC
0.175;0.15;0.055;0.2;0.07;0.018;BiomassOxy_CC
0.175;0.15;0.055;0.2;0.07;0.03;BiomassOxy_CC
0.175;0.15;0.055;0.25;0.03;0.018;BiomassOxy_CC
0.175;0.15;0.055;0.25;0.03;0.03;BioCH4Oxy_CC
0.175;0.15;0.055;0.25;0.05;0.018;BiomassOxy_CC
0.175;0.15;0.055;0.25;0.05;0.03;BiomassOxy_CC
0.175;0.15;0.055;0.25;0.07;0.018;BiomassOxy_CC
0.175;0.15;0.055;0.25;0.07;0.03;BiomassOxy_CC
0.175;0.15;0.075;0.075;0.03;0.018;Biomass
0.175;0.15;0.075;0.075;0.03;0.03;BioCH4
0.175;0.15;0.075;0.075;0.05;0.018;Biomass
0.175;0.15;0.075;0.075;0.05;0.03;Biomass
0.175;0.15;0.075;0.075;0.07;0.018;Biomass
0.175;0.15;0.075;0.075;0.07;0.03;Biomass
0.175;0.15;0.075;0.1;0.03;0.018;Biomass
0.175;0.15;0.075;0.1;0.03;0.03;BioCH4
0.175;0.15;0.075;0.1;0.05;0.018;Biomass
0.175;0.15;0.075;0.1;0.05;0.03;Biomass
0.175;0.15;0.075;0.1;0.07;0.018;Biomass
0.175;0.15;0.075;0.1;0.07;0.03;Biomass
0.175;0.15;0.075;0.2;0.03;0.018;BiomassOxy_CC
0.175;0.15;0.075;0.2;0.03;0.03;BioCH4Oxy_CC
0.175;0.15;0.075;0.2;0.05;0.018;BiomassOxy_CC
0.175;0.15;0.075;0.2;0.05;0.03;BiomassOxy_CC
0.175;0.15;0.075;0.2;0.07;0.018;BiomassOxy_CC
0.175;0.15;0.075;0.2;0.07;0.03;BiomassOxy_CC
0.175;0.15;0.075;0.25;0.03;0.018;BiomassOxy_CC
0.175;0.15;0.075;0.25;0.03;0.03;BioCH4Oxy_CC
0.175;0.15;0.075;0.25;0.05;0.018;BiomassOxy_CC
0.175;0.15;0.075;0.25;0.05;0.03;BiomassOxy_CC
0.175;0.15;0.075;0.25;0.07;0.018;BiomassOxy_CC
0.175;0.15;0.075;0.25;0.07;0.03;BiomassOxy_CC
0.175;0.15;0.1;0.075;0.03;0.018;Biomass
0.175;0.15;0.1;0.075;0.03;0.03;BioCH4
0.175;0.15;0.1;0.075;0.05;0.018;Biomass
0.175;0.15;0.1;0.075;0.05;0.03;Biomass
0.175;0.15;0.1;0.075;0.07;0.018;Biomass
0.175;0.15;0.1;0.075;0.07;0.03;Biomass
0.175;0.15;0.1;0.1;0.03;0.018;Biomass
0.175;0.15;0.1;0.1;0.03;0.03;BioCH4
0.175;0.15;0.1;0.1;0.05;0.018;Biomass
0.175;0.15;0.1;0.1;0.05;0.03;Biomass
0.175;0.15;0.1;0.1;0.07;0.018;Biomass
0.175;0.15;0.1;0.1;0.07;0.03;Biomass
0.175;0.15;0.1;0.2;0.03;0.018;BiomassOxy_CC
0.175;0.15;0.1;0.2;0.03;0.03;BioCH4Oxy_CC
0.175;0.15;0.1;0.2;0.05;0.018;BiomassOxy_CC
0.175;0.15;0.1;0.2;0.05;0.03;BiomassOxy_CC
0.175;0.15;0.1;0.2;0.07;0.018;BiomassOxy_CC
0.175;0.15;0.1;0.2;0.07;0.03;BiomassOxy_CC
0.175;0.15;0.1;0.25;0.03;0.018;BiomassOxy_CC
0.175;0.15;0.1;0.25;0.03;0.03;BioCH4Oxy_CC
0.175;0.15;0.1;0.25;0.05;0.018;BiomassOxy_CC
0.175;0.15;0.1;0.25;0.05;0.03;BiomassOxy_CC
0.175;0.15;0.1;0.25;0.07;0.018;BiomassOxy_CC
0.175;0.15;0.1;0.25;0.07;0.03;BiomassOxy_CC
0.175;0.2;0.01;0.075;0.03;0.018;Biomass
0.175;0.2;0.01;0.075;0.03;0.03;NG
0.175;0.2;0.01;0.075;0.05;0.018;Biomass
0.175;0.2;0.01;0.075;0.05;0.03;NG
0.175;0.2;0.01;0.075;0.07;0.018;Biomass
0.175;0.2;0.01;0.075;0.07;0.03;NG
0.175;0.2;0.01;0.1;0.03;0.018;Biomass
0.175;0.2;0.01;0.1;0.03;0.03;NG
0.175;0.2;0.01;0.1;0.05;0.018;Biomass
0.175;0.2;0.01;0.1;0.05;0.03;NG
0.175;0.2;0.01;0.1;0.07;0.018;Biomass
0.175;0.2;0.01;0.1;0.07;0.03;NG
0.175;0.2;0.01;0.2;0.03;0.018;Biomass_CC
0.175;0.2;0.01;0.2;0.03;0.03;Biomass_CC
0.175;0.2;0.01;0.2;0.05;0.018;Biomass_CC
0.175;0.2;0.01;0.2;0.05;0.03;Biomass_CC
0.175;0.2;0.01;0.2;0.07;0.018;Biomass_CC
0.175;0.2;0.01;0.2;0.07;0.03;Biomass_CC
0.175;0.2;0.01;0.25;0.03;0.018;Biomass_CC
0.175;0.2;0.01;0.25;0.03;0.03;Biomass_CC
0.175;0.2;0.01;0.25;0.05;0.018;Biomass_CC
0.175;0.2;0.01;0.25;0.05;0.03;Biomass_CC
0.175;0.2;0.01;0.25;0.07;0.018;Biomass_CC
0.175;0.2;0.01;0.25;0.07;0.03;Biomass_CC
0.175;0.2;0.035;0.075;0.03;0.018;Biomass
0.175;0.2;0.035;0.075;0.03;0.03;BioCH4
0.175;0.2;0.035;0.075;0.05;0.018;Biomass
0.175;0.2;0.035;0.075;0.05;0.03;Biomass
0.175;0.2;0.035;0.075;0.07;0.018;Biomass
0.175;0.2;0.035;0.075;0.07;0.03;Biomass
0.175;0.2;0.035;0.1;0.03;0.018;Biomass
0.175;0.2;0.035;0.1;0.03;0.03;BioCH4
0.175;0.2;0.035;0.1;0.05;0.018;Biomass
0.175;0.2;0.035;0.1;0.05;0.03;Biomass
0.175;0.2;0.035;0.1;0.07;0.018;Biomass
0.175;0.2;0.035;0.1;0.07;0.03;Biomass
0.175;0.2;0.035;0.2;0.03;0.018;Biomass_CC
0.175;0.2;0.035;0.2;0.03;0.03;BioCH4Oxy_CC
0.175;0.2;0.035;0.2;0.05;0.018;Biomass_CC
0.175;0.2;0.035;0.2;0.05;0.03;Biomass_CC
0.175;0.2;0.035;0.2;0.07;0.018;Biomass_CC
0.175;0.2;0.035;0.2;0.07;0.03;Biomass_CC
0.175;0.2;0.035;0.25;0.03;0.018;Biomass_CC
0.175;0.2;0.035;0.25;0.03;0.03;BioCH4Oxy_CC
0.175;0.2;0.035;0.25;0.05;0.018;Biomass_CC
0.175;0.2;0.035;0.25;0.05;0.03;Biomass_CC
0.175;0.2;0.035;0.25;0.07;0.018;Biomass_CC
0.175;0.2;0.035;0.25;0.07;0.03;Biomass_CC
0.175;0.2;0.055;0.075;0.03;0.018;Biomass
0.175;0.2;0.055;0.075;0.03;0.03;BioCH4
0.175;0.2;0.055;0.075;0.05;0.018;Biomass
0.175;0.2;0.055;0.075;0.05;0.03;Biomass
0.175;0.2;0.055;0.075;0.07;0.018;Biomass
0.175;0.2;0.055;0.075;0.07;0.03;Biomass
0.175;0.2;0.055;0.1;0.03;0.018;Biomass
0.175;0.2;0.055;0.1;0.03;0.03;BioCH4
0.175;0.2;0.055;0.1;0.05;0.018;Biomass
0.175;0.2;0.055;0.1;0.05;0.03;Biomass
0.175;0.2;0.055;0.1;0.07;0.018;Biomass
0.175;0.2;0.055;0.1;0.07;0.03;Biomass
0.175;0.2;0.055;0.2;0.03;0.018;BiomassOxy_CC
0.175;0.2;0.055;0.2;0.03;0.03;BioCH4Oxy_CC
0.175;0.2;0.055;0.2;0.05;0.018;BiomassOxy_CC
0.175;0.2;0.055;0.2;0.05;0.03;BiomassOxy_CC
0.175;0.2;0.055;0.2;0.07;0.018;BiomassOxy_CC
0.175;0.2;0.055;0.2;0.07;0.03;BiomassOxy_CC
0.175;0.2;0.055;0.25;0.03;0.018;BiomassOxy_CC
0.175;0.2;0.055;0.25;0.03;0.03;BioCH4Oxy_CC
0.175;0.2;0.055;0.25;0.05;0.018;BiomassOxy_CC
0.175;0.2;0.055;0.25;0.05;0.03;BiomassOxy_CC
0.175;0.2;0.055;0.25;0.07;0.018;BiomassOxy_CC
0.175;0.2;0.055;0.25;0.07;0.03;BiomassOxy_CC
0.175;0.2;0.075;0.075;0.03;0.018;Biomass
0.175;0.2;0.075;0.075;0.03;0.03;BioCH4
0.175;0.2;0.075;0.075;0.05;0.018;Biomass
0.175;0.2;0.075;0.075;0.05;0.03;Biomass
0.175;0.2;0.075;0.075;0.07;0.018;Biomass
0.175;0.2;0.075;0.075;0.07;0.03;Biomass
0.175;0.2;0.075;0.1;0.03;0.018;Biomass
0.175;0.2;0.075;0.1;0.03;0.03;BioCH4
0.175;0.2;0.075;0.1;0.05;0.018;Biomass
0.175;0.2;0.075;0.1;0.05;0.03;Biomass
0.175;0.2;0.075;0.1;0.07;0.018;Biomass
0.175;0.2;0.075;0.1;0.07;0.03;Biomass
0.175;0.2;0.075;0.2;0.03;0.018;BiomassOxy_CC
0.175;0.2;0.075;0.2;0.03;0.03;BioCH4Oxy_CC
0.175;0.2;0.075;0.2;0.05;0.018;BiomassOxy_CC
0.175;0.2;0.075;0.2;0.05;0.03;BiomassOxy_CC
0.175;0.2;0.075;0.2;0.07;0.018;BiomassOxy_CC
0.175;0.2;0.075;0.2;0.07;0.03;BiomassOxy_CC
0.175;0.2;0.075;0.25;0.03;0.018;BiomassOxy_CC
0.175;0.2;0.075;0.25;0.03;0.03;BioCH4Oxy_CC
0.175;0.2;0.075;0.25;0.05;0.018;BiomassOxy_CC
0.175;0.2;0.075;0.25;0.05;0.03;BiomassOxy_CC
0.175;0.2;0.075;0.25;0.07;0.018;BiomassOxy_CC
0.175;0.2;0.075;0.25;0.07;0.03;BiomassOxy_CC
0.175;0.2;0.1;0.075;0.03;0.018;Biomass
0.175;0.2;0.1;0.075;0.03;0.03;BioCH4
0.175;0.2;0.1;0.075;0.05;0.018;Biomass
0.175;0.2;0.1;0.075;0.05;0.03;Biomass
0.175;0.2;0.1;0.075;0.07;0.018;Biomass
0.175;0.2;0.1;0.075;0.07;0.03;Biomass
0.175;0.2;0.1;0.1;0.03;0.018;Biomass
0.175;0.2;0.1;0.1;0.03;0.03;BioCH4
0.175;0.2;0.1;0.1;0.05;0.018;Biomass
0.175;0.2;0.1;0.1;0.05;0.03;Biomass
0.175;0.2;0.1;0.1;0.07;0.018;Biomass
0.175;0.2;0.1;0.1;0.07;0.03;Biomass
0.175;0.2;0.1;0.2;0.03;0.018;BiomassOxy_CC
0.175;0.2;0.1;0.2;0.03;0.03;BioCH4Oxy_CC
0.175;0.2;0.1;0.2;0.05;0.018;BiomassOxy_CC
0.175;0.2;0.1;0.2;0.05;0.03;BiomassOxy_CC
0.175;0.2;0.1;0.2;0.07;0.018;BiomassOxy_CC
0.175;0.2;0.1;0.2;0.07;0.03;BiomassOxy_CC
0.175;0.2;0.1;0.25;0.03;0.018;BiomassOxy_CC
0.175;0.2;0.1;0.25;0.03;0.03;BioCH4Oxy_CC
0.175;0.2;0.1;0.25;0.05;0.018;BiomassOxy_CC
0.175;0.2;0.1;0.25;0.05;0.03;BiomassOxy_CC
0.175;0.2;0.1;0.25;0.07;0.018;BiomassOxy_CC
0.175;0.2;0.1;0.25;0.07;0.03;BiomassOxy_CC
0.01;0.01;0.01;0.075;0.03;0.05;Plasma
0.01;0.01;0.01;0.075;0.05;0.05;Plasma
0.01;0.01;0.01;0.075;0.07;0.05;Plasma
0.01;0.01;0.01;0.1;0.03;0.05;Plasma_CC
0.01;0.01;0.01;0.1;0.05;0.05;Plasma_CC
0.01;0.01;0.01;0.1;0.07;0.05;Plasma_CC
0.01;0.01;0.01;0.2;0.03;0.05;Plasma_CC
0.01;0.01;0.01;0.2;0.05;0.05;Plasma_CC
0.01;0.01;0.01;0.2;0.07;0.05;Plasma_CC
0.01;0.01;0.01;0.25;0.03;0.05;Plasma_CC
0.01;0.01;0.01;0.25;0.05;0.05;Plasma_CC
0.01;0.01;0.01;0.25;0.07;0.05;Plasma_CC
0.01;0.01;0.035;0.075;0.03;0.05;Plasma
0.01;0.01;0.035;0.075;0.05;0.05;Plasma
0.01;0.01;0.035;0.075;0.07;0.05;Plasma
0.01;0.01;0.035;0.1;0.03;0.05;Plasma_CC
0.01;0.01;0.035;0.1;0.05;0.05;Plasma_CC
0.01;0.01;0.035;0.1;0.07;0.05;Plasma_CC
0.01;0.01;0.035;0.2;0.03;0.05;Plasma_CC
0.01;0.01;0.035;0.2;0.05;0.05;Plasma_CC
0.01;0.01;0.035;0.2;0.07;0.05;Plasma_CC
0.01;0.01;0.035;0.25;0.03;0.05;Plasma_CC
0.01;0.01;0.035;0.25;0.05;0.05;Plasma_CC
0.01;0.01;0.035;0.25;0.07;0.05;Plasma_CC
0.01;0.01;0.055;0.075;0.03;0.05;Plasma
0.01;0.01;0.055;0.075;0.05;0.05;Plasma
0.01;0.01;0.055;0.075;0.07;0.05;Plasma
0.01;0.01;0.055;0.1;0.03;0.05;Plasma_CC
0.01;0.01;0.055;0.1;0.05;0.05;Plasma_CC
0.01;0.01;0.055;0.1;0.07;0.05;Plasma_CC
0.01;0.01;0.055;0.2;0.03;0.05;Plasma_CC
0.01;0.01;0.055;0.2;0.05;0.05;Plasma_CC
0.01;0.01;0.055;0.2;0.07;0.05;Plasma_CC
0.01;0.01;0.055;0.25;0.03;0.05;Plasma_CC
0.01;0.01;0.055;0.25;0.05;0.05;Plasma_CC
0.01;0.01;0.055;0.25;0.07;0.05;Plasma_CC
0.01;0.01;0.075;0.075;0.03;0.05;Plasma
0.01;0.01;0.075;0.075;0.05;0.05;Plasma
0.01;0.01;0.075;0.075;0.07;0.05;Plasma
0.01;0.01;0.075;0.1;0.03;0.05;Plasma_CC
0.01;0.01;0.075;0.1;0.05;0.05;Plasma_CC
0.01;0.01;0.075;0.1;0.07;0.05;Plasma_CC
0.01;0.01;0.075;0.2;0.03;0.05;Plasma_CC
0.01;0.01;0.075;0.2;0.05;0.05;Plasma_CC
0.01;0.01;0.075;0.2;0.07;0.05;Plasma_CC
0.01;0.01;0.075;0.25;0.03;0.05;Plasma_CC
0.01;0.01;0.075;0.25;0.05;0.05;Plasma_CC
0.01;0.01;0.075;0.25;0.07;0.05;Plasma_CC
0.01;0.01;0.1;0.075;0.03;0.05;Plasma
0.01;0.01;0.1;0.075;0.05;0.05;Plasma
0.01;0.01;0.1;0.075;0.07;0.05;Plasma
0.01;0.01;0.1;0.1;0.03;0.05;Plasma_CC
0.01;0.01;0.1;0.1;0.05;0.05;Plasma_CC
0.01;0.01;0.1;0.1;0.07;0.05;Plasma_CC
0.01;0.01;0.1;0.2;0.03;0.05;Plasma_CC
0.01;0.01;0.1;0.2;0.05;0.05;Plasma_CC
0.01;0.01;0.1;0.2;0.07;0.05;Plasma_CC
0.01;0.01;0.1;0.25;0.03;0.05;Plasma_CC
0.01;0.01;0.1;0.25;0.05;0.05;Plasma_CC
0.01;0.01;0.1;0.25;0.07;0.05;Plasma_CC
0.01;0.025;0.01;0.075;0.03;0.05;Plasma
0.01;0.025;0.01;0.075;0.05;0.05;Plasma
0.01;0.025;0.01;0.075;0.07;0.05;Plasma
0.01;0.025;0.01;0.1;0.03;0.05;Plasma_CC
0.01;0.025;0.01;0.1;0.05;0.05;Plasma_CC
0.01;0.025;0.01;0.1;0.07;0.05;Plasma_CC
0.01;0.025;0.01;0.2;0.03;0.05;Plasma_CC
0.01;0.025;0.01;0.2;0.05;0.05;Plasma_CC
0.01;0.025;0.01;0.2;0.07;0.05;Plasma_CC
0.01;0.025;0.01;0.25;0.03;0.05;Plasma_CC
0.01;0.025;0.01;0.25;0.05;0.05;Plasma_CC
0.01;0.025;0.01;0.25;0.07;0.05;Plasma_CC
0.01;0.025;0.035;0.075;0.03;0.05;Plasma
0.01;0.025;0.035;0.075;0.05;0.05;Plasma
0.01;0.025;0.035;0.075;0.07;0.05;Plasma
0.01;0.025;0.035;0.1;0.03;0.05;Plasma_CC
0.01;0.025;0.035;0.1;0.05;0.05;Plasma_CC
0.01;0.025;0.035;0.1;0.07;0.05;Plasma_CC
0.01;0.025;0.035;0.2;0.03;0.05;Plasma_CC
0.01;0.025;0.035;0.2;0.05;0.05;Plasma_CC
0.01;0.025;0.035;0.2;0.07;0.05;Plasma_CC
0.01;0.025;0.035;0.25;0.03;0.05;Plasma_CC
0.01;0.025;0.035;0.25;0.05;0.05;Plasma_CC
0.01;0.025;0.035;0.25;0.07;0.05;Plasma_CC
0.01;0.025;0.055;0.075;0.03;0.05;Plasma
0.01;0.025;0.055;0.075;0.05;0.05;Plasma
0.01;0.025;0.055;0.075;0.07;0.05;Plasma
0.01;0.025;0.055;0.1;0.03;0.05;Plasma_CC
0.01;0.025;0.055;0.1;0.05;0.05;Plasma_CC
0.01;0.025;0.055;0.1;0.07;0.05;Plasma_CC
0.01;0.025;0.055;0.2;0.03;0.05;Plasma_CC
0.01;0.025;0.055;0.2;0.05;0.05;Plasma_CC
0.01;0.025;0.055;0.2;0.07;0.05;Plasma_CC
0.01;0.025;0.055;0.25;0.03;0.05;Plasma_CC
0.01;0.025;0.055;0.25;0.05;0.05;Plasma_CC
0.01;0.025;0.055;0.25;0.07;0.05;Plasma_CC
0.01;0.025;0.075;0.075;0.03;0.05;Plasma
0.01;0.025;0.075;0.075;0.05;0.05;Plasma
0.01;0.025;0.075;0.075;0.07;0.05;Plasma
0.01;0.025;0.075;0.1;0.03;0.05;Plasma_CC
0.01;0.025;0.075;0.1;0.05;0.05;Plasma_CC
0.01;0.025;0.075;0.1;0.07;0.05;Plasma_CC
0.01;0.025;0.075;0.2;0.03;0.05;Plasma_CC
0.01;0.025;0.075;0.2;0.05;0.05;Plasma_CC
0.01;0.025;0.075;0.2;0.07;0.05;Plasma_CC
0.01;0.025;0.075;0.25;0.03;0.05;Plasma_CC
0.01;0.025;0.075;0.25;0.05;0.05;Plasma_CC
0.01;0.025;0.075;0.25;0.07;0.05;Plasma_CC
0.01;0.025;0.1;0.075;0.03;0.05;Plasma
0.01;0.025;0.1;0.075;0.05;0.05;Plasma
0.01;0.025;0.1;0.075;0.07;0.05;Plasma
0.01;0.025;0.1;0.1;0.03;0.05;Plasma_CC
0.01;0.025;0.1;0.1;0.05;0.05;Plasma_CC
0.01;0.025;0.1;0.1;0.07;0.05;Plasma_CC
0.01;0.025;0.1;0.2;0.03;0.05;Plasma_CC
0.01;0.025;0.1;0.2;0.05;0.05;Plasma_CC
0.01;0.025;0.1;0.2;0.07;0.05;Plasma_CC
0.01;0.025;0.1;0.25;0.03;0.05;Plasma_CC
0.01;0.025;0.1;0.25;0.05;0.05;Plasma_CC
0.01;0.025;0.1;0.25;0.07;0.05;Plasma_CC
0.01;0.05;0.01;0.075;0.03;0.05;Plasma
0.01;0.05;0.01;0.075;0.05;0.05;Plasma
0.01;0.05;0.01;0.075;0.07;0.05;Plasma
0.01;0.05;0.01;0.1;0.03;0.05;Plasma_CC
0.01;0.05;0.01;0.1;0.05;0.05;Plasma_CC
0.01;0.05;0.01;0.1;0.07;0.05;Plasma_CC
0.01;0.05;0.01;0.2;0.03;0.05;Plasma_CC
0.01;0.05;0.01;0.2;0.05;0.05;Plasma_CC
0.01;0.05;0.01;0.2;0.07;0.05;Plasma_CC
0.01;0.05;0.01;0.25;0.03;0.05;Plasma_CC
0.01;0.05;0.01;0.25;0.05;0.05;Plasma_CC
0.01;0.05;0.01;0.25;0.07;0.05;Plasma_CC
0.01;0.05;0.035;0.075;0.03;0.05;Plasma
0.01;0.05;0.035;0.075;0.05;0.05;Plasma
0.01;0.05;0.035;0.075;0.07;0.05;Plasma
0.01;0.05;0.035;0.1;0.03;0.05;Plasma_CC
0.01;0.05;0.035;0.1;0.05;0.05;Plasma_CC
0.01;0.05;0.035;0.1;0.07;0.05;Plasma_CC
0.01;0.05;0.035;0.2;0.03;0.05;Plasma_CC
0.01;0.05;0.035;0.2;0.05;0.05;Plasma_CC
0.01;0.05;0.035;0.2;0.07;0.05;Plasma_CC
0.01;0.05;0.035;0.25;0.03;0.05;Plasma_CC
0.01;0.05;0.035;0.25;0.05;0.05;Plasma_CC
0.01;0.05;0.035;0.25;0.07;0.05;Plasma_CC
0.01;0.05;0.055;0.075;0.03;0.05;Plasma
0.01;0.05;0.055;0.075;0.05;0.05;Plasma
0.01;0.05;0.055;0.075;0.07;0.05;Plasma
0.01;0.05;0.055;0.1;0.03;0.05;Plasma_CC
0.01;0.05;0.055;0.1;0.05;0.05;Plasma_CC
0.01;0.05;0.055;0.1;0.07;0.05;Plasma_CC
0.01;0.05;0.055;0.2;0.03;0.05;Plasma_CC
0.01;0.05;0.055;0.2;0.05;0.05;Plasma_CC
0.01;0.05;0.055;0.2;0.07;0.05;Plasma_CC
0.01;0.05;0.055;0.25;0.03;0.05;Plasma_CC
0.01;0.05;0.055;0.25;0.05;0.05;Plasma_CC
0.01;0.05;0.055;0.25;0.07;0.05;Plasma_CC
0.01;0.05;0.075;0.075;0.03;0.05;Plasma
0.01;0.05;0.075;0.075;0.05;0.05;Plasma
0.01;0.05;0.075;0.075;0.07;0.05;Plasma
0.01;0.05;0.075;0.1;0.03;0.05;Plasma_CC
0.01;0.05;0.075;0.1;0.05;0.05;Plasma_CC
0.01;0.05;0.075;0.1;0.07;0.05;Plasma_CC
0.01;0.05;0.075;0.2;0.03;0.05;Plasma_CC
0.01;0.05;0.075;0.2;0.05;0.05;Plasma_CC
0.01;0.05;0.075;0.2;0.07;0.05;Plasma_CC
0.01;0.05;0.075;0.25;0.03;0.05;Plasma_CC
0.01;0.05;0.075;0.25;0.05;0.05;Plasma_CC
0.01;0.05;0.075;0.25;0.07;0.05;Plasma_CC
0.01;0.05;0.1;0.075;0.03;0.05;Plasma
0.01;0.05;0.1;0.075;0.05;0.05;Plasma
0.01;0.05;0.1;0.075;0.07;0.05;Plasma
0.01;0.05;0.1;0.1;0.03;0.05;Plasma_CC
0.01;0.05;0.1;0.1;0.05;0.05;Plasma_CC
0.01;0.05;0.1;0.1;0.07;0.05;Plasma_CC
0.01;0.05;0.1;0.2;0.03;0.05;Plasma_CC
0.01;0.05;0.1;0.2;0.05;0.05;Plasma_CC
0.01;0.05;0.1;0.2;0.07;0.05;Plasma_CC
0.01;0.05;0.1;0.25;0.03;0.05;Plasma_CC
0.01;0.05;0.1;0.25;0.05;0.05;Plasma_CC
0.01;0.05;0.1;0.25;0.07;0.05;Plasma_CC
0.01;0.075;0.01;0.075;0.03;0.05;Plasma
0.01;0.075;0.01;0.075;0.05;0.05;Plasma
0.01;0.075;0.01;0.075;0.07;0.05;Plasma
0.01;0.075;0.01;0.1;0.03;0.05;Plasma_CC
0.01;0.075;0.01;0.1;0.05;0.05;Plasma_CC
0.01;0.075;0.01;0.1;0.07;0.05;Plasma_CC
0.01;0.075;0.01;0.2;0.03;0.05;Plasma_CC
0.01;0.075;0.01;0.2;0.05;0.05;Plasma_CC
0.01;0.075;0.01;0.2;0.07;0.05;Plasma_CC
0.01;0.075;0.01;0.25;0.03;0.05;Plasma_CC
0.01;0.075;0.01;0.25;0.05;0.05;Plasma_CC
0.01;0.075;0.01;0.25;0.07;0.05;Plasma_CC
0.01;0.075;0.035;0.075;0.03;0.05;Plasma
0.01;0.075;0.035;0.075;0.05;0.05;Plasma
0.01;0.075;0.035;0.075;0.07;0.05;Plasma
0.01;0.075;0.035;0.1;0.03;0.05;Plasma_CC
0.01;0.075;0.035;0.1;0.05;0.05;Plasma_CC
0.01;0.075;0.035;0.1;0.07;0.05;Plasma_CC
0.01;0.075;0.035;0.2;0.03;0.05;Plasma_CC
0.01;0.075;0.035;0.2;0.05;0.05;Plasma_CC
0.01;0.075;0.035;0.2;0.07;0.05;Plasma_CC
0.01;0.075;0.035;0.25;0.03;0.05;Plasma_CC
0.01;0.075;0.035;0.25;0.05;0.05;Plasma_CC
0.01;0.075;0.035;0.25;0.07;0.05;Plasma_CC
0.01;0.075;0.055;0.075;0.03;0.05;Plasma
0.01;0.075;0.055;0.075;0.05;0.05;Plasma
0.01;0.075;0.055;0.075;0.07;0.05;Plasma
0.01;0.075;0.055;0.1;0.03;0.05;Plasma_CC
0.01;0.075;0.055;0.1;0.05;0.05;Plasma_CC
0.01;0.075;0.055;0.1;0.07;0.05;Plasma_CC
0.01;0.075;0.055;0.2;0.03;0.05;Plasma_CC
0.01;0.075;0.055;0.2;0.05;0.05;Plasma_CC
0.01;0.075;0.055;0.2;0.07;0.05;Plasma_CC
0.01;0.075;0.055;0.25;0.03;0.05;Plasma_CC
0.01;0.075;0.055;0.25;0.05;0.05;Plasma_CC
0.01;0.075;0.055;0.25;0.07;0.05;Plasma_CC
0.01;0.075;0.075;0.075;0.03;0.05;Plasma
0.01;0.075;0.075;0.075;0.05;0.05;Plasma
0.01;0.075;0.075;0.075;0.07;0.05;Plasma
0.01;0.075;0.075;0.1;0.03;0.05;Plasma_CC
0.01;0.075;0.075;0.1;0.05;0.05;Plasma_CC
0.01;0.075;0.075;0.1;0.07;0.05;Plasma_CC
0.01;0.075;0.075;0.2;0.03;0.05;Plasma_CC
0.01;0.075;0.075;0.2;0.05;0.05;Plasma_CC
0.01;0.075;0.075;0.2;0.07;0.05;Plasma_CC
0.01;0.075;0.075;0.25;0.03;0.05;Plasma_CC
0.01;0.075;0.075;0.25;0.05;0.05;Plasma_CC
0.01;0.075;0.075;0.25;0.07;0.05;Plasma_CC
0.01;0.075;0.1;0.075;0.03;0.05;Plasma
0.01;0.075;0.1;0.075;0.05;0.05;Plasma
0.01;0.075;0.1;0.075;0.07;0.05;Plasma
0.01;0.075;0.1;0.1;0.03;0.05;Plasma_CC
0.01;0.075;0.1;0.1;0.05;0.05;Plasma_CC
0.01;0.075;0.1;0.1;0.07;0.05;Plasma_CC
0.01;0.075;0.1;0.2;0.03;0.05;Plasma_CC
0.01;0.075;0.1;0.2;0.05;0.05;Plasma_CC
0.01;0.075;0.1;0.2;0.07;0.05;Plasma_CC
0.01;0.075;0.1;0.25;0.03;0.05;Plasma_CC
0.01;0.075;0.1;0.25;0.05;0.05;Plasma_CC
0.01;0.075;0.1;0.25;0.07;0.05;Plasma_CC
0.01;0.1;0.01;0.075;0.03;0.05;Plasma
0.01;0.1;0.01;0.075;0.05;0.05;Plasma
0.01;0.1;0.01;0.075;0.07;0.05;Plasma
0.01;0.1;0.01;0.1;0.03;0.05;Plasma_CC
0.01;0.1;0.01;0.1;0.05;0.05;Plasma_CC
0.01;0.1;0.01;0.1;0.07;0.05;Plasma_CC
0.01;0.1;0.01;0.2;0.03;0.05;Plasma_CC
0.01;0.1;0.01;0.2;0.05;0.05;Plasma_CC
0.01;0.1;0.01;0.2;0.07;0.05;Plasma_CC
0.01;0.1;0.01;0.25;0.03;0.05;Plasma_CC
0.01;0.1;0.01;0.25;0.05;0.05;Plasma_CC
0.01;0.1;0.01;0.25;0.07;0.05;Plasma_CC
0.01;0.1;0.035;0.075;0.03;0.05;Plasma
0.01;0.1;0.035;0.075;0.05;0.05;Plasma
0.01;0.1;0.035;0.075;0.07;0.05;Plasma
0.01;0.1;0.035;0.1;0.03;0.05;Plasma_CC
0.01;0.1;0.035;0.1;0.05;0.05;Plasma_CC
0.01;0.1;0.035;0.1;0.07;0.05;Plasma_CC
0.01;0.1;0.035;0.2;0.03;0.05;Plasma_CC
0.01;0.1;0.035;0.2;0.05;0.05;Plasma_CC
0.01;0.1;0.035;0.2;0.07;0.05;Plasma_CC
0.01;0.1;0.035;0.25;0.03;0.05;Plasma_CC
0.01;0.1;0.035;0.25;0.05;0.05;Plasma_CC
0.01;0.1;0.035;0.25;0.07;0.05;Plasma_CC
0.01;0.1;0.055;0.075;0.03;0.05;Plasma
0.01;0.1;0.055;0.075;0.05;0.05;Plasma
0.01;0.1;0.055;0.075;0.07;0.05;Plasma
0.01;0.1;0.055;0.1;0.03;0.05;Plasma_CC
0.01;0.1;0.055;0.1;0.05;0.05;Plasma_CC
0.01;0.1;0.055;0.1;0.07;0.05;Plasma_CC
0.01;0.1;0.055;0.2;0.03;0.05;Plasma_CC
0.01;0.1;0.055;0.2;0.05;0.05;Plasma_CC
0.01;0.1;0.055;0.2;0.07;0.05;Plasma_CC
0.01;0.1;0.055;0.25;0.03;0.05;Plasma_CC
0.01;0.1;0.055;0.25;0.05;0.05;Plasma_CC
0.01;0.1;0.055;0.25;0.07;0.05;Plasma_CC
0.01;0.1;0.075;0.075;0.03;0.05;Plasma
0.01;0.1;0.075;0.075;0.05;0.05;Plasma
0.01;0.1;0.075;0.075;0.07;0.05;Plasma
0.01;0.1;0.075;0.1;0.03;0.05;Plasma_CC
0.01;0.1;0.075;0.1;0.05;0.05;Plasma_CC
0.01;0.1;0.075;0.1;0.07;0.05;Plasma_CC
0.01;0.1;0.075;0.2;0.03;0.05;Plasma_CC
0.01;0.1;0.075;0.2;0.05;0.05;Plasma_CC
0.01;0.1;0.075;0.2;0.07;0.05;Plasma_CC
0.01;0.1;0.075;0.25;0.03;0.05;Plasma_CC
0.01;0.1;0.075;0.25;0.05;0.05;Plasma_CC
0.01;0.1;0.075;0.25;0.07;0.05;Plasma_CC
0.01;0.1;0.1;0.075;0.03;0.05;Plasma
0.01;0.1;0.1;0.075;0.05;0.05;Plasma
0.01;0.1;0.1;0.075;0.07;0.05;Plasma
0.01;0.1;0.1;0.1;0.03;0.05;Plasma_CC
0.01;0.1;0.1;0.1;0.05;0.05;Plasma_CC
0.01;0.1;0.1;0.1;0.07;0.05;Plasma_CC
0.01;0.1;0.1;0.2;0.03;0.05;Plasma_CC
0.01;0.1;0.1;0.2;0.05;0.05;Plasma_CC
0.01;0.1;0.1;0.2;0.07;0.05;Plasma_CC
0.01;0.1;0.1;0.25;0.03;0.05;Plasma_CC
0.01;0.1;0.1;0.25;0.05;0.05;Plasma_CC
0.01;0.1;0.1;0.25;0.07;0.05;Plasma_CC
0.01;0.15;0.01;0.075;0.03;0.05;Plasma
0.01;0.15;0.01;0.075;0.05;0.05;Plasma
0.01;0.15;0.01;0.075;0.07;0.05;Plasma
0.01;0.15;0.01;0.1;0.03;0.05;Plasma_CC
0.01;0.15;0.01;0.1;0.05;0.05;Plasma_CC
0.01;0.15;0.01;0.1;0.07;0.05;Plasma_CC
0.01;0.15;0.01;0.2;0.03;0.05;Plasma_CC
0.01;0.15;0.01;0.2;0.05;0.05;Plasma_CC
0.01;0.15;0.01;0.2;0.07;0.05;Plasma_CC
0.01;0.15;0.01;0.25;0.03;0.05;Plasma_CC
0.01;0.15;0.01;0.25;0.05;0.05;Plasma_CC
0.01;0.15;0.01;0.25;0.07;0.05;Plasma_CC
0.01;0.15;0.035;0.075;0.03;0.05;Plasma
0.01;0.15;0.035;0.075;0.05;0.05;Plasma
0.01;0.15;0.035;0.075;0.07;0.05;Plasma
0.01;0.15;0.035;0.1;0.03;0.05;Plasma_CC
0.01;0.15;0.035;0.1;0.05;0.05;Plasma_CC
0.01;0.15;0.035;0.1;0.07;0.05;Plasma_CC
0.01;0.15;0.035;0.2;0.03;0.05;Plasma_CC
0.01;0.15;0.035;0.2;0.05;0.05;Plasma_CC
0.01;0.15;0.035;0.2;0.07;0.05;Plasma_CC
0.01;0.15;0.035;0.25;0.03;0.05;Plasma_CC
0.01;0.15;0.035;0.25;0.05;0.05;Plasma_CC
0.01;0.15;0.035;0.25;0.07;0.05;Plasma_CC
0.01;0.15;0.055;0.075;0.03;0.05;Plasma
0.01;0.15;0.055;0.075;0.05;0.05;Plasma
0.01;0.15;0.055;0.075;0.07;0.05;Plasma
0.01;0.15;0.055;0.1;0.03;0.05;Plasma_CC
0.01;0.15;0.055;0.1;0.05;0.05;Plasma_CC
0.01;0.15;0.055;0.1;0.07;0.05;Plasma_CC
0.01;0.15;0.055;0.2;0.03;0.05;Plasma_CC
0.01;0.15;0.055;0.2;0.05;0.05;Plasma_CC
0.01;0.15;0.055;0.2;0.07;0.05;Plasma_CC
0.01;0.15;0.055;0.25;0.03;0.05;Plasma_CC
0.01;0.15;0.055;0.25;0.05;0.05;Plasma_CC
0.01;0.15;0.055;0.25;0.07;0.05;Plasma_CC
0.01;0.15;0.075;0.075;0.03;0.05;Plasma
0.01;0.15;0.075;0.075;0.05;0.05;Plasma
0.01;0.15;0.075;0.075;0.07;0.05;Plasma
0.01;0.15;0.075;0.1;0.03;0.05;Plasma_CC
0.01;0.15;0.075;0.1;0.05;0.05;Plasma_CC
0.01;0.15;0.075;0.1;0.07;0.05;Plasma_CC
0.01;0.15;0.075;0.2;0.03;0.05;Plasma_CC
0.01;0.15;0.075;0.2;0.05;0.05;Plasma_CC
0.01;0.15;0.075;0.2;0.07;0.05;Plasma_CC
0.01;0.15;0.075;0.25;0.03;0.05;Plasma_CC
0.01;0.15;0.075;0.25;0.05;0.05;Plasma_CC
0.01;0.15;0.075;0.25;0.07;0.05;Plasma_CC
0.01;0.15;0.1;0.075;0.03;0.05;Plasma
0.01;0.15;0.1;0.075;0.05;0.05;Plasma
0.01;0.15;0.1;0.075;0.07;0.05;Plasma
0.01;0.15;0.1;0.1;0.03;0.05;Plasma_CC
0.01;0.15;0.1;0.1;0.05;0.05;Plasma_CC
0.01;0.15;0.1;0.1;0.07;0.05;Plasma_CC
0.01;0.15;0.1;0.2;0.03;0.05;Plasma_CC
0.01;0.15;0.1;0.2;0.05;0.05;Plasma_CC
0.01;0.15;0.1;0.2;0.07;0.05;Plasma_CC
0.01;0.15;0.1;0.25;0.03;0.05;Plasma_CC
0.01;0.15;0.1;0.25;0.05;0.05;Plasma_CC
0.01;0.15;0.1;0.25;0.07;0.05;Plasma_CC
0.01;0.2;0.01;0.075;0.03;0.05;Plasma
0.01;0.2;0.01;0.075;0.05;0.05;Plasma
0.01;0.2;0.01;0.075;0.07;0.05;Plasma
0.01;0.2;0.01;0.1;0.03;0.05;Plasma_CC
0.01;0.2;0.01;0.1;0.05;0.05;Plasma_CC
0.01;0.2;0.01;0.1;0.07;0.05;Plasma_CC
0.01;0.2;0.01;0.2;0.03;0.05;Plasma_CC
0.01;0.2;0.01;0.2;0.05;0.05;Plasma_CC
0.01;0.2;0.01;0.2;0.07;0.05;Plasma_CC
0.01;0.2;0.01;0.25;0.03;0.05;Plasma_CC
0.01;0.2;0.01;0.25;0.05;0.05;Plasma_CC
0.01;0.2;0.01;0.25;0.07;0.05;Plasma_CC
0.01;0.2;0.035;0.075;0.03;0.05;Plasma
0.01;0.2;0.035;0.075;0.05;0.05;Plasma
0.01;0.2;0.035;0.075;0.07;0.05;Plasma
0.01;0.2;0.035;0.1;0.03;0.05;Plasma_CC
0.01;0.2;0.035;0.1;0.05;0.05;Plasma_CC
0.01;0.2;0.035;0.1;0.07;0.05;Plasma_CC
0.01;0.2;0.035;0.2;0.03;0.05;Plasma_CC
0.01;0.2;0.035;0.2;0.05;0.05;Plasma_CC
0.01;0.2;0.035;0.2;0.07;0.05;Plasma_CC
0.01;0.2;0.035;0.25;0.03;0.05;Plasma_CC
0.01;0.2;0.035;0.25;0.05;0.05;Plasma_CC
0.01;0.2;0.035;0.25;0.07;0.05;Plasma_CC
0.01;0.2;0.055;0.075;0.03;0.05;Plasma
0.01;0.2;0.055;0.075;0.05;0.05;Plasma
0.01;0.2;0.055;0.075;0.07;0.05;Plasma
0.01;0.2;0.055;0.1;0.03;0.05;Plasma_CC
0.01;0.2;0.055;0.1;0.05;0.05;Plasma_CC
0.01;0.2;0.055;0.1;0.07;0.05;Plasma_CC
0.01;0.2;0.055;0.2;0.03;0.05;Plasma_CC
0.01;0.2;0.055;0.2;0.05;0.05;Plasma_CC
0.01;0.2;0.055;0.2;0.07;0.05;Plasma_CC
0.01;0.2;0.055;0.25;0.03;0.05;Plasma_CC
0.01;0.2;0.055;0.25;0.05;0.05;Plasma_CC
0.01;0.2;0.055;0.25;0.07;0.05;Plasma_CC
0.01;0.2;0.075;0.075;0.03;0.05;Plasma
0.01;0.2;0.075;0.075;0.05;0.05;Plasma
0.01;0.2;0.075;0.075;0.07;0.05;Plasma
0.01;0.2;0.075;0.1;0.03;0.05;Plasma_CC
0.01;0.2;0.075;0.1;0.05;0.05;Plasma_CC
0.01;0.2;0.075;0.1;0.07;0.05;Plasma_CC
0.01;0.2;0.075;0.2;0.03;0.05;Plasma_CC
0.01;0.2;0.075;0.2;0.05;0.05;Plasma_CC
0.01;0.2;0.075;0.2;0.07;0.05;Plasma_CC
0.01;0.2;0.075;0.25;0.03;0.05;Plasma_CC
0.01;0.2;0.075;0.25;0.05;0.05;Plasma_CC
0.01;0.2;0.075;0.25;0.07;0.05;Plasma_CC
0.01;0.2;0.1;0.075;0.03;0.05;Plasma
0.01;0.2;0.1;0.075;0.05;0.05;Plasma
0.01;0.2;0.1;0.075;0.07;0.05;Plasma
0.01;0.2;0.1;0.1;0.03;0.05;Plasma_CC
0.01;0.2;0.1;0.1;0.05;0.05;Plasma_CC
0.01;0.2;0.1;0.1;0.07;0.05;Plasma_CC
0.01;0.2;0.1;0.2;0.03;0.05;Plasma_CC
0.01;0.2;0.1;0.2;0.05;0.05;Plasma_CC
0.01;0.2;0.1;0.2;0.07;0.05;Plasma_CC
0.01;0.2;0.1;0.25;0.03;0.05;Plasma_CC
0.01;0.2;0.1;0.25;0.05;0.05;Plasma_CC
0.01;0.2;0.1;0.25;0.07;0.05;Plasma_CC
0.025;0.01;0.01;0.075;0.03;0.05;NG
0.025;0.01;0.01;0.075;0.05;0.05;NG
0.025;0.01;0.01;0.075;0.07;0.05;NG
0.025;0.01;0.01;0.1;0.03;0.05;Plasma_CC
0.025;0.01;0.01;0.1;0.05;0.05;Plasma_CC
0.025;0.01;0.01;0.1;0.07;0.05;Plasma_CC
0.025;0.01;0.01;0.2;0.03;0.05;Plasma_CC
0.025;0.01;0.01;0.2;0.05;0.05;Plasma_CC
0.025;0.01;0.01;0.2;0.07;0.05;Plasma_CC
0.025;0.01;0.01;0.25;0.03;0.05;Plasma_CC
0.025;0.01;0.01;0.25;0.05;0.05;Plasma_CC
0.025;0.01;0.01;0.25;0.07;0.05;Plasma_CC
0.025;0.01;0.035;0.075;0.03;0.05;Plasma
0.025;0.01;0.035;0.075;0.05;0.05;Plasma
0.025;0.01;0.035;0.075;0.07;0.05;Plasma
0.025;0.01;0.035;0.1;0.03;0.05;Plasma_CC
0.025;0.01;0.035;0.1;0.05;0.05;Plasma_CC
0.025;0.01;0.035;0.1;0.07;0.05;Plasma_CC
0.025;0.01;0.035;0.2;0.03;0.05;Plasma_CC
0.025;0.01;0.035;0.2;0.05;0.05;Plasma_CC
0.025;0.01;0.035;0.2;0.07;0.05;Plasma_CC
0.025;0.01;0.035;0.25;0.03;0.05;Plasma_CC
0.025;0.01;0.035;0.25;0.05;0.05;Plasma_CC
0.025;0.01;0.035;0.25;0.07;0.05;Plasma_CC
0.025;0.01;0.055;0.075;0.03;0.05;Plasma
0.025;0.01;0.055;0.075;0.05;0.05;Plasma
0.025;0.01;0.055;0.075;0.07;0.05;Plasma
0.025;0.01;0.055;0.1;0.03;0.05;Plasma_CC
0.025;0.01;0.055;0.1;0.05;0.05;Plasma_CC
0.025;0.01;0.055;0.1;0.07;0.05;Plasma_CC
0.025;0.01;0.055;0.2;0.03;0.05;Plasma_CC
0.025;0.01;0.055;0.2;0.05;0.05;Plasma_CC
0.025;0.01;0.055;0.2;0.07;0.05;Plasma_CC
0.025;0.01;0.055;0.25;0.03;0.05;Plasma_CC
0.025;0.01;0.055;0.25;0.05;0.05;Plasma_CC
0.025;0.01;0.055;0.25;0.07;0.05;Plasma_CC
0.025;0.01;0.075;0.075;0.03;0.05;Plasma
0.025;0.01;0.075;0.075;0.05;0.05;Plasma
0.025;0.01;0.075;0.075;0.07;0.05;Plasma
0.025;0.01;0.075;0.1;0.03;0.05;Plasma_CC
0.025;0.01;0.075;0.1;0.05;0.05;Plasma_CC
0.025;0.01;0.075;0.1;0.07;0.05;Plasma_CC
0.025;0.01;0.075;0.2;0.03;0.05;Plasma_CC
0.025;0.01;0.075;0.2;0.05;0.05;Plasma_CC
0.025;0.01;0.075;0.2;0.07;0.05;Plasma_CC
0.025;0.01;0.075;0.25;0.03;0.05;Plasma_CC
0.025;0.01;0.075;0.25;0.05;0.05;Plasma_CC
0.025;0.01;0.075;0.25;0.07;0.05;Plasma_CC
0.025;0.01;0.1;0.075;0.03;0.05;Plasma
0.025;0.01;0.1;0.075;0.05;0.05;Plasma
0.025;0.01;0.1;0.075;0.07;0.05;Plasma
0.025;0.01;0.1;0.1;0.03;0.05;Plasma_CC
0.025;0.01;0.1;0.1;0.05;0.05;Plasma_CC
0.025;0.01;0.1;0.1;0.07;0.05;Plasma_CC
0.025;0.01;0.1;0.2;0.03;0.05;Plasma_CC
0.025;0.01;0.1;0.2;0.05;0.05;Plasma_CC
0.025;0.01;0.1;0.2;0.07;0.05;Plasma_CC
0.025;0.01;0.1;0.25;0.03;0.05;Plasma_CC
0.025;0.01;0.1;0.25;0.05;0.05;Plasma_CC
0.025;0.01;0.1;0.25;0.07;0.05;Plasma_CC
0.025;0.025;0.01;0.075;0.03;0.05;NG
0.025;0.025;0.01;0.075;0.05;0.05;NG
0.025;0.025;0.01;0.075;0.07;0.05;NG
0.025;0.025;0.01;0.1;0.03;0.05;Plasma_CC
0.025;0.025;0.01;0.1;0.05;0.05;Plasma_CC
0.025;0.025;0.01;0.1;0.07;0.05;Plasma_CC
0.025;0.025;0.01;0.2;0.03;0.05;Plasma_CC
0.025;0.025;0.01;0.2;0.05;0.05;Plasma_CC
0.025;0.025;0.01;0.2;0.07;0.05;Plasma_CC
0.025;0.025;0.01;0.25;0.03;0.05;Plasma_CC
0.025;0.025;0.01;0.25;0.05;0.05;Plasma_CC
0.025;0.025;0.01;0.25;0.07;0.05;Plasma_CC
0.025;0.025;0.035;0.075;0.03;0.05;Plasma
0.025;0.025;0.035;0.075;0.05;0.05;Plasma
0.025;0.025;0.035;0.075;0.07;0.05;Plasma
0.025;0.025;0.035;0.1;0.03;0.05;Plasma_CC
0.025;0.025;0.035;0.1;0.05;0.05;Plasma_CC
0.025;0.025;0.035;0.1;0.07;0.05;Plasma_CC
0.025;0.025;0.035;0.2;0.03;0.05;Plasma_CC
0.025;0.025;0.035;0.2;0.05;0.05;Plasma_CC
0.025;0.025;0.035;0.2;0.07;0.05;Plasma_CC
0.025;0.025;0.035;0.25;0.03;0.05;Plasma_CC
0.025;0.025;0.035;0.25;0.05;0.05;Plasma_CC
0.025;0.025;0.035;0.25;0.07;0.05;Plasma_CC
0.025;0.025;0.055;0.075;0.03;0.05;Plasma
0.025;0.025;0.055;0.075;0.05;0.05;Plasma
0.025;0.025;0.055;0.075;0.07;0.05;Plasma
0.025;0.025;0.055;0.1;0.03;0.05;Plasma_CC
0.025;0.025;0.055;0.1;0.05;0.05;Plasma_CC
0.025;0.025;0.055;0.1;0.07;0.05;Plasma_CC
0.025;0.025;0.055;0.2;0.03;0.05;Plasma_CC
0.025;0.025;0.055;0.2;0.05;0.05;Plasma_CC
0.025;0.025;0.055;0.2;0.07;0.05;Plasma_CC
0.025;0.025;0.055;0.25;0.03;0.05;Plasma_CC
0.025;0.025;0.055;0.25;0.05;0.05;Plasma_CC
0.025;0.025;0.055;0.25;0.07;0.05;Plasma_CC
0.025;0.025;0.075;0.075;0.03;0.05;Plasma
0.025;0.025;0.075;0.075;0.05;0.05;Plasma
0.025;0.025;0.075;0.075;0.07;0.05;Plasma
0.025;0.025;0.075;0.1;0.03;0.05;Plasma_CC
0.025;0.025;0.075;0.1;0.05;0.05;Plasma_CC
0.025;0.025;0.075;0.1;0.07;0.05;Plasma_CC
0.025;0.025;0.075;0.2;0.03;0.05;Plasma_CC
0.025;0.025;0.075;0.2;0.05;0.05;Plasma_CC
0.025;0.025;0.075;0.2;0.07;0.05;Plasma_CC
0.025;0.025;0.075;0.25;0.03;0.05;Plasma_CC
0.025;0.025;0.075;0.25;0.05;0.05;Plasma_CC
0.025;0.025;0.075;0.25;0.07;0.05;Plasma_CC
0.025;0.025;0.1;0.075;0.03;0.05;Plasma
0.025;0.025;0.1;0.075;0.05;0.05;Plasma
0.025;0.025;0.1;0.075;0.07;0.05;Plasma
0.025;0.025;0.1;0.1;0.03;0.05;Plasma_CC
0.025;0.025;0.1;0.1;0.05;0.05;Plasma_CC
0.025;0.025;0.1;0.1;0.07;0.05;Plasma_CC
0.025;0.025;0.1;0.2;0.03;0.05;Plasma_CC
0.025;0.025;0.1;0.2;0.05;0.05;Plasma_CC
0.025;0.025;0.1;0.2;0.07;0.05;Plasma_CC
0.025;0.025;0.1;0.25;0.03;0.05;Plasma_CC
0.025;0.025;0.1;0.25;0.05;0.05;Plasma_CC
0.025;0.025;0.1;0.25;0.07;0.05;Plasma_CC
0.025;0.05;0.01;0.075;0.03;0.05;NG
0.025;0.05;0.01;0.075;0.05;0.05;NG
0.025;0.05;0.01;0.075;0.07;0.05;NG
0.025;0.05;0.01;0.1;0.03;0.05;Plasma_CC
0.025;0.05;0.01;0.1;0.05;0.05;Plasma_CC
0.025;0.05;0.01;0.1;0.07;0.05;Plasma_CC
0.025;0.05;0.01;0.2;0.03;0.05;Plasma_CC
0.025;0.05;0.01;0.2;0.05;0.05;Plasma_CC
0.025;0.05;0.01;0.2;0.07;0.05;Plasma_CC
0.025;0.05;0.01;0.25;0.03;0.05;Plasma_CC
0.025;0.05;0.01;0.25;0.05;0.05;Plasma_CC
0.025;0.05;0.01;0.25;0.07;0.05;Plasma_CC
0.025;0.05;0.035;0.075;0.03;0.05;Plasma
0.025;0.05;0.035;0.075;0.05;0.05;Plasma
0.025;0.05;0.035;0.075;0.07;0.05;Plasma
0.025;0.05;0.035;0.1;0.03;0.05;Plasma_CC
0.025;0.05;0.035;0.1;0.05;0.05;Plasma_CC
0.025;0.05;0.035;0.1;0.07;0.05;Plasma_CC
0.025;0.05;0.035;0.2;0.03;0.05;Plasma_CC
0.025;0.05;0.035;0.2;0.05;0.05;Plasma_CC
0.025;0.05;0.035;0.2;0.07;0.05;Plasma_CC
0.025;0.05;0.035;0.25;0.03;0.05;Plasma_CC
0.025;0.05;0.035;0.25;0.05;0.05;Plasma_CC
0.025;0.05;0.035;0.25;0.07;0.05;Plasma_CC
0.025;0.05;0.055;0.075;0.03;0.05;Plasma
0.025;0.05;0.055;0.075;0.05;0.05;Plasma
0.025;0.05;0.055;0.075;0.07;0.05;Plasma
0.025;0.05;0.055;0.1;0.03;0.05;Plasma_CC
0.025;0.05;0.055;0.1;0.05;0.05;Plasma_CC
0.025;0.05;0.055;0.1;0.07;0.05;Plasma_CC
0.025;0.05;0.055;0.2;0.03;0.05;Plasma_CC
0.025;0.05;0.055;0.2;0.05;0.05;Plasma_CC
0.025;0.05;0.055;0.2;0.07;0.05;Plasma_CC
0.025;0.05;0.055;0.25;0.03;0.05;Plasma_CC
0.025;0.05;0.055;0.25;0.05;0.05;Plasma_CC
0.025;0.05;0.055;0.25;0.07;0.05;Plasma_CC
0.025;0.05;0.075;0.075;0.03;0.05;Plasma
0.025;0.05;0.075;0.075;0.05;0.05;Plasma
0.025;0.05;0.075;0.075;0.07;0.05;Plasma
0.025;0.05;0.075;0.1;0.03;0.05;Plasma_CC
0.025;0.05;0.075;0.1;0.05;0.05;Plasma_CC
0.025;0.05;0.075;0.1;0.07;0.05;Plasma_CC
0.025;0.05;0.075;0.2;0.03;0.05;Plasma_CC
0.025;0.05;0.075;0.2;0.05;0.05;Plasma_CC
0.025;0.05;0.075;0.2;0.07;0.05;Plasma_CC
0.025;0.05;0.075;0.25;0.03;0.05;Plasma_CC
0.025;0.05;0.075;0.25;0.05;0.05;Plasma_CC
0.025;0.05;0.075;0.25;0.07;0.05;Plasma_CC
0.025;0.05;0.1;0.075;0.03;0.05;Plasma
0.025;0.05;0.1;0.075;0.05;0.05;Plasma
0.025;0.05;0.1;0.075;0.07;0.05;Plasma
0.025;0.05;0.1;0.1;0.03;0.05;Plasma_CC
0.025;0.05;0.1;0.1;0.05;0.05;Plasma_CC
0.025;0.05;0.1;0.1;0.07;0.05;Plasma_CC
0.025;0.05;0.1;0.2;0.03;0.05;Plasma_CC
0.025;0.05;0.1;0.2;0.05;0.05;Plasma_CC
0.025;0.05;0.1;0.2;0.07;0.05;Plasma_CC
0.025;0.05;0.1;0.25;0.03;0.05;Plasma_CC
0.025;0.05;0.1;0.25;0.05;0.05;Plasma_CC
0.025;0.05;0.1;0.25;0.07;0.05;Plasma_CC
0.025;0.075;0.01;0.075;0.03;0.05;NG
0.025;0.075;0.01;0.075;0.05;0.05;NG
0.025;0.075;0.01;0.075;0.07;0.05;NG
0.025;0.075;0.01;0.1;0.03;0.05;Plasma_CC
0.025;0.075;0.01;0.1;0.05;0.05;Plasma_CC
0.025;0.075;0.01;0.1;0.07;0.05;Plasma_CC
0.025;0.075;0.01;0.2;0.03;0.05;Plasma_CC
0.025;0.075;0.01;0.2;0.05;0.05;Plasma_CC
0.025;0.075;0.01;0.2;0.07;0.05;Plasma_CC
0.025;0.075;0.01;0.25;0.03;0.05;Plasma_CC
0.025;0.075;0.01;0.25;0.05;0.05;Plasma_CC
0.025;0.075;0.01;0.25;0.07;0.05;Plasma_CC
0.025;0.075;0.035;0.075;0.03;0.05;Plasma
0.025;0.075;0.035;0.075;0.05;0.05;Plasma
0.025;0.075;0.035;0.075;0.07;0.05;Plasma
0.025;0.075;0.035;0.1;0.03;0.05;Plasma_CC
0.025;0.075;0.035;0.1;0.05;0.05;Plasma_CC
0.025;0.075;0.035;0.1;0.07;0.05;Plasma_CC
0.025;0.075;0.035;0.2;0.03;0.05;Plasma_CC
0.025;0.075;0.035;0.2;0.05;0.05;Plasma_CC
0.025;0.075;0.035;0.2;0.07;0.05;Plasma_CC
0.025;0.075;0.035;0.25;0.03;0.05;Plasma_CC
0.025;0.075;0.035;0.25;0.05;0.05;Plasma_CC
0.025;0.075;0.035;0.25;0.07;0.05;Plasma_CC
0.025;0.075;0.055;0.075;0.03;0.05;Plasma
0.025;0.075;0.055;0.075;0.05;0.05;Plasma
0.025;0.075;0.055;0.075;0.07;0.05;Plasma
0.025;0.075;0.055;0.1;0.03;0.05;Plasma_CC
0.025;0.075;0.055;0.1;0.05;0.05;Plasma_CC
0.025;0.075;0.055;0.1;0.07;0.05;Plasma_CC
0.025;0.075;0.055;0.2;0.03;0.05;Plasma_CC
0.025;0.075;0.055;0.2;0.05;0.05;Plasma_CC
0.025;0.075;0.055;0.2;0.07;0.05;Plasma_CC
0.025;0.075;0.055;0.25;0.03;0.05;Plasma_CC
0.025;0.075;0.055;0.25;0.05;0.05;Plasma_CC
0.025;0.075;0.055;0.25;0.07;0.05;Plasma_CC
0.025;0.075;0.075;0.075;0.03;0.05;Plasma
0.025;0.075;0.075;0.075;0.05;0.05;Plasma
0.025;0.075;0.075;0.075;0.07;0.05;Plasma
0.025;0.075;0.075;0.1;0.03;0.05;Plasma_CC
0.025;0.075;0.075;0.1;0.05;0.05;Plasma_CC
0.025;0.075;0.075;0.1;0.07;0.05;Plasma_CC
0.025;0.075;0.075;0.2;0.03;0.05;Plasma_CC
0.025;0.075;0.075;0.2;0.05;0.05;Plasma_CC
0.025;0.075;0.075;0.2;0.07;0.05;Plasma_CC
0.025;0.075;0.075;0.25;0.03;0.05;Plasma_CC
0.025;0.075;0.075;0.25;0.05;0.05;Plasma_CC
0.025;0.075;0.075;0.25;0.07;0.05;Plasma_CC
0.025;0.075;0.1;0.075;0.03;0.05;Plasma
0.025;0.075;0.1;0.075;0.05;0.05;Plasma
0.025;0.075;0.1;0.075;0.07;0.05;Plasma
0.025;0.075;0.1;0.1;0.03;0.05;Plasma_CC
0.025;0.075;0.1;0.1;0.05;0.05;Plasma_CC
0.025;0.075;0.1;0.1;0.07;0.05;Plasma_CC
0.025;0.075;0.1;0.2;0.03;0.05;Plasma_CC
0.025;0.075;0.1;0.2;0.05;0.05;Plasma_CC
0.025;0.075;0.1;0.2;0.07;0.05;Plasma_CC
0.025;0.075;0.1;0.25;0.03;0.05;Plasma_CC
0.025;0.075;0.1;0.25;0.05;0.05;Plasma_CC
0.025;0.075;0.1;0.25;0.07;0.05;Plasma_CC
0.025;0.1;0.01;0.075;0.03;0.05;NG
0.025;0.1;0.01;0.075;0.05;0.05;NG
0.025;0.1;0.01;0.075;0.07;0.05;NG
0.025;0.1;0.01;0.1;0.03;0.05;Plasma_CC
0.025;0.1;0.01;0.1;0.05;0.05;Plasma_CC
0.025;0.1;0.01;0.1;0.07;0.05;Plasma_CC
0.025;0.1;0.01;0.2;0.03;0.05;Plasma_CC
0.025;0.1;0.01;0.2;0.05;0.05;Plasma_CC
0.025;0.1;0.01;0.2;0.07;0.05;Plasma_CC
0.025;0.1;0.01;0.25;0.03;0.05;Plasma_CC
0.025;0.1;0.01;0.25;0.05;0.05;Plasma_CC
0.025;0.1;0.01;0.25;0.07;0.05;Plasma_CC
0.025;0.1;0.035;0.075;0.03;0.05;Plasma
0.025;0.1;0.035;0.075;0.05;0.05;Plasma
0.025;0.1;0.035;0.075;0.07;0.05;Plasma
0.025;0.1;0.035;0.1;0.03;0.05;Plasma_CC
0.025;0.1;0.035;0.1;0.05;0.05;Plasma_CC
0.025;0.1;0.035;0.1;0.07;0.05;Plasma_CC
0.025;0.1;0.035;0.2;0.03;0.05;Plasma_CC
0.025;0.1;0.035;0.2;0.05;0.05;Plasma_CC
0.025;0.1;0.035;0.2;0.07;0.05;Plasma_CC
0.025;0.1;0.035;0.25;0.03;0.05;Plasma_CC
0.025;0.1;0.035;0.25;0.05;0.05;Plasma_CC
0.025;0.1;0.035;0.25;0.07;0.05;Plasma_CC
0.025;0.1;0.055;0.075;0.03;0.05;Plasma
0.025;0.1;0.055;0.075;0.05;0.05;Plasma
0.025;0.1;0.055;0.075;0.07;0.05;Plasma
0.025;0.1;0.055;0.1;0.03;0.05;Plasma_CC
0.025;0.1;0.055;0.1;0.05;0.05;Plasma_CC
0.025;0.1;0.055;0.1;0.07;0.05;Plasma_CC
0.025;0.1;0.055;0.2;0.03;0.05;Plasma_CC
0.025;0.1;0.055;0.2;0.05;0.05;Plasma_CC
0.025;0.1;0.055;0.2;0.07;0.05;Plasma_CC
0.025;0.1;0.055;0.25;0.03;0.05;Plasma_CC
0.025;0.1;0.055;0.25;0.05;0.05;Plasma_CC
0.025;0.1;0.055;0.25;0.07;0.05;Plasma_CC
0.025;0.1;0.075;0.075;0.03;0.05;Plasma
0.025;0.1;0.075;0.075;0.05;0.05;Plasma
0.025;0.1;0.075;0.075;0.07;0.05;Plasma
0.025;0.1;0.075;0.1;0.03;0.05;Plasma_CC
0.025;0.1;0.075;0.1;0.05;0.05;Plasma_CC
0.025;0.1;0.075;0.1;0.07;0.05;Plasma_CC
0.025;0.1;0.075;0.2;0.03;0.05;Plasma_CC
0.025;0.1;0.075;0.2;0.05;0.05;Plasma_CC
0.025;0.1;0.075;0.2;0.07;0.05;Plasma_CC
0.025;0.1;0.075;0.25;0.03;0.05;Plasma_CC
0.025;0.1;0.075;0.25;0.05;0.05;Plasma_CC
0.025;0.1;0.075;0.25;0.07;0.05;Plasma_CC
0.025;0.1;0.1;0.075;0.03;0.05;Plasma
0.025;0.1;0.1;0.075;0.05;0.05;Plasma
0.025;0.1;0.1;0.075;0.07;0.05;Plasma
0.025;0.1;0.1;0.1;0.03;0.05;Plasma_CC
0.025;0.1;0.1;0.1;0.05;0.05;Plasma_CC
0.025;0.1;0.1;0.1;0.07;0.05;Plasma_CC
0.025;0.1;0.1;0.2;0.03;0.05;Plasma_CC
0.025;0.1;0.1;0.2;0.05;0.05;Plasma_CC
0.025;0.1;0.1;0.2;0.07;0.05;Plasma_CC
0.025;0.1;0.1;0.25;0.03;0.05;Plasma_CC
0.025;0.1;0.1;0.25;0.05;0.05;Plasma_CC
0.025;0.1;0.1;0.25;0.07;0.05;Plasma_CC
0.025;0.15;0.01;0.075;0.03;0.05;NG
0.025;0.15;0.01;0.075;0.05;0.05;NG
0.025;0.15;0.01;0.075;0.07;0.05;NG
0.025;0.15;0.01;0.1;0.03;0.05;Plasma_CC
0.025;0.15;0.01;0.1;0.05;0.05;Plasma_CC
0.025;0.15;0.01;0.1;0.07;0.05;Plasma_CC
0.025;0.15;0.01;0.2;0.03;0.05;Plasma_CC
0.025;0.15;0.01;0.2;0.05;0.05;Plasma_CC
0.025;0.15;0.01;0.2;0.07;0.05;Plasma_CC
0.025;0.15;0.01;0.25;0.03;0.05;Plasma_CC
0.025;0.15;0.01;0.25;0.05;0.05;Plasma_CC
0.025;0.15;0.01;0.25;0.07;0.05;Plasma_CC
0.025;0.15;0.035;0.075;0.03;0.05;Plasma
0.025;0.15;0.035;0.075;0.05;0.05;Plasma
0.025;0.15;0.035;0.075;0.07;0.05;Plasma
0.025;0.15;0.035;0.1;0.03;0.05;Plasma_CC
0.025;0.15;0.035;0.1;0.05;0.05;Plasma_CC
0.025;0.15;0.035;0.1;0.07;0.05;Plasma_CC
0.025;0.15;0.035;0.2;0.03;0.05;Plasma_CC
0.025;0.15;0.035;0.2;0.05;0.05;Plasma_CC
0.025;0.15;0.035;0.2;0.07;0.05;Plasma_CC
0.025;0.15;0.035;0.25;0.03;0.05;Plasma_CC
0.025;0.15;0.035;0.25;0.05;0.05;Plasma_CC
0.025;0.15;0.035;0.25;0.07;0.05;Plasma_CC
0.025;0.15;0.055;0.075;0.03;0.05;Plasma
0.025;0.15;0.055;0.075;0.05;0.05;Plasma
0.025;0.15;0.055;0.075;0.07;0.05;Plasma
0.025;0.15;0.055;0.1;0.03;0.05;Plasma_CC
0.025;0.15;0.055;0.1;0.05;0.05;Plasma_CC
0.025;0.15;0.055;0.1;0.07;0.05;Plasma_CC
0.025;0.15;0.055;0.2;0.03;0.05;Plasma_CC
0.025;0.15;0.055;0.2;0.05;0.05;Plasma_CC
0.025;0.15;0.055;0.2;0.07;0.05;Plasma_CC
0.025;0.15;0.055;0.25;0.03;0.05;Plasma_CC
0.025;0.15;0.055;0.25;0.05;0.05;Plasma_CC
0.025;0.15;0.055;0.25;0.07;0.05;Plasma_CC
0.025;0.15;0.075;0.075;0.03;0.05;Plasma
0.025;0.15;0.075;0.075;0.05;0.05;Plasma
0.025;0.15;0.075;0.075;0.07;0.05;Plasma
0.025;0.15;0.075;0.1;0.03;0.05;Plasma_CC
0.025;0.15;0.075;0.1;0.05;0.05;Plasma_CC
0.025;0.15;0.075;0.1;0.07;0.05;Plasma_CC
0.025;0.15;0.075;0.2;0.03;0.05;Plasma_CC
0.025;0.15;0.075;0.2;0.05;0.05;Plasma_CC
0.025;0.15;0.075;0.2;0.07;0.05;Plasma_CC
0.025;0.15;0.075;0.25;0.03;0.05;Plasma_CC
0.025;0.15;0.075;0.25;0.05;0.05;Plasma_CC
0.025;0.15;0.075;0.25;0.07;0.05;Plasma_CC
0.025;0.15;0.1;0.075;0.03;0.05;Plasma
0.025;0.15;0.1;0.075;0.05;0.05;Plasma
0.025;0.15;0.1;0.075;0.07;0.05;Plasma
0.025;0.15;0.1;0.1;0.03;0.05;Plasma_CC
0.025;0.15;0.1;0.1;0.05;0.05;Plasma_CC
0.025;0.15;0.1;0.1;0.07;0.05;Plasma_CC
0.025;0.15;0.1;0.2;0.03;0.05;Plasma_CC
0.025;0.15;0.1;0.2;0.05;0.05;Plasma_CC
0.025;0.15;0.1;0.2;0.07;0.05;Plasma_CC
0.025;0.15;0.1;0.25;0.03;0.05;Plasma_CC
0.025;0.15;0.1;0.25;0.05;0.05;Plasma_CC
0.025;0.15;0.1;0.25;0.07;0.05;Plasma_CC
0.025;0.2;0.01;0.075;0.03;0.05;NG
0.025;0.2;0.01;0.075;0.05;0.05;NG
0.025;0.2;0.01;0.075;0.07;0.05;NG
0.025;0.2;0.01;0.1;0.03;0.05;Plasma_CC
0.025;0.2;0.01;0.1;0.05;0.05;Plasma_CC
0.025;0.2;0.01;0.1;0.07;0.05;Plasma_CC
0.025;0.2;0.01;0.2;0.03;0.05;Plasma_CC
0.025;0.2;0.01;0.2;0.05;0.05;Plasma_CC
0.025;0.2;0.01;0.2;0.07;0.05;Plasma_CC
0.025;0.2;0.01;0.25;0.03;0.05;Plasma_CC
0.025;0.2;0.01;0.25;0.05;0.05;Plasma_CC
0.025;0.2;0.01;0.25;0.07;0.05;Plasma_CC
0.025;0.2;0.035;0.075;0.03;0.05;Plasma
0.025;0.2;0.035;0.075;0.05;0.05;Plasma
0.025;0.2;0.035;0.075;0.07;0.05;Plasma
0.025;0.2;0.035;0.1;0.03;0.05;Plasma_CC
0.025;0.2;0.035;0.1;0.05;0.05;Plasma_CC
0.025;0.2;0.035;0.1;0.07;0.05;Plasma_CC
0.025;0.2;0.035;0.2;0.03;0.05;Plasma_CC
0.025;0.2;0.035;0.2;0.05;0.05;Plasma_CC
0.025;0.2;0.035;0.2;0.07;0.05;Plasma_CC
0.025;0.2;0.035;0.25;0.03;0.05;Plasma_CC
0.025;0.2;0.035;0.25;0.05;0.05;Plasma_CC
0.025;0.2;0.035;0.25;0.07;0.05;Plasma_CC
0.025;0.2;0.055;0.075;0.03;0.05;Plasma
0.025;0.2;0.055;0.075;0.05;0.05;Plasma
0.025;0.2;0.055;0.075;0.07;0.05;Plasma
0.025;0.2;0.055;0.1;0.03;0.05;Plasma_CC
0.025;0.2;0.055;0.1;0.05;0.05;Plasma_CC
0.025;0.2;0.055;0.1;0.07;0.05;Plasma_CC
0.025;0.2;0.055;0.2;0.03;0.05;Plasma_CC
0.025;0.2;0.055;0.2;0.05;0.05;Plasma_CC
0.025;0.2;0.055;0.2;0.07;0.05;Plasma_CC
0.025;0.2;0.055;0.25;0.03;0.05;Plasma_CC
0.025;0.2;0.055;0.25;0.05;0.05;Plasma_CC
0.025;0.2;0.055;0.25;0.07;0.05;Plasma_CC
0.025;0.2;0.075;0.075;0.03;0.05;Plasma
0.025;0.2;0.075;0.075;0.05;0.05;Plasma
0.025;0.2;0.075;0.075;0.07;0.05;Plasma
0.025;0.2;0.075;0.1;0.03;0.05;Plasma_CC
0.025;0.2;0.075;0.1;0.05;0.05;Plasma_CC
0.025;0.2;0.075;0.1;0.07;0.05;Plasma_CC
0.025;0.2;0.075;0.2;0.03;0.05;Plasma_CC
0.025;0.2;0.075;0.2;0.05;0.05;Plasma_CC
0.025;0.2;0.075;0.2;0.07;0.05;Plasma_CC
0.025;0.2;0.075;0.25;0.03;0.05;Plasma_CC
0.025;0.2;0.075;0.25;0.05;0.05;Plasma_CC
0.025;0.2;0.075;0.25;0.07;0.05;Plasma_CC
0.025;0.2;0.1;0.075;0.03;0.05;Plasma
0.025;0.2;0.1;0.075;0.05;0.05;Plasma
0.025;0.2;0.1;0.075;0.07;0.05;Plasma
0.025;0.2;0.1;0.1;0.03;0.05;Plasma_CC
0.025;0.2;0.1;0.1;0.05;0.05;Plasma_CC
0.025;0.2;0.1;0.1;0.07;0.05;Plasma_CC
0.025;0.2;0.1;0.2;0.03;0.05;Plasma_CC
0.025;0.2;0.1;0.2;0.05;0.05;Plasma_CC
0.025;0.2;0.1;0.2;0.07;0.05;Plasma_CC
0.025;0.2;0.1;0.25;0.03;0.05;Plasma_CC
0.025;0.2;0.1;0.25;0.05;0.05;Plasma_CC
0.025;0.2;0.1;0.25;0.07;0.05;Plasma_CC
0.05;0.01;0.01;0.075;0.03;0.05;NG
0.05;0.01;0.01;0.075;0.05;0.05;NG
0.05;0.01;0.01;0.075;0.07;0.05;NG
0.05;0.01;0.01;0.1;0.03;0.05;NG
0.05;0.01;0.01;0.1;0.05;0.05;NG
0.05;0.01;0.01;0.1;0.07;0.05;NG
0.05;0.01;0.01;0.2;0.03;0.05;H2Oxy_CC
0.05;0.01;0.01;0.2;0.05;0.05;H2Oxy_CC
0.05;0.01;0.01;0.2;0.07;0.05;H2Oxy_CC
0.05;0.01;0.01;0.25;0.03;0.05;H2Oxy_CC
0.05;0.01;0.01;0.25;0.05;0.05;H2Oxy_CC
0.05;0.01;0.01;0.25;0.07;0.05;H2Oxy_CC
0.05;0.01;0.035;0.075;0.03;0.05;BioCH4
0.05;0.01;0.035;0.075;0.05;0.05;H2Oxy
0.05;0.01;0.035;0.075;0.07;0.05;H2Oxy
0.05;0.01;0.035;0.1;0.03;0.05;BioCH4
0.05;0.01;0.035;0.1;0.05;0.05;H2Oxy_CC
0.05;0.01;0.035;0.1;0.07;0.05;H2Oxy_CC
0.05;0.01;0.035;0.2;0.03;0.05;H2Oxy_CC
0.05;0.01;0.035;0.2;0.05;0.05;H2Oxy_CC
0.05;0.01;0.035;0.2;0.07;0.05;H2Oxy_CC
0.05;0.01;0.035;0.25;0.03;0.05;H2Oxy_CC
0.05;0.01;0.035;0.25;0.05;0.05;H2Oxy_CC
0.05;0.01;0.035;0.25;0.07;0.05;H2Oxy_CC
0.05;0.01;0.055;0.075;0.03;0.05;BioCH4
0.05;0.01;0.055;0.075;0.05;0.05;H2Oxy
0.05;0.01;0.055;0.075;0.07;0.05;H2Oxy
0.05;0.01;0.055;0.1;0.03;0.05;BioCH4
0.05;0.01;0.055;0.1;0.05;0.05;H2Oxy_CC
0.05;0.01;0.055;0.1;0.07;0.05;H2Oxy_CC
0.05;0.01;0.055;0.2;0.03;0.05;H2Oxy_CC
0.05;0.01;0.055;0.2;0.05;0.05;H2Oxy_CC
0.05;0.01;0.055;0.2;0.07;0.05;H2Oxy_CC
0.05;0.01;0.055;0.25;0.03;0.05;H2Oxy_CC
0.05;0.01;0.055;0.25;0.05;0.05;H2Oxy_CC
0.05;0.01;0.055;0.25;0.07;0.05;H2Oxy_CC
0.05;0.01;0.075;0.075;0.03;0.05;BioCH4
0.05;0.01;0.075;0.075;0.05;0.05;H2Oxy
0.05;0.01;0.075;0.075;0.07;0.05;H2Oxy
0.05;0.01;0.075;0.1;0.03;0.05;BioCH4
0.05;0.01;0.075;0.1;0.05;0.05;H2Oxy_CC
0.05;0.01;0.075;0.1;0.07;0.05;H2Oxy_CC
0.05;0.01;0.075;0.2;0.03;0.05;H2Oxy_CC
0.05;0.01;0.075;0.2;0.05;0.05;H2Oxy_CC
0.05;0.01;0.075;0.2;0.07;0.05;H2Oxy_CC
0.05;0.01;0.075;0.25;0.03;0.05;H2Oxy_CC
0.05;0.01;0.075;0.25;0.05;0.05;H2Oxy_CC
0.05;0.01;0.075;0.25;0.07;0.05;H2Oxy_CC
0.05;0.01;0.1;0.075;0.03;0.05;BioCH4
0.05;0.01;0.1;0.075;0.05;0.05;H2Oxy
0.05;0.01;0.1;0.075;0.07;0.05;H2Oxy
0.05;0.01;0.1;0.1;0.03;0.05;BioCH4
0.05;0.01;0.1;0.1;0.05;0.05;H2Oxy_CC
0.05;0.01;0.1;0.1;0.07;0.05;H2Oxy_CC
0.05;0.01;0.1;0.2;0.03;0.05;H2Oxy_CC
0.05;0.01;0.1;0.2;0.05;0.05;H2Oxy_CC
0.05;0.01;0.1;0.2;0.07;0.05;H2Oxy_CC
0.05;0.01;0.1;0.25;0.03;0.05;H2Oxy_CC
0.05;0.01;0.1;0.25;0.05;0.05;H2Oxy_CC
0.05;0.01;0.1;0.25;0.07;0.05;H2Oxy_CC
0.05;0.025;0.01;0.075;0.03;0.05;NG
0.05;0.025;0.01;0.075;0.05;0.05;NG
0.05;0.025;0.01;0.075;0.07;0.05;NG
0.05;0.025;0.01;0.1;0.03;0.05;NG
0.05;0.025;0.01;0.1;0.05;0.05;NG
0.05;0.025;0.01;0.1;0.07;0.05;NG
0.05;0.025;0.01;0.2;0.03;0.05;BioCH4Oxy_CC
0.05;0.025;0.01;0.2;0.05;0.05;Plasma_CC
0.05;0.025;0.01;0.2;0.07;0.05;Plasma_CC
0.05;0.025;0.01;0.25;0.03;0.05;BioCH4Oxy_CC
0.05;0.025;0.01;0.25;0.05;0.05;Plasma_CC
0.05;0.025;0.01;0.25;0.07;0.05;Plasma_CC
0.05;0.025;0.035;0.075;0.03;0.05;BioCH4
0.05;0.025;0.035;0.075;0.05;0.05;NG
0.05;0.025;0.035;0.075;0.07;0.05;NG
0.05;0.025;0.035;0.1;0.03;0.05;BioCH4
0.05;0.025;0.035;0.1;0.05;0.05;BioCH4
0.05;0.025;0.035;0.1;0.07;0.05;Plasma_CC
0.05;0.025;0.035;0.2;0.03;0.05;BioCH4Oxy_CC
0.05;0.025;0.035;0.2;0.05;0.05;Plasma_CC
0.05;0.025;0.035;0.2;0.07;0.05;Plasma_CC
0.05;0.025;0.035;0.25;0.03;0.05;BioCH4Oxy_CC
0.05;0.025;0.035;0.25;0.05;0.05;Plasma_CC
0.05;0.025;0.035;0.25;0.07;0.05;Plasma_CC
0.05;0.025;0.055;0.075;0.03;0.05;BioCH4
0.05;0.025;0.055;0.075;0.05;0.05;BioCH4
0.05;0.025;0.055;0.075;0.07;0.05;Plasma
0.05;0.025;0.055;0.1;0.03;0.05;BioCH4
0.05;0.025;0.055;0.1;0.05;0.05;BioCH4
0.05;0.025;0.055;0.1;0.07;0.05;Plasma_CC
0.05;0.025;0.055;0.2;0.03;0.05;BioCH4Oxy_CC
0.05;0.025;0.055;0.2;0.05;0.05;Plasma_CC
0.05;0.025;0.055;0.2;0.07;0.05;Plasma_CC
0.05;0.025;0.055;0.25;0.03;0.05;BioCH4Oxy_CC
0.05;0.025;0.055;0.25;0.05;0.05;Plasma_CC
0.05;0.025;0.055;0.25;0.07;0.05;Plasma_CC
0.05;0.025;0.075;0.075;0.03;0.05;BioCH4
0.05;0.025;0.075;0.075;0.05;0.05;BioCH4
0.05;0.025;0.075;0.075;0.07;0.05;Plasma
0.05;0.025;0.075;0.1;0.03;0.05;BioCH4
0.05;0.025;0.075;0.1;0.05;0.05;BioCH4
0.05;0.025;0.075;0.1;0.07;0.05;Plasma_CC
0.05;0.025;0.075;0.2;0.03;0.05;BioCH4Oxy_CC
0.05;0.025;0.075;0.2;0.05;0.05;Plasma_CC
0.05;0.025;0.075;0.2;0.07;0.05;Plasma_CC
0.05;0.025;0.075;0.25;0.03;0.05;BioCH4Oxy_CC
0.05;0.025;0.075;0.25;0.05;0.05;Plasma_CC
0.05;0.025;0.075;0.25;0.07;0.05;Plasma_CC
0.05;0.025;0.1;0.075;0.03;0.05;BioCH4
0.05;0.025;0.1;0.075;0.05;0.05;BioCH4
0.05;0.025;0.1;0.075;0.07;0.05;Plasma
0.05;0.025;0.1;0.1;0.03;0.05;BioCH4
0.05;0.025;0.1;0.1;0.05;0.05;BioCH4
0.05;0.025;0.1;0.1;0.07;0.05;Plasma_CC
0.05;0.025;0.1;0.2;0.03;0.05;BioCH4Oxy_CC
0.05;0.025;0.1;0.2;0.05;0.05;Plasma_CC
0.05;0.025;0.1;0.2;0.07;0.05;Plasma_CC
0.05;0.025;0.1;0.25;0.03;0.05;BioCH4Oxy_CC
0.05;0.025;0.1;0.25;0.05;0.05;Plasma_CC
0.05;0.025;0.1;0.25;0.07;0.05;Plasma_CC
0.05;0.05;0.01;0.075;0.03;0.05;NG
0.05;0.05;0.01;0.075;0.05;0.05;NG
0.05;0.05;0.01;0.075;0.07;0.05;NG
0.05;0.05;0.01;0.1;0.03;0.05;NG
0.05;0.05;0.01;0.1;0.05;0.05;NG
0.05;0.05;0.01;0.1;0.07;0.05;NG
0.05;0.05;0.01;0.2;0.03;0.05;BioCH4Oxy_CC
0.05;0.05;0.01;0.2;0.05;0.05;Plasma_CC
0.05;0.05;0.01;0.2;0.07;0.05;Plasma_CC
0.05;0.05;0.01;0.25;0.03;0.05;BioCH4Oxy_CC
0.05;0.05;0.01;0.25;0.05;0.05;Plasma_CC
0.05;0.05;0.01;0.25;0.07;0.05;Plasma_CC
0.05;0.05;0.035;0.075;0.03;0.05;BioCH4
0.05;0.05;0.035;0.075;0.05;0.05;NG
0.05;0.05;0.035;0.075;0.07;0.05;NG
0.05;0.05;0.035;0.1;0.03;0.05;BioCH4
0.05;0.05;0.035;0.1;0.05;0.05;BioCH4
0.05;0.05;0.035;0.1;0.07;0.05;Plasma_CC
0.05;0.05;0.035;0.2;0.03;0.05;BioCH4Oxy_CC
0.05;0.05;0.035;0.2;0.05;0.05;Plasma_CC
0.05;0.05;0.035;0.2;0.07;0.05;Plasma_CC
0.05;0.05;0.035;0.25;0.03;0.05;BioCH4Oxy_CC
0.05;0.05;0.035;0.25;0.05;0.05;Plasma_CC
0.05;0.05;0.035;0.25;0.07;0.05;Plasma_CC
0.05;0.05;0.055;0.075;0.03;0.05;BioCH4
0.05;0.05;0.055;0.075;0.05;0.05;BioCH4
0.05;0.05;0.055;0.075;0.07;0.05;Plasma
0.05;0.05;0.055;0.1;0.03;0.05;BioCH4
0.05;0.05;0.055;0.1;0.05;0.05;BioCH4
0.05;0.05;0.055;0.1;0.07;0.05;Plasma_CC
0.05;0.05;0.055;0.2;0.03;0.05;BioCH4Oxy_CC
0.05;0.05;0.055;0.2;0.05;0.05;Plasma_CC
0.05;0.05;0.055;0.2;0.07;0.05;Plasma_CC
0.05;0.05;0.055;0.25;0.03;0.05;BioCH4Oxy_CC
0.05;0.05;0.055;0.25;0.05;0.05;Plasma_CC
0.05;0.05;0.055;0.25;0.07;0.05;Plasma_CC
0.05;0.05;0.075;0.075;0.03;0.05;BioCH4
0.05;0.05;0.075;0.075;0.05;0.05;BioCH4
0.05;0.05;0.075;0.075;0.07;0.05;Plasma
0.05;0.05;0.075;0.1;0.03;0.05;BioCH4
0.05;0.05;0.075;0.1;0.05;0.05;BioCH4
0.05;0.05;0.075;0.1;0.07;0.05;Plasma_CC
0.05;0.05;0.075;0.2;0.03;0.05;BioCH4Oxy_CC
0.05;0.05;0.075;0.2;0.05;0.05;Plasma_CC
0.05;0.05;0.075;0.2;0.07;0.05;Plasma_CC
0.05;0.05;0.075;0.25;0.03;0.05;BioCH4Oxy_CC
0.05;0.05;0.075;0.25;0.05;0.05;Plasma_CC
0.05;0.05;0.075;0.25;0.07;0.05;Plasma_CC
0.05;0.05;0.1;0.075;0.03;0.05;BioCH4
0.05;0.05;0.1;0.075;0.05;0.05;BioCH4
0.05;0.05;0.1;0.075;0.07;0.05;Plasma
0.05;0.05;0.1;0.1;0.03;0.05;BioCH4
0.05;0.05;0.1;0.1;0.05;0.05;BioCH4
0.05;0.05;0.1;0.1;0.07;0.05;Plasma_CC
0.05;0.05;0.1;0.2;0.03;0.05;BioCH4Oxy_CC
0.05;0.05;0.1;0.2;0.05;0.05;Plasma_CC
0.05;0.05;0.1;0.2;0.07;0.05;Plasma_CC
0.05;0.05;0.1;0.25;0.03;0.05;BioCH4Oxy_CC
0.05;0.05;0.1;0.25;0.05;0.05;Plasma_CC
0.05;0.05;0.1;0.25;0.07;0.05;Plasma_CC
0.05;0.075;0.01;0.075;0.03;0.05;NG
0.05;0.075;0.01;0.075;0.05;0.05;NG
0.05;0.075;0.01;0.075;0.07;0.05;NG
0.05;0.075;0.01;0.1;0.03;0.05;NG
0.05;0.075;0.01;0.1;0.05;0.05;NG
0.05;0.075;0.01;0.1;0.07;0.05;NG
0.05;0.075;0.01;0.2;0.03;0.05;BioCH4Oxy_CC
0.05;0.075;0.01;0.2;0.05;0.05;Plasma_CC
0.05;0.075;0.01;0.2;0.07;0.05;Plasma_CC
0.05;0.075;0.01;0.25;0.03;0.05;BioCH4Oxy_CC
0.05;0.075;0.01;0.25;0.05;0.05;Plasma_CC
0.05;0.075;0.01;0.25;0.07;0.05;Plasma_CC
0.05;0.075;0.035;0.075;0.03;0.05;BioCH4
0.05;0.075;0.035;0.075;0.05;0.05;NG
0.05;0.075;0.035;0.075;0.07;0.05;NG
0.05;0.075;0.035;0.1;0.03;0.05;BioCH4
0.05;0.075;0.035;0.1;0.05;0.05;BioCH4
0.05;0.075;0.035;0.1;0.07;0.05;Plasma_CC
0.05;0.075;0.035;0.2;0.03;0.05;BioCH4Oxy_CC
0.05;0.075;0.035;0.2;0.05;0.05;Plasma_CC
0.05;0.075;0.035;0.2;0.07;0.05;Plasma_CC
0.05;0.075;0.035;0.25;0.03;0.05;BioCH4Oxy_CC
0.05;0.075;0.035;0.25;0.05;0.05;Plasma_CC
0.05;0.075;0.035;0.25;0.07;0.05;Plasma_CC
0.05;0.075;0.055;0.075;0.03;0.05;BioCH4
0.05;0.075;0.055;0.075;0.05;0.05;BioCH4
0.05;0.075;0.055;0.075;0.07;0.05;Plasma
0.05;0.075;0.055;0.1;0.03;0.05;BioCH4
0.05;0.075;0.055;0.1;0.05;0.05;BioCH4
0.05;0.075;0.055;0.1;0.07;0.05;Plasma_CC
0.05;0.075;0.055;0.2;0.03;0.05;BioCH4Oxy_CC
0.05;0.075;0.055;0.2;0.05;0.05;Plasma_CC
0.05;0.075;0.055;0.2;0.07;0.05;Plasma_CC
0.05;0.075;0.055;0.25;0.03;0.05;BioCH4Oxy_CC
0.05;0.075;0.055;0.25;0.05;0.05;Plasma_CC
0.05;0.075;0.055;0.25;0.07;0.05;Plasma_CC
0.05;0.075;0.075;0.075;0.03;0.05;BioCH4
0.05;0.075;0.075;0.075;0.05;0.05;BioCH4
0.05;0.075;0.075;0.075;0.07;0.05;Plasma
0.05;0.075;0.075;0.1;0.03;0.05;BioCH4
0.05;0.075;0.075;0.1;0.05;0.05;BioCH4
0.05;0.075;0.075;0.1;0.07;0.05;Plasma_CC
0.05;0.075;0.075;0.2;0.03;0.05;BioCH4Oxy_CC
0.05;0.075;0.075;0.2;0.05;0.05;Plasma_CC
0.05;0.075;0.075;0.2;0.07;0.05;Plasma_CC
0.05;0.075;0.075;0.25;0.03;0.05;BioCH4Oxy_CC
0.05;0.075;0.075;0.25;0.05;0.05;Plasma_CC
0.05;0.075;0.075;0.25;0.07;0.05;Plasma_CC
0.05;0.075;0.1;0.075;0.03;0.05;BioCH4
0.05;0.075;0.1;0.075;0.05;0.05;BioCH4
0.05;0.075;0.1;0.075;0.07;0.05;Plasma
0.05;0.075;0.1;0.1;0.03;0.05;BioCH4
0.05;0.075;0.1;0.1;0.05;0.05;BioCH4
0.05;0.075;0.1;0.1;0.07;0.05;Plasma_CC
0.05;0.075;0.1;0.2;0.03;0.05;BioCH4Oxy_CC
0.05;0.075;0.1;0.2;0.05;0.05;Plasma_CC
0.05;0.075;0.1;0.2;0.07;0.05;Plasma_CC
0.05;0.075;0.1;0.25;0.03;0.05;BioCH4Oxy_CC
0.05;0.075;0.1;0.25;0.05;0.05;Plasma_CC
0.05;0.075;0.1;0.25;0.07;0.05;Plasma_CC
0.05;0.1;0.01;0.075;0.03;0.05;NG
0.05;0.1;0.01;0.075;0.05;0.05;NG
0.05;0.1;0.01;0.075;0.07;0.05;NG
0.05;0.1;0.01;0.1;0.03;0.05;NG
0.05;0.1;0.01;0.1;0.05;0.05;NG
0.05;0.1;0.01;0.1;0.07;0.05;NG
0.05;0.1;0.01;0.2;0.03;0.05;BioCH4Oxy_CC
0.05;0.1;0.01;0.2;0.05;0.05;Plasma_CC
0.05;0.1;0.01;0.2;0.07;0.05;Plasma_CC
0.05;0.1;0.01;0.25;0.03;0.05;BioCH4Oxy_CC
0.05;0.1;0.01;0.25;0.05;0.05;Plasma_CC
0.05;0.1;0.01;0.25;0.07;0.05;Plasma_CC
0.05;0.1;0.035;0.075;0.03;0.05;BioCH4
0.05;0.1;0.035;0.075;0.05;0.05;NG
0.05;0.1;0.035;0.075;0.07;0.05;NG
0.05;0.1;0.035;0.1;0.03;0.05;BioCH4
0.05;0.1;0.035;0.1;0.05;0.05;BioCH4
0.05;0.1;0.035;0.1;0.07;0.05;Plasma_CC
0.05;0.1;0.035;0.2;0.03;0.05;BioCH4Oxy_CC
0.05;0.1;0.035;0.2;0.05;0.05;Plasma_CC
0.05;0.1;0.035;0.2;0.07;0.05;Plasma_CC
0.05;0.1;0.035;0.25;0.03;0.05;BioCH4Oxy_CC
0.05;0.1;0.035;0.25;0.05;0.05;Plasma_CC
0.05;0.1;0.035;0.25;0.07;0.05;Plasma_CC
0.05;0.1;0.055;0.075;0.03;0.05;BioCH4
0.05;0.1;0.055;0.075;0.05;0.05;BioCH4
0.05;0.1;0.055;0.075;0.07;0.05;Plasma
0.05;0.1;0.055;0.1;0.03;0.05;BioCH4
0.05;0.1;0.055;0.1;0.05;0.05;BioCH4
0.05;0.1;0.055;0.1;0.07;0.05;Plasma_CC
0.05;0.1;0.055;0.2;0.03;0.05;BioCH4Oxy_CC
0.05;0.1;0.055;0.2;0.05;0.05;Plasma_CC
0.05;0.1;0.055;0.2;0.07;0.05;Plasma_CC
0.05;0.1;0.055;0.25;0.03;0.05;BioCH4Oxy_CC
0.05;0.1;0.055;0.25;0.05;0.05;Plasma_CC
0.05;0.1;0.055;0.25;0.07;0.05;Plasma_CC
0.05;0.1;0.075;0.075;0.03;0.05;BioCH4
0.05;0.1;0.075;0.075;0.05;0.05;BioCH4
0.05;0.1;0.075;0.075;0.07;0.05;Plasma
0.05;0.1;0.075;0.1;0.03;0.05;BioCH4
0.05;0.1;0.075;0.1;0.05;0.05;BioCH4
0.05;0.1;0.075;0.1;0.07;0.05;Plasma_CC
0.05;0.1;0.075;0.2;0.03;0.05;BioCH4Oxy_CC
0.05;0.1;0.075;0.2;0.05;0.05;Plasma_CC
0.05;0.1;0.075;0.2;0.07;0.05;Plasma_CC
0.05;0.1;0.075;0.25;0.03;0.05;BioCH4Oxy_CC
0.05;0.1;0.075;0.25;0.05;0.05;Plasma_CC
0.05;0.1;0.075;0.25;0.07;0.05;Plasma_CC
0.05;0.1;0.1;0.075;0.03;0.05;BioCH4
0.05;0.1;0.1;0.075;0.05;0.05;BioCH4
0.05;0.1;0.1;0.075;0.07;0.05;Plasma
0.05;0.1;0.1;0.1;0.03;0.05;BioCH4
0.05;0.1;0.1;0.1;0.05;0.05;BioCH4
0.05;0.1;0.1;0.1;0.07;0.05;Plasma_CC
0.05;0.1;0.1;0.2;0.03;0.05;BioCH4Oxy_CC
0.05;0.1;0.1;0.2;0.05;0.05;Plasma_CC
0.05;0.1;0.1;0.2;0.07;0.05;Plasma_CC
0.05;0.1;0.1;0.25;0.03;0.05;BioCH4Oxy_CC
0.05;0.1;0.1;0.25;0.05;0.05;Plasma_CC
0.05;0.1;0.1;0.25;0.07;0.05;Plasma_CC
0.05;0.15;0.01;0.075;0.03;0.05;NG
0.05;0.15;0.01;0.075;0.05;0.05;NG
0.05;0.15;0.01;0.075;0.07;0.05;NG
0.05;0.15;0.01;0.1;0.03;0.05;NG
0.05;0.15;0.01;0.1;0.05;0.05;NG
0.05;0.15;0.01;0.1;0.07;0.05;NG
0.05;0.15;0.01;0.2;0.03;0.05;BioCH4Oxy_CC
0.05;0.15;0.01;0.2;0.05;0.05;Plasma_CC
0.05;0.15;0.01;0.2;0.07;0.05;Plasma_CC
0.05;0.15;0.01;0.25;0.03;0.05;BioCH4Oxy_CC
0.05;0.15;0.01;0.25;0.05;0.05;Plasma_CC
0.05;0.15;0.01;0.25;0.07;0.05;Plasma_CC
0.05;0.15;0.035;0.075;0.03;0.05;BioCH4
0.05;0.15;0.035;0.075;0.05;0.05;NG
0.05;0.15;0.035;0.075;0.07;0.05;NG
0.05;0.15;0.035;0.1;0.03;0.05;BioCH4
0.05;0.15;0.035;0.1;0.05;0.05;BioCH4
0.05;0.15;0.035;0.1;0.07;0.05;Plasma_CC
0.05;0.15;0.035;0.2;0.03;0.05;BioCH4Oxy_CC
0.05;0.15;0.035;0.2;0.05;0.05;Plasma_CC
0.05;0.15;0.035;0.2;0.07;0.05;Plasma_CC
0.05;0.15;0.035;0.25;0.03;0.05;BioCH4Oxy_CC
0.05;0.15;0.035;0.25;0.05;0.05;Plasma_CC
0.05;0.15;0.035;0.25;0.07;0.05;Plasma_CC
0.05;0.15;0.055;0.075;0.03;0.05;BioCH4
0.05;0.15;0.055;0.075;0.05;0.05;BioCH4
0.05;0.15;0.055;0.075;0.07;0.05;Plasma
0.05;0.15;0.055;0.1;0.03;0.05;BioCH4
0.05;0.15;0.055;0.1;0.05;0.05;BioCH4
0.05;0.15;0.055;0.1;0.07;0.05;Plasma_CC
0.05;0.15;0.055;0.2;0.03;0.05;BioCH4Oxy_CC
0.05;0.15;0.055;0.2;0.05;0.05;Plasma_CC
0.05;0.15;0.055;0.2;0.07;0.05;Plasma_CC
0.05;0.15;0.055;0.25;0.03;0.05;BioCH4Oxy_CC
0.05;0.15;0.055;0.25;0.05;0.05;Plasma_CC
0.05;0.15;0.055;0.25;0.07;0.05;Plasma_CC
0.05;0.15;0.075;0.075;0.03;0.05;BioCH4
0.05;0.15;0.075;0.075;0.05;0.05;BioCH4
0.05;0.15;0.075;0.075;0.07;0.05;Plasma
0.05;0.15;0.075;0.1;0.03;0.05;BioCH4
0.05;0.15;0.075;0.1;0.05;0.05;BioCH4
0.05;0.15;0.075;0.1;0.07;0.05;Plasma_CC
0.05;0.15;0.075;0.2;0.03;0.05;BioCH4Oxy_CC
0.05;0.15;0.075;0.2;0.05;0.05;Plasma_CC
0.05;0.15;0.075;0.2;0.07;0.05;Plasma_CC
0.05;0.15;0.075;0.25;0.03;0.05;BioCH4Oxy_CC
0.05;0.15;0.075;0.25;0.05;0.05;Plasma_CC
0.05;0.15;0.075;0.25;0.07;0.05;Plasma_CC
0.05;0.15;0.1;0.075;0.03;0.05;BioCH4
0.05;0.15;0.1;0.075;0.05;0.05;BioCH4
0.05;0.15;0.1;0.075;0.07;0.05;Plasma
0.05;0.15;0.1;0.1;0.03;0.05;BioCH4
0.05;0.15;0.1;0.1;0.05;0.05;BioCH4
0.05;0.15;0.1;0.1;0.07;0.05;Plasma_CC
0.05;0.15;0.1;0.2;0.03;0.05;BioCH4Oxy_CC
0.05;0.15;0.1;0.2;0.05;0.05;Plasma_CC
0.05;0.15;0.1;0.2;0.07;0.05;Plasma_CC
0.05;0.15;0.1;0.25;0.03;0.05;BioCH4Oxy_CC
0.05;0.15;0.1;0.25;0.05;0.05;Plasma_CC
0.05;0.15;0.1;0.25;0.07;0.05;Plasma_CC
0.05;0.2;0.01;0.075;0.03;0.05;NG
0.05;0.2;0.01;0.075;0.05;0.05;NG
0.05;0.2;0.01;0.075;0.07;0.05;NG
0.05;0.2;0.01;0.1;0.03;0.05;NG
0.05;0.2;0.01;0.1;0.05;0.05;NG
0.05;0.2;0.01;0.1;0.07;0.05;NG
0.05;0.2;0.01;0.2;0.03;0.05;BioCH4Oxy_CC
0.05;0.2;0.01;0.2;0.05;0.05;Plasma_CC
0.05;0.2;0.01;0.2;0.07;0.05;Plasma_CC
0.05;0.2;0.01;0.25;0.03;0.05;BioCH4Oxy_CC
0.05;0.2;0.01;0.25;0.05;0.05;Plasma_CC
0.05;0.2;0.01;0.25;0.07;0.05;Plasma_CC
0.05;0.2;0.035;0.075;0.03;0.05;BioCH4
0.05;0.2;0.035;0.075;0.05;0.05;NG
0.05;0.2;0.035;0.075;0.07;0.05;NG
0.05;0.2;0.035;0.1;0.03;0.05;BioCH4
0.05;0.2;0.035;0.1;0.05;0.05;BioCH4
0.05;0.2;0.035;0.1;0.07;0.05;Plasma_CC
0.05;0.2;0.035;0.2;0.03;0.05;BioCH4Oxy_CC
0.05;0.2;0.035;0.2;0.05;0.05;Plasma_CC
0.05;0.2;0.035;0.2;0.07;0.05;Plasma_CC
0.05;0.2;0.035;0.25;0.03;0.05;BioCH4Oxy_CC
0.05;0.2;0.035;0.25;0.05;0.05;Plasma_CC
0.05;0.2;0.035;0.25;0.07;0.05;Plasma_CC
0.05;0.2;0.055;0.075;0.03;0.05;BioCH4
0.05;0.2;0.055;0.075;0.05;0.05;BioCH4
0.05;0.2;0.055;0.075;0.07;0.05;Plasma
0.05;0.2;0.055;0.1;0.03;0.05;BioCH4
0.05;0.2;0.055;0.1;0.05;0.05;BioCH4
0.05;0.2;0.055;0.1;0.07;0.05;Plasma_CC
0.05;0.2;0.055;0.2;0.03;0.05;BioCH4Oxy_CC
0.05;0.2;0.055;0.2;0.05;0.05;Plasma_CC
0.05;0.2;0.055;0.2;0.07;0.05;Plasma_CC
0.05;0.2;0.055;0.25;0.03;0.05;BioCH4Oxy_CC
0.05;0.2;0.055;0.25;0.05;0.05;Plasma_CC
0.05;0.2;0.055;0.25;0.07;0.05;Plasma_CC
0.05;0.2;0.075;0.075;0.03;0.05;BioCH4
0.05;0.2;0.075;0.075;0.05;0.05;BioCH4
0.05;0.2;0.075;0.075;0.07;0.05;Plasma
0.05;0.2;0.075;0.1;0.03;0.05;BioCH4
0.05;0.2;0.075;0.1;0.05;0.05;BioCH4
0.05;0.2;0.075;0.1;0.07;0.05;Plasma_CC
0.05;0.2;0.075;0.2;0.03;0.05;BioCH4Oxy_CC
0.05;0.2;0.075;0.2;0.05;0.05;Plasma_CC
0.05;0.2;0.075;0.2;0.07;0.05;Plasma_CC
0.05;0.2;0.075;0.25;0.03;0.05;BioCH4Oxy_CC
0.05;0.2;0.075;0.25;0.05;0.05;Plasma_CC
0.05;0.2;0.075;0.25;0.07;0.05;Plasma_CC
0.05;0.2;0.1;0.075;0.03;0.05;BioCH4
0.05;0.2;0.1;0.075;0.05;0.05;BioCH4
0.05;0.2;0.1;0.075;0.07;0.05;Plasma
0.05;0.2;0.1;0.1;0.03;0.05;BioCH4
0.05;0.2;0.1;0.1;0.05;0.05;BioCH4
0.05;0.2;0.1;0.1;0.07;0.05;Plasma_CC
0.05;0.2;0.1;0.2;0.03;0.05;BioCH4Oxy_CC
0.05;0.2;0.1;0.2;0.05;0.05;Plasma_CC
0.05;0.2;0.1;0.2;0.07;0.05;Plasma_CC
0.05;0.2;0.1;0.25;0.03;0.05;BioCH4Oxy_CC
0.05;0.2;0.1;0.25;0.05;0.05;Plasma_CC
0.05;0.2;0.1;0.25;0.07;0.05;BiomassOxy_CC
0.075;0.01;0.01;0.075;0.03;0.05;NG
0.075;0.01;0.01;0.075;0.05;0.05;NG
0.075;0.01;0.01;0.075;0.07;0.05;NG
0.075;0.01;0.01;0.1;0.03;0.05;NG
0.075;0.01;0.01;0.1;0.05;0.05;NG
0.075;0.01;0.01;0.1;0.07;0.05;NG
0.075;0.01;0.01;0.2;0.03;0.05;H2Oxy_CC
0.075;0.01;0.01;0.2;0.05;0.05;H2Oxy_CC
0.075;0.01;0.01;0.2;0.07;0.05;H2Oxy_CC
0.075;0.01;0.01;0.25;0.03;0.05;H2Oxy_CC
0.075;0.01;0.01;0.25;0.05;0.05;H2Oxy_CC
0.075;0.01;0.01;0.25;0.07;0.05;H2Oxy_CC
0.075;0.01;0.035;0.075;0.03;0.05;BioCH4
0.075;0.01;0.035;0.075;0.05;0.05;H2Oxy
0.075;0.01;0.035;0.075;0.07;0.05;H2Oxy
0.075;0.01;0.035;0.1;0.03;0.05;BioCH4
0.075;0.01;0.035;0.1;0.05;0.05;H2Oxy
0.075;0.01;0.035;0.1;0.07;0.05;H2Oxy
0.075;0.01;0.035;0.2;0.03;0.05;H2Oxy_CC
0.075;0.01;0.035;0.2;0.05;0.05;H2Oxy_CC
0.075;0.01;0.035;0.2;0.07;0.05;H2Oxy_CC
0.075;0.01;0.035;0.25;0.03;0.05;H2Oxy_CC
0.075;0.01;0.035;0.25;0.05;0.05;H2Oxy_CC
0.075;0.01;0.035;0.25;0.07;0.05;H2Oxy_CC
0.075;0.01;0.055;0.075;0.03;0.05;BioCH4
0.075;0.01;0.055;0.075;0.05;0.05;H2Oxy
0.075;0.01;0.055;0.075;0.07;0.05;H2Oxy
0.075;0.01;0.055;0.1;0.03;0.05;BioCH4
0.075;0.01;0.055;0.1;0.05;0.05;H2Oxy
0.075;0.01;0.055;0.1;0.07;0.05;H2Oxy
0.075;0.01;0.055;0.2;0.03;0.05;H2Oxy_CC
0.075;0.01;0.055;0.2;0.05;0.05;H2Oxy_CC
0.075;0.01;0.055;0.2;0.07;0.05;H2Oxy_CC
0.075;0.01;0.055;0.25;0.03;0.05;H2Oxy_CC
0.075;0.01;0.055;0.25;0.05;0.05;H2Oxy_CC
0.075;0.01;0.055;0.25;0.07;0.05;H2Oxy_CC
0.075;0.01;0.075;0.075;0.03;0.05;BioCH4
0.075;0.01;0.075;0.075;0.05;0.05;H2Oxy
0.075;0.01;0.075;0.075;0.07;0.05;H2Oxy
0.075;0.01;0.075;0.1;0.03;0.05;BioCH4
0.075;0.01;0.075;0.1;0.05;0.05;H2Oxy
0.075;0.01;0.075;0.1;0.07;0.05;H2Oxy
0.075;0.01;0.075;0.2;0.03;0.05;H2Oxy_CC
0.075;0.01;0.075;0.2;0.05;0.05;H2Oxy_CC
0.075;0.01;0.075;0.2;0.07;0.05;H2Oxy_CC
0.075;0.01;0.075;0.25;0.03;0.05;H2Oxy_CC
0.075;0.01;0.075;0.25;0.05;0.05;H2Oxy_CC
0.075;0.01;0.075;0.25;0.07;0.05;H2Oxy_CC
0.075;0.01;0.1;0.075;0.03;0.05;BioCH4
0.075;0.01;0.1;0.075;0.05;0.05;H2Oxy
0.075;0.01;0.1;0.075;0.07;0.05;H2Oxy
0.075;0.01;0.1;0.1;0.03;0.05;BioCH4
0.075;0.01;0.1;0.1;0.05;0.05;H2Oxy
0.075;0.01;0.1;0.1;0.07;0.05;H2Oxy
0.075;0.01;0.1;0.2;0.03;0.05;H2Oxy_CC
0.075;0.01;0.1;0.2;0.05;0.05;H2Oxy_CC
0.075;0.01;0.1;0.2;0.07;0.05;H2Oxy_CC
0.075;0.01;0.1;0.25;0.03;0.05;H2Oxy_CC
0.075;0.01;0.1;0.25;0.05;0.05;H2Oxy_CC
0.075;0.01;0.1;0.25;0.07;0.05;H2Oxy_CC
0.075;0.025;0.01;0.075;0.03;0.05;NG
0.075;0.025;0.01;0.075;0.05;0.05;NG
0.075;0.025;0.01;0.075;0.07;0.05;NG
0.075;0.025;0.01;0.1;0.03;0.05;NG
0.075;0.025;0.01;0.1;0.05;0.05;NG
0.075;0.025;0.01;0.1;0.07;0.05;NG
0.075;0.025;0.01;0.2;0.03;0.05;BioCH4Oxy_CC
0.075;0.025;0.01;0.2;0.05;0.05;H2Oxy_CC
0.075;0.025;0.01;0.2;0.07;0.05;H2Oxy_CC
0.075;0.025;0.01;0.25;0.03;0.05;BioCH4Oxy_CC
0.075;0.025;0.01;0.25;0.05;0.05;H2Oxy_CC
0.075;0.025;0.01;0.25;0.07;0.05;H2Oxy_CC
0.075;0.025;0.035;0.075;0.03;0.05;BioCH4
0.075;0.025;0.035;0.075;0.05;0.05;NG
0.075;0.025;0.035;0.075;0.07;0.05;NG
0.075;0.025;0.035;0.1;0.03;0.05;BioCH4
0.075;0.025;0.035;0.1;0.05;0.05;BioCH4
0.075;0.025;0.035;0.1;0.07;0.05;NG
0.075;0.025;0.035;0.2;0.03;0.05;BioCH4Oxy_CC
0.075;0.025;0.035;0.2;0.05;0.05;H2Oxy_CC
0.075;0.025;0.035;0.2;0.07;0.05;H2Oxy_CC
0.075;0.025;0.035;0.25;0.03;0.05;BioCH4Oxy_CC
0.075;0.025;0.035;0.25;0.05;0.05;H2Oxy_CC
0.075;0.025;0.035;0.25;0.07;0.05;H2Oxy_CC
0.075;0.025;0.055;0.075;0.03;0.05;BioCH4
0.075;0.025;0.055;0.075;0.05;0.05;BioCH4
0.075;0.025;0.055;0.075;0.07;0.05;H2Oxy
0.075;0.025;0.055;0.1;0.03;0.05;BioCH4
0.075;0.025;0.055;0.1;0.05;0.05;BioCH4
0.075;0.025;0.055;0.1;0.07;0.05;H2Oxy
0.075;0.025;0.055;0.2;0.03;0.05;BioCH4Oxy_CC
0.075;0.025;0.055;0.2;0.05;0.05;H2Oxy_CC
0.075;0.025;0.055;0.2;0.07;0.05;H2Oxy_CC
0.075;0.025;0.055;0.25;0.03;0.05;BioCH4Oxy_CC
0.075;0.025;0.055;0.25;0.05;0.05;H2Oxy_CC
0.075;0.025;0.055;0.25;0.07;0.05;H2Oxy_CC
0.075;0.025;0.075;0.075;0.03;0.05;BioCH4
0.075;0.025;0.075;0.075;0.05;0.05;BioCH4
0.075;0.025;0.075;0.075;0.07;0.05;H2Oxy
0.075;0.025;0.075;0.1;0.03;0.05;BioCH4
0.075;0.025;0.075;0.1;0.05;0.05;BioCH4
0.075;0.025;0.075;0.1;0.07;0.05;H2Oxy
0.075;0.025;0.075;0.2;0.03;0.05;BioCH4Oxy_CC
0.075;0.025;0.075;0.2;0.05;0.05;H2Oxy_CC
0.075;0.025;0.075;0.2;0.07;0.05;H2Oxy_CC
0.075;0.025;0.075;0.25;0.03;0.05;BioCH4Oxy_CC
0.075;0.025;0.075;0.25;0.05;0.05;H2Oxy_CC
0.075;0.025;0.075;0.25;0.07;0.05;H2Oxy_CC
0.075;0.025;0.1;0.075;0.03;0.05;BioCH4
0.075;0.025;0.1;0.075;0.05;0.05;BioCH4
0.075;0.025;0.1;0.075;0.07;0.05;H2Oxy
0.075;0.025;0.1;0.1;0.03;0.05;BioCH4
0.075;0.025;0.1;0.1;0.05;0.05;BioCH4
0.075;0.025;0.1;0.1;0.07;0.05;H2Oxy
0.075;0.025;0.1;0.2;0.03;0.05;BioCH4Oxy_CC
0.075;0.025;0.1;0.2;0.05;0.05;H2Oxy_CC
0.075;0.025;0.1;0.2;0.07;0.05;H2Oxy_CC
0.075;0.025;0.1;0.25;0.03;0.05;BioCH4Oxy_CC
0.075;0.025;0.1;0.25;0.05;0.05;H2Oxy_CC
0.075;0.025;0.1;0.25;0.07;0.05;H2Oxy_CC
0.075;0.05;0.01;0.075;0.03;0.05;NG
0.075;0.05;0.01;0.075;0.05;0.05;NG
0.075;0.05;0.01;0.075;0.07;0.05;NG
0.075;0.05;0.01;0.1;0.03;0.05;NG
0.075;0.05;0.01;0.1;0.05;0.05;NG
0.075;0.05;0.01;0.1;0.07;0.05;NG
0.075;0.05;0.01;0.2;0.03;0.05;BioCH4Oxy_CC
0.075;0.05;0.01;0.2;0.05;0.05;NGOxy_CC
0.075;0.05;0.01;0.2;0.07;0.05;NGOxy_CC
0.075;0.05;0.01;0.25;0.03;0.05;BioCH4Oxy_CC
0.075;0.05;0.01;0.25;0.05;0.05;NGOxy_CC
0.075;0.05;0.01;0.25;0.07;0.05;NGOxy_CC
0.075;0.05;0.035;0.075;0.03;0.05;BioCH4
0.075;0.05;0.035;0.075;0.05;0.05;NG
0.075;0.05;0.035;0.075;0.07;0.05;NG
0.075;0.05;0.035;0.1;0.03;0.05;BioCH4
0.075;0.05;0.035;0.1;0.05;0.05;BioCH4
0.075;0.05;0.035;0.1;0.07;0.05;NG
0.075;0.05;0.035;0.2;0.03;0.05;BioCH4Oxy_CC
0.075;0.05;0.035;0.2;0.05;0.05;BioCH4Oxy_CC
0.075;0.05;0.035;0.2;0.07;0.05;BiomassOxy_CC
0.075;0.05;0.035;0.25;0.03;0.05;BioCH4Oxy_CC
0.075;0.05;0.035;0.25;0.05;0.05;BioCH4Oxy_CC
0.075;0.05;0.035;0.25;0.07;0.05;BiomassOxy_CC
0.075;0.05;0.055;0.075;0.03;0.05;BioCH4
0.075;0.05;0.055;0.075;0.05;0.05;BioCH4
0.075;0.05;0.055;0.075;0.07;0.05;Biomass
0.075;0.05;0.055;0.1;0.03;0.05;BioCH4
0.075;0.05;0.055;0.1;0.05;0.05;BioCH4
0.075;0.05;0.055;0.1;0.07;0.05;Biomass
0.075;0.05;0.055;0.2;0.03;0.05;BioCH4Oxy_CC
0.075;0.05;0.055;0.2;0.05;0.05;BioCH4Oxy_CC
0.075;0.05;0.055;0.2;0.07;0.05;BiomassOxy_CC
0.075;0.05;0.055;0.25;0.03;0.05;BioCH4Oxy_CC
0.075;0.05;0.055;0.25;0.05;0.05;BioCH4Oxy_CC
0.075;0.05;0.055;0.25;0.07;0.05;BiomassOxy_CC
0.075;0.05;0.075;0.075;0.03;0.05;BioCH4
0.075;0.05;0.075;0.075;0.05;0.05;BioCH4
0.075;0.05;0.075;0.075;0.07;0.05;Biomass
0.075;0.05;0.075;0.1;0.03;0.05;BioCH4
0.075;0.05;0.075;0.1;0.05;0.05;BioCH4
0.075;0.05;0.075;0.1;0.07;0.05;Biomass
0.075;0.05;0.075;0.2;0.03;0.05;BioCH4Oxy_CC
0.075;0.05;0.075;0.2;0.05;0.05;BioCH4Oxy_CC
0.075;0.05;0.075;0.2;0.07;0.05;BiomassOxy_CC
0.075;0.05;0.075;0.25;0.03;0.05;BioCH4Oxy_CC
0.075;0.05;0.075;0.25;0.05;0.05;BioCH4Oxy_CC
0.075;0.05;0.075;0.25;0.07;0.05;BiomassOxy_CC
0.075;0.05;0.1;0.075;0.03;0.05;BioCH4
0.075;0.05;0.1;0.075;0.05;0.05;BioCH4
0.075;0.05;0.1;0.075;0.07;0.05;Biomass
0.075;0.05;0.1;0.1;0.03;0.05;BioCH4
0.075;0.05;0.1;0.1;0.05;0.05;BioCH4
0.075;0.05;0.1;0.1;0.07;0.05;Biomass
0.075;0.05;0.1;0.2;0.03;0.05;BioCH4Oxy_CC
0.075;0.05;0.1;0.2;0.05;0.05;BioCH4Oxy_CC
0.075;0.05;0.1;0.2;0.07;0.05;BiomassOxy_CC
0.075;0.05;0.1;0.25;0.03;0.05;BioCH4Oxy_CC
0.075;0.05;0.1;0.25;0.05;0.05;BioCH4Oxy_CC
0.075;0.05;0.1;0.25;0.07;0.05;BiomassOxy_CC
0.075;0.075;0.01;0.075;0.03;0.05;NG
0.075;0.075;0.01;0.075;0.05;0.05;NG
0.075;0.075;0.01;0.075;0.07;0.05;NG
0.075;0.075;0.01;0.1;0.03;0.05;NG
0.075;0.075;0.01;0.1;0.05;0.05;NG
0.075;0.075;0.01;0.1;0.07;0.05;NG
0.075;0.075;0.01;0.2;0.03;0.05;BioCH4Oxy_CC
0.075;0.075;0.01;0.2;0.05;0.05;NGOxy_CC
0.075;0.075;0.01;0.2;0.07;0.05;NGOxy_CC
0.075;0.075;0.01;0.25;0.03;0.05;BioCH4Oxy_CC
0.075;0.075;0.01;0.25;0.05;0.05;NGOxy_CC
0.075;0.075;0.01;0.25;0.07;0.05;NGOxy_CC
0.075;0.075;0.035;0.075;0.03;0.05;BioCH4
0.075;0.075;0.035;0.075;0.05;0.05;NG
0.075;0.075;0.035;0.075;0.07;0.05;NG
0.075;0.075;0.035;0.1;0.03;0.05;BioCH4
0.075;0.075;0.035;0.1;0.05;0.05;BioCH4
0.075;0.075;0.035;0.1;0.07;0.05;NG
0.075;0.075;0.035;0.2;0.03;0.05;BioCH4Oxy_CC
0.075;0.075;0.035;0.2;0.05;0.05;BioCH4Oxy_CC
0.075;0.075;0.035;0.2;0.07;0.05;BiomassOxy_CC
0.075;0.075;0.035;0.25;0.03;0.05;BioCH4Oxy_CC
0.075;0.075;0.035;0.25;0.05;0.05;BioCH4Oxy_CC
0.075;0.075;0.035;0.25;0.07;0.05;BiomassOxy_CC
0.075;0.075;0.055;0.075;0.03;0.05;BioCH4
0.075;0.075;0.055;0.075;0.05;0.05;BioCH4
0.075;0.075;0.055;0.075;0.07;0.05;Biomass
0.075;0.075;0.055;0.1;0.03;0.05;BioCH4
0.075;0.075;0.055;0.1;0.05;0.05;BioCH4
0.075;0.075;0.055;0.1;0.07;0.05;Biomass
0.075;0.075;0.055;0.2;0.03;0.05;BioCH4Oxy_CC
0.075;0.075;0.055;0.2;0.05;0.05;BioCH4Oxy_CC
0.075;0.075;0.055;0.2;0.07;0.05;BiomassOxy_CC
0.075;0.075;0.055;0.25;0.03;0.05;BioCH4Oxy_CC
0.075;0.075;0.055;0.25;0.05;0.05;BioCH4Oxy_CC
0.075;0.075;0.055;0.25;0.07;0.05;BiomassOxy_CC
0.075;0.075;0.075;0.075;0.03;0.05;BioCH4
0.075;0.075;0.075;0.075;0.05;0.05;BioCH4
0.075;0.075;0.075;0.075;0.07;0.05;Biomass
0.075;0.075;0.075;0.1;0.03;0.05;BioCH4
0.075;0.075;0.075;0.1;0.05;0.05;BioCH4
0.075;0.075;0.075;0.1;0.07;0.05;Biomass
0.075;0.075;0.075;0.2;0.03;0.05;BioCH4Oxy_CC
0.075;0.075;0.075;0.2;0.05;0.05;BioCH4Oxy_CC
0.075;0.075;0.075;0.2;0.07;0.05;BiomassOxy_CC
0.075;0.075;0.075;0.25;0.03;0.05;BioCH4Oxy_CC
0.075;0.075;0.075;0.25;0.05;0.05;BioCH4Oxy_CC
0.075;0.075;0.075;0.25;0.07;0.05;BiomassOxy_CC
0.075;0.075;0.1;0.075;0.03;0.05;BioCH4
0.075;0.075;0.1;0.075;0.05;0.05;BioCH4
0.075;0.075;0.1;0.075;0.07;0.05;Biomass
0.075;0.075;0.1;0.1;0.03;0.05;BioCH4
0.075;0.075;0.1;0.1;0.05;0.05;BioCH4
0.075;0.075;0.1;0.1;0.07;0.05;Biomass
0.075;0.075;0.1;0.2;0.03;0.05;BioCH4Oxy_CC
0.075;0.075;0.1;0.2;0.05;0.05;BioCH4Oxy_CC
0.075;0.075;0.1;0.2;0.07;0.05;BiomassOxy_CC
0.075;0.075;0.1;0.25;0.03;0.05;BioCH4Oxy_CC
0.075;0.075;0.1;0.25;0.05;0.05;BioCH4Oxy_CC
0.075;0.075;0.1;0.25;0.07;0.05;BiomassOxy_CC
0.075;0.1;0.01;0.075;0.03;0.05;NG
0.075;0.1;0.01;0.075;0.05;0.05;NG
0.075;0.1;0.01;0.075;0.07;0.05;NG
0.075;0.1;0.01;0.1;0.03;0.05;NG
0.075;0.1;0.01;0.1;0.05;0.05;NG
0.075;0.1;0.01;0.1;0.07;0.05;NG
0.075;0.1;0.01;0.2;0.03;0.05;BioCH4Oxy_CC
0.075;0.1;0.01;0.2;0.05;0.05;NGOxy_CC
0.075;0.1;0.01;0.2;0.07;0.05;NGOxy_CC
0.075;0.1;0.01;0.25;0.03;0.05;BioCH4Oxy_CC
0.075;0.1;0.01;0.25;0.05;0.05;NGOxy_CC
0.075;0.1;0.01;0.25;0.07;0.05;NGOxy_CC
0.075;0.1;0.035;0.075;0.03;0.05;BioCH4
0.075;0.1;0.035;0.075;0.05;0.05;NG
0.075;0.1;0.035;0.075;0.07;0.05;NG
0.075;0.1;0.035;0.1;0.03;0.05;BioCH4
0.075;0.1;0.035;0.1;0.05;0.05;BioCH4
0.075;0.1;0.035;0.1;0.07;0.05;NG
0.075;0.1;0.035;0.2;0.03;0.05;BioCH4Oxy_CC
0.075;0.1;0.035;0.2;0.05;0.05;BioCH4Oxy_CC
0.075;0.1;0.035;0.2;0.07;0.05;BiomassOxy_CC
0.075;0.1;0.035;0.25;0.03;0.05;BioCH4Oxy_CC
0.075;0.1;0.035;0.25;0.05;0.05;BioCH4Oxy_CC
0.075;0.1;0.035;0.25;0.07;0.05;BiomassOxy_CC
0.075;0.1;0.055;0.075;0.03;0.05;BioCH4
0.075;0.1;0.055;0.075;0.05;0.05;BioCH4
0.075;0.1;0.055;0.075;0.07;0.05;Biomass
0.075;0.1;0.055;0.1;0.03;0.05;BioCH4
0.075;0.1;0.055;0.1;0.05;0.05;BioCH4
0.075;0.1;0.055;0.1;0.07;0.05;Biomass
0.075;0.1;0.055;0.2;0.03;0.05;BioCH4Oxy_CC
0.075;0.1;0.055;0.2;0.05;0.05;BioCH4Oxy_CC
0.075;0.1;0.055;0.2;0.07;0.05;BiomassOxy_CC
0.075;0.1;0.055;0.25;0.03;0.05;BioCH4Oxy_CC
0.075;0.1;0.055;0.25;0.05;0.05;BioCH4Oxy_CC
0.075;0.1;0.055;0.25;0.07;0.05;BiomassOxy_CC
0.075;0.1;0.075;0.075;0.03;0.05;BioCH4
0.075;0.1;0.075;0.075;0.05;0.05;BioCH4
0.075;0.1;0.075;0.075;0.07;0.05;Biomass
0.075;0.1;0.075;0.1;0.03;0.05;BioCH4
0.075;0.1;0.075;0.1;0.05;0.05;BioCH4
0.075;0.1;0.075;0.1;0.07;0.05;Biomass
0.075;0.1;0.075;0.2;0.03;0.05;BioCH4Oxy_CC
0.075;0.1;0.075;0.2;0.05;0.05;BioCH4Oxy_CC
0.075;0.1;0.075;0.2;0.07;0.05;BiomassOxy_CC
0.075;0.1;0.075;0.25;0.03;0.05;BioCH4Oxy_CC
0.075;0.1;0.075;0.25;0.05;0.05;BioCH4Oxy_CC
0.075;0.1;0.075;0.25;0.07;0.05;BiomassOxy_CC
0.075;0.1;0.1;0.075;0.03;0.05;BioCH4
0.075;0.1;0.1;0.075;0.05;0.05;BioCH4
0.075;0.1;0.1;0.075;0.07;0.05;Biomass
0.075;0.1;0.1;0.1;0.03;0.05;BioCH4
0.075;0.1;0.1;0.1;0.05;0.05;BioCH4
0.075;0.1;0.1;0.1;0.07;0.05;Biomass
0.075;0.1;0.1;0.2;0.03;0.05;BioCH4Oxy_CC
0.075;0.1;0.1;0.2;0.05;0.05;BioCH4Oxy_CC
0.075;0.1;0.1;0.2;0.07;0.05;BiomassOxy_CC
0.075;0.1;0.1;0.25;0.03;0.05;BioCH4Oxy_CC
0.075;0.1;0.1;0.25;0.05;0.05;BioCH4Oxy_CC
0.075;0.1;0.1;0.25;0.07;0.05;BiomassOxy_CC
0.075;0.15;0.01;0.075;0.03;0.05;NG
0.075;0.15;0.01;0.075;0.05;0.05;NG
0.075;0.15;0.01;0.075;0.07;0.05;NG
0.075;0.15;0.01;0.1;0.03;0.05;NG
0.075;0.15;0.01;0.1;0.05;0.05;NG
0.075;0.15;0.01;0.1;0.07;0.05;NG
0.075;0.15;0.01;0.2;0.03;0.05;BioCH4Oxy_CC
0.075;0.15;0.01;0.2;0.05;0.05;NGOxy_CC
0.075;0.15;0.01;0.2;0.07;0.05;NGOxy_CC
0.075;0.15;0.01;0.25;0.03;0.05;BioCH4Oxy_CC
0.075;0.15;0.01;0.25;0.05;0.05;NGOxy_CC
0.075;0.15;0.01;0.25;0.07;0.05;NGOxy_CC
0.075;0.15;0.035;0.075;0.03;0.05;BioCH4
0.075;0.15;0.035;0.075;0.05;0.05;NG
0.075;0.15;0.035;0.075;0.07;0.05;NG
0.075;0.15;0.035;0.1;0.03;0.05;BioCH4
0.075;0.15;0.035;0.1;0.05;0.05;BioCH4
0.075;0.15;0.035;0.1;0.07;0.05;NG
0.075;0.15;0.035;0.2;0.03;0.05;BioCH4Oxy_CC
0.075;0.15;0.035;0.2;0.05;0.05;BioCH4Oxy_CC
0.075;0.15;0.035;0.2;0.07;0.05;BiomassOxy_CC
0.075;0.15;0.035;0.25;0.03;0.05;BioCH4Oxy_CC
0.075;0.15;0.035;0.25;0.05;0.05;BioCH4Oxy_CC
0.075;0.15;0.035;0.25;0.07;0.05;BiomassOxy_CC
0.075;0.15;0.055;0.075;0.03;0.05;BioCH4
0.075;0.15;0.055;0.075;0.05;0.05;BioCH4
0.075;0.15;0.055;0.075;0.07;0.05;Biomass
0.075;0.15;0.055;0.1;0.03;0.05;BioCH4
0.075;0.15;0.055;0.1;0.05;0.05;BioCH4
0.075;0.15;0.055;0.1;0.07;0.05;Biomass
0.075;0.15;0.055;0.2;0.03;0.05;BioCH4Oxy_CC
0.075;0.15;0.055;0.2;0.05;0.05;BioCH4Oxy_CC
0.075;0.15;0.055;0.2;0.07;0.05;BiomassOxy_CC
0.075;0.15;0.055;0.25;0.03;0.05;BioCH4Oxy_CC
0.075;0.15;0.055;0.25;0.05;0.05;BioCH4Oxy_CC
0.075;0.15;0.055;0.25;0.07;0.05;BiomassOxy_CC
0.075;0.15;0.075;0.075;0.03;0.05;BioCH4
0.075;0.15;0.075;0.075;0.05;0.05;BioCH4
0.075;0.15;0.075;0.075;0.07;0.05;Biomass
0.075;0.15;0.075;0.1;0.03;0.05;BioCH4
0.075;0.15;0.075;0.1;0.05;0.05;BioCH4
0.075;0.15;0.075;0.1;0.07;0.05;Biomass
0.075;0.15;0.075;0.2;0.03;0.05;BioCH4Oxy_CC
0.075;0.15;0.075;0.2;0.05;0.05;BioCH4Oxy_CC
0.075;0.15;0.075;0.2;0.07;0.05;BiomassOxy_CC
0.075;0.15;0.075;0.25;0.03;0.05;BioCH4Oxy_CC
0.075;0.15;0.075;0.25;0.05;0.05;BioCH4Oxy_CC
0.075;0.15;0.075;0.25;0.07;0.05;BiomassOxy_CC
0.075;0.15;0.1;0.075;0.03;0.05;BioCH4
0.075;0.15;0.1;0.075;0.05;0.05;BioCH4
0.075;0.15;0.1;0.075;0.07;0.05;Biomass
0.075;0.15;0.1;0.1;0.03;0.05;BioCH4
0.075;0.15;0.1;0.1;0.05;0.05;BioCH4
0.075;0.15;0.1;0.1;0.07;0.05;Biomass
0.075;0.15;0.1;0.2;0.03;0.05;BioCH4Oxy_CC
0.075;0.15;0.1;0.2;0.05;0.05;BioCH4Oxy_CC
0.075;0.15;0.1;0.2;0.07;0.05;BiomassOxy_CC
0.075;0.15;0.1;0.25;0.03;0.05;BioCH4Oxy_CC
0.075;0.15;0.1;0.25;0.05;0.05;BioCH4Oxy_CC
0.075;0.15;0.1;0.25;0.07;0.05;BiomassOxy_CC
0.075;0.2;0.01;0.075;0.03;0.05;NG
0.075;0.2;0.01;0.075;0.05;0.05;NG
0.075;0.2;0.01;0.075;0.07;0.05;NG
0.075;0.2;0.01;0.1;0.03;0.05;NG
0.075;0.2;0.01;0.1;0.05;0.05;NG
0.075;0.2;0.01;0.1;0.07;0.05;NG
0.075;0.2;0.01;0.2;0.03;0.05;BioCH4Oxy_CC
0.075;0.2;0.01;0.2;0.05;0.05;NGOxy_CC
0.075;0.2;0.01;0.2;0.07;0.05;NGOxy_CC
0.075;0.2;0.01;0.25;0.03;0.05;BioCH4Oxy_CC
0.075;0.2;0.01;0.25;0.05;0.05;NGOxy_CC
0.075;0.2;0.01;0.25;0.07;0.05;NGOxy_CC
0.075;0.2;0.035;0.075;0.03;0.05;BioCH4
0.075;0.2;0.035;0.075;0.05;0.05;NG
0.075;0.2;0.035;0.075;0.07;0.05;NG
0.075;0.2;0.035;0.1;0.03;0.05;BioCH4
0.075;0.2;0.035;0.1;0.05;0.05;BioCH4
0.075;0.2;0.035;0.1;0.07;0.05;NG
0.075;0.2;0.035;0.2;0.03;0.05;BioCH4Oxy_CC
0.075;0.2;0.035;0.2;0.05;0.05;BioCH4Oxy_CC
0.075;0.2;0.035;0.2;0.07;0.05;BiomassOxy_CC
0.075;0.2;0.035;0.25;0.03;0.05;BioCH4Oxy_CC
0.075;0.2;0.035;0.25;0.05;0.05;BioCH4Oxy_CC
0.075;0.2;0.035;0.25;0.07;0.05;BiomassOxy_CC
0.075;0.2;0.055;0.075;0.03;0.05;BioCH4
0.075;0.2;0.055;0.075;0.05;0.05;BioCH4
0.075;0.2;0.055;0.075;0.07;0.05;Biomass
0.075;0.2;0.055;0.1;0.03;0.05;BioCH4
0.075;0.2;0.055;0.1;0.05;0.05;BioCH4
0.075;0.2;0.055;0.1;0.07;0.05;Biomass
0.075;0.2;0.055;0.2;0.03;0.05;BioCH4Oxy_CC
0.075;0.2;0.055;0.2;0.05;0.05;BioCH4Oxy_CC
0.075;0.2;0.055;0.2;0.07;0.05;BiomassOxy_CC
0.075;0.2;0.055;0.25;0.03;0.05;BioCH4Oxy_CC
0.075;0.2;0.055;0.25;0.05;0.05;BioCH4Oxy_CC
0.075;0.2;0.055;0.25;0.07;0.05;BiomassOxy_CC
0.075;0.2;0.075;0.075;0.03;0.05;BioCH4
0.075;0.2;0.075;0.075;0.05;0.05;BioCH4
0.075;0.2;0.075;0.075;0.07;0.05;Biomass
0.075;0.2;0.075;0.1;0.03;0.05;BioCH4
0.075;0.2;0.075;0.1;0.05;0.05;BioCH4
0.075;0.2;0.075;0.1;0.07;0.05;Biomass
0.075;0.2;0.075;0.2;0.03;0.05;BioCH4Oxy_CC
0.075;0.2;0.075;0.2;0.05;0.05;BioCH4Oxy_CC
0.075;0.2;0.075;0.2;0.07;0.05;BiomassOxy_CC
0.075;0.2;0.075;0.25;0.03;0.05;BioCH4Oxy_CC
0.075;0.2;0.075;0.25;0.05;0.05;BioCH4Oxy_CC
0.075;0.2;0.075;0.25;0.07;0.05;BiomassOxy_CC
0.075;0.2;0.1;0.075;0.03;0.05;BioCH4
0.075;0.2;0.1;0.075;0.05;0.05;BioCH4
0.075;0.2;0.1;0.075;0.07;0.05;Biomass
0.075;0.2;0.1;0.1;0.03;0.05;BioCH4
0.075;0.2;0.1;0.1;0.05;0.05;BioCH4
0.075;0.2;0.1;0.1;0.07;0.05;Biomass
0.075;0.2;0.1;0.2;0.03;0.05;BioCH4Oxy_CC
0.075;0.2;0.1;0.2;0.05;0.05;BioCH4Oxy_CC
0.075;0.2;0.1;0.2;0.07;0.05;BiomassOxy_CC
0.075;0.2;0.1;0.25;0.03;0.05;BioCH4Oxy_CC
0.075;0.2;0.1;0.25;0.05;0.05;BioCH4Oxy_CC
0.075;0.2;0.1;0.25;0.07;0.05;BioCH4Oxy_CC
0.1;0.01;0.01;0.075;0.03;0.05;NG
0.1;0.01;0.01;0.075;0.05;0.05;NG
0.1;0.01;0.01;0.075;0.07;0.05;NG
0.1;0.01;0.01;0.1;0.03;0.05;NG
0.1;0.01;0.01;0.1;0.05;0.05;NG
0.1;0.01;0.01;0.1;0.07;0.05;NG
0.1;0.01;0.01;0.2;0.03;0.05;H2Oxy_CC
0.1;0.01;0.01;0.2;0.05;0.05;H2Oxy_CC
0.1;0.01;0.01;0.2;0.07;0.05;H2Oxy_CC
0.1;0.01;0.01;0.25;0.03;0.05;H2Oxy_CC
0.1;0.01;0.01;0.25;0.05;0.05;H2Oxy_CC
0.1;0.01;0.01;0.25;0.07;0.05;H2Oxy_CC
0.1;0.01;0.035;0.075;0.03;0.05;BioCH4
0.1;0.01;0.035;0.075;0.05;0.05;H2Oxy
0.1;0.01;0.035;0.075;0.07;0.05;H2Oxy
0.1;0.01;0.035;0.1;0.03;0.05;BioCH4
0.1;0.01;0.035;0.1;0.05;0.05;H2Oxy_CC
0.1;0.01;0.035;0.1;0.07;0.05;H2Oxy_CC
0.1;0.01;0.035;0.2;0.03;0.05;H2Oxy_CC
0.1;0.01;0.035;0.2;0.05;0.05;H2Oxy_CC
0.1;0.01;0.035;0.2;0.07;0.05;H2Oxy_CC
0.1;0.01;0.035;0.25;0.03;0.05;H2Oxy_CC
0.1;0.01;0.035;0.25;0.05;0.05;H2Oxy_CC
0.1;0.01;0.035;0.25;0.07;0.05;H2Oxy_CC
0.1;0.01;0.055;0.075;0.03;0.05;BioCH4
0.1;0.01;0.055;0.075;0.05;0.05;H2Oxy
0.1;0.01;0.055;0.075;0.07;0.05;H2Oxy
0.1;0.01;0.055;0.1;0.03;0.05;BioCH4
0.1;0.01;0.055;0.1;0.05;0.05;H2Oxy_CC
0.1;0.01;0.055;0.1;0.07;0.05;H2Oxy_CC
0.1;0.01;0.055;0.2;0.03;0.05;H2Oxy_CC
0.1;0.01;0.055;0.2;0.05;0.05;H2Oxy_CC
0.1;0.01;0.055;0.2;0.07;0.05;H2Oxy_CC
0.1;0.01;0.055;0.25;0.03;0.05;H2Oxy_CC
0.1;0.01;0.055;0.25;0.05;0.05;H2Oxy_CC
0.1;0.01;0.055;0.25;0.07;0.05;H2Oxy_CC
0.1;0.01;0.075;0.075;0.03;0.05;BioCH4
0.1;0.01;0.075;0.075;0.05;0.05;H2Oxy
0.1;0.01;0.075;0.075;0.07;0.05;H2Oxy
0.1;0.01;0.075;0.1;0.03;0.05;BioCH4
0.1;0.01;0.075;0.1;0.05;0.05;H2Oxy_CC
0.1;0.01;0.075;0.1;0.07;0.05;H2Oxy_CC
0.1;0.01;0.075;0.2;0.03;0.05;H2Oxy_CC
0.1;0.01;0.075;0.2;0.05;0.05;H2Oxy_CC
0.1;0.01;0.075;0.2;0.07;0.05;H2Oxy_CC
0.1;0.01;0.075;0.25;0.03;0.05;H2Oxy_CC
0.1;0.01;0.075;0.25;0.05;0.05;H2Oxy_CC
0.1;0.01;0.075;0.25;0.07;0.05;H2Oxy_CC
0.1;0.01;0.1;0.075;0.03;0.05;BioCH4
0.1;0.01;0.1;0.075;0.05;0.05;H2Oxy
0.1;0.01;0.1;0.075;0.07;0.05;H2Oxy
0.1;0.01;0.1;0.1;0.03;0.05;BioCH4
0.1;0.01;0.1;0.1;0.05;0.05;H2Oxy_CC
0.1;0.01;0.1;0.1;0.07;0.05;H2Oxy_CC
0.1;0.01;0.1;0.2;0.03;0.05;H2Oxy_CC
0.1;0.01;0.1;0.2;0.05;0.05;H2Oxy_CC
0.1;0.01;0.1;0.2;0.07;0.05;H2Oxy_CC
0.1;0.01;0.1;0.25;0.03;0.05;H2Oxy_CC
0.1;0.01;0.1;0.25;0.05;0.05;H2Oxy_CC
0.1;0.01;0.1;0.25;0.07;0.05;H2Oxy_CC
0.1;0.025;0.01;0.075;0.03;0.05;NG
0.1;0.025;0.01;0.075;0.05;0.05;NG
0.1;0.025;0.01;0.075;0.07;0.05;NG
0.1;0.025;0.01;0.1;0.03;0.05;NG
0.1;0.025;0.01;0.1;0.05;0.05;NG
0.1;0.025;0.01;0.1;0.07;0.05;NG
0.1;0.025;0.01;0.2;0.03;0.05;BioCH4Oxy_CC
0.1;0.025;0.01;0.2;0.05;0.05;Plasma_CC
0.1;0.025;0.01;0.2;0.07;0.05;Plasma_CC
0.1;0.025;0.01;0.25;0.03;0.05;BioCH4Oxy_CC
0.1;0.025;0.01;0.25;0.05;0.05;Plasma_CC
0.1;0.025;0.01;0.25;0.07;0.05;Plasma_CC
0.1;0.025;0.035;0.075;0.03;0.05;BioCH4
0.1;0.025;0.035;0.075;0.05;0.05;NG
0.1;0.025;0.035;0.075;0.07;0.05;NG
0.1;0.025;0.035;0.1;0.03;0.05;BioCH4
0.1;0.025;0.035;0.1;0.05;0.05;BioCH4
0.1;0.025;0.035;0.1;0.07;0.05;Plasma_CC
0.1;0.025;0.035;0.2;0.03;0.05;BioCH4Oxy_CC
0.1;0.025;0.035;0.2;0.05;0.05;Plasma_CC
0.1;0.025;0.035;0.2;0.07;0.05;Plasma_CC
0.1;0.025;0.035;0.25;0.03;0.05;BioCH4Oxy_CC
0.1;0.025;0.035;0.25;0.05;0.05;Plasma_CC
0.1;0.025;0.035;0.25;0.07;0.05;Plasma_CC
0.1;0.025;0.055;0.075;0.03;0.05;BioCH4
0.1;0.025;0.055;0.075;0.05;0.05;BioCH4
0.1;0.025;0.055;0.075;0.07;0.05;Plasma
0.1;0.025;0.055;0.1;0.03;0.05;BioCH4
0.1;0.025;0.055;0.1;0.05;0.05;BioCH4
0.1;0.025;0.055;0.1;0.07;0.05;Plasma_CC
0.1;0.025;0.055;0.2;0.03;0.05;BioCH4Oxy_CC
0.1;0.025;0.055;0.2;0.05;0.05;Plasma_CC
0.1;0.025;0.055;0.2;0.07;0.05;Plasma_CC
0.1;0.025;0.055;0.25;0.03;0.05;BioCH4Oxy_CC
0.1;0.025;0.055;0.25;0.05;0.05;Plasma_CC
0.1;0.025;0.055;0.25;0.07;0.05;Plasma_CC
0.1;0.025;0.075;0.075;0.03;0.05;BioCH4
0.1;0.025;0.075;0.075;0.05;0.05;BioCH4
0.1;0.025;0.075;0.075;0.07;0.05;Plasma
0.1;0.025;0.075;0.1;0.03;0.05;BioCH4
0.1;0.025;0.075;0.1;0.05;0.05;BioCH4
0.1;0.025;0.075;0.1;0.07;0.05;Plasma_CC
0.1;0.025;0.075;0.2;0.03;0.05;BioCH4Oxy_CC
0.1;0.025;0.075;0.2;0.05;0.05;Plasma_CC
0.1;0.025;0.075;0.2;0.07;0.05;Plasma_CC
0.1;0.025;0.075;0.25;0.03;0.05;BioCH4Oxy_CC
0.1;0.025;0.075;0.25;0.05;0.05;Plasma_CC
0.1;0.025;0.075;0.25;0.07;0.05;Plasma_CC
0.1;0.025;0.1;0.075;0.03;0.05;BioCH4
0.1;0.025;0.1;0.075;0.05;0.05;BioCH4
0.1;0.025;0.1;0.075;0.07;0.05;Plasma
0.1;0.025;0.1;0.1;0.03;0.05;BioCH4
0.1;0.025;0.1;0.1;0.05;0.05;BioCH4
0.1;0.025;0.1;0.1;0.07;0.05;Plasma_CC
0.1;0.025;0.1;0.2;0.03;0.05;BioCH4Oxy_CC
0.1;0.025;0.1;0.2;0.05;0.05;Plasma_CC
0.1;0.025;0.1;0.2;0.07;0.05;Plasma_CC
0.1;0.025;0.1;0.25;0.03;0.05;BioCH4Oxy_CC
0.1;0.025;0.1;0.25;0.05;0.05;Plasma_CC
0.1;0.025;0.1;0.25;0.07;0.05;Plasma_CC
0.1;0.05;0.01;0.075;0.03;0.05;NG
0.1;0.05;0.01;0.075;0.05;0.05;NG
0.1;0.05;0.01;0.075;0.07;0.05;NG
0.1;0.05;0.01;0.1;0.03;0.05;NG
0.1;0.05;0.01;0.1;0.05;0.05;NG
0.1;0.05;0.01;0.1;0.07;0.05;NG
0.1;0.05;0.01;0.2;0.03;0.05;BioCH4Oxy_CC
0.1;0.05;0.01;0.2;0.05;0.05;Plasma_CC
0.1;0.05;0.01;0.2;0.07;0.05;Plasma_CC
0.1;0.05;0.01;0.25;0.03;0.05;BioCH4Oxy_CC
0.1;0.05;0.01;0.25;0.05;0.05;Plasma_CC
0.1;0.05;0.01;0.25;0.07;0.05;Plasma_CC
0.1;0.05;0.035;0.075;0.03;0.05;BioCH4
0.1;0.05;0.035;0.075;0.05;0.05;NG
0.1;0.05;0.035;0.075;0.07;0.05;NG
0.1;0.05;0.035;0.1;0.03;0.05;BioCH4
0.1;0.05;0.035;0.1;0.05;0.05;BioCH4
0.1;0.05;0.035;0.1;0.07;0.05;Plasma_CC
0.1;0.05;0.035;0.2;0.03;0.05;BioCH4Oxy_CC
0.1;0.05;0.035;0.2;0.05;0.05;Plasma_CC
0.1;0.05;0.035;0.2;0.07;0.05;Plasma_CC
0.1;0.05;0.035;0.25;0.03;0.05;BioCH4Oxy_CC
0.1;0.05;0.035;0.25;0.05;0.05;Plasma_CC
0.1;0.05;0.035;0.25;0.07;0.05;Plasma_CC
0.1;0.05;0.055;0.075;0.03;0.05;BioCH4
0.1;0.05;0.055;0.075;0.05;0.05;BioCH4
0.1;0.05;0.055;0.075;0.07;0.05;Plasma
0.1;0.05;0.055;0.1;0.03;0.05;BioCH4
0.1;0.05;0.055;0.1;0.05;0.05;BioCH4
0.1;0.05;0.055;0.1;0.07;0.05;Plasma_CC
0.1;0.05;0.055;0.2;0.03;0.05;BioCH4Oxy_CC
0.1;0.05;0.055;0.2;0.05;0.05;Plasma_CC
0.1;0.05;0.055;0.2;0.07;0.05;Plasma_CC
0.1;0.05;0.055;0.25;0.03;0.05;BioCH4Oxy_CC
0.1;0.05;0.055;0.25;0.05;0.05;Plasma_CC
0.1;0.05;0.055;0.25;0.07;0.05;Plasma_CC
0.1;0.05;0.075;0.075;0.03;0.05;BioCH4
0.1;0.05;0.075;0.075;0.05;0.05;BioCH4
0.1;0.05;0.075;0.075;0.07;0.05;Plasma
0.1;0.05;0.075;0.1;0.03;0.05;BioCH4
0.1;0.05;0.075;0.1;0.05;0.05;BioCH4
0.1;0.05;0.075;0.1;0.07;0.05;Plasma_CC
0.1;0.05;0.075;0.2;0.03;0.05;BioCH4Oxy_CC
0.1;0.05;0.075;0.2;0.05;0.05;Plasma_CC
0.1;0.05;0.075;0.2;0.07;0.05;Plasma_CC
0.1;0.05;0.075;0.25;0.03;0.05;BioCH4Oxy_CC
0.1;0.05;0.075;0.25;0.05;0.05;Plasma_CC
0.1;0.05;0.075;0.25;0.07;0.05;Plasma_CC
0.1;0.05;0.1;0.075;0.03;0.05;BioCH4
0.1;0.05;0.1;0.075;0.05;0.05;BioCH4
0.1;0.05;0.1;0.075;0.07;0.05;Plasma
0.1;0.05;0.1;0.1;0.03;0.05;BioCH4
0.1;0.05;0.1;0.1;0.05;0.05;BioCH4
0.1;0.05;0.1;0.1;0.07;0.05;Plasma_CC
0.1;0.05;0.1;0.2;0.03;0.05;BioCH4Oxy_CC
0.1;0.05;0.1;0.2;0.05;0.05;Plasma_CC
0.1;0.05;0.1;0.2;0.07;0.05;Plasma_CC
0.1;0.05;0.1;0.25;0.03;0.05;BioCH4Oxy_CC
0.1;0.05;0.1;0.25;0.05;0.05;Plasma_CC
0.1;0.05;0.1;0.25;0.07;0.05;Plasma_CC
0.1;0.075;0.01;0.075;0.03;0.05;NG
0.1;0.075;0.01;0.075;0.05;0.05;NG
0.1;0.075;0.01;0.075;0.07;0.05;NG
0.1;0.075;0.01;0.1;0.03;0.05;NG
0.1;0.075;0.01;0.1;0.05;0.05;NG
0.1;0.075;0.01;0.1;0.07;0.05;NG
0.1;0.075;0.01;0.2;0.03;0.05;BioCH4Oxy_CC
0.1;0.075;0.01;0.2;0.05;0.05;Plasma_CC
0.1;0.075;0.01;0.2;0.07;0.05;Plasma_CC
0.1;0.075;0.01;0.25;0.03;0.05;BioCH4Oxy_CC
0.1;0.075;0.01;0.25;0.05;0.05;Plasma_CC
0.1;0.075;0.01;0.25;0.07;0.05;Plasma_CC
0.1;0.075;0.035;0.075;0.03;0.05;BioCH4
0.1;0.075;0.035;0.075;0.05;0.05;NG
0.1;0.075;0.035;0.075;0.07;0.05;NG
0.1;0.075;0.035;0.1;0.03;0.05;BioCH4
0.1;0.075;0.035;0.1;0.05;0.05;BioCH4
0.1;0.075;0.035;0.1;0.07;0.05;Plasma_CC
0.1;0.075;0.035;0.2;0.03;0.05;BioCH4Oxy_CC
0.1;0.075;0.035;0.2;0.05;0.05;Plasma_CC
0.1;0.075;0.035;0.2;0.07;0.05;Plasma_CC
0.1;0.075;0.035;0.25;0.03;0.05;BioCH4Oxy_CC
0.1;0.075;0.035;0.25;0.05;0.05;Plasma_CC
0.1;0.075;0.035;0.25;0.07;0.05;Plasma_CC
0.1;0.075;0.055;0.075;0.03;0.05;BioCH4
0.1;0.075;0.055;0.075;0.05;0.05;BioCH4
0.1;0.075;0.055;0.075;0.07;0.05;Plasma
0.1;0.075;0.055;0.1;0.03;0.05;BioCH4
0.1;0.075;0.055;0.1;0.05;0.05;BioCH4
0.1;0.075;0.055;0.1;0.07;0.05;Plasma_CC
0.1;0.075;0.055;0.2;0.03;0.05;BioCH4Oxy_CC
0.1;0.075;0.055;0.2;0.05;0.05;Plasma_CC
0.1;0.075;0.055;0.2;0.07;0.05;Plasma_CC
0.1;0.075;0.055;0.25;0.03;0.05;BioCH4Oxy_CC
0.1;0.075;0.055;0.25;0.05;0.05;Plasma_CC
0.1;0.075;0.055;0.25;0.07;0.05;Plasma_CC
0.1;0.075;0.075;0.075;0.03;0.05;BioCH4
0.1;0.075;0.075;0.075;0.05;0.05;BioCH4
0.1;0.075;0.075;0.075;0.07;0.05;Plasma
0.1;0.075;0.075;0.1;0.03;0.05;BioCH4
0.1;0.075;0.075;0.1;0.05;0.05;BioCH4
0.1;0.075;0.075;0.1;0.07;0.05;Plasma_CC
0.1;0.075;0.075;0.2;0.03;0.05;BioCH4Oxy_CC
0.1;0.075;0.075;0.2;0.05;0.05;Plasma_CC
0.1;0.075;0.075;0.2;0.07;0.05;Plasma_CC
0.1;0.075;0.075;0.25;0.03;0.05;BioCH4Oxy_CC
0.1;0.075;0.075;0.25;0.05;0.05;Plasma_CC
0.1;0.075;0.075;0.25;0.07;0.05;Plasma_CC
0.1;0.075;0.1;0.075;0.03;0.05;BioCH4
0.1;0.075;0.1;0.075;0.05;0.05;BioCH4
0.1;0.075;0.1;0.075;0.07;0.05;Plasma
0.1;0.075;0.1;0.1;0.03;0.05;BioCH4
0.1;0.075;0.1;0.1;0.05;0.05;BioCH4
0.1;0.075;0.1;0.1;0.07;0.05;Plasma_CC
0.1;0.075;0.1;0.2;0.03;0.05;BioCH4Oxy_CC
0.1;0.075;0.1;0.2;0.05;0.05;Plasma_CC
0.1;0.075;0.1;0.2;0.07;0.05;Plasma_CC
0.1;0.075;0.1;0.25;0.03;0.05;BioCH4Oxy_CC
0.1;0.075;0.1;0.25;0.05;0.05;Plasma_CC
0.1;0.075;0.1;0.25;0.07;0.05;Plasma_CC
0.1;0.1;0.01;0.075;0.03;0.05;NG
0.1;0.1;0.01;0.075;0.05;0.05;NG
0.1;0.1;0.01;0.075;0.07;0.05;NG
0.1;0.1;0.01;0.1;0.03;0.05;NG
0.1;0.1;0.01;0.1;0.05;0.05;NG
0.1;0.1;0.01;0.1;0.07;0.05;NG
0.1;0.1;0.01;0.2;0.03;0.05;BioCH4Oxy_CC
0.1;0.1;0.01;0.2;0.05;0.05;Plasma_CC
0.1;0.1;0.01;0.2;0.07;0.05;Plasma_CC
0.1;0.1;0.01;0.25;0.03;0.05;BioCH4Oxy_CC
0.1;0.1;0.01;0.25;0.05;0.05;Plasma_CC
0.1;0.1;0.01;0.25;0.07;0.05;Plasma_CC
0.1;0.1;0.035;0.075;0.03;0.05;BioCH4
0.1;0.1;0.035;0.075;0.05;0.05;NG
0.1;0.1;0.035;0.075;0.07;0.05;NG
0.1;0.1;0.035;0.1;0.03;0.05;BioCH4
0.1;0.1;0.035;0.1;0.05;0.05;BioCH4
0.1;0.1;0.035;0.1;0.07;0.05;Plasma_CC
0.1;0.1;0.035;0.2;0.03;0.05;BioCH4Oxy_CC
0.1;0.1;0.035;0.2;0.05;0.05;Plasma_CC
0.1;0.1;0.035;0.2;0.07;0.05;Plasma_CC
0.1;0.1;0.035;0.25;0.03;0.05;BioCH4Oxy_CC
0.1;0.1;0.035;0.25;0.05;0.05;Plasma_CC
0.1;0.1;0.035;0.25;0.07;0.05;Plasma_CC
0.1;0.1;0.055;0.075;0.03;0.05;BioCH4
0.1;0.1;0.055;0.075;0.05;0.05;BioCH4
0.1;0.1;0.055;0.075;0.07;0.05;Plasma
0.1;0.1;0.055;0.1;0.03;0.05;BioCH4
0.1;0.1;0.055;0.1;0.05;0.05;BioCH4
0.1;0.1;0.055;0.1;0.07;0.05;Plasma_CC
0.1;0.1;0.055;0.2;0.03;0.05;BioCH4Oxy_CC
0.1;0.1;0.055;0.2;0.05;0.05;Plasma_CC
0.1;0.1;0.055;0.2;0.07;0.05;Plasma_CC
0.1;0.1;0.055;0.25;0.03;0.05;BioCH4Oxy_CC
0.1;0.1;0.055;0.25;0.05;0.05;Plasma_CC
0.1;0.1;0.055;0.25;0.07;0.05;Plasma_CC
0.1;0.1;0.075;0.075;0.03;0.05;BioCH4
0.1;0.1;0.075;0.075;0.05;0.05;BioCH4
0.1;0.1;0.075;0.075;0.07;0.05;Plasma
0.1;0.1;0.075;0.1;0.03;0.05;BioCH4
0.1;0.1;0.075;0.1;0.05;0.05;BioCH4
0.1;0.1;0.075;0.1;0.07;0.05;Plasma_CC
0.1;0.1;0.075;0.2;0.03;0.05;BioCH4Oxy_CC
0.1;0.1;0.075;0.2;0.05;0.05;Plasma_CC
0.1;0.1;0.075;0.2;0.07;0.05;Plasma_CC
0.1;0.1;0.075;0.25;0.03;0.05;BioCH4Oxy_CC
0.1;0.1;0.075;0.25;0.05;0.05;Plasma_CC
0.1;0.1;0.075;0.25;0.07;0.05;Plasma_CC
0.1;0.1;0.1;0.075;0.03;0.05;BioCH4
0.1;0.1;0.1;0.075;0.05;0.05;BioCH4
0.1;0.1;0.1;0.075;0.07;0.05;Plasma
0.1;0.1;0.1;0.1;0.03;0.05;BioCH4
0.1;0.1;0.1;0.1;0.05;0.05;BioCH4
0.1;0.1;0.1;0.1;0.07;0.05;Plasma_CC
0.1;0.1;0.1;0.2;0.03;0.05;BioCH4Oxy_CC
0.1;0.1;0.1;0.2;0.05;0.05;Plasma_CC
0.1;0.1;0.1;0.2;0.07;0.05;Plasma_CC
0.1;0.1;0.1;0.25;0.03;0.05;BioCH4Oxy_CC
0.1;0.1;0.1;0.25;0.05;0.05;Plasma_CC
0.1;0.1;0.1;0.25;0.07;0.05;Plasma_CC
0.1;0.15;0.01;0.075;0.03;0.05;NG
0.1;0.15;0.01;0.075;0.05;0.05;NG
0.1;0.15;0.01;0.075;0.07;0.05;NG
0.1;0.15;0.01;0.1;0.03;0.05;NG
0.1;0.15;0.01;0.1;0.05;0.05;NG
0.1;0.15;0.01;0.1;0.07;0.05;NG
0.1;0.15;0.01;0.2;0.03;0.05;BioCH4Oxy_CC
0.1;0.15;0.01;0.2;0.05;0.05;Plasma_CC
0.1;0.15;0.01;0.2;0.07;0.05;Plasma_CC
0.1;0.15;0.01;0.25;0.03;0.05;BioCH4Oxy_CC
0.1;0.15;0.01;0.25;0.05;0.05;Plasma_CC
0.1;0.15;0.01;0.25;0.07;0.05;Plasma_CC
0.1;0.15;0.035;0.075;0.03;0.05;BioCH4
0.1;0.15;0.035;0.075;0.05;0.05;NG
0.1;0.15;0.035;0.075;0.07;0.05;NG
0.1;0.15;0.035;0.1;0.03;0.05;BioCH4
0.1;0.15;0.035;0.1;0.05;0.05;BioCH4
0.1;0.15;0.035;0.1;0.07;0.05;Plasma_CC
0.1;0.15;0.035;0.2;0.03;0.05;BioCH4Oxy_CC
0.1;0.15;0.035;0.2;0.05;0.05;Plasma_CC
0.1;0.15;0.035;0.2;0.07;0.05;Plasma_CC
0.1;0.15;0.035;0.25;0.03;0.05;BioCH4Oxy_CC
0.1;0.15;0.035;0.25;0.05;0.05;Plasma_CC
0.1;0.15;0.035;0.25;0.07;0.05;Plasma_CC
0.1;0.15;0.055;0.075;0.03;0.05;BioCH4
0.1;0.15;0.055;0.075;0.05;0.05;BioCH4
0.1;0.15;0.055;0.075;0.07;0.05;Plasma
0.1;0.15;0.055;0.1;0.03;0.05;BioCH4
0.1;0.15;0.055;0.1;0.05;0.05;BioCH4
0.1;0.15;0.055;0.1;0.07;0.05;Plasma_CC
0.1;0.15;0.055;0.2;0.03;0.05;BioCH4Oxy_CC
0.1;0.15;0.055;0.2;0.05;0.05;Plasma_CC
0.1;0.15;0.055;0.2;0.07;0.05;Plasma_CC
0.1;0.15;0.055;0.25;0.03;0.05;BioCH4Oxy_CC
0.1;0.15;0.055;0.25;0.05;0.05;Plasma_CC
0.1;0.15;0.055;0.25;0.07;0.05;Plasma_CC
0.1;0.15;0.075;0.075;0.03;0.05;BioCH4
0.1;0.15;0.075;0.075;0.05;0.05;BioCH4
0.1;0.15;0.075;0.075;0.07;0.05;Plasma
0.1;0.15;0.075;0.1;0.03;0.05;BioCH4
0.1;0.15;0.075;0.1;0.05;0.05;BioCH4
0.1;0.15;0.075;0.1;0.07;0.05;Plasma_CC
0.1;0.15;0.075;0.2;0.03;0.05;BioCH4Oxy_CC
0.1;0.15;0.075;0.2;0.05;0.05;Plasma_CC
0.1;0.15;0.075;0.2;0.07;0.05;Plasma_CC
0.1;0.15;0.075;0.25;0.03;0.05;BioCH4Oxy_CC
0.1;0.15;0.075;0.25;0.05;0.05;Plasma_CC
0.1;0.15;0.075;0.25;0.07;0.05;Plasma_CC
0.1;0.15;0.1;0.075;0.03;0.05;BioCH4
0.1;0.15;0.1;0.075;0.05;0.05;BioCH4
0.1;0.15;0.1;0.075;0.07;0.05;Plasma
0.1;0.15;0.1;0.1;0.03;0.05;BioCH4
0.1;0.15;0.1;0.1;0.05;0.05;BioCH4
0.1;0.15;0.1;0.1;0.07;0.05;Plasma_CC
0.1;0.15;0.1;0.2;0.03;0.05;BioCH4Oxy_CC
0.1;0.15;0.1;0.2;0.05;0.05;Plasma_CC
0.1;0.15;0.1;0.2;0.07;0.05;Plasma_CC
0.1;0.15;0.1;0.25;0.03;0.05;BioCH4Oxy_CC
0.1;0.15;0.1;0.25;0.05;0.05;Plasma_CC
0.1;0.15;0.1;0.25;0.07;0.05;Plasma_CC
0.1;0.2;0.01;0.075;0.03;0.05;NG
0.1;0.2;0.01;0.075;0.05;0.05;NG
0.1;0.2;0.01;0.075;0.07;0.05;NG
0.1;0.2;0.01;0.1;0.03;0.05;NG
0.1;0.2;0.01;0.1;0.05;0.05;NG
0.1;0.2;0.01;0.1;0.07;0.05;NG
0.1;0.2;0.01;0.2;0.03;0.05;BioCH4Oxy_CC
0.1;0.2;0.01;0.2;0.05;0.05;Plasma_CC
0.1;0.2;0.01;0.2;0.07;0.05;Plasma_CC
0.1;0.2;0.01;0.25;0.03;0.05;BioCH4Oxy_CC
0.1;0.2;0.01;0.25;0.05;0.05;Plasma_CC
0.1;0.2;0.01;0.25;0.07;0.05;Plasma_CC
0.1;0.2;0.035;0.075;0.03;0.05;BioCH4
0.1;0.2;0.035;0.075;0.05;0.05;NG
0.1;0.2;0.035;0.075;0.07;0.05;NG
0.1;0.2;0.035;0.1;0.03;0.05;BioCH4
0.1;0.2;0.035;0.1;0.05;0.05;BioCH4
0.1;0.2;0.035;0.1;0.07;0.05;Plasma_CC
0.1;0.2;0.035;0.2;0.03;0.05;BioCH4Oxy_CC
0.1;0.2;0.035;0.2;0.05;0.05;Plasma_CC
0.1;0.2;0.035;0.2;0.07;0.05;Plasma_CC
0.1;0.2;0.035;0.25;0.03;0.05;BioCH4Oxy_CC
0.1;0.2;0.035;0.25;0.05;0.05;Plasma_CC
0.1;0.2;0.035;0.25;0.07;0.05;Plasma_CC
0.1;0.2;0.055;0.075;0.03;0.05;BioCH4
0.1;0.2;0.055;0.075;0.05;0.05;BioCH4
0.1;0.2;0.055;0.075;0.07;0.05;Plasma
0.1;0.2;0.055;0.1;0.03;0.05;BioCH4
0.1;0.2;0.055;0.1;0.05;0.05;BioCH4
0.1;0.2;0.055;0.1;0.07;0.05;Plasma_CC
0.1;0.2;0.055;0.2;0.03;0.05;BioCH4Oxy_CC
0.1;0.2;0.055;0.2;0.05;0.05;Plasma_CC
0.1;0.2;0.055;0.2;0.07;0.05;Plasma_CC
0.1;0.2;0.055;0.25;0.03;0.05;BioCH4Oxy_CC
0.1;0.2;0.055;0.25;0.05;0.05;Plasma_CC
0.1;0.2;0.055;0.25;0.07;0.05;Plasma_CC
0.1;0.2;0.075;0.075;0.03;0.05;BioCH4
0.1;0.2;0.075;0.075;0.05;0.05;BioCH4
0.1;0.2;0.075;0.075;0.07;0.05;Plasma
0.1;0.2;0.075;0.1;0.03;0.05;BioCH4
0.1;0.2;0.075;0.1;0.05;0.05;BioCH4
0.1;0.2;0.075;0.1;0.07;0.05;Plasma_CC
0.1;0.2;0.075;0.2;0.03;0.05;BioCH4Oxy_CC
0.1;0.2;0.075;0.2;0.05;0.05;Plasma_CC
0.1;0.2;0.075;0.2;0.07;0.05;Plasma_CC
0.1;0.2;0.075;0.25;0.03;0.05;BioCH4Oxy_CC
0.1;0.2;0.075;0.25;0.05;0.05;Plasma_CC
0.1;0.2;0.075;0.25;0.07;0.05;Plasma_CC
0.1;0.2;0.1;0.075;0.03;0.05;BioCH4
0.1;0.2;0.1;0.075;0.05;0.05;BioCH4
0.1;0.2;0.1;0.075;0.07;0.05;Plasma
0.1;0.2;0.1;0.1;0.03;0.05;BioCH4
0.1;0.2;0.1;0.1;0.05;0.05;BioCH4
0.1;0.2;0.1;0.1;0.07;0.05;Plasma_CC
0.1;0.2;0.1;0.2;0.03;0.05;BioCH4Oxy_CC
0.1;0.2;0.1;0.2;0.05;0.05;Plasma_CC
0.1;0.2;0.1;0.2;0.07;0.05;Plasma_CC
0.1;0.2;0.1;0.25;0.03;0.05;BioCH4Oxy_CC
0.1;0.2;0.1;0.25;0.05;0.05;Plasma_CC
0.1;0.2;0.1;0.25;0.07;0.05;BiomassOxy_CC
0.125;0.01;0.01;0.075;0.03;0.05;NG
0.125;0.01;0.01;0.075;0.05;0.05;NG
0.125;0.01;0.01;0.075;0.07;0.05;NG
0.125;0.01;0.01;0.1;0.03;0.05;NG
0.125;0.01;0.01;0.1;0.05;0.05;NG
0.125;0.01;0.01;0.1;0.07;0.05;NG
0.125;0.01;0.01;0.2;0.03;0.05;H2Oxy_CC
0.125;0.01;0.01;0.2;0.05;0.05;H2Oxy_CC
0.125;0.01;0.01;0.2;0.07;0.05;H2Oxy_CC
0.125;0.01;0.01;0.25;0.03;0.05;H2Oxy_CC
0.125;0.01;0.01;0.25;0.05;0.05;H2Oxy_CC
0.125;0.01;0.01;0.25;0.07;0.05;H2Oxy_CC
0.125;0.01;0.035;0.075;0.03;0.05;BioCH4
0.125;0.01;0.035;0.075;0.05;0.05;H2Oxy
0.125;0.01;0.035;0.075;0.07;0.05;H2Oxy
0.125;0.01;0.035;0.1;0.03;0.05;BioCH4
0.125;0.01;0.035;0.1;0.05;0.05;H2Oxy
0.125;0.01;0.035;0.1;0.07;0.05;H2Oxy
0.125;0.01;0.035;0.2;0.03;0.05;H2Oxy_CC
0.125;0.01;0.035;0.2;0.05;0.05;H2Oxy_CC
0.125;0.01;0.035;0.2;0.07;0.05;H2Oxy_CC
0.125;0.01;0.035;0.25;0.03;0.05;H2Oxy_CC
0.125;0.01;0.035;0.25;0.05;0.05;H2Oxy_CC
0.125;0.01;0.035;0.25;0.07;0.05;H2Oxy_CC
0.125;0.01;0.055;0.075;0.03;0.05;BioCH4
0.125;0.01;0.055;0.075;0.05;0.05;H2Oxy
0.125;0.01;0.055;0.075;0.07;0.05;H2Oxy
0.125;0.01;0.055;0.1;0.03;0.05;BioCH4
0.125;0.01;0.055;0.1;0.05;0.05;H2Oxy
0.125;0.01;0.055;0.1;0.07;0.05;H2Oxy
0.125;0.01;0.055;0.2;0.03;0.05;H2Oxy_CC
0.125;0.01;0.055;0.2;0.05;0.05;H2Oxy_CC
0.125;0.01;0.055;0.2;0.07;0.05;H2Oxy_CC
0.125;0.01;0.055;0.25;0.03;0.05;H2Oxy_CC
0.125;0.01;0.055;0.25;0.05;0.05;H2Oxy_CC
0.125;0.01;0.055;0.25;0.07;0.05;H2Oxy_CC
0.125;0.01;0.075;0.075;0.03;0.05;BioCH4
0.125;0.01;0.075;0.075;0.05;0.05;H2Oxy
0.125;0.01;0.075;0.075;0.07;0.05;H2Oxy
0.125;0.01;0.075;0.1;0.03;0.05;BioCH4
0.125;0.01;0.075;0.1;0.05;0.05;H2Oxy
0.125;0.01;0.075;0.1;0.07;0.05;H2Oxy
0.125;0.01;0.075;0.2;0.03;0.05;H2Oxy_CC
0.125;0.01;0.075;0.2;0.05;0.05;H2Oxy_CC
0.125;0.01;0.075;0.2;0.07;0.05;H2Oxy_CC
0.125;0.01;0.075;0.25;0.03;0.05;H2Oxy_CC
0.125;0.01;0.075;0.25;0.05;0.05;H2Oxy_CC
0.125;0.01;0.075;0.25;0.07;0.05;H2Oxy_CC
0.125;0.01;0.1;0.075;0.03;0.05;BioCH4
0.125;0.01;0.1;0.075;0.05;0.05;H2Oxy
0.125;0.01;0.1;0.075;0.07;0.05;H2Oxy
0.125;0.01;0.1;0.1;0.03;0.05;BioCH4
0.125;0.01;0.1;0.1;0.05;0.05;H2Oxy
0.125;0.01;0.1;0.1;0.07;0.05;H2Oxy
0.125;0.01;0.1;0.2;0.03;0.05;H2Oxy_CC
0.125;0.01;0.1;0.2;0.05;0.05;H2Oxy_CC
0.125;0.01;0.1;0.2;0.07;0.05;H2Oxy_CC
0.125;0.01;0.1;0.25;0.03;0.05;H2Oxy_CC
0.125;0.01;0.1;0.25;0.05;0.05;H2Oxy_CC
0.125;0.01;0.1;0.25;0.07;0.05;H2Oxy_CC
0.125;0.025;0.01;0.075;0.03;0.05;NG
0.125;0.025;0.01;0.075;0.05;0.05;NG
0.125;0.025;0.01;0.075;0.07;0.05;NG
0.125;0.025;0.01;0.1;0.03;0.05;NG
0.125;0.025;0.01;0.1;0.05;0.05;NG
0.125;0.025;0.01;0.1;0.07;0.05;NG
0.125;0.025;0.01;0.2;0.03;0.05;BioCH4Oxy_CC
0.125;0.025;0.01;0.2;0.05;0.05;H2Oxy_CC
0.125;0.025;0.01;0.2;0.07;0.05;H2Oxy_CC
0.125;0.025;0.01;0.25;0.03;0.05;BioCH4Oxy_CC
0.125;0.025;0.01;0.25;0.05;0.05;H2Oxy_CC
0.125;0.025;0.01;0.25;0.07;0.05;H2Oxy_CC
0.125;0.025;0.035;0.075;0.03;0.05;BioCH4
0.125;0.025;0.035;0.075;0.05;0.05;NG
0.125;0.025;0.035;0.075;0.07;0.05;NG
0.125;0.025;0.035;0.1;0.03;0.05;BioCH4
0.125;0.025;0.035;0.1;0.05;0.05;BioCH4
0.125;0.025;0.035;0.1;0.07;0.05;NG
0.125;0.025;0.035;0.2;0.03;0.05;BioCH4Oxy_CC
0.125;0.025;0.035;0.2;0.05;0.05;H2Oxy_CC
0.125;0.025;0.035;0.2;0.07;0.05;H2Oxy_CC
0.125;0.025;0.035;0.25;0.03;0.05;BioCH4Oxy_CC
0.125;0.025;0.035;0.25;0.05;0.05;H2Oxy_CC
0.125;0.025;0.035;0.25;0.07;0.05;H2Oxy_CC
0.125;0.025;0.055;0.075;0.03;0.05;BioCH4
0.125;0.025;0.055;0.075;0.05;0.05;BioCH4
0.125;0.025;0.055;0.075;0.07;0.05;H2Oxy
0.125;0.025;0.055;0.1;0.03;0.05;BioCH4
0.125;0.025;0.055;0.1;0.05;0.05;BioCH4
0.125;0.025;0.055;0.1;0.07;0.05;H2Oxy
0.125;0.025;0.055;0.2;0.03;0.05;BioCH4Oxy_CC
0.125;0.025;0.055;0.2;0.05;0.05;H2Oxy_CC
0.125;0.025;0.055;0.2;0.07;0.05;H2Oxy_CC
0.125;0.025;0.055;0.25;0.03;0.05;BioCH4Oxy_CC
0.125;0.025;0.055;0.25;0.05;0.05;H2Oxy_CC
0.125;0.025;0.055;0.25;0.07;0.05;H2Oxy_CC
0.125;0.025;0.075;0.075;0.03;0.05;BioCH4
0.125;0.025;0.075;0.075;0.05;0.05;BioCH4
0.125;0.025;0.075;0.075;0.07;0.05;H2Oxy
0.125;0.025;0.075;0.1;0.03;0.05;BioCH4
0.125;0.025;0.075;0.1;0.05;0.05;BioCH4
0.125;0.025;0.075;0.1;0.07;0.05;H2Oxy
0.125;0.025;0.075;0.2;0.03;0.05;BioCH4Oxy_CC
0.125;0.025;0.075;0.2;0.05;0.05;H2Oxy_CC
0.125;0.025;0.075;0.2;0.07;0.05;H2Oxy_CC
0.125;0.025;0.075;0.25;0.03;0.05;BioCH4Oxy_CC
0.125;0.025;0.075;0.25;0.05;0.05;H2Oxy_CC
0.125;0.025;0.075;0.25;0.07;0.05;H2Oxy_CC
0.125;0.025;0.1;0.075;0.03;0.05;BioCH4
0.125;0.025;0.1;0.075;0.05;0.05;BioCH4
0.125;0.025;0.1;0.075;0.07;0.05;H2Oxy
0.125;0.025;0.1;0.1;0.03;0.05;BioCH4
0.125;0.025;0.1;0.1;0.05;0.05;BioCH4
0.125;0.025;0.1;0.1;0.07;0.05;H2Oxy
0.125;0.025;0.1;0.2;0.03;0.05;BioCH4Oxy_CC
0.125;0.025;0.1;0.2;0.05;0.05;H2Oxy_CC
0.125;0.025;0.1;0.2;0.07;0.05;H2Oxy_CC
0.125;0.025;0.1;0.25;0.03;0.05;BioCH4Oxy_CC
0.125;0.025;0.1;0.25;0.05;0.05;H2Oxy_CC
0.125;0.025;0.1;0.25;0.07;0.05;H2Oxy_CC
0.125;0.05;0.01;0.075;0.03;0.05;NG
0.125;0.05;0.01;0.075;0.05;0.05;NG
0.125;0.05;0.01;0.075;0.07;0.05;NG
0.125;0.05;0.01;0.1;0.03;0.05;NG
0.125;0.05;0.01;0.1;0.05;0.05;NG
0.125;0.05;0.01;0.1;0.07;0.05;NG
0.125;0.05;0.01;0.2;0.03;0.05;BioCH4Oxy_CC
0.125;0.05;0.01;0.2;0.05;0.05;NGOxy_CC
0.125;0.05;0.01;0.2;0.07;0.05;NGOxy_CC
0.125;0.05;0.01;0.25;0.03;0.05;BioCH4Oxy_CC
0.125;0.05;0.01;0.25;0.05;0.05;NGOxy_CC
0.125;0.05;0.01;0.25;0.07;0.05;NGOxy_CC
0.125;0.05;0.035;0.075;0.03;0.05;BioCH4
0.125;0.05;0.035;0.075;0.05;0.05;NG
0.125;0.05;0.035;0.075;0.07;0.05;NG
0.125;0.05;0.035;0.1;0.03;0.05;BioCH4
0.125;0.05;0.035;0.1;0.05;0.05;BioCH4
0.125;0.05;0.035;0.1;0.07;0.05;NG
0.125;0.05;0.035;0.2;0.03;0.05;BioCH4Oxy_CC
0.125;0.05;0.035;0.2;0.05;0.05;BioCH4Oxy_CC
0.125;0.05;0.035;0.2;0.07;0.05;BiomassOxy_CC
0.125;0.05;0.035;0.25;0.03;0.05;BioCH4Oxy_CC
0.125;0.05;0.035;0.25;0.05;0.05;BioCH4Oxy_CC
0.125;0.05;0.035;0.25;0.07;0.05;BiomassOxy_CC
0.125;0.05;0.055;0.075;0.03;0.05;BioCH4
0.125;0.05;0.055;0.075;0.05;0.05;BioCH4
0.125;0.05;0.055;0.075;0.07;0.05;Biomass
0.125;0.05;0.055;0.1;0.03;0.05;BioCH4
0.125;0.05;0.055;0.1;0.05;0.05;BioCH4
0.125;0.05;0.055;0.1;0.07;0.05;Biomass
0.125;0.05;0.055;0.2;0.03;0.05;BioCH4Oxy_CC
0.125;0.05;0.055;0.2;0.05;0.05;BioCH4Oxy_CC
0.125;0.05;0.055;0.2;0.07;0.05;BiomassOxy_CC
0.125;0.05;0.055;0.25;0.03;0.05;BioCH4Oxy_CC
0.125;0.05;0.055;0.25;0.05;0.05;BioCH4Oxy_CC
0.125;0.05;0.055;0.25;0.07;0.05;BiomassOxy_CC
0.125;0.05;0.075;0.075;0.03;0.05;BioCH4
0.125;0.05;0.075;0.075;0.05;0.05;BioCH4
0.125;0.05;0.075;0.075;0.07;0.05;Biomass
0.125;0.05;0.075;0.1;0.03;0.05;BioCH4
0.125;0.05;0.075;0.1;0.05;0.05;BioCH4
0.125;0.05;0.075;0.1;0.07;0.05;Biomass
0.125;0.05;0.075;0.2;0.03;0.05;BioCH4Oxy_CC
0.125;0.05;0.075;0.2;0.05;0.05;BioCH4Oxy_CC
0.125;0.05;0.075;0.2;0.07;0.05;BiomassOxy_CC
0.125;0.05;0.075;0.25;0.03;0.05;BioCH4Oxy_CC
0.125;0.05;0.075;0.25;0.05;0.05;BioCH4Oxy_CC
0.125;0.05;0.075;0.25;0.07;0.05;BiomassOxy_CC
0.125;0.05;0.1;0.075;0.03;0.05;BioCH4
0.125;0.05;0.1;0.075;0.05;0.05;BioCH4
0.125;0.05;0.1;0.075;0.07;0.05;Biomass
0.125;0.05;0.1;0.1;0.03;0.05;BioCH4
0.125;0.05;0.1;0.1;0.05;0.05;BioCH4
0.125;0.05;0.1;0.1;0.07;0.05;Biomass
0.125;0.05;0.1;0.2;0.03;0.05;BioCH4Oxy_CC
0.125;0.05;0.1;0.2;0.05;0.05;BioCH4Oxy_CC
0.125;0.05;0.1;0.2;0.07;0.05;BiomassOxy_CC
0.125;0.05;0.1;0.25;0.03;0.05;BioCH4Oxy_CC
0.125;0.05;0.1;0.25;0.05;0.05;BioCH4Oxy_CC
0.125;0.05;0.1;0.25;0.07;0.05;BiomassOxy_CC
0.125;0.075;0.01;0.075;0.03;0.05;NG
0.125;0.075;0.01;0.075;0.05;0.05;NG
0.125;0.075;0.01;0.075;0.07;0.05;NG
0.125;0.075;0.01;0.1;0.03;0.05;NG
0.125;0.075;0.01;0.1;0.05;0.05;NG
0.125;0.075;0.01;0.1;0.07;0.05;NG
0.125;0.075;0.01;0.2;0.03;0.05;BioCH4Oxy_CC
0.125;0.075;0.01;0.2;0.05;0.05;NGOxy_CC
0.125;0.075;0.01;0.2;0.07;0.05;NGOxy_CC
0.125;0.075;0.01;0.25;0.03;0.05;BioCH4Oxy_CC
0.125;0.075;0.01;0.25;0.05;0.05;NGOxy_CC
0.125;0.075;0.01;0.25;0.07;0.05;NGOxy_CC
0.125;0.075;0.035;0.075;0.03;0.05;BioCH4
0.125;0.075;0.035;0.075;0.05;0.05;NG
0.125;0.075;0.035;0.075;0.07;0.05;NG
0.125;0.075;0.035;0.1;0.03;0.05;BioCH4
0.125;0.075;0.035;0.1;0.05;0.05;BioCH4
0.125;0.075;0.035;0.1;0.07;0.05;NG
0.125;0.075;0.035;0.2;0.03;0.05;BioCH4Oxy_CC
0.125;0.075;0.035;0.2;0.05;0.05;BioCH4Oxy_CC
0.125;0.075;0.035;0.2;0.07;0.05;BiomassOxy_CC
0.125;0.075;0.035;0.25;0.03;0.05;BioCH4Oxy_CC
0.125;0.075;0.035;0.25;0.05;0.05;BioCH4Oxy_CC
0.125;0.075;0.035;0.25;0.07;0.05;BiomassOxy_CC
0.125;0.075;0.055;0.075;0.03;0.05;BioCH4
0.125;0.075;0.055;0.075;0.05;0.05;BioCH4
0.125;0.075;0.055;0.075;0.07;0.05;Biomass
0.125;0.075;0.055;0.1;0.03;0.05;BioCH4
0.125;0.075;0.055;0.1;0.05;0.05;BioCH4
0.125;0.075;0.055;0.1;0.07;0.05;Biomass
0.125;0.075;0.055;0.2;0.03;0.05;BioCH4Oxy_CC
0.125;0.075;0.055;0.2;0.05;0.05;BioCH4Oxy_CC
0.125;0.075;0.055;0.2;0.07;0.05;BiomassOxy_CC
0.125;0.075;0.055;0.25;0.03;0.05;BioCH4Oxy_CC
0.125;0.075;0.055;0.25;0.05;0.05;BioCH4Oxy_CC
0.125;0.075;0.055;0.25;0.07;0.05;BiomassOxy_CC
0.125;0.075;0.075;0.075;0.03;0.05;BioCH4
0.125;0.075;0.075;0.075;0.05;0.05;BioCH4
0.125;0.075;0.075;0.075;0.07;0.05;Biomass
0.125;0.075;0.075;0.1;0.03;0.05;BioCH4
0.125;0.075;0.075;0.1;0.05;0.05;BioCH4
0.125;0.075;0.075;0.1;0.07;0.05;Biomass
0.125;0.075;0.075;0.2;0.03;0.05;BioCH4Oxy_CC
0.125;0.075;0.075;0.2;0.05;0.05;BioCH4Oxy_CC
0.125;0.075;0.075;0.2;0.07;0.05;BiomassOxy_CC
0.125;0.075;0.075;0.25;0.03;0.05;BioCH4Oxy_CC
0.125;0.075;0.075;0.25;0.05;0.05;BioCH4Oxy_CC
0.125;0.075;0.075;0.25;0.07;0.05;BiomassOxy_CC
0.125;0.075;0.1;0.075;0.03;0.05;BioCH4
0.125;0.075;0.1;0.075;0.05;0.05;BioCH4
0.125;0.075;0.1;0.075;0.07;0.05;Biomass
0.125;0.075;0.1;0.1;0.03;0.05;BioCH4
0.125;0.075;0.1;0.1;0.05;0.05;BioCH4
0.125;0.075;0.1;0.1;0.07;0.05;Biomass
0.125;0.075;0.1;0.2;0.03;0.05;BioCH4Oxy_CC
0.125;0.075;0.1;0.2;0.05;0.05;BioCH4Oxy_CC
0.125;0.075;0.1;0.2;0.07;0.05;BiomassOxy_CC
0.125;0.075;0.1;0.25;0.03;0.05;BioCH4Oxy_CC
0.125;0.075;0.1;0.25;0.05;0.05;BioCH4Oxy_CC
0.125;0.075;0.1;0.25;0.07;0.05;BiomassOxy_CC
0.125;0.1;0.01;0.075;0.03;0.05;NG
0.125;0.1;0.01;0.075;0.05;0.05;NG
0.125;0.1;0.01;0.075;0.07;0.05;NG
0.125;0.1;0.01;0.1;0.03;0.05;NG
0.125;0.1;0.01;0.1;0.05;0.05;NG
0.125;0.1;0.01;0.1;0.07;0.05;NG
0.125;0.1;0.01;0.2;0.03;0.05;BioCH4Oxy_CC
0.125;0.1;0.01;0.2;0.05;0.05;NGOxy_CC
0.125;0.1;0.01;0.2;0.07;0.05;NGOxy_CC
0.125;0.1;0.01;0.25;0.03;0.05;BioCH4Oxy_CC
0.125;0.1;0.01;0.25;0.05;0.05;NGOxy_CC
0.125;0.1;0.01;0.25;0.07;0.05;NGOxy_CC
0.125;0.1;0.035;0.075;0.03;0.05;BioCH4
0.125;0.1;0.035;0.075;0.05;0.05;NG
0.125;0.1;0.035;0.075;0.07;0.05;NG
0.125;0.1;0.035;0.1;0.03;0.05;BioCH4
0.125;0.1;0.035;0.1;0.05;0.05;BioCH4
0.125;0.1;0.035;0.1;0.07;0.05;NG
0.125;0.1;0.035;0.2;0.03;0.05;BioCH4Oxy_CC
0.125;0.1;0.035;0.2;0.05;0.05;BioCH4Oxy_CC
0.125;0.1;0.035;0.2;0.07;0.05;BiomassOxy_CC
0.125;0.1;0.035;0.25;0.03;0.05;BioCH4Oxy_CC
0.125;0.1;0.035;0.25;0.05;0.05;BioCH4Oxy_CC
0.125;0.1;0.035;0.25;0.07;0.05;BiomassOxy_CC
0.125;0.1;0.055;0.075;0.03;0.05;BioCH4
0.125;0.1;0.055;0.075;0.05;0.05;BioCH4
0.125;0.1;0.055;0.075;0.07;0.05;Biomass
0.125;0.1;0.055;0.1;0.03;0.05;BioCH4
0.125;0.1;0.055;0.1;0.05;0.05;BioCH4
0.125;0.1;0.055;0.1;0.07;0.05;Biomass
0.125;0.1;0.055;0.2;0.03;0.05;BioCH4Oxy_CC
0.125;0.1;0.055;0.2;0.05;0.05;BioCH4Oxy_CC
0.125;0.1;0.055;0.2;0.07;0.05;BiomassOxy_CC
0.125;0.1;0.055;0.25;0.03;0.05;BioCH4Oxy_CC
0.125;0.1;0.055;0.25;0.05;0.05;BioCH4Oxy_CC
0.125;0.1;0.055;0.25;0.07;0.05;BiomassOxy_CC
0.125;0.1;0.075;0.075;0.03;0.05;BioCH4
0.125;0.1;0.075;0.075;0.05;0.05;BioCH4
0.125;0.1;0.075;0.075;0.07;0.05;Biomass
0.125;0.1;0.075;0.1;0.03;0.05;BioCH4
0.125;0.1;0.075;0.1;0.05;0.05;BioCH4
0.125;0.1;0.075;0.1;0.07;0.05;Biomass
0.125;0.1;0.075;0.2;0.03;0.05;BioCH4Oxy_CC
0.125;0.1;0.075;0.2;0.05;0.05;BioCH4Oxy_CC
0.125;0.1;0.075;0.2;0.07;0.05;BiomassOxy_CC
0.125;0.1;0.075;0.25;0.03;0.05;BioCH4Oxy_CC
0.125;0.1;0.075;0.25;0.05;0.05;BioCH4Oxy_CC
0.125;0.1;0.075;0.25;0.07;0.05;BiomassOxy_CC
0.125;0.1;0.1;0.075;0.03;0.05;BioCH4
0.125;0.1;0.1;0.075;0.05;0.05;BioCH4
0.125;0.1;0.1;0.075;0.07;0.05;Biomass
0.125;0.1;0.1;0.1;0.03;0.05;BioCH4
0.125;0.1;0.1;0.1;0.05;0.05;BioCH4
0.125;0.1;0.1;0.1;0.07;0.05;Biomass
0.125;0.1;0.1;0.2;0.03;0.05;BioCH4Oxy_CC
0.125;0.1;0.1;0.2;0.05;0.05;BioCH4Oxy_CC
0.125;0.1;0.1;0.2;0.07;0.05;BiomassOxy_CC
0.125;0.1;0.1;0.25;0.03;0.05;BioCH4Oxy_CC
0.125;0.1;0.1;0.25;0.05;0.05;BioCH4Oxy_CC
0.125;0.1;0.1;0.25;0.07;0.05;BiomassOxy_CC
0.125;0.15;0.01;0.075;0.03;0.05;NG
0.125;0.15;0.01;0.075;0.05;0.05;NG
0.125;0.15;0.01;0.075;0.07;0.05;NG
0.125;0.15;0.01;0.1;0.03;0.05;NG
0.125;0.15;0.01;0.1;0.05;0.05;NG
0.125;0.15;0.01;0.1;0.07;0.05;NG
0.125;0.15;0.01;0.2;0.03;0.05;BioCH4Oxy_CC
0.125;0.15;0.01;0.2;0.05;0.05;NGOxy_CC
0.125;0.15;0.01;0.2;0.07;0.05;NGOxy_CC
0.125;0.15;0.01;0.25;0.03;0.05;BioCH4Oxy_CC
0.125;0.15;0.01;0.25;0.05;0.05;NGOxy_CC
0.125;0.15;0.01;0.25;0.07;0.05;NGOxy_CC
0.125;0.15;0.035;0.075;0.03;0.05;BioCH4
0.125;0.15;0.035;0.075;0.05;0.05;NG
0.125;0.15;0.035;0.075;0.07;0.05;NG
0.125;0.15;0.035;0.1;0.03;0.05;BioCH4
0.125;0.15;0.035;0.1;0.05;0.05;BioCH4
0.125;0.15;0.035;0.1;0.07;0.05;NG
0.125;0.15;0.035;0.2;0.03;0.05;BioCH4Oxy_CC
0.125;0.15;0.035;0.2;0.05;0.05;BioCH4Oxy_CC
0.125;0.15;0.035;0.2;0.07;0.05;BiomassOxy_CC
0.125;0.15;0.035;0.25;0.03;0.05;BioCH4Oxy_CC
0.125;0.15;0.035;0.25;0.05;0.05;BioCH4Oxy_CC
0.125;0.15;0.035;0.25;0.07;0.05;BiomassOxy_CC
0.125;0.15;0.055;0.075;0.03;0.05;BioCH4
0.125;0.15;0.055;0.075;0.05;0.05;BioCH4
0.125;0.15;0.055;0.075;0.07;0.05;Biomass
0.125;0.15;0.055;0.1;0.03;0.05;BioCH4
0.125;0.15;0.055;0.1;0.05;0.05;BioCH4
0.125;0.15;0.055;0.1;0.07;0.05;Biomass
0.125;0.15;0.055;0.2;0.03;0.05;BioCH4Oxy_CC
0.125;0.15;0.055;0.2;0.05;0.05;BioCH4Oxy_CC
0.125;0.15;0.055;0.2;0.07;0.05;BiomassOxy_CC
0.125;0.15;0.055;0.25;0.03;0.05;BioCH4Oxy_CC
0.125;0.15;0.055;0.25;0.05;0.05;BioCH4Oxy_CC
0.125;0.15;0.055;0.25;0.07;0.05;BiomassOxy_CC
0.125;0.15;0.075;0.075;0.03;0.05;BioCH4
0.125;0.15;0.075;0.075;0.05;0.05;BioCH4
0.125;0.15;0.075;0.075;0.07;0.05;Biomass
0.125;0.15;0.075;0.1;0.03;0.05;BioCH4
0.125;0.15;0.075;0.1;0.05;0.05;BioCH4
0.125;0.15;0.075;0.1;0.07;0.05;Biomass
0.125;0.15;0.075;0.2;0.03;0.05;BioCH4Oxy_CC
0.125;0.15;0.075;0.2;0.05;0.05;BioCH4Oxy_CC
0.125;0.15;0.075;0.2;0.07;0.05;BiomassOxy_CC
0.125;0.15;0.075;0.25;0.03;0.05;BioCH4Oxy_CC
0.125;0.15;0.075;0.25;0.05;0.05;BioCH4Oxy_CC
0.125;0.15;0.075;0.25;0.07;0.05;BiomassOxy_CC
0.125;0.15;0.1;0.075;0.03;0.05;BioCH4
0.125;0.15;0.1;0.075;0.05;0.05;BioCH4
0.125;0.15;0.1;0.075;0.07;0.05;Biomass
0.125;0.15;0.1;0.1;0.03;0.05;BioCH4
0.125;0.15;0.1;0.1;0.05;0.05;BioCH4
0.125;0.15;0.1;0.1;0.07;0.05;Biomass
0.125;0.15;0.1;0.2;0.03;0.05;BioCH4Oxy_CC
0.125;0.15;0.1;0.2;0.05;0.05;BioCH4Oxy_CC
0.125;0.15;0.1;0.2;0.07;0.05;BiomassOxy_CC
0.125;0.15;0.1;0.25;0.03;0.05;BioCH4Oxy_CC
0.125;0.15;0.1;0.25;0.05;0.05;BioCH4Oxy_CC
0.125;0.15;0.1;0.25;0.07;0.05;BiomassOxy_CC
0.125;0.2;0.01;0.075;0.03;0.05;NG
0.125;0.2;0.01;0.075;0.05;0.05;NG
0.125;0.2;0.01;0.075;0.07;0.05;NG
0.125;0.2;0.01;0.1;0.03;0.05;NG
0.125;0.2;0.01;0.1;0.05;0.05;NG
0.125;0.2;0.01;0.1;0.07;0.05;NG
0.125;0.2;0.01;0.2;0.03;0.05;BioCH4Oxy_CC
0.125;0.2;0.01;0.2;0.05;0.05;NGOxy_CC
0.125;0.2;0.01;0.2;0.07;0.05;NGOxy_CC
0.125;0.2;0.01;0.25;0.03;0.05;BioCH4Oxy_CC
0.125;0.2;0.01;0.25;0.05;0.05;NGOxy_CC
0.125;0.2;0.01;0.25;0.07;0.05;NGOxy_CC
0.125;0.2;0.035;0.075;0.03;0.05;BioCH4
0.125;0.2;0.035;0.075;0.05;0.05;NG
0.125;0.2;0.035;0.075;0.07;0.05;NG
0.125;0.2;0.035;0.1;0.03;0.05;BioCH4
0.125;0.2;0.035;0.1;0.05;0.05;BioCH4
0.125;0.2;0.035;0.1;0.07;0.05;NG
0.125;0.2;0.035;0.2;0.03;0.05;BioCH4Oxy_CC
0.125;0.2;0.035;0.2;0.05;0.05;BioCH4Oxy_CC
0.125;0.2;0.035;0.2;0.07;0.05;BiomassOxy_CC
0.125;0.2;0.035;0.25;0.03;0.05;BioCH4Oxy_CC
0.125;0.2;0.035;0.25;0.05;0.05;BioCH4Oxy_CC
0.125;0.2;0.035;0.25;0.07;0.05;BiomassOxy_CC
0.125;0.2;0.055;0.075;0.03;0.05;BioCH4
0.125;0.2;0.055;0.075;0.05;0.05;BioCH4
0.125;0.2;0.055;0.075;0.07;0.05;Biomass
0.125;0.2;0.055;0.1;0.03;0.05;BioCH4
0.125;0.2;0.055;0.1;0.05;0.05;BioCH4
0.125;0.2;0.055;0.1;0.07;0.05;Biomass
0.125;0.2;0.055;0.2;0.03;0.05;BioCH4Oxy_CC
0.125;0.2;0.055;0.2;0.05;0.05;BioCH4Oxy_CC
0.125;0.2;0.055;0.2;0.07;0.05;BiomassOxy_CC
0.125;0.2;0.055;0.25;0.03;0.05;BioCH4Oxy_CC
0.125;0.2;0.055;0.25;0.05;0.05;BioCH4Oxy_CC
0.125;0.2;0.055;0.25;0.07;0.05;BiomassOxy_CC
0.125;0.2;0.075;0.075;0.03;0.05;BioCH4
0.125;0.2;0.075;0.075;0.05;0.05;BioCH4
0.125;0.2;0.075;0.075;0.07;0.05;Biomass
0.125;0.2;0.075;0.1;0.03;0.05;BioCH4
0.125;0.2;0.075;0.1;0.05;0.05;BioCH4
0.125;0.2;0.075;0.1;0.07;0.05;Biomass
0.125;0.2;0.075;0.2;0.03;0.05;BioCH4Oxy_CC
0.125;0.2;0.075;0.2;0.05;0.05;BioCH4Oxy_CC
0.125;0.2;0.075;0.2;0.07;0.05;BiomassOxy_CC
0.125;0.2;0.075;0.25;0.03;0.05;BioCH4Oxy_CC
0.125;0.2;0.075;0.25;0.05;0.05;BioCH4Oxy_CC
0.125;0.2;0.075;0.25;0.07;0.05;BiomassOxy_CC
0.125;0.2;0.1;0.075;0.03;0.05;BioCH4
0.125;0.2;0.1;0.075;0.05;0.05;BioCH4
0.125;0.2;0.1;0.075;0.07;0.05;Biomass
0.125;0.2;0.1;0.1;0.03;0.05;BioCH4
0.125;0.2;0.1;0.1;0.05;0.05;BioCH4
0.125;0.2;0.1;0.1;0.07;0.05;Biomass
0.125;0.2;0.1;0.2;0.03;0.05;BioCH4Oxy_CC
0.125;0.2;0.1;0.2;0.05;0.05;BioCH4Oxy_CC
0.125;0.2;0.1;0.2;0.07;0.05;BiomassOxy_CC
0.125;0.2;0.1;0.25;0.03;0.05;BioCH4Oxy_CC
0.125;0.2;0.1;0.25;0.05;0.05;BioCH4Oxy_CC
0.125;0.2;0.1;0.25;0.07;0.05;
0.15;0.01;0.01;0.075;0.03;0.05;NG
0.15;0.01;0.01;0.075;0.05;0.05;NG
0.15;0.01;0.01;0.075;0.07;0.05;NG
0.15;0.01;0.01;0.1;0.03;0.05;NG
0.15;0.01;0.01;0.1;0.05;0.05;NG
0.15;0.01;0.01;0.1;0.07;0.05;NG
0.15;0.01;0.01;0.2;0.03;0.05;BioCH4_CC
0.15;0.01;0.01;0.2;0.05;0.05;H2Oxy_CC
0.15;0.01;0.01;0.2;0.07;0.05;H2Oxy_CC
0.15;0.01;0.01;0.25;0.03;0.05;BioCH4_CC
0.15;0.01;0.01;0.25;0.05;0.05;H2Oxy_CC
0.15;0.01;0.01;0.25;0.07;0.05;H2Oxy_CC
0.15;0.01;0.035;0.075;0.03;0.05;BioCH4
0.15;0.01;0.035;0.075;0.05;0.05;H2Oxy
0.15;0.01;0.035;0.075;0.07;0.05;H2Oxy
0.15;0.01;0.035;0.1;0.03;0.05;BioCH4
0.15;0.01;0.035;0.1;0.05;0.05;H2Oxy
0.15;0.01;0.035;0.1;0.07;0.05;H2Oxy
0.15;0.01;0.035;0.2;0.03;0.05;H2Oxy_CC
0.15;0.01;0.035;0.2;0.05;0.05;H2Oxy_CC
0.15;0.01;0.035;0.2;0.07;0.05;H2Oxy_CC
0.15;0.01;0.035;0.25;0.03;0.05;H2Oxy_CC
0.15;0.01;0.035;0.25;0.05;0.05;H2Oxy_CC
0.15;0.01;0.035;0.25;0.07;0.05;H2Oxy_CC
0.15;0.01;0.055;0.075;0.03;0.05;BioCH4
0.15;0.01;0.055;0.075;0.05;0.05;H2Oxy
0.15;0.01;0.055;0.075;0.07;0.05;H2Oxy
0.15;0.01;0.055;0.1;0.03;0.05;BioCH4
0.15;0.01;0.055;0.1;0.05;0.05;H2Oxy
0.15;0.01;0.055;0.1;0.07;0.05;H2Oxy
0.15;0.01;0.055;0.2;0.03;0.05;H2Oxy_CC
0.15;0.01;0.055;0.2;0.05;0.05;H2Oxy_CC
0.15;0.01;0.055;0.2;0.07;0.05;H2Oxy_CC
0.15;0.01;0.055;0.25;0.03;0.05;H2Oxy_CC
0.15;0.01;0.055;0.25;0.05;0.05;H2Oxy_CC
0.15;0.01;0.055;0.25;0.07;0.05;H2Oxy_CC
0.15;0.01;0.075;0.075;0.03;0.05;BioCH4
0.15;0.01;0.075;0.075;0.05;0.05;H2Oxy
0.15;0.01;0.075;0.075;0.07;0.05;H2Oxy
0.15;0.01;0.075;0.1;0.03;0.05;BioCH4
0.15;0.01;0.075;0.1;0.05;0.05;H2Oxy
0.15;0.01;0.075;0.1;0.07;0.05;H2Oxy
0.15;0.01;0.075;0.2;0.03;0.05;H2Oxy_CC
0.15;0.01;0.075;0.2;0.05;0.05;H2Oxy_CC
0.15;0.01;0.075;0.2;0.07;0.05;H2Oxy_CC
0.15;0.01;0.075;0.25;0.03;0.05;H2Oxy_CC
0.15;0.01;0.075;0.25;0.05;0.05;H2Oxy_CC
0.15;0.01;0.075;0.25;0.07;0.05;H2Oxy_CC
0.15;0.01;0.1;0.075;0.03;0.05;BioCH4
0.15;0.01;0.1;0.075;0.05;0.05;H2Oxy
0.15;0.01;0.1;0.075;0.07;0.05;H2Oxy
0.15;0.01;0.1;0.1;0.03;0.05;BioCH4
0.15;0.01;0.1;0.1;0.05;0.05;H2Oxy
0.15;0.01;0.1;0.1;0.07;0.05;H2Oxy
0.15;0.01;0.1;0.2;0.03;0.05;H2Oxy_CC
0.15;0.01;0.1;0.2;0.05;0.05;H2Oxy_CC
0.15;0.01;0.1;0.2;0.07;0.05;H2Oxy_CC
0.15;0.01;0.1;0.25;0.03;0.05;H2Oxy_CC
0.15;0.01;0.1;0.25;0.05;0.05;H2Oxy_CC
0.15;0.01;0.1;0.25;0.07;0.05;H2Oxy_CC
0.15;0.025;0.01;0.075;0.03;0.05;NG
0.15;0.025;0.01;0.075;0.05;0.05;NG
0.15;0.025;0.01;0.075;0.07;0.05;NG
0.15;0.025;0.01;0.1;0.03;0.05;NG
0.15;0.025;0.01;0.1;0.05;0.05;NG
0.15;0.025;0.01;0.1;0.07;0.05;NG
0.15;0.025;0.01;0.2;0.03;0.05;BioCH4_CC
0.15;0.025;0.01;0.2;0.05;0.05;NG_CC
0.15;0.025;0.01;0.2;0.07;0.05;NG_CC
0.15;0.025;0.01;0.25;0.03;0.05;BioCH4_CC
0.15;0.025;0.01;0.25;0.05;0.05;Biomass_CC
0.15;0.025;0.01;0.25;0.07;0.05;Biomass_CC
0.15;0.025;0.035;0.075;0.03;0.05;BioCH4
0.15;0.025;0.035;0.075;0.05;0.05;NG
0.15;0.025;0.035;0.075;0.07;0.05;NG
0.15;0.025;0.035;0.1;0.03;0.05;BioCH4
0.15;0.025;0.035;0.1;0.05;0.05;BioCH4
0.15;0.025;0.035;0.1;0.07;0.05;NG
0.15;0.025;0.035;0.2;0.03;0.05;BioCH4Oxy_CC
0.15;0.025;0.035;0.2;0.05;0.05;H2Oxy_CC
0.15;0.025;0.035;0.2;0.07;0.05;H2Oxy_CC
0.15;0.025;0.035;0.25;0.03;0.05;BioCH4Oxy_CC
0.15;0.025;0.035;0.25;0.05;0.05;H2Oxy_CC
0.15;0.025;0.035;0.25;0.07;0.05;H2Oxy_CC
0.15;0.025;0.055;0.075;0.03;0.05;BioCH4
0.15;0.025;0.055;0.075;0.05;0.05;BioCH4
0.15;0.025;0.055;0.075;0.07;0.05;Biomass
0.15;0.025;0.055;0.1;0.03;0.05;BioCH4
0.15;0.025;0.055;0.1;0.05;0.05;BioCH4
0.15;0.025;0.055;0.1;0.07;0.05;Biomass
0.15;0.025;0.055;0.2;0.03;0.05;BioCH4Oxy_CC
0.15;0.025;0.055;0.2;0.05;0.05;H2Oxy_CC
0.15;0.025;0.055;0.2;0.07;0.05;H2Oxy_CC
0.15;0.025;0.055;0.25;0.03;0.05;BioCH4Oxy_CC
0.15;0.025;0.055;0.25;0.05;0.05;H2Oxy_CC
0.15;0.025;0.055;0.25;0.07;0.05;H2Oxy_CC
0.15;0.025;0.075;0.075;0.03;0.05;BioCH4
0.15;0.025;0.075;0.075;0.05;0.05;BioCH4
0.15;0.025;0.075;0.075;0.07;0.05;Biomass
0.15;0.025;0.075;0.1;0.03;0.05;BioCH4
0.15;0.025;0.075;0.1;0.05;0.05;BioCH4
0.15;0.025;0.075;0.1;0.07;0.05;Biomass
0.15;0.025;0.075;0.2;0.03;0.05;BioCH4Oxy_CC
0.15;0.025;0.075;0.2;0.05;0.05;H2Oxy_CC
0.15;0.025;0.075;0.2;0.07;0.05;H2Oxy_CC
0.15;0.025;0.075;0.25;0.03;0.05;BioCH4Oxy_CC
0.15;0.025;0.075;0.25;0.05;0.05;H2Oxy_CC
0.15;0.025;0.075;0.25;0.07;0.05;H2Oxy_CC
0.15;0.025;0.1;0.075;0.03;0.05;BioCH4
0.15;0.025;0.1;0.075;0.05;0.05;BioCH4
0.15;0.025;0.1;0.075;0.07;0.05;Biomass
0.15;0.025;0.1;0.1;0.03;0.05;BioCH4
0.15;0.025;0.1;0.1;0.05;0.05;BioCH4
0.15;0.025;0.1;0.1;0.07;0.05;Biomass
0.15;0.025;0.1;0.2;0.03;0.05;BioCH4Oxy_CC
0.15;0.025;0.1;0.2;0.05;0.05;H2Oxy_CC
0.15;0.025;0.1;0.2;0.07;0.05;H2Oxy_CC
0.15;0.025;0.1;0.25;0.03;0.05;BioCH4Oxy_CC
0.15;0.025;0.1;0.25;0.05;0.05;H2Oxy_CC
0.15;0.025;0.1;0.25;0.07;0.05;H2Oxy_CC
0.15;0.05;0.01;0.075;0.03;0.05;NG
0.15;0.05;0.01;0.075;0.05;0.05;NG
0.15;0.05;0.01;0.075;0.07;0.05;NG
0.15;0.05;0.01;0.1;0.03;0.05;NG
0.15;0.05;0.01;0.1;0.05;0.05;NG
0.15;0.05;0.01;0.1;0.07;0.05;NG
0.15;0.05;0.01;0.2;0.03;0.05;BioCH4_CC
0.15;0.05;0.01;0.2;0.05;0.05;NG_CC
0.15;0.05;0.01;0.2;0.07;0.05;NG_CC
0.15;0.05;0.01;0.25;0.03;0.05;BioCH4_CC
0.15;0.05;0.01;0.25;0.05;0.05;Biomass_CC
0.15;0.05;0.01;0.25;0.07;0.05;Biomass_CC
0.15;0.05;0.035;0.075;0.03;0.05;BioCH4
0.15;0.05;0.035;0.075;0.05;0.05;NG
0.15;0.05;0.035;0.075;0.07;0.05;NG
0.15;0.05;0.035;0.1;0.03;0.05;BioCH4
0.15;0.05;0.035;0.1;0.05;0.05;BioCH4
0.15;0.05;0.035;0.1;0.07;0.05;NG
0.15;0.05;0.035;0.2;0.03;0.05;BioCH4Oxy_CC
0.15;0.05;0.035;0.2;0.05;0.05;BioCH4Oxy_CC
0.15;0.05;0.035;0.2;0.07;0.05;H2Oxy_CC
0.15;0.05;0.035;0.25;0.03;0.05;BioCH4Oxy_CC
0.15;0.05;0.035;0.25;0.05;0.05;BioCH4Oxy_CC
0.15;0.05;0.035;0.25;0.07;0.05;BiomassOxy_CC
0.15;0.05;0.055;0.075;0.03;0.05;BioCH4
0.15;0.05;0.055;0.075;0.05;0.05;BioCH4
0.15;0.05;0.055;0.075;0.07;0.05;Biomass
0.15;0.05;0.055;0.1;0.03;0.05;BioCH4
0.15;0.05;0.055;0.1;0.05;0.05;BioCH4
0.15;0.05;0.055;0.1;0.07;0.05;Biomass
0.15;0.05;0.055;0.2;0.03;0.05;BioCH4Oxy_CC
0.15;0.05;0.055;0.2;0.05;0.05;BioCH4Oxy_CC
0.15;0.05;0.055;0.2;0.07;0.05;H2Oxy_CC
0.15;0.05;0.055;0.25;0.03;0.05;BioCH4Oxy_CC
0.15;0.05;0.055;0.25;0.05;0.05;BioCH4Oxy_CC
0.15;0.05;0.055;0.25;0.07;0.05;BiomassOxy_CC
0.15;0.05;0.075;0.075;0.03;0.05;BioCH4
0.15;0.05;0.075;0.075;0.05;0.05;BioCH4
0.15;0.05;0.075;0.075;0.07;0.05;Biomass
0.15;0.05;0.075;0.1;0.03;0.05;BioCH4
0.15;0.05;0.075;0.1;0.05;0.05;BioCH4
0.15;0.05;0.075;0.1;0.07;0.05;Biomass
0.15;0.05;0.075;0.2;0.03;0.05;BioCH4Oxy_CC
0.15;0.05;0.075;0.2;0.05;0.05;BioCH4Oxy_CC
0.15;0.05;0.075;0.2;0.07;0.05;H2Oxy_CC
0.15;0.05;0.075;0.25;0.03;0.05;BioCH4Oxy_CC
0.15;0.05;0.075;0.25;0.05;0.05;BioCH4Oxy_CC
0.15;0.05;0.075;0.25;0.07;0.05;BiomassOxy_CC
0.15;0.05;0.1;0.075;0.03;0.05;BioCH4
0.15;0.05;0.1;0.075;0.05;0.05;BioCH4
0.15;0.05;0.1;0.075;0.07;0.05;Biomass
0.15;0.05;0.1;0.1;0.03;0.05;BioCH4
0.15;0.05;0.1;0.1;0.05;0.05;BioCH4
0.15;0.05;0.1;0.1;0.07;0.05;Biomass
0.15;0.05;0.1;0.2;0.03;0.05;BioCH4Oxy_CC
0.15;0.05;0.1;0.2;0.05;0.05;BioCH4Oxy_CC
0.15;0.05;0.1;0.2;0.07;0.05;H2Oxy_CC
0.15;0.05;0.1;0.25;0.03;0.05;BioCH4Oxy_CC
0.15;0.05;0.1;0.25;0.05;0.05;BioCH4Oxy_CC
0.15;0.05;0.1;0.25;0.07;0.05;BiomassOxy_CC
0.15;0.075;0.01;0.075;0.03;0.05;NG
0.15;0.075;0.01;0.075;0.05;0.05;NG
0.15;0.075;0.01;0.075;0.07;0.05;NG
0.15;0.075;0.01;0.1;0.03;0.05;NG
0.15;0.075;0.01;0.1;0.05;0.05;NG
0.15;0.075;0.01;0.1;0.07;0.05;NG
0.15;0.075;0.01;0.2;0.03;0.05;BioCH4_CC
0.15;0.075;0.01;0.2;0.05;0.05;NG_CC
0.15;0.075;0.01;0.2;0.07;0.05;NG_CC
0.15;0.075;0.01;0.25;0.03;0.05;BioCH4_CC
0.15;0.075;0.01;0.25;0.05;0.05;Biomass_CC
0.15;0.075;0.01;0.25;0.07;0.05;Biomass_CC
0.15;0.075;0.035;0.075;0.03;0.05;BioCH4
0.15;0.075;0.035;0.075;0.05;0.05;NG
0.15;0.075;0.035;0.075;0.07;0.05;NG
0.15;0.075;0.035;0.1;0.03;0.05;BioCH4
0.15;0.075;0.035;0.1;0.05;0.05;BioCH4
0.15;0.075;0.035;0.1;0.07;0.05;NG
0.15;0.075;0.035;0.2;0.03;0.05;BioCH4Oxy_CC
0.15;0.075;0.035;0.2;0.05;0.05;BioCH4Oxy_CC
0.15;0.075;0.035;0.2;0.07;0.05;BiomassOxy_CC
0.15;0.075;0.035;0.25;0.03;0.05;BioCH4Oxy_CC
0.15;0.075;0.035;0.25;0.05;0.05;BioCH4Oxy_CC
0.15;0.075;0.035;0.25;0.07;0.05;BiomassOxy_CC
0.15;0.075;0.055;0.075;0.03;0.05;BioCH4
0.15;0.075;0.055;0.075;0.05;0.05;BioCH4
0.15;0.075;0.055;0.075;0.07;0.05;Biomass
0.15;0.075;0.055;0.1;0.03;0.05;BioCH4
0.15;0.075;0.055;0.1;0.05;0.05;BioCH4
0.15;0.075;0.055;0.1;0.07;0.05;Biomass
0.15;0.075;0.055;0.2;0.03;0.05;BioCH4Oxy_CC
0.15;0.075;0.055;0.2;0.05;0.05;BioCH4Oxy_CC
0.15;0.075;0.055;0.2;0.07;0.05;BiomassOxy_CC
0.15;0.075;0.055;0.25;0.03;0.05;BioCH4Oxy_CC
0.15;0.075;0.055;0.25;0.05;0.05;BioCH4Oxy_CC
0.15;0.075;0.055;0.25;0.07;0.05;BiomassOxy_CC
0.15;0.075;0.075;0.075;0.03;0.05;BioCH4
0.15;0.075;0.075;0.075;0.05;0.05;BioCH4
0.15;0.075;0.075;0.075;0.07;0.05;Biomass
0.15;0.075;0.075;0.1;0.03;0.05;BioCH4
0.15;0.075;0.075;0.1;0.05;0.05;BioCH4
0.15;0.075;0.075;0.1;0.07;0.05;Biomass
0.15;0.075;0.075;0.2;0.03;0.05;BioCH4Oxy_CC
0.15;0.075;0.075;0.2;0.05;0.05;BioCH4Oxy_CC
0.15;0.075;0.075;0.2;0.07;0.05;BiomassOxy_CC
0.15;0.075;0.075;0.25;0.03;0.05;BioCH4Oxy_CC
0.15;0.075;0.075;0.25;0.05;0.05;BioCH4Oxy_CC
0.15;0.075;0.075;0.25;0.07;0.05;BiomassOxy_CC
0.15;0.075;0.1;0.075;0.03;0.05;BioCH4
0.15;0.075;0.1;0.075;0.05;0.05;BioCH4
0.15;0.075;0.1;0.075;0.07;0.05;Biomass
0.15;0.075;0.1;0.1;0.03;0.05;BioCH4
0.15;0.075;0.1;0.1;0.05;0.05;BioCH4
0.15;0.075;0.1;0.1;0.07;0.05;Biomass
0.15;0.075;0.1;0.2;0.03;0.05;BioCH4Oxy_CC
0.15;0.075;0.1;0.2;0.05;0.05;BioCH4Oxy_CC
0.15;0.075;0.1;0.2;0.07;0.05;BiomassOxy_CC
0.15;0.075;0.1;0.25;0.03;0.05;BioCH4Oxy_CC
0.15;0.075;0.1;0.25;0.05;0.05;BioCH4Oxy_CC
0.15;0.075;0.1;0.25;0.07;0.05;BiomassOxy_CC
0.15;0.1;0.01;0.075;0.03;0.05;NG
0.15;0.1;0.01;0.075;0.05;0.05;NG
0.15;0.1;0.01;0.075;0.07;0.05;NG
0.15;0.1;0.01;0.1;0.03;0.05;NG
0.15;0.1;0.01;0.1;0.05;0.05;NG
0.15;0.1;0.01;0.1;0.07;0.05;NG
0.15;0.1;0.01;0.2;0.03;0.05;BioCH4_CC
0.15;0.1;0.01;0.2;0.05;0.05;NG_CC
0.15;0.1;0.01;0.2;0.07;0.05;NG_CC
0.15;0.1;0.01;0.25;0.03;0.05;BioCH4_CC
0.15;0.1;0.01;0.25;0.05;0.05;Biomass_CC
0.15;0.1;0.01;0.25;0.07;0.05;Biomass_CC
0.15;0.1;0.035;0.075;0.03;0.05;BioCH4
0.15;0.1;0.035;0.075;0.05;0.05;NG
0.15;0.1;0.035;0.075;0.07;0.05;NG
0.15;0.1;0.035;0.1;0.03;0.05;BioCH4
0.15;0.1;0.035;0.1;0.05;0.05;BioCH4
0.15;0.1;0.035;0.1;0.07;0.05;NG
0.15;0.1;0.035;0.2;0.03;0.05;BioCH4Oxy_CC
0.15;0.1;0.035;0.2;0.05;0.05;BioCH4Oxy_CC
0.15;0.1;0.035;0.2;0.07;0.05;BiomassOxy_CC
0.15;0.1;0.035;0.25;0.03;0.05;BioCH4Oxy_CC
0.15;0.1;0.035;0.25;0.05;0.05;BioCH4Oxy_CC
0.15;0.1;0.035;0.25;0.07;0.05;BiomassOxy_CC
0.15;0.1;0.055;0.075;0.03;0.05;BioCH4
0.15;0.1;0.055;0.075;0.05;0.05;BioCH4
0.15;0.1;0.055;0.075;0.07;0.05;Biomass
0.15;0.1;0.055;0.1;0.03;0.05;BioCH4
0.15;0.1;0.055;0.1;0.05;0.05;BioCH4
0.15;0.1;0.055;0.1;0.07;0.05;Biomass
0.15;0.1;0.055;0.2;0.03;0.05;BioCH4Oxy_CC
0.15;0.1;0.055;0.2;0.05;0.05;BioCH4Oxy_CC
0.15;0.1;0.055;0.2;0.07;0.05;BiomassOxy_CC
0.15;0.1;0.055;0.25;0.03;0.05;BioCH4Oxy_CC
0.15;0.1;0.055;0.25;0.05;0.05;BioCH4Oxy_CC
0.15;0.1;0.055;0.25;0.07;0.05;BiomassOxy_CC
0.15;0.1;0.075;0.075;0.03;0.05;BioCH4
0.15;0.1;0.075;0.075;0.05;0.05;BioCH4
0.15;0.1;0.075;0.075;0.07;0.05;Biomass
0.15;0.1;0.075;0.1;0.03;0.05;BioCH4
0.15;0.1;0.075;0.1;0.05;0.05;BioCH4
0.15;0.1;0.075;0.1;0.07;0.05;Biomass
0.15;0.1;0.075;0.2;0.03;0.05;BioCH4Oxy_CC
0.15;0.1;0.075;0.2;0.05;0.05;BioCH4Oxy_CC
0.15;0.1;0.075;0.2;0.07;0.05;BiomassOxy_CC
0.15;0.1;0.075;0.25;0.03;0.05;BioCH4Oxy_CC
0.15;0.1;0.075;0.25;0.05;0.05;BioCH4Oxy_CC
0.15;0.1;0.075;0.25;0.07;0.05;BiomassOxy_CC
0.15;0.1;0.1;0.075;0.03;0.05;BioCH4
0.15;0.1;0.1;0.075;0.05;0.05;BioCH4
0.15;0.1;0.1;0.075;0.07;0.05;Biomass
0.15;0.1;0.1;0.1;0.03;0.05;BioCH4
0.15;0.1;0.1;0.1;0.05;0.05;BioCH4
0.15;0.1;0.1;0.1;0.07;0.05;Biomass
0.15;0.1;0.1;0.2;0.03;0.05;BioCH4Oxy_CC
0.15;0.1;0.1;0.2;0.05;0.05;BioCH4Oxy_CC
0.15;0.1;0.1;0.2;0.07;0.05;BiomassOxy_CC
0.15;0.1;0.1;0.25;0.03;0.05;BioCH4Oxy_CC
0.15;0.1;0.1;0.25;0.05;0.05;BioCH4Oxy_CC
0.15;0.1;0.1;0.25;0.07;0.05;BiomassOxy_CC
0.15;0.15;0.01;0.075;0.03;0.05;NG
0.15;0.15;0.01;0.075;0.05;0.05;NG
0.15;0.15;0.01;0.075;0.07;0.05;NG
0.15;0.15;0.01;0.1;0.03;0.05;NG
0.15;0.15;0.01;0.1;0.05;0.05;NG
0.15;0.15;0.01;0.1;0.07;0.05;NG
0.15;0.15;0.01;0.2;0.03;0.05;BioCH4_CC
0.15;0.15;0.01;0.2;0.05;0.05;NG_CC
0.15;0.15;0.01;0.2;0.07;0.05;NG_CC
0.15;0.15;0.01;0.25;0.03;0.05;BioCH4_CC
0.15;0.15;0.01;0.25;0.05;0.05;Biomass_CC
0.15;0.15;0.01;0.25;0.07;0.05;Biomass_CC
0.15;0.15;0.035;0.075;0.03;0.05;BioCH4
0.15;0.15;0.035;0.075;0.05;0.05;NG
0.15;0.15;0.035;0.075;0.07;0.05;NG
0.15;0.15;0.035;0.1;0.03;0.05;BioCH4
0.15;0.15;0.035;0.1;0.05;0.05;BioCH4
0.15;0.15;0.035;0.1;0.07;0.05;NG
0.15;0.15;0.035;0.2;0.03;0.05;BioCH4Oxy_CC
0.15;0.15;0.035;0.2;0.05;0.05;BioCH4Oxy_CC
0.15;0.15;0.035;0.2;0.07;0.05;BiomassOxy_CC
0.15;0.15;0.035;0.25;0.03;0.05;BioCH4Oxy_CC
0.15;0.15;0.035;0.25;0.05;0.05;BioCH4Oxy_CC
0.15;0.15;0.035;0.25;0.07;0.05;BiomassOxy_CC
0.15;0.15;0.055;0.075;0.03;0.05;BioCH4
0.15;0.15;0.055;0.075;0.05;0.05;BioCH4
0.15;0.15;0.055;0.075;0.07;0.05;Biomass
0.15;0.15;0.055;0.1;0.03;0.05;BioCH4
0.15;0.15;0.055;0.1;0.05;0.05;BioCH4
0.15;0.15;0.055;0.1;0.07;0.05;Biomass
0.15;0.15;0.055;0.2;0.03;0.05;BioCH4Oxy_CC
0.15;0.15;0.055;0.2;0.05;0.05;BioCH4Oxy_CC
0.15;0.15;0.055;0.2;0.07;0.05;BiomassOxy_CC
0.15;0.15;0.055;0.25;0.03;0.05;BioCH4Oxy_CC
0.15;0.15;0.055;0.25;0.05;0.05;BioCH4Oxy_CC
0.15;0.15;0.055;0.25;0.07;0.05;BiomassOxy_CC
0.15;0.15;0.075;0.075;0.03;0.05;BioCH4
0.15;0.15;0.075;0.075;0.05;0.05;BioCH4
0.15;0.15;0.075;0.075;0.07;0.05;Biomass
0.15;0.15;0.075;0.1;0.03;0.05;BioCH4
0.15;0.15;0.075;0.1;0.05;0.05;BioCH4
0.15;0.15;0.075;0.1;0.07;0.05;Biomass
0.15;0.15;0.075;0.2;0.03;0.05;BioCH4Oxy_CC
0.15;0.15;0.075;0.2;0.05;0.05;BioCH4Oxy_CC
0.15;0.15;0.075;0.2;0.07;0.05;BiomassOxy_CC
0.15;0.15;0.075;0.25;0.03;0.05;BioCH4Oxy_CC
0.15;0.15;0.075;0.25;0.05;0.05;BioCH4Oxy_CC
0.15;0.15;0.075;0.25;0.07;0.05;BiomassOxy_CC
0.15;0.15;0.1;0.075;0.03;0.05;BioCH4
0.15;0.15;0.1;0.075;0.05;0.05;BioCH4
0.15;0.15;0.1;0.075;0.07;0.05;Biomass
0.15;0.15;0.1;0.1;0.03;0.05;BioCH4
0.15;0.15;0.1;0.1;0.05;0.05;BioCH4
0.15;0.15;0.1;0.1;0.07;0.05;Biomass
0.15;0.15;0.1;0.2;0.03;0.05;BioCH4Oxy_CC
0.15;0.15;0.1;0.2;0.05;0.05;BioCH4Oxy_CC
0.15;0.15;0.1;0.2;0.07;0.05;BiomassOxy_CC
0.15;0.15;0.1;0.25;0.03;0.05;BioCH4Oxy_CC
0.15;0.15;0.1;0.25;0.05;0.05;BioCH4Oxy_CC
0.15;0.15;0.1;0.25;0.07;0.05;BiomassOxy_CC
0.15;0.2;0.01;0.075;0.03;0.05;NG
0.15;0.2;0.01;0.075;0.05;0.05;NG
0.15;0.2;0.01;0.075;0.07;0.05;NG
0.15;0.2;0.01;0.1;0.03;0.05;NG
0.15;0.2;0.01;0.1;0.05;0.05;NG
0.15;0.2;0.01;0.1;0.07;0.05;NG
0.15;0.2;0.01;0.2;0.03;0.05;BioCH4_CC
0.15;0.2;0.01;0.2;0.05;0.05;NG_CC
0.15;0.2;0.01;0.2;0.07;0.05;NG_CC
0.15;0.2;0.01;0.25;0.03;0.05;BioCH4_CC
0.15;0.2;0.01;0.25;0.05;0.05;Biomass_CC
0.15;0.2;0.01;0.25;0.07;0.05;Biomass_CC
0.15;0.2;0.035;0.075;0.03;0.05;BioCH4
0.15;0.2;0.035;0.075;0.05;0.05;NG
0.15;0.2;0.035;0.075;0.07;0.05;NG
0.15;0.2;0.035;0.1;0.03;0.05;BioCH4
0.15;0.2;0.035;0.1;0.05;0.05;BioCH4
0.15;0.2;0.035;0.1;0.07;0.05;NG
0.15;0.2;0.035;0.2;0.03;0.05;BioCH4Oxy_CC
0.15;0.2;0.035;0.2;0.05;0.05;BioCH4Oxy_CC
0.15;0.2;0.035;0.2;0.07;0.05;BiomassOxy_CC
0.15;0.2;0.035;0.25;0.03;0.05;BioCH4Oxy_CC
0.15;0.2;0.035;0.25;0.05;0.05;BioCH4Oxy_CC
0.15;0.2;0.035;0.25;0.07;0.05;BiomassOxy_CC
0.15;0.2;0.055;0.075;0.03;0.05;BioCH4
0.15;0.2;0.055;0.075;0.05;0.05;BioCH4
0.15;0.2;0.055;0.075;0.07;0.05;Biomass
0.15;0.2;0.055;0.1;0.03;0.05;BioCH4
0.15;0.2;0.055;0.1;0.05;0.05;BioCH4
0.15;0.2;0.055;0.1;0.07;0.05;Biomass
0.15;0.2;0.055;0.2;0.03;0.05;BioCH4Oxy_CC
0.15;0.2;0.055;0.2;0.05;0.05;BioCH4Oxy_CC
0.15;0.2;0.055;0.2;0.07;0.05;BiomassOxy_CC
0.15;0.2;0.055;0.25;0.03;0.05;BioCH4Oxy_CC
0.15;0.2;0.055;0.25;0.05;0.05;BioCH4Oxy_CC
0.15;0.2;0.055;0.25;0.07;0.05;BiomassOxy_CC
0.15;0.2;0.075;0.075;0.03;0.05;BioCH4
0.15;0.2;0.075;0.075;0.05;0.05;BioCH4
0.15;0.2;0.075;0.075;0.07;0.05;Biomass
0.15;0.2;0.075;0.1;0.03;0.05;BioCH4
0.15;0.2;0.075;0.1;0.05;0.05;BioCH4
0.15;0.2;0.075;0.1;0.07;0.05;Biomass
0.15;0.2;0.075;0.2;0.03;0.05;BioCH4Oxy_CC
0.15;0.2;0.075;0.2;0.05;0.05;BioCH4Oxy_CC
0.15;0.2;0.075;0.2;0.07;0.05;BiomassOxy_CC
0.15;0.2;0.075;0.25;0.03;0.05;BioCH4Oxy_CC
0.15;0.2;0.075;0.25;0.05;0.05;BioCH4Oxy_CC
0.15;0.2;0.075;0.25;0.07;0.05;BiomassOxy_CC
0.15;0.2;0.1;0.075;0.03;0.05;BioCH4
0.15;0.2;0.1;0.075;0.05;0.05;BioCH4
0.15;0.2;0.1;0.075;0.07;0.05;Biomass
0.15;0.2;0.1;0.1;0.03;0.05;BioCH4
0.15;0.2;0.1;0.1;0.05;0.05;BioCH4
0.15;0.2;0.1;0.1;0.07;0.05;Biomass
0.15;0.2;0.1;0.2;0.03;0.05;BioCH4Oxy_CC
0.15;0.2;0.1;0.2;0.05;0.05;BioCH4Oxy_CC
0.15;0.2;0.1;0.2;0.07;0.05;BiomassOxy_CC
0.15;0.2;0.1;0.25;0.03;0.05;BioCH4Oxy_CC
0.15;0.2;0.1;0.25;0.05;0.05;BioCH4Oxy_CC
0.15;0.2;0.1;0.25;0.07;0.05;BiomassOxy_CC
0.175;0.01;0.01;0.075;0.03;0.05;NG
0.175;0.01;0.01;0.075;0.05;0.05;NG
0.175;0.01;0.01;0.075;0.07;0.05;NG
0.175;0.01;0.01;0.1;0.03;0.05;NG
0.175;0.01;0.01;0.1;0.05;0.05;NG
0.175;0.01;0.01;0.1;0.07;0.05;NG
0.175;0.01;0.01;0.2;0.03;0.05;BioCH4_CC
0.175;0.01;0.01;0.2;0.05;0.05;H2Oxy_CC
0.175;0.01;0.01;0.2;0.07;0.05;H2Oxy_CC
0.175;0.01;0.01;0.25;0.03;0.05;BioCH4_CC
0.175;0.01;0.01;0.25;0.05;0.05;H2Oxy_CC
0.175;0.01;0.01;0.25;0.07;0.05;H2Oxy_CC
0.175;0.01;0.035;0.075;0.03;0.05;BioCH4
0.175;0.01;0.035;0.075;0.05;0.05;H2Oxy
0.175;0.01;0.035;0.075;0.07;0.05;H2Oxy
0.175;0.01;0.035;0.1;0.03;0.05;BioCH4
0.175;0.01;0.035;0.1;0.05;0.05;H2Oxy
0.175;0.01;0.035;0.1;0.07;0.05;H2Oxy
0.175;0.01;0.035;0.2;0.03;0.05;H2Oxy_CC
0.175;0.01;0.035;0.2;0.05;0.05;H2Oxy_CC
0.175;0.01;0.035;0.2;0.07;0.05;H2Oxy_CC
0.175;0.01;0.035;0.25;0.03;0.05;H2Oxy_CC
0.175;0.01;0.035;0.25;0.05;0.05;H2Oxy_CC
0.175;0.01;0.035;0.25;0.07;0.05;H2Oxy_CC
0.175;0.01;0.055;0.075;0.03;0.05;BioCH4
0.175;0.01;0.055;0.075;0.05;0.05;H2Oxy
0.175;0.01;0.055;0.075;0.07;0.05;H2Oxy
0.175;0.01;0.055;0.1;0.03;0.05;BioCH4
0.175;0.01;0.055;0.1;0.05;0.05;H2Oxy
0.175;0.01;0.055;0.1;0.07;0.05;H2Oxy
0.175;0.01;0.055;0.2;0.03;0.05;H2Oxy_CC
0.175;0.01;0.055;0.2;0.05;0.05;H2Oxy_CC
0.175;0.01;0.055;0.2;0.07;0.05;H2Oxy_CC
0.175;0.01;0.055;0.25;0.03;0.05;H2Oxy_CC
0.175;0.01;0.055;0.25;0.05;0.05;H2Oxy_CC
0.175;0.01;0.055;0.25;0.07;0.05;H2Oxy_CC
0.175;0.01;0.075;0.075;0.03;0.05;BioCH4
0.175;0.01;0.075;0.075;0.05;0.05;H2Oxy
0.175;0.01;0.075;0.075;0.07;0.05;H2Oxy
0.175;0.01;0.075;0.1;0.03;0.05;BioCH4
0.175;0.01;0.075;0.1;0.05;0.05;H2Oxy
0.175;0.01;0.075;0.1;0.07;0.05;H2Oxy
0.175;0.01;0.075;0.2;0.03;0.05;H2Oxy_CC
0.175;0.01;0.075;0.2;0.05;0.05;H2Oxy_CC
0.175;0.01;0.075;0.2;0.07;0.05;H2Oxy_CC
0.175;0.01;0.075;0.25;0.03;0.05;H2Oxy_CC
0.175;0.01;0.075;0.25;0.05;0.05;H2Oxy_CC
0.175;0.01;0.075;0.25;0.07;0.05;H2Oxy_CC
0.175;0.01;0.1;0.075;0.03;0.05;BioCH4
0.175;0.01;0.1;0.075;0.05;0.05;H2Oxy
0.175;0.01;0.1;0.075;0.07;0.05;H2Oxy
0.175;0.01;0.1;0.1;0.03;0.05;BioCH4
0.175;0.01;0.1;0.1;0.05;0.05;H2Oxy
0.175;0.01;0.1;0.1;0.07;0.05;H2Oxy
0.175;0.01;0.1;0.2;0.03;0.05;H2Oxy_CC
0.175;0.01;0.1;0.2;0.05;0.05;H2Oxy_CC
0.175;0.01;0.1;0.2;0.07;0.05;H2Oxy_CC
0.175;0.01;0.1;0.25;0.03;0.05;H2Oxy_CC
0.175;0.01;0.1;0.25;0.05;0.05;H2Oxy_CC
0.175;0.01;0.1;0.25;0.07;0.05;H2Oxy_CC
0.175;0.025;0.01;0.075;0.03;0.05;NG
0.175;0.025;0.01;0.075;0.05;0.05;NG
0.175;0.025;0.01;0.075;0.07;0.05;NG
0.175;0.025;0.01;0.1;0.03;0.05;NG
0.175;0.025;0.01;0.1;0.05;0.05;NG
0.175;0.025;0.01;0.1;0.07;0.05;NG
0.175;0.025;0.01;0.2;0.03;0.05;BioCH4_CC
0.175;0.025;0.01;0.2;0.05;0.05;NG_CC
0.175;0.025;0.01;0.2;0.07;0.05;NG_CC
0.175;0.025;0.01;0.25;0.03;0.05;BioCH4_CC
0.175;0.025;0.01;0.25;0.05;0.05;Biomass_CC
0.175;0.025;0.01;0.25;0.07;0.05;Biomass_CC
0.175;0.025;0.035;0.075;0.03;0.05;BioCH4
0.175;0.025;0.035;0.075;0.05;0.05;NG
0.175;0.025;0.035;0.075;0.07;0.05;NG
0.175;0.025;0.035;0.1;0.03;0.05;BioCH4
0.175;0.025;0.035;0.1;0.05;0.05;BioCH4
0.175;0.025;0.035;0.1;0.07;0.05;NG
0.175;0.025;0.035;0.2;0.03;0.05;BioCH4Oxy_CC
0.175;0.025;0.035;0.2;0.05;0.05;H2Oxy_CC
0.175;0.025;0.035;0.2;0.07;0.05;H2Oxy_CC
0.175;0.025;0.035;0.25;0.03;0.05;BioCH4Oxy_CC
0.175;0.025;0.035;0.25;0.05;0.05;H2Oxy_CC
0.175;0.025;0.035;0.25;0.07;0.05;H2Oxy_CC
0.175;0.025;0.055;0.075;0.03;0.05;BioCH4
0.175;0.025;0.055;0.075;0.05;0.05;BioCH4
0.175;0.025;0.055;0.075;0.07;0.05;Biomass
0.175;0.025;0.055;0.1;0.03;0.05;BioCH4
0.175;0.025;0.055;0.1;0.05;0.05;BioCH4
0.175;0.025;0.055;0.1;0.07;0.05;Biomass
0.175;0.025;0.055;0.2;0.03;0.05;BioCH4Oxy_CC
0.175;0.025;0.055;0.2;0.05;0.05;H2Oxy_CC
0.175;0.025;0.055;0.2;0.07;0.05;H2Oxy_CC
0.175;0.025;0.055;0.25;0.03;0.05;BioCH4Oxy_CC
0.175;0.025;0.055;0.25;0.05;0.05;H2Oxy_CC
0.175;0.025;0.055;0.25;0.07;0.05;H2Oxy_CC
0.175;0.025;0.075;0.075;0.03;0.05;BioCH4
0.175;0.025;0.075;0.075;0.05;0.05;BioCH4
0.175;0.025;0.075;0.075;0.07;0.05;Biomass
0.175;0.025;0.075;0.1;0.03;0.05;BioCH4
0.175;0.025;0.075;0.1;0.05;0.05;BioCH4
0.175;0.025;0.075;0.1;0.07;0.05;Biomass
0.175;0.025;0.075;0.2;0.03;0.05;BioCH4Oxy_CC
0.175;0.025;0.075;0.2;0.05;0.05;H2Oxy_CC
0.175;0.025;0.075;0.2;0.07;0.05;H2Oxy_CC
0.175;0.025;0.075;0.25;0.03;0.05;BioCH4Oxy_CC
0.175;0.025;0.075;0.25;0.05;0.05;H2Oxy_CC
0.175;0.025;0.075;0.25;0.07;0.05;H2Oxy_CC
0.175;0.025;0.1;0.075;0.03;0.05;BioCH4
0.175;0.025;0.1;0.075;0.05;0.05;BioCH4
0.175;0.025;0.1;0.075;0.07;0.05;Biomass
0.175;0.025;0.1;0.1;0.03;0.05;BioCH4
0.175;0.025;0.1;0.1;0.05;0.05;BioCH4
0.175;0.025;0.1;0.1;0.07;0.05;Biomass
0.175;0.025;0.1;0.2;0.03;0.05;BioCH4Oxy_CC
0.175;0.025;0.1;0.2;0.05;0.05;H2Oxy_CC
0.175;0.025;0.1;0.2;0.07;0.05;H2Oxy_CC
0.175;0.025;0.1;0.25;0.03;0.05;BioCH4Oxy_CC
0.175;0.025;0.1;0.25;0.05;0.05;H2Oxy_CC
0.175;0.025;0.1;0.25;0.07;0.05;H2Oxy_CC
0.175;0.05;0.01;0.075;0.03;0.05;NG
0.175;0.05;0.01;0.075;0.05;0.05;NG
0.175;0.05;0.01;0.075;0.07;0.05;NG
0.175;0.05;0.01;0.1;0.03;0.05;NG
0.175;0.05;0.01;0.1;0.05;0.05;NG
0.175;0.05;0.01;0.1;0.07;0.05;NG
0.175;0.05;0.01;0.2;0.03;0.05;BioCH4_CC
0.175;0.05;0.01;0.2;0.05;0.05;NG_CC
0.175;0.05;0.01;0.2;0.07;0.05;NG_CC
0.175;0.05;0.01;0.25;0.03;0.05;BioCH4_CC
0.175;0.05;0.01;0.25;0.05;0.05;Biomass_CC
0.175;0.05;0.01;0.25;0.07;0.05;Biomass_CC
0.175;0.05;0.035;0.075;0.03;0.05;BioCH4
0.175;0.05;0.035;0.075;0.05;0.05;NG
0.175;0.05;0.035;0.075;0.07;0.05;NG
0.175;0.05;0.035;0.1;0.03;0.05;BioCH4
0.175;0.05;0.035;0.1;0.05;0.05;BioCH4
0.175;0.05;0.035;0.1;0.07;0.05;NG
0.175;0.05;0.035;0.2;0.03;0.05;BioCH4Oxy_CC
0.175;0.05;0.035;0.2;0.05;0.05;BioCH4Oxy_CC
0.175;0.05;0.035;0.2;0.07;0.05;H2Oxy_CC
0.175;0.05;0.035;0.25;0.03;0.05;BioCH4Oxy_CC
0.175;0.05;0.035;0.25;0.05;0.05;BioCH4Oxy_CC
0.175;0.05;0.035;0.25;0.07;0.05;BiomassOxy_CC
0.175;0.05;0.055;0.075;0.03;0.05;BioCH4
0.175;0.05;0.055;0.075;0.05;0.05;BioCH4
0.175;0.05;0.055;0.075;0.07;0.05;Biomass
0.175;0.05;0.055;0.1;0.03;0.05;BioCH4
0.175;0.05;0.055;0.1;0.05;0.05;BioCH4
0.175;0.05;0.055;0.1;0.07;0.05;Biomass
0.175;0.05;0.055;0.2;0.03;0.05;BioCH4Oxy_CC
0.175;0.05;0.055;0.2;0.05;0.05;BioCH4Oxy_CC
0.175;0.05;0.055;0.2;0.07;0.05;H2Oxy_CC
0.175;0.05;0.055;0.25;0.03;0.05;BioCH4Oxy_CC
0.175;0.05;0.055;0.25;0.05;0.05;BioCH4Oxy_CC
0.175;0.05;0.055;0.25;0.07;0.05;BiomassOxy_CC
0.175;0.05;0.075;0.075;0.03;0.05;BioCH4
0.175;0.05;0.075;0.075;0.05;0.05;BioCH4
0.175;0.05;0.075;0.075;0.07;0.05;Biomass
0.175;0.05;0.075;0.1;0.03;0.05;BioCH4
0.175;0.05;0.075;0.1;0.05;0.05;BioCH4
0.175;0.05;0.075;0.1;0.07;0.05;Biomass
0.175;0.05;0.075;0.2;0.03;0.05;BioCH4Oxy_CC
0.175;0.05;0.075;0.2;0.05;0.05;BioCH4Oxy_CC
0.175;0.05;0.075;0.2;0.07;0.05;H2Oxy_CC
0.175;0.05;0.075;0.25;0.03;0.05;BioCH4Oxy_CC
0.175;0.05;0.075;0.25;0.05;0.05;BioCH4Oxy_CC
0.175;0.05;0.075;0.25;0.07;0.05;BiomassOxy_CC
0.175;0.05;0.1;0.075;0.03;0.05;BioCH4
0.175;0.05;0.1;0.075;0.05;0.05;BioCH4
0.175;0.05;0.1;0.075;0.07;0.05;Biomass
0.175;0.05;0.1;0.1;0.03;0.05;BioCH4
0.175;0.05;0.1;0.1;0.05;0.05;BioCH4
0.175;0.05;0.1;0.1;0.07;0.05;Biomass
0.175;0.05;0.1;0.2;0.03;0.05;BioCH4Oxy_CC
0.175;0.05;0.1;0.2;0.05;0.05;BioCH4Oxy_CC
0.175;0.05;0.1;0.2;0.07;0.05;H2Oxy_CC
0.175;0.05;0.1;0.25;0.03;0.05;BioCH4Oxy_CC
0.175;0.05;0.1;0.25;0.05;0.05;BioCH4Oxy_CC
0.175;0.05;0.1;0.25;0.07;0.05;BiomassOxy_CC
0.175;0.075;0.01;0.075;0.03;0.05;NG
0.175;0.075;0.01;0.075;0.05;0.05;NG
0.175;0.075;0.01;0.075;0.07;0.05;NG
0.175;0.075;0.01;0.1;0.03;0.05;NG
0.175;0.075;0.01;0.1;0.05;0.05;NG
0.175;0.075;0.01;0.1;0.07;0.05;NG
0.175;0.075;0.01;0.2;0.03;0.05;BioCH4_CC
0.175;0.075;0.01;0.2;0.05;0.05;NG_CC
0.175;0.075;0.01;0.2;0.07;0.05;NG_CC
0.175;0.075;0.01;0.25;0.03;0.05;BioCH4_CC
0.175;0.075;0.01;0.25;0.05;0.05;Biomass_CC
0.175;0.075;0.01;0.25;0.07;0.05;Biomass_CC
0.175;0.075;0.035;0.075;0.03;0.05;BioCH4
0.175;0.075;0.035;0.075;0.05;0.05;NG
0.175;0.075;0.035;0.075;0.07;0.05;NG
0.175;0.075;0.035;0.1;0.03;0.05;BioCH4
0.175;0.075;0.035;0.1;0.05;0.05;BioCH4
0.175;0.075;0.035;0.1;0.07;0.05;NG
0.175;0.075;0.035;0.2;0.03;0.05;BioCH4Oxy_CC
0.175;0.075;0.035;0.2;0.05;0.05;BioCH4Oxy_CC
0.175;0.075;0.035;0.2;0.07;0.05;BiomassOxy_CC
0.175;0.075;0.035;0.25;0.03;0.05;BioCH4Oxy_CC
0.175;0.075;0.035;0.25;0.05;0.05;BioCH4Oxy_CC
0.175;0.075;0.035;0.25;0.07;0.05;BiomassOxy_CC
0.175;0.075;0.055;0.075;0.03;0.05;BioCH4
0.175;0.075;0.055;0.075;0.05;0.05;BioCH4
0.175;0.075;0.055;0.075;0.07;0.05;Biomass
0.175;0.075;0.055;0.1;0.03;0.05;BioCH4
0.175;0.075;0.055;0.1;0.05;0.05;BioCH4
0.175;0.075;0.055;0.1;0.07;0.05;Biomass
0.175;0.075;0.055;0.2;0.03;0.05;BioCH4Oxy_CC
0.175;0.075;0.055;0.2;0.05;0.05;BioCH4Oxy_CC
0.175;0.075;0.055;0.2;0.07;0.05;BiomassOxy_CC
0.175;0.075;0.055;0.25;0.03;0.05;BioCH4Oxy_CC
0.175;0.075;0.055;0.25;0.05;0.05;BioCH4Oxy_CC
0.175;0.075;0.055;0.25;0.07;0.05;BiomassOxy_CC
0.175;0.075;0.075;0.075;0.03;0.05;BioCH4
0.175;0.075;0.075;0.075;0.05;0.05;BioCH4
0.175;0.075;0.075;0.075;0.07;0.05;Biomass
0.175;0.075;0.075;0.1;0.03;0.05;BioCH4
0.175;0.075;0.075;0.1;0.05;0.05;BioCH4
0.175;0.075;0.075;0.1;0.07;0.05;Biomass
0.175;0.075;0.075;0.2;0.03;0.05;BioCH4Oxy_CC
0.175;0.075;0.075;0.2;0.05;0.05;BioCH4Oxy_CC
0.175;0.075;0.075;0.2;0.07;0.05;BiomassOxy_CC
0.175;0.075;0.075;0.25;0.03;0.05;BioCH4Oxy_CC
0.175;0.075;0.075;0.25;0.05;0.05;BioCH4Oxy_CC
0.175;0.075;0.075;0.25;0.07;0.05;BiomassOxy_CC
0.175;0.075;0.1;0.075;0.03;0.05;BioCH4
0.175;0.075;0.1;0.075;0.05;0.05;BioCH4
0.175;0.075;0.1;0.075;0.07;0.05;Biomass
0.175;0.075;0.1;0.1;0.03;0.05;BioCH4
0.175;0.075;0.1;0.1;0.05;0.05;BioCH4
0.175;0.075;0.1;0.1;0.07;0.05;Biomass
0.175;0.075;0.1;0.2;0.03;0.05;BioCH4Oxy_CC
0.175;0.075;0.1;0.2;0.05;0.05;BioCH4Oxy_CC
0.175;0.075;0.1;0.2;0.07;0.05;BiomassOxy_CC
0.175;0.075;0.1;0.25;0.03;0.05;BioCH4Oxy_CC
0.175;0.075;0.1;0.25;0.05;0.05;BioCH4Oxy_CC
0.175;0.075;0.1;0.25;0.07;0.05;BiomassOxy_CC
0.175;0.1;0.01;0.075;0.03;0.05;NG
0.175;0.1;0.01;0.075;0.05;0.05;NG
0.175;0.1;0.01;0.075;0.07;0.05;NG
0.175;0.1;0.01;0.1;0.03;0.05;NG
0.175;0.1;0.01;0.1;0.05;0.05;NG
0.175;0.1;0.01;0.1;0.07;0.05;NG
0.175;0.1;0.01;0.2;0.03;0.05;BioCH4_CC
0.175;0.1;0.01;0.2;0.05;0.05;NG_CC
0.175;0.1;0.01;0.2;0.07;0.05;NG_CC
0.175;0.1;0.01;0.25;0.03;0.05;BioCH4_CC
0.175;0.1;0.01;0.25;0.05;0.05;Biomass_CC
0.175;0.1;0.01;0.25;0.07;0.05;Biomass_CC
0.175;0.1;0.035;0.075;0.03;0.05;BioCH4
0.175;0.1;0.035;0.075;0.05;0.05;NG
0.175;0.1;0.035;0.075;0.07;0.05;NG
0.175;0.1;0.035;0.1;0.03;0.05;BioCH4
0.175;0.1;0.035;0.1;0.05;0.05;BioCH4
0.175;0.1;0.035;0.1;0.07;0.05;NG
0.175;0.1;0.035;0.2;0.03;0.05;BioCH4Oxy_CC
0.175;0.1;0.035;0.2;0.05;0.05;BioCH4Oxy_CC
0.175;0.1;0.035;0.2;0.07;0.05;BiomassOxy_CC
0.175;0.1;0.035;0.25;0.03;0.05;BioCH4Oxy_CC
0.175;0.1;0.035;0.25;0.05;0.05;BioCH4Oxy_CC
0.175;0.1;0.035;0.25;0.07;0.05;BiomassOxy_CC
0.175;0.1;0.055;0.075;0.03;0.05;BioCH4
0.175;0.1;0.055;0.075;0.05;0.05;BioCH4
0.175;0.1;0.055;0.075;0.07;0.05;Biomass
0.175;0.1;0.055;0.1;0.03;0.05;BioCH4
0.175;0.1;0.055;0.1;0.05;0.05;BioCH4
0.175;0.1;0.055;0.1;0.07;0.05;Biomass
0.175;0.1;0.055;0.2;0.03;0.05;BioCH4Oxy_CC
0.175;0.1;0.055;0.2;0.05;0.05;BioCH4Oxy_CC
0.175;0.1;0.055;0.2;0.07;0.05;BiomassOxy_CC
0.175;0.1;0.055;0.25;0.03;0.05;BioCH4Oxy_CC
0.175;0.1;0.055;0.25;0.05;0.05;BioCH4Oxy_CC
0.175;0.1;0.055;0.25;0.07;0.05;BiomassOxy_CC
0.175;0.1;0.075;0.075;0.03;0.05;BioCH4
0.175;0.1;0.075;0.075;0.05;0.05;BioCH4
0.175;0.1;0.075;0.075;0.07;0.05;Biomass
0.175;0.1;0.075;0.1;0.03;0.05;BioCH4
0.175;0.1;0.075;0.1;0.05;0.05;BioCH4
0.175;0.1;0.075;0.1;0.07;0.05;Biomass
0.175;0.1;0.075;0.2;0.03;0.05;BioCH4Oxy_CC
0.175;0.1;0.075;0.2;0.05;0.05;BioCH4Oxy_CC
0.175;0.1;0.075;0.2;0.07;0.05;BiomassOxy_CC
0.175;0.1;0.075;0.25;0.03;0.05;BioCH4Oxy_CC
0.175;0.1;0.075;0.25;0.05;0.05;BioCH4Oxy_CC
0.175;0.1;0.075;0.25;0.07;0.05;BiomassOxy_CC
0.175;0.1;0.1;0.075;0.03;0.05;BioCH4
0.175;0.1;0.1;0.075;0.05;0.05;BioCH4
0.175;0.1;0.1;0.075;0.07;0.05;Biomass
0.175;0.1;0.1;0.1;0.03;0.05;BioCH4
0.175;0.1;0.1;0.1;0.05;0.05;BioCH4
0.175;0.1;0.1;0.1;0.07;0.05;Biomass
0.175;0.1;0.1;0.2;0.03;0.05;BioCH4Oxy_CC
0.175;0.1;0.1;0.2;0.05;0.05;BioCH4Oxy_CC
0.175;0.1;0.1;0.2;0.07;0.05;BiomassOxy_CC
0.175;0.1;0.1;0.25;0.03;0.05;BioCH4Oxy_CC
0.175;0.1;0.1;0.25;0.05;0.05;BioCH4Oxy_CC
0.175;0.1;0.1;0.25;0.07;0.05;BiomassOxy_CC
0.175;0.15;0.01;0.075;0.03;0.05;NG
0.175;0.15;0.01;0.075;0.05;0.05;NG
0.175;0.15;0.01;0.075;0.07;0.05;NG
0.175;0.15;0.01;0.1;0.03;0.05;NG
0.175;0.15;0.01;0.1;0.05;0.05;NG
0.175;0.15;0.01;0.1;0.07;0.05;NG
0.175;0.15;0.01;0.2;0.03;0.05;BioCH4_CC
0.175;0.15;0.01;0.2;0.05;0.05;NG_CC
0.175;0.15;0.01;0.2;0.07;0.05;NG_CC
0.175;0.15;0.01;0.25;0.03;0.05;BioCH4_CC
0.175;0.15;0.01;0.25;0.05;0.05;Biomass_CC
0.175;0.15;0.01;0.25;0.07;0.05;Biomass_CC
0.175;0.15;0.035;0.075;0.03;0.05;BioCH4
0.175;0.15;0.035;0.075;0.05;0.05;NG
0.175;0.15;0.035;0.075;0.07;0.05;NG
0.175;0.15;0.035;0.1;0.03;0.05;BioCH4
0.175;0.15;0.035;0.1;0.05;0.05;BioCH4
0.175;0.15;0.035;0.1;0.07;0.05;NG
0.175;0.15;0.035;0.2;0.03;0.05;BioCH4Oxy_CC
0.175;0.15;0.035;0.2;0.05;0.05;BioCH4Oxy_CC
0.175;0.15;0.035;0.2;0.07;0.05;BiomassOxy_CC
0.175;0.15;0.035;0.25;0.03;0.05;BioCH4Oxy_CC
0.175;0.15;0.035;0.25;0.05;0.05;BioCH4Oxy_CC
0.175;0.15;0.035;0.25;0.07;0.05;BiomassOxy_CC
0.175;0.15;0.055;0.075;0.03;0.05;BioCH4
0.175;0.15;0.055;0.075;0.05;0.05;BioCH4
0.175;0.15;0.055;0.075;0.07;0.05;Biomass
0.175;0.15;0.055;0.1;0.03;0.05;BioCH4
0.175;0.15;0.055;0.1;0.05;0.05;BioCH4
0.175;0.15;0.055;0.1;0.07;0.05;Biomass
0.175;0.15;0.055;0.2;0.03;0.05;BioCH4Oxy_CC
0.175;0.15;0.055;0.2;0.05;0.05;BioCH4Oxy_CC
0.175;0.15;0.055;0.2;0.07;0.05;BiomassOxy_CC
0.175;0.15;0.055;0.25;0.03;0.05;BioCH4Oxy_CC
0.175;0.15;0.055;0.25;0.05;0.05;BioCH4Oxy_CC
0.175;0.15;0.055;0.25;0.07;0.05;BiomassOxy_CC
0.175;0.15;0.075;0.075;0.03;0.05;BioCH4
0.175;0.15;0.075;0.075;0.05;0.05;BioCH4
0.175;0.15;0.075;0.075;0.07;0.05;Biomass
0.175;0.15;0.075;0.1;0.03;0.05;BioCH4
0.175;0.15;0.075;0.1;0.05;0.05;BioCH4
0.175;0.15;0.075;0.1;0.07;0.05;Biomass
0.175;0.15;0.075;0.2;0.03;0.05;BioCH4Oxy_CC
0.175;0.15;0.075;0.2;0.05;0.05;BioCH4Oxy_CC
0.175;0.15;0.075;0.2;0.07;0.05;BiomassOxy_CC
0.175;0.15;0.075;0.25;0.03;0.05;BioCH4Oxy_CC
0.175;0.15;0.075;0.25;0.05;0.05;BioCH4Oxy_CC
0.175;0.15;0.075;0.25;0.07;0.05;BiomassOxy_CC
0.175;0.15;0.1;0.075;0.03;0.05;BioCH4
0.175;0.15;0.1;0.075;0.05;0.05;BioCH4
0.175;0.15;0.1;0.075;0.07;0.05;Biomass
0.175;0.15;0.1;0.1;0.03;0.05;BioCH4
0.175;0.15;0.1;0.1;0.05;0.05;BioCH4
0.175;0.15;0.1;0.1;0.07;0.05;Biomass
0.175;0.15;0.1;0.2;0.03;0.05;BioCH4Oxy_CC
0.175;0.15;0.1;0.2;0.05;0.05;BioCH4Oxy_CC
0.175;0.15;0.1;0.2;0.07;0.05;BiomassOxy_CC
0.175;0.15;0.1;0.25;0.03;0.05;BioCH4Oxy_CC
0.175;0.15;0.1;0.25;0.05;0.05;BioCH4Oxy_CC
0.175;0.15;0.1;0.25;0.07;0.05;BiomassOxy_CC
0.175;0.2;0.01;0.075;0.03;0.05;NG
0.175;0.2;0.01;0.075;0.05;0.05;NG
0.175;0.2;0.01;0.075;0.07;0.05;NG
0.175;0.2;0.01;0.1;0.03;0.05;NG
0.175;0.2;0.01;0.1;0.05;0.05;NG
0.175;0.2;0.01;0.1;0.07;0.05;NG
0.175;0.2;0.01;0.2;0.03;0.05;BioCH4_CC
0.175;0.2;0.01;0.2;0.05;0.05;NG_CC
0.175;0.2;0.01;0.2;0.07;0.05;NG_CC
0.175;0.2;0.01;0.25;0.03;0.05;BioCH4_CC
0.175;0.2;0.01;0.25;0.05;0.05;Biomass_CC
0.175;0.2;0.01;0.25;0.07;0.05;Biomass_CC
0.175;0.2;0.035;0.075;0.03;0.05;BioCH4
0.175;0.2;0.035;0.075;0.05;0.05;NG
0.175;0.2;0.035;0.075;0.07;0.05;NG
0.175;0.2;0.035;0.1;0.03;0.05;BioCH4
0.175;0.2;0.035;0.1;0.05;0.05;BioCH4
0.175;0.2;0.035;0.1;0.07;0.05;NG
0.175;0.2;0.035;0.2;0.03;0.05;BioCH4Oxy_CC
0.175;0.2;0.035;0.2;0.05;0.05;BioCH4Oxy_CC
0.175;0.2;0.035;0.2;0.07;0.05;BiomassOxy_CC
0.175;0.2;0.035;0.25;0.03;0.05;BioCH4Oxy_CC
0.175;0.2;0.035;0.25;0.05;0.05;BioCH4Oxy_CC
0.175;0.2;0.035;0.25;0.07;0.05;BiomassOxy_CC
0.175;0.2;0.055;0.075;0.03;0.05;BioCH4
0.175;0.2;0.055;0.075;0.05;0.05;BioCH4
0.175;0.2;0.055;0.075;0.07;0.05;Biomass
0.175;0.2;0.055;0.1;0.03;0.05;BioCH4
0.175;0.2;0.055;0.1;0.05;0.05;BioCH4
0.175;0.2;0.055;0.1;0.07;0.05;Biomass
0.175;0.2;0.055;0.2;0.03;0.05;BioCH4Oxy_CC
0.175;0.2;0.055;0.2;0.05;0.05;BioCH4Oxy_CC
0.175;0.2;0.055;0.2;0.07;0.05;BiomassOxy_CC
0.175;0.2;0.055;0.25;0.03;0.05;BioCH4Oxy_CC
0.175;0.2;0.055;0.25;0.05;0.05;BioCH4Oxy_CC
0.175;0.2;0.055;0.25;0.07;0.05;BiomassOxy_CC
0.175;0.2;0.075;0.075;0.03;0.05;BioCH4
0.175;0.2;0.075;0.075;0.05;0.05;BioCH4
0.175;0.2;0.075;0.075;0.07;0.05;Biomass
0.175;0.2;0.075;0.1;0.03;0.05;BioCH4
0.175;0.2;0.075;0.1;0.05;0.05;BioCH4
0.175;0.2;0.075;0.1;0.07;0.05;Biomass
0.175;0.2;0.075;0.2;0.03;0.05;BioCH4Oxy_CC
0.175;0.2;0.075;0.2;0.05;0.05;BioCH4Oxy_CC
0.175;0.2;0.075;0.2;0.07;0.05;BiomassOxy_CC
0.175;0.2;0.075;0.25;0.03;0.05;BioCH4Oxy_CC
0.175;0.2;0.075;0.25;0.05;0.05;BioCH4Oxy_CC
0.175;0.2;0.075;0.25;0.07;0.05;BiomassOxy_CC
0.175;0.2;0.1;0.075;0.03;0.05;BioCH4
0.175;0.2;0.1;0.075;0.05;0.05;BioCH4
0.175;0.2;0.1;0.075;0.07;0.05;Biomass
0.175;0.2;0.1;0.1;0.03;0.05;BioCH4
0.175;0.2;0.1;0.1;0.05;0.05;BioCH4
0.175;0.2;0.1;0.1;0.07;0.05;Biomass
0.175;0.2;0.1;0.2;0.03;0.05;BioCH4Oxy_CC
0.175;0.2;0.1;0.2;0.05;0.05;BioCH4Oxy_CC
0.175;0.2;0.1;0.2;0.07;0.05;BiomassOxy_CC
0.175;0.2;0.1;0.25;0.03;0.05;BioCH4Oxy_CC
0.175;0.2;0.1;0.25;0.05;0.05;BioCH4Oxy_CC
